ST_CASE,VEH_NO,PER_NO,YEAR,P1,P2,P3,P4,P5,P6,P7,P8,P9,P10
10610,1,1,1993,0,20,0,0,0,21,24,0,0,0
10611,1,1,1993,0,0,0,0,0,0,0,0,0,0
10611,2,1,1993,0,0,0,0,0,0,0,0,0,0
10612,1,1,1993,13,13,13,13,13,13,13,13,13,13
10613,1,1,1993,0,0,0,0,0,0,0,0,0,0
10613,2,1,1993,0,0,0,0,0,0,0,0,0,0
10614,1,1,1993,0,0,0,0,0,0,0,0,0,0
10614,2,1,1993,0,0,0,0,0,0,0,0,0,0
10615,1,1,1993,25,19,40,26,19,21,29,28,24,31
10616,1,1,1993,15,15,15,15,15,15,15,15,15,15
10616,2,1,1993,0,18,0,9,0,0,6,0,0,11
10617,0,1,1993,0,27,30,0,0,0,0,0,0,0
10617,1,1,1993,0,0,0,0,0,0,0,10,0,0
10618,1,1,1993,0,0,25,0,4,0,0,13,0,0
10619,1,1,1993,0,0,0,0,0,0,0,0,0,0
10619,2,1,1993,0,0,0,0,0,0,0,0,0,0
10619,3,1,1993,0,0,0,0,0,0,0,0,0,0
10620,1,1,1993,0,0,0,0,0,0,0,0,0,0
10620,2,1,1993,0,0,0,0,0,0,0,0,0,0
10621,1,1,1993,0,0,0,0,0,0,0,0,0,0
10622,1,1,1993,24,24,24,24,24,24,24,24,24,24
10623,1,1,1993,0,0,0,0,0,0,0,0,0,0
10623,2,1,1993,0,0,0,0,0,0,0,0,0,0
10624,1,1,1993,0,0,0,0,0,0,0,0,0,0
10624,2,1,1993,0,0,0,0,0,0,0,0,0,0
10625,1,1,1993,0,0,0,0,0,0,0,0,0,0
10626,1,1,1993,0,0,0,0,0,0,0,0,0,0
10627,1,1,1993,0,0,0,0,0,0,0,0,0,0
10628,1,1,1993,0,0,0,0,0,0,0,0,0,0
10628,2,1,1993,0,15,0,0,0,0,0,0,0,0
10629,1,1,1993,24,24,24,24,24,24,24,24,24,24
10629,2,1,1993,0,0,0,0,0,0,0,0,0,0
10630,1,1,1993,10,10,10,10,10,10,10,10,10,10
10631,1,1,1993,11,19,31,29,12,13,12,0,0,15
10632,0,1,1993,0,0,0,0,0,0,0,0,0,0
10632,1,1,1993,0,0,0,0,0,0,0,0,0,0
10633,1,1,1993,0,0,0,0,0,0,0,0,0,0
10634,1,1,1993,0,0,0,0,0,0,0,0,0,0
10634,2,1,1993,0,0,0,0,0,0,0,0,0,0
10635,1,1,1993,21,21,21,21,21,21,21,21,21,21
10635,2,1,1993,0,0,0,0,0,0,0,0,0,0
10636,1,1,1993,12,14,12,17,10,5,9,8,21,34
10636,2,1,1993,0,0,0,0,0,0,0,0,0,0
10637,1,1,1993,0,0,14,0,0,0,0,0,0,0
10637,2,1,1993,0,0,0,0,0,0,0,0,0,0
10637,3,1,1993,0,0,0,0,0,0,0,0,0,0
10638,1,1,1993,0,0,0,0,0,0,0,0,0,0
10638,2,1,1993,0,0,0,0,0,0,0,0,0,0
10639,1,1,1993,0,0,0,0,0,0,0,0,0,0
10639,2,1,1993,0,0,0,0,0,0,0,0,0,0
10640,1,1,1993,0,0,0,0,0,0,0,0,0,7
10641,1,1,1993,0,0,0,0,0,0,0,6,0,0
10643,1,1,1993,0,0,0,0,0,0,0,0,0,0
10643,2,1,1993,0,0,0,0,0,0,0,0,0,0
10644,1,1,1993,0,0,0,0,0,0,0,0,0,0
10644,2,1,1993,0,0,0,0,0,0,0,0,0,0
10645,1,1,1993,0,0,0,0,0,0,0,0,0,0
10646,0,1,1993,0,0,0,0,0,0,0,0,0,0
10646,1,1,1993,0,0,0,0,0,0,0,0,0,0
10647,1,1,1993,11,13,0,18,13,11,0,4,3,23
10647,2,1,1993,0,0,0,0,0,0,0,0,0,0
10648,1,1,1993,0,0,0,0,0,0,0,0,0,0
10648,2,1,1993,0,0,0,0,0,0,0,0,0,0
10649,1,1,1993,16,16,16,16,16,16,16,16,16,16
10650,1,1,1993,0,0,0,0,0,0,0,0,0,0
10650,2,1,1993,0,0,0,0,0,0,15,0,0,0
10651,1,1,1993,0,0,0,10,0,0,0,0,0,0
10652,1,1,1993,14,16,28,16,27,19,25,36,15,14
10653,1,1,1993,0,0,0,9,0,0,0,0,0,0
10654,1,1,1993,35,24,30,21,0,21,23,0,24,13
10655,1,1,1993,8,8,8,8,8,8,8,8,8,8
10656,1,1,1993,0,0,0,0,10,0,8,0,12,15
10656,2,1,1993,0,0,0,0,0,0,0,0,0,0
10657,0,1,1993,0,0,0,0,0,0,0,0,0,0
10657,1,1,1993,0,0,0,0,0,0,0,5,0,0
10658,1,1,1993,32,27,23,17,11,18,16,21,0,34
10659,0,1,1993,40,0,0,0,0,0,0,0,0,0
10659,1,1,1993,0,0,0,0,0,0,0,0,0,0
10660,1,1,1993,23,0,0,0,0,33,0,0,0,27
10661,1,1,1993,20,20,20,20,20,20,20,20,20,20
10662,1,1,1993,18,15,17,20,16,28,24,19,0,19
10663,1,1,1993,0,0,0,0,0,0,0,0,0,0
10663,2,1,1993,0,0,0,0,0,0,0,0,0,0
10664,1,1,1993,26,14,0,13,38,11,12,27,22,27
10666,0,1,1993,32,0,0,0,24,0,0,0,0,0
10666,1,1,1993,15,15,15,15,15,15,15,15,15,15
10667,1,1,1993,0,0,0,0,0,0,0,0,0,0
10667,2,1,1993,0,0,0,0,0,12,0,0,0,0
10668,1,1,1993,0,0,0,0,0,0,0,0,0,0
10668,2,1,1993,0,0,0,0,0,0,0,0,0,0
10668,3,1,1993,0,0,0,0,0,6,0,0,0,0
10669,1,1,1993,12,12,12,12,12,12,12,12,12,12
10670,1,1,1993,11,11,11,11,11,11,11,11,11,11
10671,1,1,1993,0,0,0,11,23,0,9,9,0,0
10671,2,1,1993,0,0,0,0,0,0,0,0,0,0
10672,1,1,1993,0,0,0,0,0,0,0,0,0,0
10672,2,1,1993,0,0,0,0,0,0,0,0,0,0
10673,1,1,1993,0,6,18,15,0,14,0,29,15,0
10674,1,1,1993,0,0,0,0,0,0,0,0,0,0
10675,0,1,1993,0,0,0,0,0,0,0,0,0,0
10675,1,1,1993,14,27,3,6,0,5,9,27,19,10
10676,1,1,1993,31,31,31,31,31,31,31,31,31,31
10677,1,1,1993,0,0,0,0,23,0,0,0,0,0
10678,1,1,1993,15,0,27,18,0,9,6,32,0,16
10679,1,1,1993,16,16,16,16,16,16,16,16,16,16
10680,0,1,1993,0,0,0,0,0,0,0,0,0,0
10680,1,1,1993,0,0,0,0,0,0,0,0,0,0
10681,1,1,1993,0,0,0,0,0,0,0,0,0,0
10681,2,1,1993,0,0,0,0,0,0,0,0,0,0
10682,1,1,1993,0,0,0,0,0,0,0,0,0,0
10683,1,1,1993,22,3,9,15,0,0,21,8,0,0
10684,1,1,1993,0,16,14,0,0,0,0,0,0,8
10685,1,1,1993,14,24,24,18,6,19,24,13,23,14
10686,1,1,1993,0,0,0,0,0,0,0,0,0,0
10686,2,1,1993,0,0,0,0,0,0,0,0,0,0
10687,1,1,1993,0,0,0,0,0,0,0,0,0,0
10687,2,1,1993,0,0,0,0,14,0,0,0,0,0
10688,1,1,1993,31,0,20,0,12,0,16,20,16,0
10688,2,1,1993,17,15,18,11,13,11,8,0,12,9
10689,1,1,1993,18,11,0,0,0,15,8,0,0,0
10690,0,1,1993,0,0,0,0,0,0,0,0,0,0
10690,1,1,1993,0,0,0,0,0,0,0,0,0,0
10691,1,1,1993,25,0,27,25,20,32,23,6,32,25
10692,1,1,1993,0,13,7,0,33,0,7,0,4,0
10693,1,1,1993,0,0,0,0,0,0,0,0,0,0
10693,2,1,1993,16,0,0,0,0,0,18,0,0,0
10693,3,1,1993,0,0,0,0,0,0,0,0,0,0
10693,4,1,1993,0,0,0,0,0,0,0,0,0,0
10694,1,1,1993,18,1,15,14,3,0,13,18,4,0
10695,1,1,1993,0,0,0,0,0,0,0,0,0,0
10696,0,1,1993,0,0,0,0,0,0,0,0,0,0
10696,1,1,1993,0,0,0,0,0,0,0,0,10,0
10697,1,1,1993,0,0,0,0,0,0,0,0,0,0
10697,2,1,1993,0,0,0,0,0,0,0,0,0,0
10698,1,1,1993,0,0,0,0,0,0,0,0,12,0
10699,1,1,1993,20,20,20,20,20,20,20,20,20,20
10699,2,1,1993,0,0,0,0,0,0,0,0,0,0
10700,0,1,1993,28,6,22,17,0,0,0,25,48,0
10700,1,1,1993,0,0,0,0,0,0,0,0,0,0
10701,1,1,1993,13,13,13,13,13,13,13,13,13,13
10702,1,1,1993,0,0,0,0,0,0,0,0,0,0
10702,2,1,1993,0,0,0,0,0,0,0,0,0,0
10703,1,1,1993,0,0,0,0,0,0,0,0,0,0
10703,2,1,1993,12,12,12,12,12,12,12,12,12,12
10704,1,1,1993,0,0,0,0,0,0,0,0,0,0
10705,1,1,1993,22,22,22,22,22,22,22,22,22,22
10706,1,1,1993,0,0,0,0,0,0,0,0,0,0
10706,2,1,1993,0,0,0,0,0,0,0,0,0,0
10708,1,1,1993,0,0,0,0,0,0,0,0,0,0
10709,1,1,1993,28,28,28,28,28,28,28,28,28,28
10710,1,1,1993,18,6,6,10,28,16,21,13,21,12
10710,2,1,1993,0,0,0,0,23,0,0,4,0,0
10711,0,1,1993,0,34,23,0,0,0,0,0,25,8
10711,0,2,1993,0,0,0,0,0,0,0,0,0,0
10711,0,3,1993,32,0,26,0,0,40,0,0,0,0
10711,1,1,1993,2,2,2,2,2,2,2,2,2,2
10713,1,1,1993,16,16,16,16,16,16,16,16,16,16
10714,1,1,1993,0,0,0,0,0,0,0,0,0,0
10714,2,1,1993,26,16,0,0,22,0,0,17,0,0
10715,0,1,1993,0,0,0,0,0,0,0,0,0,0
10715,1,1,1993,0,0,0,0,0,0,0,0,0,0
10716,1,1,1993,0,16,7,9,9,12,11,10,21,15
10717,1,1,1993,13,60,13,25,28,14,18,26,38,35
10718,1,1,1993,0,0,10,13,0,13,0,0,17,0
10719,1,1,1993,22,22,22,22,22,22,22,22,22,22
10720,1,1,1993,15,22,22,10,13,21,17,16,13,15
10721,1,1,1993,19,24,0,0,11,25,20,29,23,36
10722,1,1,1993,0,0,0,0,0,0,0,0,0,0
10722,2,1,1993,0,0,0,0,0,0,0,0,0,0
10723,1,1,1993,0,0,0,0,0,11,0,0,0,0
10724,1,1,1993,0,0,0,0,13,0,0,0,0,0
10725,1,1,1993,0,0,0,0,0,0,0,0,0,0
10725,2,1,1993,0,0,0,0,0,0,0,0,0,0
10727,1,1,1993,0,0,8,0,0,0,0,0,0,0
10727,2,1,1993,0,0,0,0,0,0,0,0,0,0
10728,1,1,1993,0,0,0,0,0,0,0,0,0,0
10728,2,1,1993,0,0,0,0,0,0,0,0,0,0
10729,1,1,1993,15,10,37,6,7,13,13,37,25,22
10729,2,1,1993,0,0,0,0,0,0,0,0,6,0
10730,1,1,1993,23,16,19,23,8,24,8,19,12,24
10730,2,1,1993,0,0,0,0,30,0,0,0,0,5
10731,1,1,1993,14,14,14,14,14,14,14,14,14,14
10732,1,1,1993,0,0,0,0,0,0,0,0,0,0
10732,2,1,1993,0,0,0,0,0,0,0,0,0,0
10733,1,1,1993,0,0,0,0,0,0,0,0,0,0
10733,2,1,1993,0,0,0,0,0,0,0,0,0,0
10734,1,1,1993,14,14,14,14,14,14,14,14,14,14
10735,1,1,1993,10,10,10,10,10,10,10,10,10,10
10735,2,1,1993,0,0,0,0,0,0,0,0,0,0
10736,1,1,1993,0,0,0,0,0,0,0,6,0,0
10736,2,1,1993,20,0,0,0,0,18,0,0,0,0
10737,1,1,1993,15,15,15,15,15,15,15,15,15,15
10738,1,1,1993,19,19,19,19,19,19,19,19,19,19
10738,2,1,1993,0,0,0,0,0,0,0,0,0,0
10739,0,1,1993,0,0,0,0,0,0,0,0,0,0
10739,1,1,1993,0,0,0,0,14,0,0,0,0,0
10740,1,1,1993,30,30,30,30,30,30,30,30,30,30
10740,2,1,1993,0,0,0,0,0,0,0,0,0,0
10741,1,1,1993,5,5,5,5,5,5,5,5,5,5
10741,2,1,1993,19,26,14,20,0,0,20,21,16,18
10742,0,1,1993,0,0,0,0,0,0,0,0,0,0
10742,1,1,1993,0,0,0,0,0,0,0,0,0,0
10743,1,1,1993,0,0,0,0,0,0,0,0,0,0
10744,1,1,1993,0,0,0,0,0,0,0,0,0,0
10744,2,1,1993,0,0,0,0,0,0,0,0,0,0
10745,1,1,1993,30,30,30,30,30,30,30,30,30,30
10745,2,1,1993,0,0,0,0,0,0,0,0,0,0
10746,1,1,1993,0,16,0,0,0,0,0,0,0,0
10747,1,1,1993,0,0,0,0,0,0,0,0,0,0
10747,2,1,1993,0,0,0,0,0,0,0,0,0,0
10748,1,1,1993,25,15,23,26,12,19,26,19,19,19
10749,1,1,1993,0,0,0,0,0,0,0,0,0,5
10749,2,1,1993,0,0,0,0,0,0,0,0,0,0
10750,0,1,1993,29,41,15,0,0,0,0,28,10,22
10750,1,1,1993,0,0,0,0,0,0,0,0,0,0
10751,1,1,1993,0,24,10,0,18,16,0,27,33,19
10751,2,1,1993,0,0,0,0,0,0,0,0,0,0
10752,1,1,1993,0,0,0,0,0,0,0,0,0,0
10752,2,1,1993,0,0,0,0,0,0,0,0,0,0
10753,1,1,1993,0,0,0,0,0,0,0,0,0,0
10754,1,1,1993,0,0,0,19,14,8,0,16,12,0
10754,2,1,1993,0,0,0,0,0,0,0,0,0,0
10755,1,1,1993,0,0,0,0,0,0,0,0,0,0
10755,2,1,1993,0,0,0,0,30,0,0,0,0,22
10756,1,1,1993,0,0,0,0,0,0,0,0,0,0
10756,2,1,1993,11,11,11,11,11,11,11,11,11,11
10757,1,1,1993,0,0,0,0,0,0,0,0,0,0
10757,2,1,1993,0,0,0,0,0,0,0,0,0,0
10758,1,1,1993,3,0,22,20,0,22,4,14,18,11
10758,2,1,1993,0,0,0,0,0,0,0,0,0,0
10759,1,1,1993,0,0,0,0,0,0,0,0,0,0
10760,1,1,1993,9,18,0,0,0,0,0,0,0,0
10761,1,1,1993,0,0,15,0,0,0,7,0,0,0
10762,1,1,1993,0,0,0,0,0,0,0,0,0,0
10762,2,1,1993,0,0,0,0,0,0,0,0,0,0
10762,3,1,1993,0,0,0,0,0,0,0,0,0,0
10763,1,1,1993,0,14,16,23,16,31,0,4,25,23
10764,1,1,1993,0,0,0,0,0,0,0,0,0,15
10765,1,1,1993,0,21,0,12,0,6,0,0,0,0
10766,0,1,1993,0,0,0,0,0,0,0,0,0,0
10766,0,2,1993,0,0,0,0,0,0,0,0,0,0
10766,1,1,1993,0,0,0,0,0,0,0,0,0,0
10767,1,1,1993,0,0,0,0,0,0,0,0,0,0
10767,2,1,1993,0,0,0,0,0,0,0,0,0,0
10768,1,1,1993,6,20,26,16,13,8,13,0,22,9
10768,2,1,1993,0,0,0,0,0,0,0,0,0,0
10769,1,1,1993,0,0,0,0,0,0,0,0,0,0
10769,2,1,1993,0,0,0,0,0,0,0,0,0,0
10770,1,1,1993,0,0,0,0,0,0,0,0,0,0
10770,2,1,1993,0,8,18,0,0,0,0,3,0,0
10771,1,1,1993,20,18,28,32,21,8,17,26,11,24
10772,1,1,1993,0,0,0,0,0,0,0,0,0,0
10772,2,1,1993,11,11,11,11,11,11,11,11,11,11
10773,1,1,1993,32,32,32,32,32,32,32,32,32,32
10774,1,1,1993,29,16,30,31,28,26,15,17,25,20
10775,1,1,1993,29,29,29,29,29,29,29,29,29,29
10775,2,1,1993,0,0,0,0,0,0,0,0,0,0
10775,3,1,1993,0,0,0,0,0,0,0,2,0,0
10775,4,1,1993,0,0,0,0,0,0,18,0,0,0
10776,1,1,1993,12,12,12,12,12,12,12,12,12,12
10776,2,1,1993,0,0,0,0,0,0,0,0,0,0
10777,1,1,1993,9,9,10,21,3,10,17,17,20,13
10778,1,1,1993,0,0,0,0,0,12,0,0,0,0
10779,1,1,1993,0,0,0,0,0,0,0,0,0,0
10780,1,1,1993,0,0,0,0,0,0,0,0,0,0
10780,2,1,1993,0,0,0,0,0,0,0,0,0,0
10781,1,1,1993,0,85,15,0,28,22,0,15,21,28
10782,1,1,1993,0,0,0,0,0,0,0,0,0,0
10782,2,1,1993,18,0,0,0,0,26,17,29,13,0
10783,1,1,1993,0,20,0,0,0,0,0,0,0,0
10783,2,1,1993,0,0,0,0,0,0,0,0,0,0
10784,1,1,1993,0,0,0,0,0,0,0,0,0,0
10785,1,1,1993,0,15,24,9,15,14,0,9,23,18
10786,1,1,1993,0,0,0,0,0,0,0,0,0,0
10786,2,1,1993,0,0,0,0,0,0,0,0,0,0
10787,0,1,1993,0,45,0,0,17,0,0,0,0,0
10787,1,1,1993,0,0,0,0,0,0,0,0,0,0
10788,1,1,1993,0,0,0,0,0,0,0,0,0,0
10788,2,1,1993,0,0,0,0,0,0,0,0,0,0
10789,1,1,1993,0,0,0,0,0,0,0,0,0,25
10789,2,1,1993,0,0,0,0,0,0,0,0,0,0
10790,1,1,1993,20,20,20,20,20,20,20,20,20,20
10791,1,1,1993,0,0,0,0,0,0,0,0,0,0
10792,1,1,1993,23,23,23,23,23,23,23,23,23,23
10793,0,1,1993,0,0,0,0,0,0,0,0,0,0
10793,0,2,1993,0,3,0,0,0,0,0,0,0,0
10793,0,3,1993,0,0,0,0,0,22,14,0,0,5
10793,1,1,1993,0,0,0,0,0,0,0,0,0,0
10794,0,1,1993,13,13,13,13,13,13,13,13,13,13
10794,1,1,1993,0,0,0,0,33,0,0,17,0,16
10795,1,1,1993,12,0,0,0,0,0,0,11,0,0
10796,1,1,1993,0,0,0,15,0,0,0,0,16,0
10796,2,1,1993,0,0,0,0,0,0,0,0,0,0
10797,1,1,1993,0,0,0,0,0,0,0,0,0,0
10797,2,1,1993,0,0,0,0,0,0,0,0,0,0
10798,1,1,1993,0,0,0,0,0,0,0,0,0,0
10798,2,1,1993,0,0,0,11,23,0,0,0,0,0
10799,1,1,1993,11,6,14,0,0,0,0,0,0,0
10800,1,1,1993,0,0,0,0,0,0,0,0,0,0
10801,1,1,1993,0,0,0,0,0,0,0,0,0,0
10802,1,1,1993,29,17,34,37,12,31,29,28,8,17
10803,1,1,1993,0,0,7,0,0,0,0,0,0,0
10803,2,1,1993,0,0,0,0,0,0,0,0,13,0
10805,1,1,1993,0,0,0,0,0,0,0,0,0,0
10805,2,1,1993,0,0,0,0,0,0,0,0,0,0
10805,3,1,1993,0,0,0,0,0,0,0,0,0,0
10806,0,1,1993,11,0,0,0,0,0,0,0,0,29
10806,1,1,1993,0,0,0,0,0,0,0,0,0,0
10806,2,1,1993,0,0,0,0,0,0,0,0,0,0
10807,1,1,1993,19,21,22,21,26,20,21,21,26,32
10808,0,1,1993,8,24,12,31,3,19,28,22,19,14
10808,1,1,1993,0,0,0,0,0,0,0,0,0,0
10809,1,1,1993,0,0,0,0,0,0,0,0,0,0
10809,2,1,1993,0,0,0,0,0,0,0,0,0,0
10810,1,1,1993,0,0,0,0,0,0,0,0,0,0
10810,2,1,1993,0,0,0,0,0,0,0,0,3,0
10811,1,1,1993,26,26,26,26,26,26,26,26,26,26
10812,1,1,1993,13,13,13,13,13,13,13,13,13,13
10813,1,1,1993,0,0,0,0,18,18,6,16,0,15
10814,0,1,1993,25,4,15,0,0,0,29,14,0,18
10814,1,1,1993,7,11,19,24,18,20,15,9,4,0
10815,1,1,1993,6,6,6,6,6,6,6,6,6,6
10816,1,1,1993,0,0,0,20,0,0,0,0,0,0
10816,2,1,1993,0,20,11,0,17,0,0,23,0,0
10816,3,1,1993,0,0,0,0,0,0,0,0,0,0
10817,1,1,1993,21,21,21,21,21,21,21,21,21,21
10818,1,1,1993,10,9,6,16,2,16,3,13,14,22
10818,2,1,1993,0,0,8,28,0,13,9,0,7,0
10820,0,1,1993,0,0,0,0,0,0,0,0,0,0
10820,1,1,1993,0,0,0,0,0,0,0,0,0,0
10821,1,1,1993,0,0,0,0,0,0,0,0,0,0
10821,2,1,1993,0,0,0,0,0,0,0,0,0,0
10821,3,1,1993,7,0,0,15,0,0,0,0,11,15
10821,4,1,1993,0,0,0,0,0,0,0,0,0,0
10822,1,1,1993,12,31,32,18,19,3,29,21,30,17
10823,1,1,1993,11,16,9,25,10,13,3,3,7,21
10824,1,1,1993,0,0,0,0,0,0,0,0,0,0
10824,2,1,1993,0,0,0,0,0,0,0,0,0,0
10825,1,1,1993,0,0,0,0,10,10,9,8,0,0
10825,2,1,1993,0,0,0,0,0,0,0,0,0,0
10825,3,1,1993,0,0,0,0,0,0,0,0,0,0
10826,1,1,1993,0,0,0,0,0,0,0,0,0,0
10827,1,1,1993,0,0,0,0,0,0,0,0,0,0
10827,2,1,1993,0,0,0,0,0,0,0,0,0,0
10827,3,1,1993,0,0,0,0,0,0,0,0,0,0
10828,1,1,1993,19,16,13,16,10,27,14,17,23,27
10829,1,1,1993,14,0,30,19,0,16,15,20,34,0
10830,1,1,1993,0,29,0,0,0,11,0,0,0,0
10831,1,1,1993,0,0,0,0,0,0,0,0,0,0
10832,1,1,1993,0,0,0,0,0,0,0,0,0,8
10833,1,1,1993,19,13,14,11,3,32,0,0,14,14
10833,2,1,1993,0,0,0,0,0,0,0,0,0,0
10834,1,1,1993,0,0,0,0,0,0,0,0,0,0
10834,2,1,1993,0,0,0,0,0,0,0,0,0,0
10835,1,1,1993,0,16,6,0,0,0,0,0,0,0
10835,2,1,1993,16,4,0,0,0,10,0,11,18,21
10836,1,1,1993,0,0,0,0,0,0,0,0,0,0
10836,2,1,1993,0,0,0,0,0,0,0,0,0,0
10837,1,1,1993,0,0,0,0,0,0,0,0,0,0
10838,1,1,1993,0,0,0,0,0,0,0,0,0,0
10838,2,1,1993,0,0,0,0,0,0,0,0,0,0
10838,3,1,1993,22,12,0,0,25,16,0,19,0,8
10840,0,1,1993,25,0,0,0,18,0,34,0,0,0
10840,1,1,1993,0,0,0,0,0,0,0,0,3,0
10841,1,1,1993,0,0,14,19,0,0,0,13,32,0
10842,1,1,1993,0,0,0,0,0,0,0,0,0,0
10842,2,1,1993,0,0,0,8,0,0,0,0,0,0
10843,1,1,1993,0,0,0,0,17,0,0,0,0,0
10843,2,1,1993,0,0,0,0,0,0,0,0,0,0
10844,1,1,1993,0,14,2,6,23,16,30,20,29,17
10845,1,1,1993,0,0,0,0,0,0,0,0,0,0
10845,2,1,1993,0,0,0,0,10,0,0,0,0,0
10846,1,1,1993,16,19,26,13,29,15,31,30,22,18
10847,1,1,1993,0,9,0,0,0,0,0,0,0,0
10847,2,1,1993,0,0,0,0,0,8,0,0,0,25
10848,1,1,1993,18,0,0,0,0,0,0,0,0,0
10848,2,1,1993,0,8,0,0,24,0,0,35,22,0
10849,1,1,1993,22,21,25,33,20,12,15,12,18,7
10850,1,1,1993,0,0,0,0,0,0,0,0,0,0
10851,1,1,1993,0,0,0,0,0,0,0,0,0,0
10851,2,1,1993,0,0,0,20,0,0,0,0,0,0
10851,3,1,1993,0,0,0,0,0,0,0,0,0,0
10852,1,1,1993,0,19,4,4,16,22,16,2,0,17
10852,2,1,1993,0,0,0,0,0,0,0,0,0,0
10853,0,1,1993,0,0,0,0,0,0,0,0,0,0
10853,1,1,1993,0,0,0,0,0,0,0,0,0,0
10854,1,1,1993,0,0,0,0,0,0,0,0,0,0
10854,2,1,1993,0,0,0,0,0,0,0,0,0,0
10854,3,1,1993,0,0,0,0,0,0,0,0,0,0
10855,1,1,1993,17,13,0,18,13,13,12,12,11,16
10856,1,1,1993,29,16,32,33,44,14,37,27,25,14
10857,1,1,1993,33,13,25,13,17,16,22,28,20,9
10858,1,1,1993,19,10,16,12,4,12,12,39,21,14
10859,1,1,1993,0,0,0,0,0,0,0,0,0,0
10859,2,1,1993,0,0,0,0,0,0,0,0,0,0
10860,1,1,1993,0,0,0,0,0,0,0,0,0,26
10861,1,1,1993,0,0,0,0,0,0,0,0,0,0
10861,2,1,1993,0,0,0,0,0,0,0,0,0,0
10862,1,1,1993,17,20,14,18,17,33,34,33,21,13
10863,1,1,1993,13,14,14,11,26,20,18,11,21,7
10864,1,1,1993,16,16,16,16,16,16,16,16,16,16
10865,1,1,1993,0,0,0,0,0,0,0,0,0,0
10866,1,1,1993,0,0,0,0,0,0,19,0,0,0
10866,2,1,1993,0,0,0,0,0,0,0,0,0,0
10867,1,1,1993,11,0,4,0,0,0,0,0,0,0
10867,2,1,1993,0,0,0,0,0,0,0,0,0,0
10869,1,1,1993,11,23,17,15,29,17,21,22,9,16
10869,2,1,1993,0,0,0,0,0,0,0,0,0,0
10870,1,1,1993,0,0,0,0,21,14,8,12,0,18
10871,1,1,1993,0,0,0,0,0,0,0,0,26,0
10871,2,1,1993,26,21,23,12,35,28,28,20,17,30
10872,1,1,1993,15,14,10,3,5,2,16,25,10,7
10872,2,1,1993,9,0,0,0,0,0,0,0,0,0
10873,1,1,1993,16,27,27,40,17,17,30,21,0,11
10874,1,1,1993,0,0,0,0,0,0,0,0,0,5
10874,2,1,1993,0,0,0,0,0,0,0,0,0,0
10875,1,1,1993,0,0,0,0,0,0,0,0,0,0
10875,2,1,1993,0,6,0,0,0,0,0,0,0,0
10876,1,1,1993,25,21,19,23,36,15,0,42,18,24
10877,1,1,1993,25,33,27,27,17,15,18,25,20,27
10878,1,1,1993,8,29,28,16,0,15,20,14,11,21
10879,1,1,1993,0,0,0,0,0,0,0,0,0,0
10881,1,1,1993,0,0,0,0,0,0,0,0,0,0
10881,2,1,1993,0,0,0,0,0,0,0,0,0,0
10882,1,1,1993,0,0,0,0,0,0,0,0,0,0
10882,2,1,1993,0,0,0,0,0,0,0,0,0,0
10883,1,1,1993,29,15,24,8,16,16,20,12,14,20
10883,2,1,1993,0,0,34,0,9,0,16,0,0,0
10884,1,1,1993,17,9,17,6,21,33,18,12,17,25
10885,1,1,1993,0,0,0,0,0,0,0,0,0,0
10885,2,1,1993,26,0,0,0,0,0,0,7,0,0
10886,1,1,1993,0,0,0,0,0,0,0,0,0,0
10886,2,1,1993,0,0,0,0,0,0,0,0,0,0
10887,1,1,1993,0,17,0,0,26,16,0,0,21,4
10887,2,1,1993,0,0,0,0,0,0,0,0,0,0
10888,1,1,1993,24,0,9,0,0,20,0,12,21,0
10889,1,1,1993,0,19,10,0,15,20,20,0,18,0
10889,2,1,1993,0,0,0,0,0,0,0,0,0,0
10890,1,1,1993,3,0,19,6,8,4,17,4,12,1
10890,2,1,1993,0,0,0,0,0,0,0,0,0,0
10891,1,1,1993,21,15,15,28,7,20,22,18,23,14
10892,0,1,1993,0,0,0,12,0,0,0,0,19,14
10892,1,1,1993,0,0,0,0,0,0,0,0,0,0
10893,1,1,1993,0,0,0,0,0,0,0,0,0,0
10893,2,1,1993,0,0,0,0,0,0,0,0,0,0
10894,1,1,1993,1,1,1,1,1,1,1,1,1,1
10894,2,1,1993,0,0,0,0,0,0,0,0,0,0
10894,3,1,1993,0,0,0,0,0,0,0,0,0,0
10895,1,1,1993,0,0,0,0,0,0,0,0,0,0
10895,2,1,1993,0,0,0,0,0,0,0,0,0,0
10895,3,1,1993,0,0,0,0,0,0,0,0,0,0
10895,4,1,1993,0,0,0,0,0,0,0,0,0,0
10896,1,1,1993,16,16,10,16,14,9,20,29,22,19
10897,0,1,1993,0,0,0,0,0,0,0,0,0,0
10897,1,1,1993,0,0,0,0,0,0,0,0,0,0
10898,1,1,1993,0,11,0,0,0,44,7,5,11,0
10898,2,1,1993,0,0,0,0,0,0,0,0,0,0
10899,1,1,1993,17,17,17,17,17,17,17,17,17,17
10899,2,1,1993,0,0,0,0,0,0,0,0,0,0
10900,1,1,1993,0,0,0,0,0,0,0,0,0,0
10900,2,1,1993,0,0,0,0,0,0,0,0,0,0
10901,0,1,1993,0,13,26,16,13,23,14,28,14,17
10901,1,1,1993,0,0,0,0,0,0,0,0,0,0
10902,1,1,1993,0,0,0,0,0,0,0,0,0,0
10903,1,1,1993,0,0,0,0,0,0,0,0,0,0
10903,2,1,1993,0,0,0,0,0,0,0,0,0,0
10903,3,1,1993,0,0,0,0,0,0,0,0,0,0
10904,1,1,1993,0,0,0,0,0,0,0,0,0,0
10906,0,1,1993,0,0,0,0,0,0,0,0,0,0
10906,1,1,1993,0,0,0,0,0,0,0,0,0,0
10907,0,1,1993,0,0,0,0,0,0,0,0,0,0
10907,1,1,1993,0,0,0,0,0,0,0,0,0,0