ST_CASE,VEH_NO,PER_NO,YEAR,P1,P2,P3,P4,P5,P6,P7,P8,P9,P10
10908,1,1,1993,18,0,0,0,0,0,0,0,0,10
10908,2,1,1993,0,0,0,0,0,0,0,0,0,0
10909,1,1,1993,18,8,0,17,32,4,24,19,20,26
10910,0,1,1993,0,0,0,0,0,14,0,0,0,0
10910,1,1,1993,0,0,0,0,0,0,0,0,0,0
10911,0,1,1993,7,19,17,16,23,9,15,25,17,17
10911,1,1,1993,0,0,0,0,0,0,0,0,0,0
10912,1,1,1993,0,0,0,0,0,0,0,0,0,0
10913,1,1,1993,0,0,0,0,0,0,0,0,0,0
10914,1,1,1993,0,0,0,0,0,0,0,0,0,9
10915,1,1,1993,10,10,10,10,10,10,10,10,10,10
10915,2,1,1993,0,0,0,11,0,0,0,0,0,0
10916,1,1,1993,0,0,0,0,0,0,0,0,0,0
10916,2,1,1993,0,0,0,0,0,0,0,0,4,0
10917,0,1,1993,0,20,0,0,0,0,0,0,0,0
10917,1,1,1993,0,0,0,0,0,0,0,0,0,0
10918,0,1,1993,5,27,34,14,16,22,0,36,21,0
10918,1,1,1993,0,0,0,0,0,0,0,0,0,0
10919,1,1,1993,0,0,0,0,0,0,0,0,0,0
10919,2,1,1993,0,0,0,0,0,0,0,0,0,0
10920,1,1,1993,7,7,7,7,7,7,7,7,7,7
10922,0,1,1993,0,0,0,0,0,0,0,0,0,0
10922,1,1,1993,0,10,0,0,0,0,0,0,15,0
10923,1,1,1993,0,0,0,0,0,14,14,0,0,0
10923,2,1,1993,20,20,20,20,20,20,20,20,20,20
10924,1,1,1993,14,14,14,14,14,14,14,14,14,14
10926,1,1,1993,6,38,0,0,0,13,0,0,11,0
10926,2,1,1993,0,0,0,0,0,0,0,0,0,0
10927,1,1,1993,0,0,2,10,21,0,0,0,15,0
10927,2,1,1993,0,17,0,0,0,0,18,0,0,0
10927,3,1,1993,9,0,0,0,0,0,0,0,2,0
10927,4,1,1993,0,0,0,0,0,0,0,0,0,0
10927,5,1,1993,0,2,0,0,0,0,0,0,0,0
10927,6,1,1993,0,0,0,0,0,0,0,0,0,0
10928,1,1,1993,0,0,0,25,0,0,0,0,0,0
10929,1,1,1993,0,0,0,0,0,0,0,0,0,0
10930,1,1,1993,0,35,28,0,23,8,0,0,12,14
10931,1,1,1993,0,0,0,0,0,0,0,0,0,13
10931,2,1,1993,0,0,0,0,0,0,0,0,0,0
10932,1,1,1993,0,17,0,0,0,0,0,0,0,0
10933,1,1,1993,0,0,11,0,0,0,0,0,0,0
10933,2,1,1993,0,0,0,0,0,0,0,0,0,0
10934,1,1,1993,0,15,10,18,0,19,8,14,0,21
10935,0,1,1993,0,0,0,0,0,0,0,0,0,0
10935,1,1,1993,8,8,8,8,8,8,8,8,8,8
10936,1,1,1993,0,0,0,0,0,0,0,0,0,0
10936,2,1,1993,0,0,0,0,0,0,0,0,0,0
10936,3,1,1993,0,0,0,0,0,0,0,0,0,0
10938,1,1,1993,0,0,0,0,0,0,0,0,0,0
10939,1,1,1993,0,0,12,23,0,7,0,24,11,20
10940,1,1,1993,0,0,0,0,0,0,0,0,0,0
10940,2,1,1993,0,0,0,0,0,12,0,0,0,0
20001,1,1,1993,0,0,0,0,0,0,0,0,0,0
20002,1,1,1993,0,0,0,0,0,0,0,0,0,0
20002,2,1,1993,0,0,0,0,0,0,11,0,0,0
20003,1,1,1993,21,21,21,21,21,21,21,21,21,21
20003,2,1,1993,0,0,0,0,0,0,0,0,0,0
20004,0,1,1993,12,17,0,0,0,0,21,0,11,14
20004,1,1,1993,24,24,24,24,24,24,24,24,24,24
20005,0,1,1993,0,0,0,0,0,0,0,0,0,0
20005,1,1,1993,0,0,0,0,0,0,0,0,0,0
20006,1,1,1993,15,15,15,15,15,15,15,15,15,15
20007,1,1,1993,15,15,15,15,15,15,15,15,15,15
20008,1,1,1993,0,0,0,0,0,0,0,0,0,0
20008,2,1,1993,0,0,0,0,0,0,0,0,0,0
20009,1,1,1993,19,19,19,19,19,19,19,19,19,19
20010,1,1,1993,17,17,17,17,17,17,17,17,17,17
20011,1,1,1993,0,0,0,0,0,0,0,0,0,0
20011,2,1,1993,0,0,0,0,0,0,0,0,0,0
20011,3,1,1993,0,0,0,0,0,0,0,0,0,0
20012,1,1,1993,0,0,0,0,0,0,0,0,0,6
20012,2,1,1993,0,0,0,0,0,0,0,0,0,0
20013,1,1,1993,0,0,0,0,0,0,0,0,26,0
20013,2,1,1993,0,0,0,0,0,0,0,0,0,0
20014,0,1,1993,0,0,0,0,0,0,0,0,0,0
20014,1,1,1993,0,0,0,0,0,0,0,0,0,0
20015,1,1,1993,17,17,17,17,17,17,17,17,17,17
20016,0,1,1993,0,0,0,0,0,0,0,0,0,0
20016,1,1,1993,0,0,0,0,0,0,0,0,0,0
20017,1,1,1993,8,8,8,8,8,8,8,8,8,8
20017,2,1,1993,0,0,0,0,0,0,0,0,0,0
20018,1,1,1993,22,22,22,22,22,22,22,22,22,22
20018,2,1,1993,0,0,0,0,0,0,0,0,0,0
20019,1,1,1993,0,0,0,0,0,0,0,0,0,0
20020,1,1,1993,18,18,18,18,18,18,18,18,18,18
20021,0,1,1993,0,0,0,0,0,0,0,0,0,0
20021,1,1,1993,0,0,0,0,0,0,0,0,0,0
20022,1,1,1993,35,35,35,35,35,35,35,35,35,35
20023,1,1,1993,29,29,29,29,29,29,29,29,29,29
20024,0,1,1993,23,9,31,15,31,0,0,0,45,0
20024,1,1,1993,25,17,10,12,16,22,27,12,3,17
20025,1,1,1993,0,0,0,0,0,0,0,0,0,0
20025,2,1,1993,0,0,0,0,0,0,0,0,0,0
20026,1,1,1993,0,0,0,0,0,0,0,0,0,0
20026,2,1,1993,0,0,0,0,0,0,0,0,0,0
20027,1,1,1993,0,0,0,19,0,0,0,48,0,0
20028,1,1,1993,20,20,20,20,20,20,20,20,20,20
20029,1,1,1993,0,17,0,0,0,0,9,0,0,2
20030,1,1,1993,0,0,0,0,0,0,0,0,0,0
20031,0,1,1993,0,0,0,0,0,0,0,0,0,0
20031,1,1,1993,0,0,0,0,0,0,0,0,0,0
20032,0,1,1993,0,0,0,0,0,0,0,0,0,0
20032,1,1,1993,0,0,0,0,0,0,0,0,0,0
20033,0,1,1993,0,0,0,0,0,0,0,0,0,0
20033,0,2,1993,0,0,0,0,0,0,0,0,0,0
20033,1,1,1993,0,0,0,0,0,0,0,0,0,0
20034,1,1,1993,0,0,0,0,0,0,0,0,0,0
20034,2,1,1993,0,0,0,0,0,0,0,0,0,0
20035,0,1,1993,22,22,22,22,22,22,22,22,22,22
20035,1,1,1993,0,0,0,0,0,0,0,0,0,0
20036,1,1,1993,14,14,14,14,14,14,14,14,14,14
20037,1,1,1993,0,0,0,0,0,0,0,0,0,0
20037,2,1,1993,0,0,0,0,0,0,0,0,0,0
20038,0,1,1993,21,21,21,21,21,21,21,21,21,21
20038,1,1,1993,0,0,0,0,0,0,0,0,0,0
20040,1,1,1993,0,19,9,0,12,3,23,6,9,0
20041,1,1,1993,0,0,0,0,0,0,0,0,0,0
20041,2,1,1993,0,0,0,0,0,0,0,0,0,0
20042,1,1,1993,0,0,0,0,0,0,0,0,0,0
20042,2,1,1993,0,0,0,0,0,0,0,0,0,0
20043,1,1,1993,0,0,0,0,0,0,0,0,0,0
20044,0,1,1993,0,0,0,0,0,0,0,0,0,0
20044,1,1,1993,17,20,7,27,12,17,16,19,12,14
20045,1,1,1993,0,0,0,22,0,17,0,0,0,30
20046,1,1,1993,0,0,0,0,0,0,0,0,0,0
20047,1,1,1993,28,28,28,28,28,28,28,28,28,28
20047,2,1,1993,0,0,0,0,0,0,0,0,0,0
20048,1,1,1993,0,0,0,0,0,4,0,0,0,0
20048,2,1,1993,0,0,0,0,10,0,0,0,0,0
20049,1,1,1993,25,25,25,25,25,25,25,25,25,25
20050,0,1,1993,20,20,20,20,20,20,20,20,20,20
20050,1,1,1993,11,11,11,11,11,11,11,11,11,11
20051,0,1,1993,0,0,0,0,0,0,31,0,0,0
20051,1,1,1993,0,0,0,0,0,0,0,0,0,0
20052,1,1,1993,0,0,0,0,0,0,0,0,0,0
20052,2,1,1993,0,0,0,0,0,0,0,0,0,0
20053,0,1,1993,0,0,0,0,28,0,28,0,0,0
20053,1,1,1993,15,15,15,15,15,15,15,15,15,15
20053,2,1,1993,0,0,0,0,0,0,0,0,0,0
20054,1,1,1993,0,0,0,0,0,0,0,0,0,0
20054,2,1,1993,0,0,0,0,0,0,0,0,0,0
20055,0,1,1993,0,0,0,0,0,0,0,0,0,0
20055,1,1,1993,0,0,0,0,0,0,0,0,0,0
20056,1,1,1993,0,0,0,0,0,0,0,0,0,0
20056,2,1,1993,0,0,0,0,0,0,0,0,0,0
20057,1,1,1993,6,6,6,6,6,6,6,6,6,6
20058,1,1,1993,0,0,0,0,0,0,0,0,0,0
20058,2,1,1993,0,0,0,0,0,0,0,0,0,0
20059,1,1,1993,0,0,0,0,0,0,0,0,0,0
20059,2,1,1993,0,0,0,0,0,0,0,0,0,0
20060,0,1,1993,17,17,17,17,17,17,17,17,17,17
20060,1,1,1993,0,0,0,0,0,0,0,0,0,0
20061,1,1,1993,0,0,0,0,0,0,0,0,0,0
20061,2,1,1993,0,0,0,0,0,0,0,0,0,0
20062,1,1,1993,32,32,32,32,32,32,32,32,32,32
20063,1,1,1993,27,27,27,27,27,27,27,27,27,27
20064,1,1,1993,25,0,0,6,0,0,0,0,0,0
20065,1,1,1993,12,12,12,12,12,12,12,12,12,12
20066,1,1,1993,0,0,0,0,0,0,0,0,0,0
20067,1,1,1993,0,0,0,0,0,0,0,0,0,0
20068,1,1,1993,22,22,22,22,22,22,22,22,22,22
20069,0,1,1993,29,29,29,29,29,29,29,29,29,29
20069,1,1,1993,9,9,9,9,9,9,9,9,9,9
20070,1,1,1993,0,0,0,0,0,0,0,0,0,0
20070,2,1,1993,0,0,0,0,0,0,0,0,0,0
20071,1,1,1993,0,19,0,0,0,0,17,0,0,0
20071,2,1,1993,0,0,0,0,0,0,0,0,0,0
20072,1,1,1993,21,21,21,21,21,21,21,21,21,21
20072,2,1,1993,0,0,0,0,0,0,0,0,0,0
20073,1,1,1993,0,0,0,0,0,0,0,0,0,0
20073,2,1,1993,0,0,0,0,0,0,0,0,0,0
20074,0,1,1993,0,0,0,0,0,0,0,0,0,0
20074,1,1,1993,20,20,20,20,20,20,20,20,20,20
20075,1,1,1993,19,19,19,19,19,19,19,19,19,19
20076,0,1,1993,33,33,33,33,33,33,33,33,33,33
20076,1,1,1993,0,0,0,0,0,0,0,0,0,0
20077,1,1,1993,0,0,0,0,0,14,10,0,10,0
20078,0,1,1993,16,0,0,0,0,7,15,0,0,0
20078,1,1,1993,0,0,0,0,0,0,0,0,0,0
20080,0,1,1993,33,33,33,33,33,33,33,33,33,33
20080,1,1,1993,0,0,0,0,0,0,0,0,0,0
20080,2,1,1993,0,0,0,0,0,0,0,0,0,0
20081,1,1,1993,0,0,0,0,0,0,0,0,0,0
20081,2,1,1993,16,0,0,0,0,0,11,0,0,0
20082,0,1,1993,0,0,0,18,0,0,0,0,0,0
20082,0,2,1993,0,8,0,9,0,15,0,0,0,10
20082,1,1,1993,0,0,0,0,0,0,0,0,0,0
20083,1,1,1993,0,0,0,0,0,0,0,0,0,0
20083,2,1,1993,0,0,0,0,0,0,0,0,0,0
20084,1,1,1993,0,0,0,0,0,0,0,0,0,0
20084,2,1,1993,0,0,0,0,0,0,0,0,0,0
20085,0,1,1993,16,16,16,16,16,16,16,16,16,16
20085,1,1,1993,8,8,8,8,8,8,8,8,8,8
20086,1,1,1993,0,0,0,0,0,0,0,0,0,0
20086,2,1,1993,0,0,0,14,0,8,0,0,0,0
20087,1,1,1993,0,0,0,0,0,0,0,0,0,0
20087,2,1,1993,0,0,0,0,0,0,0,0,0,0
20088,0,1,1993,15,7,10,27,19,28,0,11,17,11
20088,0,2,1993,0,0,0,0,0,0,0,0,0,0
20088,1,1,1993,12,12,12,12,12,12,12,12,12,12
20089,1,1,1993,19,19,19,19,19,19,19,19,19,19
20090,1,1,1993,0,0,0,0,0,0,0,0,0,0
40001,1,1,1993,9,16,21,24,9,10,13,12,15,0
40002,1,1,1993,14,43,21,37,21,0,13,0,0,0
40002,2,1,1993,0,0,0,0,0,0,0,0,0,0
40003,1,1,1993,0,14,0,0,0,0,0,20,0,0
40005,1,1,1993,28,10,24,10,24,19,27,6,26,13
40006,0,1,1993,0,0,0,0,0,0,0,0,0,0
40006,1,1,1993,0,0,0,0,0,0,0,0,0,0
40007,1,1,1993,31,31,31,31,31,31,31,31,31,31
40007,2,1,1993,0,0,0,0,0,0,0,0,18,0
40008,0,1,1993,25,20,7,10,0,12,14,28,0,15
40008,1,1,1993,0,0,0,0,0,0,0,0,0,0
40009,0,1,1993,0,0,0,17,0,0,0,0,0,9
40009,1,1,1993,0,0,0,0,0,0,0,0,0,0
40010,1,1,1993,0,0,0,0,14,0,0,0,0,0
40010,2,1,1993,0,0,0,0,0,0,0,0,0,0
40011,1,1,1993,0,0,0,0,0,0,0,0,26,0
40013,1,1,1993,14,0,15,0,0,33,0,26,0,0
40013,2,1,1993,0,0,0,0,0,0,0,0,0,0
40014,1,1,1993,0,0,0,0,0,0,0,0,0,0
40014,2,1,1993,0,0,0,0,0,0,0,0,0,0
40015,0,1,1993,7,22,14,33,31,25,24,18,20,20
40015,1,1,1993,0,0,0,0,0,0,0,8,0,15
40016,1,1,1993,0,0,0,0,0,0,0,0,0,0
40016,2,1,1993,31,0,0,0,0,0,0,11,0,0
40017,0,1,1993,0,0,7,26,0,34,0,30,24,0
40017,1,1,1993,0,0,0,0,0,0,0,0,0,0
40018,1,1,1993,0,0,0,0,0,0,0,0,0,0
40018,2,1,1993,0,0,0,2,0,0,0,0,0,0
40019,1,1,1993,0,0,0,0,0,8,0,0,0,0
40019,2,1,1993,0,0,0,0,0,0,0,0,0,0
40020,0,1,1993,16,16,16,16,16,16,16,16,16,16
40020,1,1,1993,0,0,0,0,0,0,0,0,0,0
40021,1,1,1993,2,2,2,2,2,2,2,2,2,2
40022,1,1,1993,0,0,22,17,12,0,0,5,15,0
40022,2,1,1993,0,9,0,0,0,0,0,0,0,0
40023,1,1,1993,12,7,7,8,18,5,27,16,12,19
40024,1,1,1993,0,0,0,0,0,0,0,0,0,0
40024,2,1,1993,0,0,0,0,0,0,0,0,0,0
40025,1,1,1993,0,0,0,0,0,0,0,0,0,0
40025,2,1,1993,0,0,0,0,0,0,0,0,0,0
40025,3,1,1993,0,0,0,0,0,0,0,0,0,0
40026,1,1,1993,0,0,0,0,0,0,0,0,0,0
40026,2,1,1993,0,0,0,0,0,0,0,0,0,0
40026,3,1,1993,0,0,0,0,0,0,0,0,0,0
40026,4,1,1993,0,0,0,0,0,0,0,0,0,0
40027,1,1,1993,24,24,24,24,24,24,24,24,24,24
40028,1,1,1993,17,17,17,17,17,17,17,17,17,17
40029,0,1,1993,25,25,25,25,25,25,25,25,25,25
40029,1,1,1993,0,8,0,0,0,0,0,0,0,0
40030,1,1,1993,22,38,0,11,23,0,13,25,13,24
40031,0,1,1993,0,0,0,0,0,0,0,0,0,0
40031,1,1,1993,0,0,0,0,0,0,0,0,0,0
40032,1,1,1993,0,0,0,0,0,0,0,0,0,0
40032,2,1,1993,0,0,0,0,0,0,0,0,0,0
40033,1,1,1993,20,20,20,20,20,20,20,20,20,20
40033,2,1,1993,9,9,9,9,9,9,9,9,9,9
40034,1,1,1993,0,0,0,0,0,0,0,0,0,0
40035,0,1,1993,28,28,28,28,28,28,28,28,28,28
40035,1,1,1993,0,0,0,0,13,0,22,0,0,0
40035,2,1,1993,0,0,0,0,0,0,0,0,0,0
40036,0,1,1993,0,0,0,0,0,0,0,0,0,0
40036,1,1,1993,0,0,0,0,0,0,0,0,0,0
40037,1,1,1993,0,0,0,0,0,0,0,0,0,0
40038,1,1,1993,0,8,0,11,0,0,0,0,0,0
40039,1,1,1993,19,19,19,19,19,19,19,19,19,19
40040,1,1,1993,0,0,0,0,0,0,0,0,0,0
40041,1,1,1993,0,0,0,0,0,0,0,0,0,35
40041,2,1,1993,0,0,0,0,0,0,0,0,0,0
40042,0,1,1993,28,28,28,28,28,28,28,28,28,28
40042,1,1,1993,0,0,0,0,0,0,0,0,0,0
40043,0,1,1993,22,22,22,22,22,22,22,22,22,22
40043,1,1,1993,6,24,21,17,24,10,0,10,11,12
40044,1,1,1993,11,7,4,16,12,17,3,12,4,0
40044,2,1,1993,0,0,0,0,0,0,0,0,0,0
40045,1,1,1993,1,1,1,1,1,1,1,1,1,1
40045,2,1,1993,0,0,0,0,0,0,0,0,0,0
40045,3,1,1993,18,28,10,22,22,14,12,31,23,22
40046,1,1,1993,0,0,0,0,0,0,0,0,0,0
40046,2,1,1993,0,0,0,0,0,0,0,0,0,0
40047,0,1,1993,29,29,29,29,29,29,29,29,29,29
40047,1,1,1993,0,0,38,0,10,0,4,12,0,0
40048,1,1,1993,0,0,0,0,0,0,4,0,0,0
40048,2,1,1993,0,0,0,0,0,0,0,0,0,0
40049,1,1,1993,0,21,20,30,13,0,14,22,21,26
40050,0,1,1993,17,17,17,17,17,17,17,17,17,17
40050,1,1,1993,0,0,25,0,0,0,0,0,0,0
40051,1,1,1993,20,20,20,20,20,20,20,20,20,20
40052,0,1,1993,0,0,0,0,0,0,0,0,0,0
40052,1,1,1993,0,0,0,0,0,0,0,0,0,0
40053,1,1,1993,0,0,0,0,0,0,0,0,0,0
40053,2,1,1993,0,0,0,0,0,0,0,8,0,0
40055,1,1,1993,21,21,21,21,21,21,21,21,21,21
40056,1,1,1993,11,0,0,0,12,0,0,0,16,0
40057,0,1,1993,0,0,0,0,0,0,0,0,0,0
40057,1,1,1993,0,10,17,0,0,0,8,4,9,11
40057,2,1,1993,0,10,0,22,12,27,6,0,13,0
40058,1,1,1993,4,17,11,17,0,17,20,6,8,16
40058,2,1,1993,12,6,24,13,7,16,13,13,15,15
40059,1,1,1993,10,6,16,11,5,22,23,0,24,10
40059,2,1,1993,0,0,0,0,0,0,0,0,0,0
40060,1,1,1993,0,0,0,0,0,0,0,0,0,0
40060,2,1,1993,0,0,0,0,0,0,0,0,0,0
40061,1,1,1993,0,0,0,0,0,0,0,0,0,0
40062,1,1,1993,20,20,20,20,20,20,20,20,20,20
40062,2,1,1993,0,0,0,0,0,0,0,0,0,0
40063,1,1,1993,0,0,0,0,0,0,0,0,0,0
40063,2,1,1993,0,0,0,0,0,0,0,0,0,0
40064,1,1,1993,11,12,27,15,13,26,19,30,16,30
40065,0,1,1993,0,0,0,0,7,0,0,0,30,0
40065,0,2,1993,16,14,0,15,0,0,12,0,19,0
40065,1,1,1993,0,0,0,0,0,0,0,0,0,0
40066,0,1,1993,0,0,26,0,0,0,0,0,0,24
40066,1,1,1993,0,6,0,0,9,0,14,0,14,15
40067,0,1,1993,15,12,17,22,25,34,16,13,9,27
40067,1,1,1993,4,4,4,4,4,4,4,4,4,4
40068,1,1,1993,0,0,0,0,0,0,0,0,0,0
40068,2,1,1993,0,0,0,0,0,0,0,0,0,0
40069,1,1,1993,23,0,0,0,0,0,0,0,0,0
40069,2,1,1993,0,0,0,0,0,0,0,0,0,0
40070,1,1,1993,0,0,0,0,0,8,0,0,0,21
40071,0,1,1993,0,0,7,0,17,0,14,0,0,17
40071,1,1,1993,0,0,0,0,0,0,0,0,0,14
40072,1,1,1993,0,0,0,0,0,0,0,0,0,0
40072,2,1,1993,0,0,0,0,0,0,0,0,0,0
40073,1,1,1993,11,11,11,11,11,11,11,11,11,11
40074,0,1,1993,0,0,0,0,0,0,0,0,0,0
40074,1,1,1993,0,0,0,0,0,0,0,0,0,0
40075,1,1,1993,0,0,0,0,0,0,0,0,0,0
40075,2,1,1993,0,0,0,0,0,0,0,0,0,0
40075,3,1,1993,0,0,0,0,0,0,0,0,0,0
40076,0,1,1993,27,27,27,27,27,27,27,27,27,27
40076,1,1,1993,0,0,0,0,0,0,0,0,0,0
40077,1,1,1993,0,0,2,0,0,0,0,0,0,0
40077,2,1,1993,0,0,0,0,0,0,0,0,0,6
40078,1,1,1993,0,15,0,0,0,10,0,10,23,0
40078,2,1,1993,0,0,0,0,0,0,0,0,0,0
40079,0,1,1993,26,14,7,36,22,30,31,17,7,44
40079,1,1,1993,0,0,0,0,0,0,0,0,0,0
40080,1,1,1993,0,0,0,0,0,0,0,0,0,0
40080,2,1,1993,0,0,0,0,0,0,0,0,0,0
40081,1,1,1993,0,0,0,0,0,0,0,0,0,0
40081,2,1,1993,0,0,0,0,0,0,0,0,0,0
40082,1,1,1993,0,0,0,0,0,0,0,0,0,0
40082,2,1,1993,0,0,0,0,0,0,0,0,0,0
40083,0,1,1993,0,0,0,0,0,0,0,0,0,0
40083,1,1,1993,0,0,0,0,0,0,0,0,0,0
40084,0,1,1993,11,18,44,20,22,14,28,11,22,0
40084,1,1,1993,7,11,25,0,0,0,0,18,0,0
40085,1,1,1993,0,0,0,0,0,0,0,0,0,0
40086,1,1,1993,0,0,0,0,0,0,0,0,0,0
40086,2,1,1993,0,0,0,0,0,0,0,0,0,0
40086,3,1,1993,0,0,0,0,0,0,0,0,0,0
40087,1,1,1993,13,27,13,10,21,17,15,21,8,24
40088,1,1,1993,37,11,13,12,26,19,16,6,0,17
40089,1,1,1993,15,0,0,24,0,0,0,15,0,16
40089,2,1,1993,0,0,0,0,0,0,0,0,0,0
40089,3,1,1993,0,0,0,0,0,0,0,0,0,0
40090,1,1,1993,0,0,22,0,16,15,22,0,21,0
40091,0,1,1993,0,0,0,0,0,0,0,0,0,0
40091,1,1,1993,0,0,0,0,0,0,0,0,0,0
40092,1,1,1993,0,0,0,0,0,0,0,0,0,0
40092,2,1,1993,0,0,0,0,0,0,0,0,0,0
40093,1,1,1993,13,0,0,18,0,0,15,0,0,0
40093,2,1,1993,0,0,0,0,0,0,0,0,0,0
40094,1,1,1993,7,0,17,10,0,0,10,15,14,23
40095,1,1,1993,0,0,0,0,0,0,0,0,0,0
40095,2,1,1993,0,0,0,0,0,0,0,0,0,0
40096,1,1,1993,0,0,0,0,0,0,0,0,0,0
40096,2,1,1993,0,0,0,0,0,0,0,0,0,0
40097,0,1,1993,0,0,0,0,0,0,0,0,0,0
40097,1,1,1993,0,0,0,4,0,0,0,0,0,0
40098,0,1,1993,18,16,5,26,32,19,18,2,8,28
40098,1,1,1993,0,0,0,0,0,0,0,0,0,0
40098,2,1,1993,16,0,0,0,0,0,0,0,0,0
40099,1,1,1993,5,23,37,22,22,10,10,0,0,17
40100,1,1,1993,8,11,16,3,14,17,21,5,11,0
40100,2,1,1993,0,0,0,0,14,0,0,0,0,0
40101,1,1,1993,21,29,14,16,29,13,10,22,6,8
40102,1,1,1993,0,0,0,0,0,0,0,0,0,0
40103,0,1,1993,0,0,0,12,20,0,0,0,24,0
40103,0,2,1993,0,15,14,22,0,0,0,0,10,0
40103,1,1,1993,32,32,32,32,32,32,32,32,32,32
40104,1,1,1993,0,0,6,0,0,12,0,0,0,31
40105,1,1,1993,0,0,0,0,0,0,0,0,0,0
40106,1,1,1993,0,22,0,0,0,0,0,0,0,0
40107,1,1,1993,0,0,0,0,0,0,0,0,0,0
40107,2,1,1993,0,0,0,0,0,0,0,0,0,0
40108,1,1,1993,24,24,24,24,24,24,24,24,24,24
40109,1,1,1993,10,10,10,10,10,10,10,10,10,10
40110,1,1,1993,4,4,4,4,4,4,4,4,4,4
40111,1,1,1993,24,24,24,24,24,24,24,24,24,24
40111,2,1,1993,0,0,0,0,0,0,0,0,0,0
40112,0,1,1993,0,0,0,0,0,0,0,0,0,0
40112,0,2,1993,0,17,0,0,0,0,0,0,0,0
40112,1,1,1993,0,0,0,0,0,0,0,0,0,0
40113,0,1,1993,7,7,19,33,35,34,32,9,27,33
40113,1,1,1993,0,0,0,0,0,0,0,0,9,0
40114,1,1,1993,0,0,0,0,0,0,0,0,0,0
40115,0,1,1993,54,24,29,4,23,21,15,11,19,29
40115,1,1,1993,6,0,0,0,0,0,0,0,0,0
40116,1,1,1993,13,5,14,18,14,22,9,4,13,16
40117,1,1,1993,18,15,9,24,23,23,16,16,19,15
40118,1,1,1993,0,0,0,0,0,0,0,0,0,0
40119,0,1,1993,0,0,25,0,10,0,33,0,20,16
40119,1,1,1993,0,0,0,0,0,0,0,0,0,8
40120,0,1,1993,0,0,0,0,0,18,14,0,9,0
40120,1,1,1993,8,0,0,9,0,0,0,0,0,0
40121,1,1,1993,0,0,0,0,0,0,0,0,0,0
40122,0,1,1993,0,0,0,0,0,0,0,0,0,0
40122,1,1,1993,0,0,0,0,0,0,0,0,0,0
40123,0,1,1993,0,0,0,0,0,0,0,0,0,0
40123,1,1,1993,0,0,0,0,0,0,0,0,0,0
40124,1,1,1993,9,23,19,20,0,27,16,17,20,17
40125,1,1,1993,22,22,22,22,22,22,22,22,22,22
40125,2,1,1993,0,0,0,0,0,0,5,0,0,0
40125,3,1,1993,0,0,0,0,0,0,0,0,0,0
40126,0,1,1993,0,0,0,14,0,31,0,0,23,0
40126,1,1,1993,9,0,0,0,0,0,0,0,0,0
40127,1,1,1993,13,21,6,16,16,12,13,16,14,15
40127,2,1,1993,0,0,0,0,0,0,0,0,0,0
40128,1,1,1993,0,0,0,0,0,0,0,0,0,0
40128,2,1,1993,0,0,0,0,0,0,0,0,0,0
40129,1,1,1993,7,27,7,3,15,23,8,22,6,0
40129,2,1,1993,16,0,14,0,0,0,14,0,0,0
40130,1,1,1993,0,0,11,0,12,0,0,0,30,0
40130,2,1,1993,14,14,14,14,14,14,14,14,14,14
40131,1,1,1993,11,11,11,11,11,11,11,11,11,11
40132,1,1,1993,21,9,37,18,20,18,12,13,10,22
40133,1,1,1993,0,0,0,0,0,0,0,0,0,0
40134,1,1,1993,0,0,0,0,0,0,0,0,0,0
40134,2,1,1993,0,0,0,0,31,0,13,0,0,0
40135,1,1,1993,2,2,2,2,2,2,2,2,2,2
40135,2,1,1993,0,0,0,0,0,0,0,0,0,0
40137,1,1,1993,16,16,16,16,16,16,16,16,16,16
40137,2,1,1993,12,0,19,5,7,18,9,9,17,23
40138,1,1,1993,2,2,2,2,2,2,2,2,2,2
40138,2,1,1993,0,0,0,0,0,0,0,0,0,0
40139,0,1,1993,0,23,7,26,5,24,16,4,9,23
40140,1,1,1993,27,27,27,27,27,27,27,27,27,27
40140,2,1,1993,0,0,0,0,0,0,0,0,0,0
40141,0,1,1993,0,25,0,19,18,0,0,0,0,0
40141,0,2,1993,0,0,0,0,14,17,0,21,17,0
40141,1,1,1993,0,18,10,0,0,0,0,9,0,0
40142,1,1,1993,15,6,10,7,9,21,29,8,12,7
40142,2,1,1993,0,0,0,0,0,0,0,0,0,0
40144,0,1,1993,29,0,0,7,2,15,0,12,17,20
40144,1,1,1993,8,8,8,8,8,8,8,8,8,8
40145,1,1,1993,11,13,13,24,25,19,38,6,11,26
40145,2,1,1993,5,20,29,11,0,21,19,18,18,25
40146,0,1,1993,0,0,0,0,0,0,0,0,0,0
40146,1,1,1993,0,0,0,0,0,0,0,0,0,0
40147,0,1,1993,20,28,12,0,0,34,29,12,0,0
40147,0,2,1993,0,0,0,0,0,26,0,0,0,0
40147,1,1,1993,10,20,10,0,17,14,21,18,13,20
40148,1,1,1993,16,20,14,22,22,26,15,23,32,21
40148,2,1,1993,23,0,30,41,22,33,11,21,14,17
40149,1,1,1993,19,19,19,19,19,19,19,19,19,19
40149,2,1,1993,0,0,0,0,0,0,0,0,0,0
40150,0,1,1993,20,20,20,20,20,20,20,20,20,20
40150,1,1,1993,0,0,0,0,0,0,0,13,0,0
40151,0,1,1993,18,25,17,33,28,2,16,9,35,26
40151,1,1,1993,6,9,8,0,13,0,15,18,9,0
40152,0,1,1993,0,0,0,0,0,0,0,0,0,0
40152,0,2,1993,0,0,0,0,0,0,0,0,0,0
40152,1,1,1993,10,24,20,12,15,7,34,11,10,8
40153,1,1,1993,0,0,0,0,0,0,0,0,0,0
40153,2,1,1993,0,0,0,0,0,0,0,0,0,0