ST_CASE,VEH_NO,PER_NO,YEAR,P1,P2,P3,P4,P5,P6,P7,P8,P9,P10
40154,1,1,1993,0,0,0,0,0,0,0,0,0,0
40154,2,1,1993,5,11,13,28,23,14,26,6,13,6
40155,1,1,1993,25,6,25,13,13,10,12,28,13,8
40156,0,1,1993,23,23,23,23,23,23,23,23,23,23
40156,1,1,1993,0,13,0,0,0,0,0,0,0,22
40157,1,1,1993,0,0,0,0,0,0,0,0,0,0
40157,2,1,1993,0,0,0,0,0,0,0,0,0,0
40158,1,1,1993,6,6,6,6,6,6,6,6,6,6
40158,2,1,1993,13,4,0,15,0,0,0,0,0,8
40159,1,1,1993,0,0,0,0,0,0,0,0,0,0
40159,2,1,1993,0,0,20,0,0,0,0,0,0,0
40160,1,1,1993,14,14,14,14,14,14,14,14,14,14
40161,1,1,1993,0,0,0,0,0,0,0,0,0,0
40162,1,1,1993,0,0,0,0,0,0,0,0,0,0
40163,1,1,1993,7,30,0,17,21,15,5,0,16,0
40164,1,1,1993,13,33,19,14,5,39,13,0,23,22
40165,1,1,1993,20,19,21,25,11,7,15,9,24,19
40166,1,1,1993,17,17,17,17,17,17,17,17,17,17
40167,1,1,1993,0,0,21,0,0,16,0,0,0,0
40167,2,1,1993,0,0,0,0,0,0,0,0,0,0
40169,0,1,1993,8,8,8,8,8,8,8,8,8,8
40169,1,1,1993,0,0,0,0,0,0,0,0,0,0
40170,0,1,1993,26,26,26,26,26,26,26,26,26,26
40170,1,1,1993,34,23,18,10,16,18,11,21,19,5
40171,1,1,1993,18,22,26,11,28,10,22,19,14,14
40172,0,1,1993,0,0,0,0,0,0,0,0,0,0
40172,1,1,1993,0,0,0,0,0,0,0,0,0,0
40173,1,1,1993,15,7,4,5,15,11,24,4,11,11
40174,1,1,1993,0,0,0,0,0,0,0,0,0,0
40175,1,1,1993,0,0,0,0,0,0,0,0,0,0
40175,2,1,1993,0,0,0,0,0,0,0,0,33,0
40176,1,1,1993,20,0,0,12,4,0,0,11,0,0
40177,1,1,1993,0,0,0,0,0,0,0,0,0,0
40177,2,1,1993,0,0,0,0,0,0,0,0,0,0
40178,1,1,1993,11,0,0,32,17,11,0,21,24,3
40178,2,1,1993,0,0,0,0,0,0,0,0,0,0
40179,1,1,1993,0,0,0,0,0,0,0,0,0,0
40179,2,1,1993,0,0,0,0,0,0,0,0,0,0
40180,1,1,1993,0,0,0,0,0,0,0,0,0,0
40180,2,1,1993,0,0,0,0,0,0,0,0,0,0
40181,1,1,1993,0,0,0,0,12,0,0,0,0,0
40181,2,1,1993,0,0,0,0,0,0,0,0,0,13
40181,3,1,1993,0,0,0,0,0,0,0,0,0,0
40182,0,1,1993,0,10,0,0,0,0,0,0,0,15
40182,1,1,1993,0,0,0,0,0,0,0,0,36,0
40183,1,1,1993,0,0,0,0,0,0,0,0,0,0
40184,1,1,1993,18,18,18,18,18,18,18,18,18,18
40185,1,1,1993,14,10,16,13,6,13,10,15,7,13
40185,2,1,1993,0,0,4,0,0,0,0,0,0,0
40186,1,1,1993,0,0,0,0,0,0,0,0,0,0
40186,2,1,1993,0,0,0,0,0,0,0,0,0,0
40187,1,1,1993,0,0,0,0,0,0,0,0,0,0
40187,2,1,1993,0,0,0,0,0,0,0,0,0,0
40188,1,1,1993,0,0,0,0,0,0,0,0,0,0
40188,2,1,1993,20,0,33,0,35,0,0,28,0,27
40189,1,1,1993,17,13,18,14,22,32,19,21,20,6
40189,2,1,1993,0,0,0,0,0,0,0,0,0,0
40190,0,1,1993,0,0,0,0,0,0,28,0,0,0
40190,1,1,1993,0,0,0,3,0,0,0,0,0,0
40190,2,1,1993,0,0,0,0,0,0,0,0,0,0
40191,1,1,1993,0,0,0,0,0,0,0,0,0,0
40191,2,1,1993,0,0,0,0,0,0,11,0,10,0
40192,1,1,1993,0,0,0,0,0,0,0,0,0,0
40192,2,1,1993,0,0,0,0,0,0,0,0,0,0
40193,1,1,1993,13,13,13,13,13,13,13,13,13,13
40193,2,1,1993,6,0,0,0,0,8,11,7,0,0
40194,1,1,1993,0,0,0,0,0,0,0,0,0,0
40194,2,1,1993,0,0,0,0,0,0,0,0,0,0
40194,3,1,1993,0,0,0,0,0,0,0,0,0,0
40195,1,1,1993,34,0,28,0,26,31,0,12,31,15
40196,1,1,1993,0,0,0,0,0,0,0,0,0,0
40196,2,1,1993,0,0,0,8,0,0,0,0,0,0
40197,1,1,1993,22,13,19,12,22,18,14,29,11,10
40198,1,1,1993,0,0,8,0,10,0,0,0,0,0
40198,2,1,1993,0,0,0,0,0,0,0,0,0,0
40199,1,1,1993,9,9,9,9,9,9,9,9,9,9
40199,2,1,1993,0,0,0,0,0,0,0,0,0,0
40200,1,1,1993,9,22,16,17,19,11,9,31,13,17
40201,1,1,1993,21,21,21,21,21,21,21,21,21,21
40201,2,1,1993,0,0,0,0,0,0,0,0,0,0
40202,0,1,1993,0,0,0,0,0,0,0,0,0,0
40202,1,1,1993,0,0,0,0,0,0,0,0,0,0
40203,1,1,1993,20,15,0,28,12,0,0,8,0,11
40204,1,1,1993,0,0,0,0,0,0,0,0,0,0
40204,2,1,1993,0,0,0,0,0,0,0,0,0,0
40205,1,1,1993,0,0,0,0,0,0,0,0,0,0
40205,2,1,1993,0,0,0,0,0,0,11,27,0,0
40206,1,1,1993,0,0,0,0,0,0,0,0,0,0
40207,1,1,1993,3,3,3,3,3,3,3,3,3,3
40208,1,1,1993,0,0,0,0,0,0,0,0,0,0
40209,1,1,1993,0,0,0,0,0,0,0,0,0,0
40209,2,1,1993,0,0,0,0,0,0,0,0,12,0
40210,1,1,1993,25,25,25,25,25,25,25,25,25,25
40211,1,1,1993,0,0,0,0,0,0,0,0,0,0
40211,2,1,1993,0,0,0,0,0,0,0,0,0,0
40212,1,1,1993,0,0,0,0,0,0,0,0,0,0
40212,2,1,1993,0,0,0,0,0,0,0,0,0,0
40213,1,1,1993,0,0,0,0,0,0,0,0,0,0
40213,2,1,1993,0,0,0,0,0,0,0,0,0,0
40214,1,1,1993,29,29,29,29,29,29,29,29,29,29
40214,2,1,1993,0,0,0,0,0,0,0,0,0,0
40215,1,1,1993,0,0,0,12,0,0,6,0,0,0
40216,0,1,1993,0,0,14,8,0,0,27,0,0,0
40216,1,1,1993,0,0,0,0,0,0,0,0,0,0
40216,2,1,1993,0,0,0,0,0,0,0,0,0,0
40217,1,1,1993,0,0,0,6,0,0,0,0,0,0
40217,2,1,1993,0,0,0,0,0,0,0,0,0,0
40218,1,1,1993,0,12,6,8,0,4,5,0,14,4
40218,2,1,1993,2,0,0,0,0,0,0,0,0,0
40219,1,1,1993,18,0,25,39,17,18,28,0,0,16
40220,0,1,1993,0,0,0,0,0,0,0,0,0,0
40220,1,1,1993,0,0,0,0,0,0,0,0,0,0
40221,1,1,1993,13,13,13,13,13,13,13,13,13,13
40221,2,1,1993,0,0,0,0,0,0,0,0,0,0
40222,0,1,1993,33,33,33,33,33,33,33,33,33,33
40222,1,1,1993,2,2,2,2,2,2,2,2,2,2
40223,1,1,1993,23,23,23,23,23,23,23,23,23,23
40224,1,1,1993,0,0,0,0,0,0,0,0,0,0
40224,2,1,1993,0,0,0,0,0,0,0,0,0,0
40225,1,1,1993,0,0,0,0,0,0,0,0,0,0
40225,2,1,1993,0,0,0,0,0,0,0,0,0,0
40226,1,1,1993,23,23,23,23,23,23,23,23,23,23
40226,2,1,1993,0,0,0,0,0,0,0,0,0,0
40227,1,1,1993,15,15,15,15,15,15,15,15,15,15
40227,2,1,1993,0,0,0,0,0,0,0,0,0,0
40228,0,1,1993,0,0,0,0,0,0,0,0,0,0
40228,1,1,1993,0,0,0,0,0,0,0,0,0,0
40228,2,1,1993,0,0,0,0,0,0,0,0,0,0
40229,1,1,1993,0,0,0,0,0,0,0,0,0,0
40229,2,1,1993,0,0,0,0,0,0,0,18,0,0
40230,1,1,1993,10,14,20,23,2,6,18,19,18,14
40231,0,1,1993,31,11,17,14,33,24,28,18,12,25
40231,1,1,1993,0,0,9,0,0,0,0,3,0,0
40232,1,1,1993,8,0,8,23,18,0,9,6,15,0
40233,1,1,1993,0,0,0,19,0,23,22,13,0,0
40234,1,1,1993,0,0,13,0,25,0,0,0,0,0
40234,2,1,1993,0,0,0,0,0,0,0,0,0,0
40235,0,1,1993,0,0,0,0,0,0,0,0,0,0
40235,1,1,1993,0,0,0,0,0,0,0,0,0,0
40236,1,1,1993,0,0,0,0,0,0,0,0,0,0
40237,1,1,1993,14,11,13,19,35,21,24,12,20,42
40237,2,1,1993,20,14,15,27,9,31,31,37,8,6
40239,1,1,1993,5,12,0,14,9,13,4,11,14,8
40239,2,1,1993,0,0,0,0,0,0,0,0,0,0
40239,3,1,1993,0,0,0,0,0,0,0,0,0,0
40240,1,1,1993,27,0,29,0,0,29,0,0,10,8
40240,2,1,1993,0,0,0,0,0,0,0,0,0,0
40241,1,1,1993,17,0,20,20,15,20,26,18,0,14
40242,1,1,1993,0,0,0,0,0,0,0,0,0,0
40242,2,1,1993,0,0,0,0,0,0,0,0,0,0
40243,1,1,1993,0,0,0,0,17,0,0,0,0,0
40243,2,1,1993,0,0,0,0,0,0,0,0,0,0
40244,1,1,1993,0,0,0,0,0,0,0,0,0,0
40245,1,1,1993,28,29,6,16,19,7,12,5,17,8
40246,1,1,1993,0,19,13,15,0,17,12,0,16,14
40247,1,1,1993,8,0,0,0,0,0,0,0,0,0
40248,0,1,1993,28,28,28,28,28,28,28,28,28,28
40248,1,1,1993,0,0,0,0,0,0,0,5,0,0
40249,1,1,1993,0,0,0,0,0,0,0,0,0,0
40249,2,1,1993,0,0,0,0,0,0,0,0,0,0
40250,1,1,1993,0,0,0,0,0,0,0,0,0,0
40251,1,1,1993,0,10,30,18,16,21,20,21,11,20
40252,1,1,1993,20,0,8,0,0,0,0,0,0,0
40253,1,1,1993,24,24,24,24,24,24,24,24,24,24
40254,1,1,1993,11,19,29,13,16,40,23,30,11,24
40255,1,1,1993,22,16,21,0,0,0,0,11,10,10
40256,1,1,1993,0,0,0,19,0,0,0,0,0,0
40256,2,1,1993,0,0,0,0,0,0,0,0,0,0
40257,1,1,1993,36,0,10,11,18,27,9,0,17,11
40257,2,1,1993,0,0,0,0,0,0,0,0,0,0
40258,1,1,1993,7,12,0,19,14,0,15,14,0,9
40258,2,1,1993,0,0,0,0,0,0,0,0,0,0
40259,1,1,1993,21,35,27,22,18,27,19,17,15,25
40260,1,1,1993,0,10,25,5,18,0,22,26,15,9
40260,2,1,1993,24,0,0,0,0,0,25,0,14,0
40261,0,1,1993,0,0,0,0,0,0,0,0,0,0
40261,1,1,1993,13,0,0,0,0,12,0,5,0,0
40262,1,1,1993,32,12,19,11,19,15,32,18,44,27
40263,0,1,1993,0,0,0,0,0,0,0,0,0,0
40263,1,1,1993,0,0,0,0,0,0,0,0,0,0
40264,1,1,1993,0,0,0,0,0,0,14,0,17,10
40264,2,1,1993,12,0,0,0,0,0,0,0,22,0
40265,0,1,1993,10,20,33,45,15,27,23,18,12,50
40265,1,1,1993,0,0,0,0,0,0,0,12,0,0
40266,1,1,1993,16,19,6,36,41,10,17,18,11,29
40267,1,1,1993,13,13,13,13,13,13,13,13,13,13
40268,1,1,1993,14,2,8,8,0,19,15,18,18,22
40269,1,1,1993,17,0,0,0,18,0,0,0,0,29
40270,0,1,1993,19,32,0,17,0,15,19,24,12,9
40270,1,1,1993,17,0,11,14,0,0,15,0,15,16
40271,0,1,1993,0,0,0,0,0,0,0,0,0,0
40271,0,2,1993,0,0,0,0,0,0,0,0,0,0
40272,0,1,1993,0,19,0,0,20,0,0,0,0,0
40272,1,1,1993,0,0,12,28,0,0,0,0,0,0
40273,1,1,1993,0,0,0,0,0,0,0,0,0,0
40274,1,1,1993,16,16,16,16,16,16,16,16,16,16
40275,1,1,1993,0,0,0,0,0,0,0,0,18,0
40276,1,1,1993,0,0,0,0,18,19,0,0,0,16
40277,1,1,1993,9,26,17,30,16,15,13,18,14,18
40278,1,1,1993,7,22,0,0,0,14,22,29,0,13
40279,1,1,1993,0,0,7,0,0,0,0,0,21,0
40280,1,1,1993,12,0,0,16,0,0,0,0,0,0
40281,1,1,1993,9,18,33,23,0,11,20,30,26,17
40282,1,1,1993,0,0,17,5,0,0,0,23,0,0
40283,1,1,1993,15,10,4,0,11,13,15,0,13,18
40284,1,1,1993,6,0,0,0,0,0,0,0,0,0
40285,1,1,1993,0,21,0,0,17,0,0,21,0,0
40286,0,1,1993,7,7,7,7,7,7,7,7,7,7
40286,1,1,1993,0,0,0,0,0,0,0,0,0,0
40287,0,1,1993,37,31,24,0,19,15,33,29,15,27
40287,1,1,1993,12,15,9,8,3,17,20,14,24,24
40288,1,1,1993,0,0,0,0,0,0,0,0,0,0
40289,1,1,1993,19,12,0,9,0,0,0,0,0,0
40289,2,1,1993,0,0,0,0,0,0,0,0,0,0
40290,0,1,1993,0,0,0,0,0,0,0,0,0,0
40290,1,1,1993,0,0,0,0,0,0,0,0,0,0
40291,1,1,1993,0,0,0,0,0,0,0,0,0,0
40292,1,1,1993,0,0,0,0,0,0,0,0,0,0
40293,1,1,1993,9,10,29,15,12,7,5,0,20,22
40294,0,1,1993,24,24,24,24,24,24,24,24,24,24
40294,1,1,1993,0,0,0,0,0,0,0,0,0,0
40295,1,1,1993,0,0,0,0,0,0,0,0,12,0
40295,2,1,1993,0,0,0,0,0,0,0,0,0,0
40296,1,1,1993,38,38,38,38,38,38,38,38,38,38
40297,1,1,1993,33,0,11,19,32,7,25,0,20,26
40298,1,1,1993,25,25,25,25,25,25,25,25,25,25
40298,2,1,1993,0,0,0,0,0,0,0,0,0,0
40299,0,1,1993,0,0,22,0,0,0,19,0,0,0
40299,1,1,1993,0,0,0,0,0,0,0,0,0,0
40300,1,1,1993,13,29,28,25,10,28,15,23,35,15
40301,1,1,1993,0,0,0,0,4,0,0,0,0,0
40301,2,1,1993,0,0,0,0,0,0,0,0,6,14
40302,1,1,1993,29,19,13,18,25,20,16,32,39,20
40303,1,1,1993,0,0,0,0,0,0,0,0,0,0
40303,2,1,1993,4,4,4,4,4,4,4,4,4,4
40304,1,1,1993,3,3,3,3,3,3,3,3,3,3
40305,0,1,1993,0,0,17,0,30,0,25,21,0,21
40305,1,1,1993,9,15,14,12,13,10,10,6,13,24
40306,0,1,1993,31,31,31,31,31,31,31,31,31,31
40306,1,1,1993,0,0,0,0,0,0,0,0,0,0
40307,1,1,1993,23,21,40,19,19,12,26,12,25,12
40308,0,1,1993,27,27,27,27,27,27,27,27,27,27
40308,1,1,1993,0,0,0,16,0,0,0,23,0,0
40309,1,3,1993,21,17,14,0,17,0,0,23,0,0
40310,1,1,1993,16,16,16,16,16,16,16,16,16,16
40310,2,1,1993,16,16,16,16,16,16,16,16,16,16
40311,1,1,1993,0,0,0,0,0,0,0,0,0,0
40311,2,1,1993,0,0,0,0,0,0,0,0,0,0
40312,0,1,1993,0,0,0,0,0,0,21,0,0,0
40312,1,1,1993,0,0,0,0,0,0,0,0,0,0
40313,1,1,1993,10,0,0,7,3,14,22,10,0,0
40314,1,1,1993,0,0,0,0,0,0,0,0,0,0
40314,2,1,1993,0,0,0,0,0,9,0,0,0,0
40315,1,1,1993,2,2,2,2,2,2,2,2,2,2
40316,1,1,1993,0,0,0,0,0,0,0,0,0,0
40316,2,1,1993,0,0,0,0,0,0,0,0,0,0
40317,1,1,1993,0,0,0,0,0,0,0,0,0,0
40317,2,1,1993,0,0,0,0,0,0,0,0,0,0
40318,1,1,1993,0,13,0,0,0,0,0,4,0,0
40319,1,1,1993,17,0,0,7,3,19,10,4,6,13
40320,1,1,1993,15,0,0,0,0,0,0,0,0,0
40320,2,1,1993,0,0,0,0,0,0,0,0,0,0
40321,1,1,1993,37,37,37,37,37,37,37,37,37,37
40322,1,1,1993,11,0,0,0,20,29,13,16,34,0
40323,1,1,1993,19,10,0,15,0,0,2,0,0,0
40324,0,1,1993,0,25,40,36,36,16,34,11,8,17
40324,1,1,1993,0,0,0,0,0,0,0,0,0,0
40325,1,1,1993,21,17,6,18,19,27,25,15,17,14
40326,1,1,1993,0,0,0,0,0,0,0,0,0,0
40326,2,1,1993,0,0,0,0,0,0,0,0,0,0
40327,1,1,1993,0,0,0,0,0,0,0,4,0,0
40327,2,1,1993,0,0,0,0,0,0,0,0,0,0
40328,1,1,1993,0,0,0,0,0,0,0,0,0,0
40328,2,1,1993,16,7,22,23,22,15,6,13,12,7
40329,1,1,1993,32,32,32,32,32,32,32,32,32,32
40329,2,1,1993,0,0,0,0,0,0,0,0,0,18
40330,0,1,1993,22,22,22,22,22,22,22,22,22,22
40330,1,1,1993,8,8,0,0,0,0,0,0,15,11
40331,1,1,1993,0,0,14,0,0,0,0,0,0,0
40331,2,1,1993,0,0,0,0,0,0,0,0,0,0
40332,1,1,1993,0,0,0,0,0,0,0,0,0,0
40333,1,1,1993,16,24,31,22,26,17,12,11,18,30
40334,1,1,1993,0,0,0,0,0,0,0,0,0,0
40335,1,1,1993,20,20,20,20,20,20,20,20,20,20
40336,1,1,1993,15,13,17,24,36,5,20,13,25,16
40336,2,1,1993,0,0,0,0,0,0,0,0,0,0
40336,3,1,1993,0,0,0,0,0,0,0,0,14,0
40337,1,1,1993,7,33,8,2,14,26,12,3,34,17
40337,2,1,1993,13,0,0,0,0,0,0,0,0,0
40337,3,1,1993,0,0,0,0,0,0,0,0,0,0
40338,1,1,1993,29,29,29,29,29,29,29,29,29,29
40338,2,1,1993,11,0,11,0,0,0,0,21,0,0
40338,3,1,1993,0,0,0,0,0,2,0,0,0,0
40339,1,1,1993,0,0,0,0,0,0,0,0,0,0
40340,0,1,1993,0,0,0,0,0,0,0,0,0,0
40340,0,2,1993,0,0,0,0,0,0,0,0,0,0
40340,0,3,1993,0,0,0,0,0,0,0,0,0,0
40340,0,4,1993,0,0,0,21,45,13,25,6,7,16
40340,1,1,1993,0,0,0,0,0,0,0,0,0,0
40340,2,1,1993,0,0,0,0,0,0,0,0,0,0
40341,1,1,1993,0,0,0,0,0,0,0,0,0,0
40341,2,1,1993,0,0,0,0,0,0,0,0,0,0
40341,3,1,1993,0,0,0,0,0,0,0,4,0,0
40342,0,1,1993,0,0,0,0,0,0,0,0,0,0
40342,1,1,1993,0,0,12,0,0,0,0,0,0,0
40343,1,1,1993,0,0,0,0,0,0,0,0,0,0
40343,2,1,1993,0,0,0,0,0,0,0,0,0,0
40344,1,1,1993,19,0,0,0,0,0,0,0,12,0
40345,0,1,1993,25,37,0,24,0,0,24,30,28,21
40345,1,1,1993,0,0,0,0,0,0,0,0,10,0
40346,0,1,1993,36,21,32,24,31,40,6,22,26,34
40346,1,1,1993,0,0,0,0,0,0,0,0,0,0
40347,1,1,1993,13,16,0,5,13,0,0,23,13,20
40348,1,1,1993,20,20,20,20,20,20,20,20,20,20
40349,1,1,1993,0,0,6,0,0,0,0,0,0,0
40350,1,1,1993,16,16,16,16,16,16,16,16,16,16
40351,1,1,1993,0,0,0,0,0,0,0,0,0,0
40351,2,1,1993,0,0,0,0,0,0,0,0,0,0
40352,0,3,1993,26,13,32,0,9,0,0,0,0,23
40352,1,1,1993,0,0,0,0,0,0,0,0,0,0
40353,1,1,1993,17,17,17,17,17,17,17,17,17,17
40354,1,1,1993,0,0,0,0,0,0,0,0,0,15
40354,2,1,1993,0,0,0,0,0,0,0,0,0,0
40355,0,1,1993,0,0,0,0,0,0,0,0,0,0
40355,0,2,1993,0,0,0,0,0,28,0,0,0,0
40355,1,1,1993,0,0,0,0,0,0,0,0,0,0
40356,1,1,1993,0,0,0,0,0,0,0,0,0,0
40356,2,1,1993,0,0,0,0,0,0,0,0,0,0
40356,3,1,1993,0,0,0,0,0,0,0,0,0,0
40357,1,1,1993,17,13,17,11,19,21,39,15,31,26
40358,1,1,1993,0,10,24,9,6,13,0,0,0,0
40358,2,1,1993,0,0,0,0,0,0,0,0,0,0
40358,3,1,1993,0,0,0,0,0,0,0,0,0,0
40359,1,1,1993,35,18,0,4,16,17,11,16,6,0
40359,2,1,1993,0,0,0,0,0,0,0,0,0,0
40360,0,1,1993,2,0,6,17,0,0,0,12,0,0
40360,1,1,1993,0,0,18,13,4,0,0,17,0,0
40361,0,1,1993,15,15,15,15,15,15,15,15,15,15
40361,1,1,1993,0,0,0,0,0,0,0,0,0,0
40362,1,1,1993,0,14,10,7,11,13,18,0,14,8
40363,1,1,1993,0,0,0,10,0,0,0,0,0,0
40363,2,1,1993,0,0,18,0,0,0,0,0,0,0
40364,0,1,1993,0,0,20,31,16,0,24,24,22,23
40364,0,2,1993,0,0,13,0,0,11,0,14,0,11
40364,0,3,1993,0,31,0,30,21,0,29,0,0,0
40364,1,1,1993,18,18,18,18,18,18,18,18,18,18
40365,1,1,1993,6,9,9,2,13,0,10,9,5,9
40365,2,1,1993,5,3,4,25,8,8,0,0,15,7
40366,1,1,1993,27,3,36,0,8,6,7,16,7,5
40367,1,1,1993,23,14,12,11,0,20,0,19,30,15
40367,2,1,1993,0,0,0,0,0,0,0,0,0,0
40368,1,1,1993,14,25,15,40,38,21,30,19,5,23
40369,0,1,1993,8,18,18,19,24,21,25,15,18,0
40369,0,2,1993,0,17,0,18,8,36,20,0,17,23
40369,1,1,1993,15,25,7,21,23,30,11,7,0,6
40370,1,1,1993,0,0,0,0,0,0,0,0,0,36
40370,2,1,1993,0,0,0,16,0,0,0,0,0,0
40371,0,1,1993,0,0,0,0,0,0,0,0,0,35
40371,1,1,1993,0,19,0,0,0,0,0,0,10,0
40372,1,1,1993,11,12,31,8,0,12,36,17,0,0
40373,1,1,1993,17,7,22,20,3,13,15,17,3,7
40374,1,1,1993,0,31,0,0,0,20,25,0,0,27
40376,1,1,1993,0,0,0,0,0,8,0,0,0,0
40377,1,1,1993,0,0,0,0,0,0,0,4,0,0
40378,0,1,1993,30,30,30,30,30,30,30,30,30,30
40378,1,1,1993,17,15,4,12,2,19,18,14,17,23
40379,1,1,1993,4,4,4,4,4,4,4,4,4,4
40380,1,1,1993,10,10,10,10,10,10,10,10,10,10
40381,1,1,1993,17,17,17,17,17,17,17,17,17,17
40382,1,1,1993,0,0,0,0,0,0,0,0,0,0
40383,1,1,1993,17,17,17,17,17,17,17,17,17,17
40384,1,1,1993,9,17,18,9,4,13,14,25,0,24
40385,1,1,1993,14,0,13,24,14,36,33,19,17,20
40386,0,1,1993,26,26,26,26,26,26,26,26,26,26
40386,1,1,1993,0,0,24,0,0,0,0,0,7,20
40387,1,1,1993,0,0,0,0,0,0,0,0,0,0
40387,2,1,1993,0,0,0,0,0,0,0,0,0,22
40388,1,1,1993,0,0,0,0,0,0,0,0,0,0
40388,2,1,1993,0,18,0,0,0,0,0,0,0,0
40389,0,1,1993,8,10,13,16,28,20,16,15,16,0
40389,1,1,1993,0,0,0,0,0,0,0,0,0,0
40390,0,1,1993,0,0,0,0,12,0,31,0,0,0
40390,1,1,1993,0,0,0,0,0,0,0,0,0,0
40391,0,1,1993,29,29,29,29,29,29,29,29,29,29
40391,1,1,1993,0,0,0,0,0,0,0,0,0,0
40391,2,1,1993,0,0,0,0,0,0,0,0,0,0
40392,1,1,1993,0,0,0,0,0,0,0,0,0,0
40393,0,1,1993,0,0,0,0,0,0,0,0,0,0
40393,1,1,1993,0,0,0,0,0,0,0,0,0,0
40394,1,1,1993,0,0,0,0,0,0,0,0,0,0
40394,2,1,1993,0,0,0,0,0,0,0,0,0,0
40395,0,1,1993,0,0,0,30,0,13,0,0,0,0
40395,1,1,1993,0,0,0,0,0,0,0,0,0,0
40396,0,1,1993,0,0,20,18,21,0,14,0,0,0
40396,1,1,1993,0,0,0,0,0,0,0,0,0,4
40397,1,1,1993,30,0,6,0,15,10,11,0,4,14
40398,1,1,1993,23,9,22,0,0,0,0,0,13,6
40398,2,1,1993,0,0,0,0,0,0,0,0,15,0
40399,1,1,1993,0,0,0,13,16,38,0,0,0,14
40400,1,1,1993,0,8,0,0,0,0,0,0,0,0
40401,0,1,1993,0,0,0,0,22,0,0,0,0,30
40401,1,1,1993,0,0,0,0,0,0,0,0,0,0
40401,2,1,1993,0,0,0,0,0,0,0,20,0,0
40402,1,1,1993,16,27,15,0,15,0,35,18,14,22
40403,1,1,1993,22,22,22,22,22,22,22,22,22,22
40403,2,1,1993,0,0,0,0,0,0,0,0,0,0
40404,1,1,1993,0,0,0,0,0,0,0,0,0,0
40405,1,1,1993,0,10,0,0,0,0,0,0,0,0
40406,0,1,1993,0,0,0,0,0,0,0,0,0,0
40406,1,1,1993,0,0,0,0,0,0,0,0,0,0
40407,1,1,1993,0,0,0,0,0,0,0,0,0,0
40408,1,1,1993,0,0,0,0,0,0,0,5,0,14
40408,2,1,1993,11,0,0,0,0,0,0,16,12,0
40408,3,1,1993,0,0,0,0,0,0,0,0,0,0
40408,4,1,1993,0,0,0,0,0,0,0,0,0,0
40409,1,1,1993,18,8,33,20,6,13,5,0,9,12
40409,2,1,1993,0,0,0,0,0,0,0,0,0,0
40410,1,1,1993,0,0,0,0,0,0,0,0,0,0
40411,1,1,1993,0,0,0,0,0,0,0,0,0,0
40411,2,1,1993,0,0,0,0,0,0,0,0,0,0
40412,1,1,1993,0,0,0,0,0,0,0,0,0,0
40413,1,1,1993,0,7,0,0,0,0,0,0,0,0
40413,2,1,1993,0,0,0,0,0,0,0,0,0,0
40413,3,1,1993,0,0,0,0,0,0,0,0,0,0
40413,4,1,1993,0,0,0,0,0,0,0,0,0,0
40414,1,1,1993,0,0,0,0,0,0,0,0,0,0
40414,2,1,1993,0,0,0,0,0,0,0,0,0,0
40415,1,1,1993,16,16,16,16,16,16,16,16,16,16
40416,1,1,1993,27,0,0,0,0,25,26,0,0,0
40417,1,1,1993,33,33,33,33,33,33,33,33,33,33
40418,1,1,1993,0,0,0,0,0,0,0,0,0,0
40418,2,1,1993,0,0,0,0,0,0,0,0,0,0
40419,1,1,1993,18,18,18,18,18,18,18,18,18,18
40420,1,1,1993,34,23,32,12,18,11,28,27,13,11
40420,2,1,1993,4,20,0,0,12,0,17,0,0,7
40421,1,1,1993,5,0,11,3,14,0,0,7,0,0
40421,2,1,1993,0,0,0,0,0,0,0,0,0,0
40422,1,1,1993,16,11,31,12,34,9,18,11,0,16
40423,1,1,1993,0,0,0,0,0,0,13,0,0,0
40424,1,1,1993,0,0,0,0,0,0,0,0,0,0
40425,1,1,1993,25,18,15,0,0,25,25,12,19,2
40426,1,1,1993,0,31,0,15,0,5,9,0,17,0
40427,1,1,1993,0,0,0,0,0,0,0,0,0,0
40427,2,1,1993,0,0,0,2,0,0,0,0,0,0
40427,3,1,1993,0,0,0,0,0,0,0,0,0,0
40428,1,1,1993,25,19,17,19,0,36,8,13,19,15
40429,1,1,1993,18,0,0,0,0,6,0,0,0,17
40430,1,1,1993,18,4,16,15,9,10,7,12,0,7
40431,1,1,1993,0,0,0,0,0,0,0,0,0,0
40431,2,1,1993,20,8,15,6,0,30,7,20,20,24
40432,1,1,1993,0,0,0,0,0,0,0,0,0,0
40432,2,1,1993,0,0,0,0,0,0,0,0,0,0
40432,3,1,1993,0,0,0,0,0,0,0,0,0,0
40433,1,1,1993,0,0,0,25,0,0,0,0,0,0
40433,2,1,1993,0,0,0,0,0,0,0,0,0,0
40434,0,1,1993,0,0,27,0,0,0,0,0,0,0
40434,1,1,1993,0,0,0,0,0,0,0,0,0,0
40435,1,1,1993,23,3,19,17,20,28,30,12,7,27
40436,1,1,1993,0,0,0,0,0,0,0,0,0,0
40437,1,1,1993,10,15,22,8,8,17,13,12,0,22
40438,1,1,1993,0,0,0,0,0,0,0,0,0,0
40438,2,1,1993,14,14,14,14,14,14,14,14,14,14
40439,1,1,1993,16,0,0,0,14,0,0,0,0,0
40440,1,1,1993,14,0,0,0,0,13,0,0,20,0
40442,1,1,1993,10,0,11,19,43,8,10,14,2,32
40443,1,1,1993,0,0,0,0,0,0,0,0,0,0