ST_CASE,VEH_NO,PER_NO,YEAR,P1,P2,P3,P4,P5,P6,P7,P8,P9,P10
40444,1,1,1993,0,0,0,0,0,0,0,0,0,0
40445,0,1,1993,0,0,12,23,17,12,22,10,16,14
40445,1,1,1993,0,0,0,0,0,0,0,0,0,0
40446,1,1,1993,19,19,19,19,19,19,19,19,19,19
40447,1,1,1993,0,31,25,17,13,16,23,23,19,24
40448,0,1,1993,0,0,0,0,0,0,0,0,0,0
40448,1,1,1993,0,0,0,0,0,0,0,0,0,0
40449,1,1,1993,0,0,0,0,0,0,0,0,0,0
40449,2,1,1993,0,0,0,0,0,0,0,0,0,0
40450,1,1,1993,29,29,29,29,29,29,29,29,29,29
40451,1,1,1993,0,0,0,0,0,0,0,0,0,0
40451,2,1,1993,0,0,0,0,0,0,0,0,0,0
40452,1,1,1993,29,41,26,23,13,8,24,0,25,0
40453,1,1,1993,21,0,0,0,0,0,0,0,20,0
40454,1,1,1993,0,0,4,0,0,0,0,0,0,36
40454,2,1,1993,7,10,16,0,10,14,28,0,6,9
40455,1,1,1993,0,0,0,24,0,0,0,0,0,0
40456,1,1,1993,0,0,0,0,0,0,0,0,0,0
40457,1,1,1993,0,0,0,4,10,5,0,0,0,0
40458,1,1,1993,15,13,0,11,8,10,11,11,17,9
40458,2,1,1993,0,0,0,0,0,0,0,23,0,0
40459,0,1,1993,39,39,39,39,39,39,39,39,39,39
40459,1,1,1993,0,0,0,0,0,0,0,0,0,0
40460,1,1,1993,0,0,0,0,0,0,0,0,17,0
40462,1,1,1993,0,0,0,0,0,0,0,0,0,0
40462,2,1,1993,21,21,21,21,21,21,21,21,21,21
40463,0,1,1993,23,8,13,0,32,6,39,36,18,29
40463,1,1,1993,0,0,0,0,0,0,0,0,0,0
40464,1,1,1993,0,0,0,0,0,0,0,0,0,0
40465,1,1,1993,0,0,0,0,0,0,0,0,0,0
40466,1,1,1993,0,0,0,0,0,0,0,0,0,0
40467,1,1,1993,20,20,20,20,20,20,20,20,20,20
40468,1,1,1993,0,0,0,0,0,0,0,17,0,0
40469,1,1,1993,0,0,0,0,0,3,0,0,0,0
40469,2,1,1993,0,13,0,0,0,0,0,0,0,14
40470,1,1,1993,0,0,3,7,0,0,0,12,0,9
40471,1,1,1993,0,0,0,0,0,0,0,15,0,0
40472,1,1,1993,0,14,0,0,21,0,0,0,5,0
40473,1,1,1993,5,4,21,7,16,12,14,0,21,20
40473,2,1,1993,0,0,0,0,0,0,0,0,0,0
40474,1,1,1993,0,0,0,0,0,0,0,0,0,0
40474,2,1,1993,17,0,0,0,0,0,0,0,0,0
40475,1,1,1993,0,0,0,0,0,0,0,0,0,0
40476,1,1,1993,25,25,25,25,25,25,25,25,25,25
40476,2,1,1993,22,22,22,22,22,22,22,22,22,22
40477,1,1,1993,0,15,0,0,0,0,6,0,23,0
40478,1,1,1993,0,0,0,17,22,0,0,0,0,0
40479,1,1,1993,9,25,0,0,22,0,2,9,19,4
40480,0,1,1993,19,19,19,19,19,19,19,19,19,19
40480,1,1,1993,0,0,0,0,0,0,0,0,0,0
40481,1,1,1993,22,22,22,22,22,22,22,22,22,22
40482,0,1,1993,0,0,0,0,0,0,0,0,0,0
40482,1,1,1993,0,0,0,0,0,0,0,0,0,0
40483,1,1,1993,0,0,0,0,0,0,0,0,0,0
40483,2,1,1993,0,0,0,0,0,0,0,0,0,0
40483,3,1,1993,0,0,0,0,0,0,0,0,0,0
40484,1,1,1993,0,0,0,0,0,0,0,0,0,0
40484,2,1,1993,0,0,0,0,12,0,0,0,0,0
40485,1,1,1993,0,0,0,0,0,0,0,0,0,0
40485,2,1,1993,0,0,0,0,0,0,13,0,0,0
40486,0,1,1993,0,0,0,0,0,0,0,0,0,0
40486,1,1,1993,0,0,0,0,0,0,0,0,0,0
40487,1,1,1993,0,0,0,0,0,0,0,0,0,0
40487,2,1,1993,25,0,0,0,0,0,0,0,0,0
40489,1,1,1993,19,19,19,19,19,19,19,19,19,19
40489,2,1,1993,0,0,0,0,0,0,0,0,0,0
40490,1,1,1993,0,0,0,0,0,0,0,10,0,0
40491,0,1,1993,0,0,0,0,0,0,0,0,0,0
40491,0,2,1993,0,19,0,22,32,11,0,0,0,31
40491,1,1,1993,19,0,0,0,0,0,0,0,0,0
40492,1,1,1993,0,0,0,0,0,0,0,0,0,0
40492,2,1,1993,0,0,0,0,0,0,0,0,0,0
40493,0,1,1993,15,15,15,15,15,15,15,15,15,15
40493,1,1,1993,3,3,3,3,3,3,3,3,3,3
40494,0,1,1993,0,0,0,0,0,0,0,0,0,0
40494,1,1,1993,23,14,21,27,11,12,11,0,18,10
40495,1,1,1993,0,10,0,23,0,0,0,0,0,0
40495,2,1,1993,0,0,0,0,0,0,0,0,0,0
40497,0,1,1993,17,17,17,17,17,17,17,17,17,17
40497,1,1,1993,23,0,0,0,0,0,0,19,5,0
40498,0,1,1993,0,8,0,0,0,0,0,0,0,0
40498,1,1,1993,12,4,14,20,18,10,11,25,0,0
40499,1,1,1993,0,25,30,0,0,0,0,0,0,0
40500,0,1,1993,31,31,31,31,31,31,31,31,31,31
40500,1,1,1993,5,8,6,4,14,11,6,8,12,7
40501,1,1,1993,9,10,6,16,14,0,4,13,10,4
40502,1,1,1993,20,10,20,31,10,11,14,9,17,23
40503,1,1,1993,18,18,18,18,18,18,18,18,18,18
40504,1,1,1993,23,26,0,12,14,14,11,24,10,17
40504,2,1,1993,29,29,29,29,29,29,29,29,29,29
40505,1,1,1993,0,0,0,0,0,0,0,0,0,0
40505,2,1,1993,1,1,1,1,1,1,1,1,1,1
40506,1,1,1993,15,7,0,15,0,7,0,20,13,0
40507,1,1,1993,0,0,0,0,0,0,0,0,0,0
40508,1,1,1993,0,0,0,0,0,0,0,5,0,0
40508,2,1,1993,0,0,0,0,0,0,0,0,0,0
40508,3,1,1993,0,0,0,0,0,0,0,0,0,0
40508,4,1,1993,0,0,0,0,0,0,0,0,0,0
40509,1,1,1993,0,0,0,0,0,7,0,0,0,0
40509,2,1,1993,0,0,0,0,0,0,0,0,0,0
40510,1,1,1993,0,0,0,0,0,0,0,0,0,0
40510,2,1,1993,0,0,0,0,0,0,0,0,0,0
40511,1,1,1993,0,0,0,0,0,0,0,0,0,0
40511,2,1,1993,0,0,0,0,0,0,0,0,0,0
40512,1,1,1993,0,0,0,0,0,0,0,0,0,0
40512,2,1,1993,0,0,0,0,0,0,0,0,0,0
40513,0,1,1993,24,24,24,24,24,24,24,24,24,24
40513,1,1,1993,0,0,0,0,0,0,0,0,0,0
40514,1,1,1993,0,0,0,0,0,0,0,0,0,0
40514,2,1,1993,0,0,0,0,0,0,0,0,0,0
40515,0,1,1993,0,0,0,0,0,0,0,0,0,0
40515,0,2,1993,0,6,0,0,15,13,0,0,0,0
40515,0,3,1993,0,0,0,0,0,0,0,0,0,0
40515,1,1,1993,0,0,0,0,0,0,0,0,0,0
40516,1,1,1993,0,0,0,0,0,0,0,0,0,0
40516,2,1,1993,0,0,0,0,0,0,0,0,0,0
40517,1,1,1993,0,0,0,0,0,0,0,0,0,0
40517,2,1,1993,0,0,0,0,0,0,0,0,0,0
40517,3,1,1993,0,0,0,0,0,0,0,0,0,0
40518,1,1,1993,0,0,0,0,0,12,0,0,0,0
40518,2,1,1993,0,0,0,0,0,0,0,0,0,0
40518,3,1,1993,0,0,0,0,0,0,0,0,0,0
40518,4,1,1993,0,0,0,0,0,0,0,0,0,0
40518,5,1,1993,0,0,0,0,0,0,0,0,0,0
40519,1,1,1993,13,12,10,23,17,15,22,10,14,11
40519,2,1,1993,0,20,0,0,0,0,0,0,0,0
40520,1,1,1993,0,0,0,0,0,0,0,0,0,0
40520,2,1,1993,5,5,5,5,5,5,5,5,5,5
40520,3,1,1993,0,0,0,0,0,0,0,0,0,0
40521,1,1,1993,0,0,0,0,0,0,0,0,0,0
40521,2,1,1993,0,0,0,0,0,0,0,0,0,0
40523,1,1,1993,0,0,0,0,0,0,0,0,0,0
40523,2,1,1993,0,0,0,0,0,0,0,0,0,0
40524,1,1,1993,0,0,0,0,0,0,0,0,0,0
40524,2,1,1993,0,0,0,0,0,0,0,0,0,0
40525,1,1,1993,8,27,8,6,15,12,22,20,6,2
40525,2,1,1993,0,18,16,0,0,0,24,14,0,0
40526,1,1,1993,0,0,0,0,0,0,0,0,0,0
40527,1,1,1993,0,0,0,0,11,0,0,0,0,0
40527,2,1,1993,0,0,7,0,0,15,0,0,0,0
40527,3,1,1993,0,0,0,0,0,0,0,0,0,0
40528,1,1,1993,0,0,0,0,0,0,0,0,0,0
40528,2,1,1993,0,0,0,0,0,0,0,0,0,0
40529,1,1,1993,15,15,15,15,15,15,15,15,15,15
40529,2,1,1993,0,0,0,0,0,0,11,0,0,0
40530,1,1,1993,0,0,0,0,0,0,13,0,0,0
40531,1,1,1993,0,0,0,0,0,0,0,0,0,0
40531,2,1,1993,0,0,0,0,0,0,0,0,0,0
40532,1,1,1993,0,0,0,0,0,0,0,0,0,0
40534,0,1,1993,34,34,34,34,34,34,34,34,34,34
40534,1,1,1993,14,18,5,5,0,0,11,0,0,11
40535,1,1,1993,0,9,0,0,0,9,0,0,0,0
40536,0,1,1993,0,0,0,0,0,0,0,0,0,0
40536,1,1,1993,0,0,0,0,0,0,0,13,0,9
40537,0,1,1993,0,19,0,0,26,7,35,0,0,9
40538,1,3,1993,14,0,7,0,0,0,0,0,12,0
40539,1,1,1993,0,0,0,0,0,0,0,0,0,0
40540,1,1,1993,0,0,0,0,0,0,0,0,0,0
40540,2,1,1993,0,0,0,0,0,0,0,0,0,0
40541,1,1,1993,0,0,25,15,0,0,0,0,0,0
40542,1,1,1993,24,35,0,0,15,16,30,18,29,28
40543,1,1,1993,10,10,10,10,10,10,10,10,10,10
40543,2,1,1993,0,0,0,0,0,0,0,0,0,0
40544,1,1,1993,13,0,9,14,16,13,6,0,10,0
40545,1,1,1993,23,23,23,23,23,23,23,23,23,23
40546,1,1,1993,0,0,0,0,0,0,0,0,0,0
40546,2,1,1993,0,0,0,0,0,0,0,0,0,0
40546,3,1,1993,0,0,0,0,0,0,0,0,0,0
40546,4,1,1993,0,0,0,0,0,0,0,0,0,0
40547,0,1,1993,0,0,0,0,0,22,0,19,0,28
40547,1,1,1993,0,0,0,0,0,0,0,0,0,0
40548,1,1,1993,14,10,28,0,21,19,19,13,16,3
40548,2,1,1993,14,19,0,6,9,17,8,15,0,15
40549,0,1,1993,0,0,0,0,0,0,0,0,0,0
40549,1,1,1993,0,0,0,0,0,0,0,0,0,0
40550,1,1,1993,0,0,0,0,0,0,0,0,0,0
40551,0,1,1993,0,0,0,0,0,0,0,0,0,0
40551,0,2,1993,0,0,0,0,0,0,0,0,0,0
40551,1,1,1993,0,0,0,0,0,4,0,0,0,0
40552,0,1,1993,25,25,25,25,25,25,25,25,25,25
40552,1,1,1993,0,0,0,0,0,19,0,0,0,0
40553,1,1,1993,19,19,19,19,19,19,19,19,19,19
40554,0,1,1993,0,11,5,0,0,0,0,0,0,23
40555,0,1,1993,0,0,0,0,0,0,0,0,0,0
40555,1,1,1993,0,0,0,17,0,0,0,0,0,0
40556,1,1,1993,9,9,12,13,10,11,15,37,9,18
40556,2,1,1993,36,36,26,35,33,14,0,21,29,8
40557,1,1,1993,8,8,8,8,8,8,8,8,8,8
40557,2,1,1993,0,0,0,0,0,0,0,0,0,0
40558,0,1,1993,13,0,24,20,7,16,17,14,42,16
40558,1,1,1993,10,0,0,0,0,0,0,0,0,0
40558,2,1,1993,0,0,0,0,0,0,0,0,0,0
40559,1,1,1993,30,30,30,30,30,30,30,30,30,30
40559,2,1,1993,0,0,0,0,0,0,0,0,0,0
40560,1,1,1993,19,20,0,21,23,15,36,0,9,27
40561,0,1,1993,0,0,0,0,0,0,0,0,0,0
40562,1,1,1993,0,0,0,0,0,0,0,0,0,0
40562,2,1,1993,0,0,0,0,0,0,0,0,0,0
40563,1,1,1993,0,0,0,0,0,0,0,0,0,0
40563,2,1,1993,0,0,0,0,0,0,0,0,0,0
40564,0,1,1993,29,29,29,29,29,29,29,29,29,29
40564,1,1,1993,0,0,0,0,0,6,0,0,0,0
40565,1,1,1993,13,21,23,15,20,4,14,0,23,13
40565,2,1,1993,0,0,0,0,0,0,0,0,0,0
40565,3,1,1993,0,0,0,0,0,0,0,0,0,0
40565,4,1,1993,0,0,0,0,0,0,0,0,0,0
40566,1,1,1993,10,10,10,10,10,10,10,10,10,10
40566,2,1,1993,0,0,0,0,0,0,0,0,0,0
40568,1,1,1993,0,0,0,0,0,0,0,0,0,0
40569,0,1,1993,0,0,0,0,0,0,0,0,0,0
40569,1,1,1993,0,0,0,0,0,0,0,0,0,0
40570,1,1,1993,9,8,39,29,7,25,22,21,19,17
40571,1,1,1993,18,18,18,18,18,18,18,18,18,18
40572,1,1,1993,24,24,24,24,24,24,24,24,24,24
40573,0,1,1993,0,0,0,0,0,0,0,0,0,0
40573,1,1,1993,0,0,0,0,0,0,0,0,0,0
40573,2,1,1993,0,0,0,0,0,0,0,0,0,0
40575,1,1,1993,0,0,0,0,0,0,0,0,0,0
40576,1,1,1993,0,0,0,0,0,0,6,0,0,0
40576,2,1,1993,4,4,4,4,4,4,4,4,4,4
40576,3,1,1993,0,0,0,0,0,0,0,0,0,0
40577,0,1,1993,0,0,0,0,0,0,0,0,0,0
40577,0,2,1993,0,21,0,0,0,33,13,0,0,0
40577,1,1,1993,0,0,0,0,0,0,0,7,12,0
40578,1,1,1993,0,0,0,0,0,0,0,0,0,0
40578,2,1,1993,0,0,0,0,0,0,0,0,0,0
40578,3,1,1993,0,0,0,0,0,0,0,0,0,0
40579,0,1,1993,19,0,0,0,0,0,0,0,0,17
40579,1,1,1993,0,0,0,0,0,0,0,0,0,0
40580,1,1,1993,36,36,36,36,36,36,36,36,36,36
40580,2,1,1993,0,0,0,0,0,0,0,0,0,0
40581,1,1,1993,0,13,0,0,0,0,12,0,0,0
40583,1,1,1993,0,0,0,0,0,0,0,0,0,0
40584,0,1,1993,0,0,0,0,0,0,0,0,0,0
40584,1,1,1993,0,0,0,0,0,0,0,0,0,0
40585,1,1,1993,0,0,0,13,0,0,0,0,0,0
40586,1,1,1993,0,0,0,0,6,0,0,0,0,0
40587,0,1,1993,16,9,11,13,25,35,6,16,31,7
40587,1,1,1993,18,7,13,0,0,24,0,0,0,0
40588,1,1,1993,22,0,0,0,10,0,24,0,6,17
40589,1,1,1993,0,0,0,0,0,0,0,0,0,0
40589,2,1,1993,13,0,0,0,0,14,0,0,0,0
40590,0,1,1993,0,0,0,0,0,0,0,45,0,0
40590,1,1,1993,0,0,0,0,0,0,0,0,0,0
40591,0,1,1993,0,0,0,0,0,0,0,0,0,0
40591,1,1,1993,0,0,0,0,0,0,0,0,0,0
40592,0,1,1993,14,19,8,13,11,20,51,13,16,10
40592,1,1,1993,0,0,0,0,0,0,0,0,0,0
40592,2,1,1993,0,0,0,2,0,0,19,0,0,23
40592,3,1,1993,0,0,0,0,0,0,0,0,0,0
40593,1,1,1993,17,17,17,17,17,17,17,17,17,17
40594,1,1,1993,14,14,14,14,14,14,14,14,14,14
40595,1,1,1993,23,23,23,23,23,23,23,23,23,23
40595,2,1,1993,0,0,0,0,0,0,0,0,0,0
40596,1,1,1993,0,0,7,0,5,5,10,0,0,0
40596,2,1,1993,0,0,0,0,0,0,0,0,0,0
40597,1,1,1993,0,16,25,9,0,12,16,18,4,15
40598,1,1,1993,21,9,16,17,7,18,10,5,12,16
40598,2,1,1993,0,0,0,0,0,0,0,0,0,0
40599,1,1,1993,17,17,17,17,17,17,17,17,17,17
40600,1,1,1993,0,0,0,0,0,0,0,0,0,0
40600,2,1,1993,0,0,0,0,0,0,0,0,18,0
40601,1,1,1993,0,0,0,0,0,0,0,0,0,0
40601,2,1,1993,0,0,0,0,0,0,0,0,0,0
40602,1,1,1993,22,22,22,22,22,22,22,22,22,22
40603,1,1,1993,0,0,0,0,0,0,0,0,0,0
40603,2,1,1993,0,0,0,0,15,0,0,16,0,0
40604,0,1,1993,0,0,0,0,0,0,0,0,0,0
40604,1,1,1993,0,0,0,0,0,0,0,0,0,0
40605,1,1,1993,0,0,0,0,0,0,0,0,0,0
40607,1,1,1993,0,0,0,0,0,0,0,0,0,0
40607,2,1,1993,6,6,6,6,6,6,6,6,6,6
40608,1,1,1993,0,0,0,0,0,0,0,0,0,0
40608,2,1,1993,0,0,0,0,0,0,0,0,0,0
40608,3,1,1993,0,0,0,0,0,0,0,0,0,0
40609,1,1,1993,0,0,0,0,0,0,0,0,0,0
40609,2,1,1993,0,0,0,0,0,0,0,0,0,0
40610,0,1,1993,17,17,26,27,21,9,15,26,30,39
40610,1,1,1993,0,0,0,0,0,0,0,0,0,0
40611,1,1,1993,0,0,0,0,0,0,0,0,0,0
40611,2,1,1993,17,17,17,17,17,17,17,17,17,17
40612,1,1,1993,30,30,30,30,30,30,30,30,30,30
40614,0,1,1993,0,0,0,0,0,0,0,0,11,0
40614,0,2,1993,23,0,37,0,21,0,15,0,0,32
40614,1,1,1993,0,0,0,0,0,0,0,0,0,0
40615,1,1,1993,24,24,24,24,24,24,24,24,24,24
40615,2,1,1993,0,0,0,0,0,0,0,0,0,0
40616,1,1,1993,26,17,17,24,19,23,22,18,14,27
40617,1,1,1993,0,0,0,0,0,0,0,0,0,0
40618,1,1,1993,6,22,20,15,16,8,13,27,32,24
40619,0,1,1993,0,0,0,0,0,0,0,26,0,0
40619,0,2,1993,0,0,35,19,0,4,0,0,32,0
40619,0,3,1993,0,0,0,0,0,0,0,0,0,0
40619,0,4,1993,0,0,0,0,0,0,0,0,0,0
40619,1,1,1993,0,0,0,0,0,0,0,0,0,0
40620,1,1,1993,7,0,19,16,17,13,0,7,22,0
40621,0,1,1993,0,0,0,0,0,0,0,0,0,0
40621,1,1,1993,0,0,0,0,0,0,0,0,0,0
40622,1,1,1993,0,0,0,0,0,0,0,0,0,0
40622,2,1,1993,19,18,0,0,25,0,0,0,0,10
40623,1,1,1993,0,0,0,0,0,0,0,0,0,0
40623,2,1,1993,0,0,0,0,0,0,0,0,0,0
40624,0,1,1993,0,0,0,0,0,0,0,0,0,0
40624,1,1,1993,0,0,0,0,0,0,0,0,0,0
40625,1,1,1993,0,0,0,0,0,0,0,0,0,0
40626,0,1,1993,0,0,0,0,0,0,0,0,0,0
40626,1,1,1993,0,14,0,0,0,0,0,0,16,0
40627,1,1,1993,0,0,0,0,0,0,0,0,0,0
40627,2,1,1993,0,0,0,0,0,0,0,0,0,0
40628,1,1,1993,0,0,0,0,0,0,0,0,0,0
40628,2,1,1993,0,0,0,0,0,0,0,0,0,0
40628,3,1,1993,0,0,0,0,0,0,0,0,0,0
40629,1,1,1993,0,0,8,0,0,0,0,0,0,0
40629,2,1,1993,0,0,0,0,0,0,0,0,0,0
40630,0,1,1993,0,0,0,0,0,0,0,0,0,0
40630,0,2,1993,0,28,0,24,0,0,0,24,20,0
40630,1,1,1993,0,0,0,0,0,0,0,0,0,0
40631,1,1,1993,0,9,0,0,15,10,13,0,0,0
40631,2,1,1993,23,0,0,9,0,16,0,0,0,0
40632,0,1,1993,0,0,0,0,0,0,0,0,0,0
40632,1,1,1993,0,0,0,0,0,0,0,0,0,0
40633,1,1,1993,28,8,18,12,23,16,26,13,31,30
40633,2,1,1993,0,0,0,0,0,0,0,0,0,0
40634,0,1,1993,9,9,9,9,9,9,9,9,9,9
40634,1,1,1993,0,0,0,0,0,0,0,0,0,0
40635,1,1,1993,0,0,0,0,0,0,0,0,0,0
40635,2,1,1993,0,0,0,0,0,0,0,11,0,0
40636,0,1,1993,28,28,28,28,28,28,28,28,28,28
40636,1,1,1993,0,8,0,0,9,0,0,10,0,10
40637,1,1,1993,0,0,0,0,0,0,0,0,0,0
40638,1,1,1993,0,0,0,0,0,0,0,0,0,0
40638,2,1,1993,8,0,0,0,0,0,0,0,0,0
40639,1,1,1993,0,32,0,28,23,26,0,24,24,25
40640,1,1,1993,3,11,18,1,6,3,11,9,7,17
40641,0,1,1993,2,2,2,2,2,2,2,2,2,2
40641,1,1,1993,0,0,0,0,0,0,0,0,0,0
40642,0,1,1993,0,0,0,0,0,0,0,0,0,0
40642,1,1,1993,0,0,0,0,0,0,0,0,0,0
40643,1,1,1993,0,0,0,0,0,0,0,0,0,0
40644,1,1,1993,16,28,36,7,17,11,15,24,18,43
40645,1,1,1993,0,11,8,15,16,11,17,20,12,18
40645,2,1,1993,0,0,0,0,0,0,0,0,0,0
40645,3,1,1993,0,0,0,0,0,0,0,0,0,0
40646,1,1,1993,0,0,5,0,0,0,0,0,0,11
40646,2,1,1993,0,0,0,0,0,0,0,0,0,0
40646,3,1,1993,0,0,0,0,0,0,0,0,0,0
40647,1,1,1993,0,0,0,0,0,0,0,15,0,0
40648,1,1,1993,0,0,22,5,27,0,0,29,7,0
40649,1,1,1993,0,0,0,0,0,0,0,0,0,0
40649,2,1,1993,13,13,13,13,13,13,13,13,13,13
40651,0,1,1993,0,0,0,0,0,0,0,0,0,0
40651,1,1,1993,0,0,0,0,0,0,0,0,0,0
40652,1,1,1993,0,0,0,0,6,0,16,0,0,0
40653,1,1,1993,13,13,17,10,4,0,14,14,7,13
40653,2,1,1993,0,0,0,0,0,19,0,10,0,19
40654,1,1,1993,0,12,16,0,0,0,18,12,6,14
40655,1,1,1993,14,11,20,0,20,0,21,7,19,12
40656,1,1,1993,14,10,0,13,15,14,8,0,27,28
40657,0,1,1993,10,0,0,14,0,0,0,0,0,0
40657,1,1,1993,0,10,0,8,0,0,0,0,0,0
40658,0,1,1993,24,47,20,41,25,34,0,5,25,11
40658,1,1,1993,9,9,9,9,9,9,9,9,9,9
40659,0,1,1993,0,0,0,0,0,0,0,0,0,0
40659,1,1,1993,0,0,0,0,0,0,0,0,0,0
40660,1,1,1993,0,0,0,0,0,0,0,0,0,0
40660,2,1,1993,0,0,0,0,0,0,0,0,0,0
40661,0,1,1993,31,28,34,11,19,11,22,20,48,0
40661,1,1,1993,0,0,0,0,0,0,0,0,0,0
40662,1,1,1993,23,23,23,23,23,23,23,23,23,23
40663,1,1,1993,18,0,0,0,0,0,0,0,0,0
40663,2,1,1993,0,0,9,0,0,0,0,0,12,0
40664,1,1,1993,22,23,29,45,17,10,23,19,26,10
40666,1,1,1993,6,6,6,6,6,6,6,6,6,6
40666,2,1,1993,0,0,0,0,0,14,0,0,0,0
40667,1,1,1993,0,0,0,0,0,0,0,0,0,0
40668,1,1,1993,0,0,0,0,0,0,0,0,0,0
40668,2,1,1993,0,0,0,0,0,0,0,0,0,0
40669,1,1,1993,11,11,11,11,11,11,11,11,11,11
40670,1,1,1993,0,0,0,0,0,0,0,0,0,0
40671,1,1,1993,15,26,3,22,24,24,23,7,14,27
40671,2,1,1993,0,0,0,0,0,0,0,0,0,0
40672,1,1,1993,0,0,0,0,0,0,0,15,0,0
40672,2,1,1993,0,0,0,0,0,0,0,0,0,0
40673,0,1,1993,17,0,17,6,19,0,28,0,0,0
40673,1,1,1993,17,0,0,0,19,0,0,0,0,0
40674,1,1,1993,10,10,10,10,10,10,10,10,10,10
40674,2,1,1993,0,0,15,8,20,12,0,0,0,0
40674,3,1,1993,9,0,38,0,0,0,0,0,0,0
40675,1,1,1993,28,28,28,28,28,28,28,28,28,28
40675,2,1,1993,2,2,2,2,2,2,2,2,2,2
40676,1,1,1993,16,16,16,16,16,16,16,16,16,16
40677,1,1,1993,0,0,20,0,0,0,0,0,0,0
40678,1,1,1993,13,13,13,13,13,13,13,13,13,13
40679,1,1,1993,0,0,0,0,0,0,0,0,0,0
40680,0,1,1993,0,0,0,0,0,0,0,0,0,0
40680,1,1,1993,0,0,0,0,0,0,0,0,0,0
40681,1,1,1993,0,0,0,0,0,0,0,0,0,0
40681,2,1,1993,0,0,0,0,0,0,0,0,0,0
40683,1,1,1993,13,8,0,12,25,0,10,0,0,0
40684,1,1,1993,19,19,19,19,19,19,19,19,19,19
40686,0,1,1993,0,0,0,0,0,0,0,0,0,0
40686,1,1,1993,0,0,0,0,0,0,0,0,0,0
40687,1,1,1993,0,0,0,0,0,0,0,0,0,0
40687,2,1,1993,0,0,0,0,0,0,0,0,0,0
40688,1,1,1993,35,35,35,35,35,35,35,35,35,35
40689,1,1,1993,0,0,0,0,0,0,0,0,0,0
40689,2,1,1993,0,0,0,0,0,0,0,0,0,0
40690,1,1,1993,12,12,12,12,12,12,12,12,12,12
40691,1,1,1993,23,23,23,23,23,23,23,23,23,23
40691,2,1,1993,0,0,0,0,0,0,0,0,0,17
40692,0,1,1993,22,4,30,28,11,23,14,34,33,17
40692,1,1,1993,18,0,17,0,4,0,0,17,9,0
40693,1,1,1993,10,26,15,0,0,0,0,0,0,14
40694,1,1,1993,26,26,26,26,26,26,26,26,26,26
40695,1,1,1993,24,8,19,15,19,12,14,9,8,7
40695,2,1,1993,0,0,0,0,0,0,0,0,0,0
40696,1,1,1993,0,0,6,0,0,9,0,0,0,0
40696,2,1,1993,0,0,0,0,0,0,0,0,0,0
40696,3,1,1993,0,0,0,0,0,0,0,0,0,0
40697,1,1,1993,0,0,0,0,0,6,0,0,0,0
40698,1,1,1993,25,0,0,9,0,0,0,0,0,0
40699,1,1,1993,22,22,22,22,22,22,22,22,22,22
40699,2,1,1993,0,0,0,0,0,0,0,0,0,0
40700,1,1,1993,0,0,0,0,0,0,0,0,0,0
40700,2,1,1993,0,0,0,0,0,0,0,0,0,0
40701,1,1,1993,15,25,18,6,7,22,15,23,2,0
40702,1,1,1993,23,9,22,16,7,16,20,5,14,10
40702,2,1,1993,19,9,0,5,0,0,0,11,0,10
40703,1,1,1993,0,0,0,0,0,0,22,0,0,0
40703,2,1,1993,0,0,0,0,0,0,0,0,0,0
40704,1,1,1993,0,0,0,0,0,0,0,0,0,0
40704,2,1,1993,0,0,0,0,0,0,0,0,0,0
40704,3,1,1993,0,0,0,0,0,0,0,0,0,0
40705,1,1,1993,13,0,0,0,0,9,0,0,0,0
40705,2,1,1993,0,0,0,8,0,0,0,0,0,4
40706,0,1,1993,14,10,19,27,24,24,23,15,0,0
40706,1,1,1993,0,0,22,21,0,0,0,0,19,0
40706,2,1,1993,0,12,0,5,0,0,0,0,0,0
40707,1,1,1993,0,0,25,0,17,0,0,6,11,9
40708,1,1,1993,0,0,0,0,0,0,0,0,0,0
40708,2,1,1993,0,0,0,0,0,0,0,0,0,0
40708,3,1,1993,0,0,0,0,0,0,0,0,0,0
40708,4,1,1993,0,0,0,0,0,0,0,0,0,0
40709,1,1,1993,0,0,0,0,0,0,0,0,0,0
40709,2,1,1993,0,0,0,0,0,0,0,0,0,0
40709,3,1,1993,0,0,0,0,0,0,0,0,0,0
40710,0,1,1993,0,5,17,20,26,0,3,34,11,30
40710,1,1,1993,0,0,0,0,0,0,0,0,0,0
40711,1,1,1993,0,0,0,0,0,0,0,0,0,0
40711,2,1,1993,0,0,0,0,0,0,0,0,0,0
40712,1,1,1993,0,0,0,0,0,0,0,0,0,0
40712,2,1,1993,0,0,0,0,0,0,0,0,0,0
40713,1,1,1993,0,0,0,0,0,0,0,0,0,0
40713,2,1,1993,0,0,0,0,0,0,0,0,0,0
40714,1,1,1993,0,0,0,0,0,0,0,0,0,0
40714,2,1,1993,0,0,0,0,0,0,0,0,0,0
40714,3,1,1993,0,0,0,0,0,0,14,0,0,0
40715,1,1,1993,20,20,20,20,20,20,20,20,20,20
40716,0,1,1993,0,42,15,20,21,21,18,28,17,15
40716,1,1,1993,3,4,12,9,15,5,13,16,0,3
40719,1,1,1993,0,0,16,5,0,0,4,19,7,0
40721,1,1,1993,12,12,30,12,12,6,9,20,17,9
40722,0,1,1993,24,17,23,12,0,29,15,20,12,2
40722,1,1,1993,9,0,15,21,15,0,19,0,8,8
40723,1,1,1993,0,27,11,0,0,0,0,0,19,0
40724,1,1,1993,0,0,0,0,0,0,30,0,0,0
40726,1,1,1993,0,0,0,0,0,0,0,0,0,0
40726,2,1,1993,10,0,0,0,29,0,0,0,0,0
40727,1,1,1993,0,0,0,0,0,0,0,0,0,20
40727,2,1,1993,0,0,0,0,0,0,0,0,0,0
40727,3,1,1993,0,0,0,0,0,0,0,0,0,0
40727,4,1,1993,0,0,0,0,0,0,0,0,0,0
40728,0,1,1993,16,0,25,22,0,0,23,0,0,0