ST_CASE,VEH_NO,PER_NO,YEAR,P1,P2,P3,P4,P5,P6,P7,P8,P9,P10
40728,1,1,1993,13,6,0,0,0,0,0,8,0,0
40729,1,2,1993,0,0,0,9,0,41,29,19,10,0
40730,1,1,1993,16,0,0,0,0,0,0,0,0,0
40731,1,1,1993,0,0,0,0,0,0,0,0,0,0
50001,1,1,1993,0,0,0,0,0,0,0,0,0,0
50001,2,1,1993,0,0,0,0,0,0,0,0,0,0
50001,3,1,1993,0,0,0,0,0,0,0,0,0,0
50002,1,1,1993,15,15,15,15,15,15,15,15,15,15
50003,1,1,1993,0,0,0,0,0,0,0,0,0,0
50003,2,1,1993,0,0,0,0,0,0,0,0,0,0
50004,1,1,1993,0,0,0,0,0,0,0,0,0,0
50004,2,1,1993,0,0,0,0,0,0,0,0,0,0
50005,1,1,1993,0,23,25,0,0,8,30,0,0,10
50006,1,1,1993,17,17,17,17,17,17,17,17,17,17
50007,1,1,1993,2,2,2,2,2,2,2,2,2,2
50007,2,1,1993,0,0,0,0,0,0,0,0,0,0
50008,1,1,1993,0,0,0,0,0,0,0,0,0,0
50009,0,1,1993,29,34,0,0,41,0,0,0,0,28
50009,1,1,1993,22,22,22,22,22,22,22,22,22,22
50010,1,1,1993,21,21,21,21,21,21,21,21,21,21
50010,2,1,1993,0,0,0,0,0,0,0,0,0,0
50010,3,1,1993,0,0,0,0,0,0,0,0,0,0
50011,1,1,1993,20,20,20,20,20,20,20,20,20,20
50011,2,1,1993,4,4,4,4,4,4,4,4,4,4
50012,1,1,1993,7,7,7,7,7,7,7,7,7,7
50013,1,1,1993,14,14,14,14,14,14,14,14,14,14
50014,1,1,1993,0,0,0,0,0,0,0,0,0,0
50014,2,1,1993,0,0,0,0,0,0,0,0,0,0
50015,0,1,1993,0,0,0,0,0,0,0,0,0,0
50015,2,1,1993,0,17,0,0,0,0,0,0,0,0
50016,1,1,1993,24,24,24,24,24,24,24,24,24,24
50017,1,1,1993,0,0,0,0,0,0,0,0,0,0
50018,1,1,1993,0,0,0,0,0,0,0,0,0,0
50019,1,1,1993,0,0,0,0,0,0,0,0,0,0
50020,1,1,1993,2,2,2,2,2,2,2,2,2,2
50021,1,1,1993,0,0,0,0,0,0,0,0,0,0
50021,2,1,1993,2,2,2,2,2,2,2,2,2,2
50021,3,1,1993,0,0,0,0,0,0,0,0,0,0
50022,1,1,1993,0,0,0,0,0,0,0,0,0,0
50023,1,1,1993,13,13,13,13,13,13,13,13,13,13
50024,1,1,1993,0,0,0,0,0,0,0,0,0,0
50025,1,1,1993,0,0,0,0,0,0,0,0,0,0
50025,2,1,1993,0,0,0,0,0,0,0,0,0,0
50026,0,1,1993,11,11,11,11,11,11,11,11,11,11
50026,1,1,1993,0,0,0,0,0,33,0,0,0,0
50027,1,1,1993,0,0,13,0,0,0,0,0,0,5
50027,2,1,1993,0,0,4,0,0,0,0,0,0,0
50028,1,1,1993,0,0,0,0,0,0,0,0,0,0
50029,1,1,1993,29,29,29,29,29,29,29,29,29,29
50031,1,1,1993,10,10,10,10,10,10,10,10,10,10
50032,1,1,1993,0,0,0,0,0,0,0,0,0,0
50032,2,1,1993,0,0,0,0,0,0,0,0,0,0
50033,1,1,1993,0,0,0,0,0,0,0,0,0,0
50033,2,1,1993,0,0,0,0,0,0,0,0,0,0
50034,1,1,1993,0,0,0,0,0,0,0,0,0,0
50034,2,1,1993,0,0,0,0,0,0,0,0,0,0
50035,1,1,1993,0,0,0,0,0,0,0,0,0,0
50035,2,1,1993,0,0,0,9,0,0,0,0,0,0
50036,0,1,1993,0,0,0,0,0,0,0,0,0,0
50036,1,1,1993,0,0,0,0,0,0,0,0,0,0
50037,1,1,1993,0,0,0,0,0,0,0,0,0,0
50037,2,1,1993,0,0,0,0,0,0,0,0,0,0
50037,3,1,1993,0,0,0,0,0,0,0,0,0,0
50037,4,1,1993,0,0,0,0,0,0,0,0,0,0
50038,1,1,1993,0,0,0,0,0,0,0,0,0,0
50039,1,1,1993,1,1,1,1,1,1,1,1,1,1
50039,2,1,1993,0,0,0,0,0,0,0,0,0,0
50040,1,1,1993,23,23,23,23,23,23,23,23,23,23
50040,2,1,1993,18,18,18,18,18,18,18,18,18,18
50041,1,1,1993,24,24,24,24,24,24,24,24,24,24
50042,1,1,1993,0,0,0,0,0,0,0,0,0,0
50042,2,1,1993,0,0,0,0,0,0,0,0,0,0
50043,1,1,1993,0,0,0,0,0,0,0,0,0,0
50044,1,1,1993,0,0,0,0,0,0,0,0,0,0
50044,2,1,1993,0,0,0,0,0,0,0,0,0,0
50044,3,1,1993,0,0,0,0,0,0,0,0,0,0
50044,4,1,1993,0,0,0,0,0,0,0,0,0,0
50045,1,1,1993,0,0,0,0,0,0,0,0,0,0
50046,0,1,1993,0,0,0,0,0,0,0,0,0,0
50046,1,1,1993,0,0,0,0,0,0,0,0,0,0
50047,1,1,1993,11,11,11,11,11,11,11,11,11,11
50049,1,1,1993,0,0,0,0,0,0,0,0,0,0
50049,2,1,1993,0,0,0,0,0,0,0,0,0,0
50050,1,1,1993,0,0,0,0,0,0,0,0,0,0
50050,2,1,1993,0,0,0,0,0,0,0,0,0,0
50051,1,1,1993,0,0,15,10,0,0,0,0,0,0
50052,1,1,1993,0,0,0,0,0,0,0,0,0,0
50052,2,1,1993,0,0,0,0,0,0,0,0,0,0
50053,1,1,1993,0,0,0,0,0,0,0,0,0,0
50053,2,1,1993,0,0,0,0,0,0,0,0,0,0
50054,1,1,1993,0,0,0,0,0,0,0,0,0,0
50054,2,1,1993,0,0,0,0,0,0,0,0,0,0
50055,1,1,1993,0,0,0,0,0,0,0,0,0,0
50056,1,1,1993,0,0,0,0,0,0,0,0,0,0
50056,2,1,1993,18,18,18,18,18,18,18,18,18,18
50057,1,1,1993,0,7,0,0,0,0,0,0,0,0
50058,1,1,1993,0,12,0,0,0,0,0,7,25,0
50059,1,1,1993,0,0,0,0,0,0,0,0,0,0
50059,2,1,1993,0,0,0,0,0,0,0,0,0,0
50060,1,1,1993,0,0,0,0,9,0,0,0,0,0
50060,2,1,1993,0,0,0,0,0,0,0,0,0,0
50061,1,1,1993,0,0,0,0,0,0,0,0,0,0
50062,1,1,1993,0,0,0,0,0,0,0,0,0,0
50062,2,1,1993,0,0,0,0,0,0,0,0,0,0
50063,1,1,1993,0,0,0,0,0,0,0,0,0,0
50063,2,1,1993,22,22,22,22,22,22,22,22,22,22
50064,1,1,1993,0,0,0,0,0,0,0,0,0,0
50064,2,1,1993,0,0,0,0,0,0,0,0,0,0
50065,1,1,1993,17,17,17,17,17,17,17,17,17,17
50065,2,1,1993,0,0,0,0,0,0,0,0,0,0
50066,1,1,1993,11,11,11,11,11,11,11,11,11,11
50067,1,1,1993,13,13,13,13,13,13,13,13,13,13
50068,1,1,1993,28,28,28,28,28,28,28,28,28,28
50068,2,1,1993,0,0,0,0,27,0,0,0,0,0
50068,3,1,1993,0,0,0,0,0,0,0,0,0,0
50068,4,1,1993,0,0,0,0,0,0,0,0,0,0
50069,1,1,1993,0,0,0,0,0,0,0,0,0,0
50069,2,1,1993,0,0,0,0,0,0,0,0,18,0
50070,1,1,1993,29,29,29,29,29,29,29,29,29,29
50071,1,1,1993,0,0,0,0,0,0,0,0,0,0
50071,2,1,1993,0,0,0,0,0,0,0,0,0,0
50071,3,1,1993,0,0,0,5,0,0,0,0,0,0
50072,0,1,1993,32,32,32,32,32,32,32,32,32,32
50072,1,1,1993,0,0,0,0,0,0,0,0,0,0
50073,1,1,1993,0,0,0,0,0,0,0,0,0,0
50073,2,1,1993,0,0,0,0,0,0,0,0,0,0
50073,3,1,1993,0,0,0,0,0,0,0,0,0,0
50074,1,1,1993,28,28,28,28,28,28,28,28,28,28
50075,1,1,1993,0,0,0,0,0,0,0,0,0,12
50075,2,1,1993,0,0,0,0,0,0,0,0,0,0
50075,3,1,1993,0,0,0,0,13,0,0,0,0,0
50076,0,1,1993,0,0,0,0,0,0,0,0,0,0
50076,1,1,1993,0,0,0,0,0,0,0,0,0,0
50077,1,1,1993,0,0,0,0,7,0,0,0,0,0
50078,1,1,1993,0,0,0,0,0,0,0,0,0,0
50078,2,1,1993,0,0,0,0,0,0,0,0,0,0
50079,1,1,1993,0,0,0,0,0,0,0,0,0,0
50079,2,1,1993,0,0,0,0,0,0,0,0,0,0
50080,1,1,1993,0,0,0,0,0,0,0,0,0,0
50081,1,1,1993,6,6,6,6,6,6,6,6,6,6
50082,1,1,1993,0,0,0,0,0,0,0,0,0,0
50083,1,1,1993,0,0,0,0,0,0,0,0,0,0
50084,1,1,1993,0,0,0,0,0,0,0,0,0,0
50085,1,1,1993,22,22,22,22,22,22,22,22,22,22
50086,1,1,1993,0,0,0,0,0,0,0,0,0,0
50087,1,1,1993,15,15,15,15,15,15,15,15,15,15
50087,2,1,1993,0,0,0,0,0,0,0,0,0,0
50088,1,1,1993,0,0,0,0,0,0,0,0,0,0
50089,1,1,1993,0,0,0,0,0,0,0,0,0,0
50090,1,1,1993,12,12,12,12,12,12,12,12,12,12
50090,2,1,1993,0,0,0,0,8,0,0,0,0,0
50091,1,1,1993,20,20,20,20,20,20,20,20,20,20
50092,1,1,1993,0,0,0,0,0,0,0,0,0,0
50092,2,1,1993,0,0,0,0,0,0,0,0,0,0
50093,0,1,1993,35,35,35,35,35,35,35,35,35,35
50093,1,1,1993,0,0,0,0,0,0,0,0,0,0
50094,1,1,1993,0,0,0,0,0,0,0,0,0,0
50095,1,1,1993,0,0,0,0,0,0,0,0,0,0
50096,1,1,1993,15,15,15,15,15,15,15,15,15,15
50097,1,1,1993,28,17,28,5,26,14,18,14,25,34
50098,1,1,1993,23,23,23,23,23,23,23,23,23,23
50099,1,1,1993,28,28,28,28,28,28,28,28,28,28
50100,1,1,1993,11,11,11,11,11,11,11,11,11,11
50101,1,1,1993,22,22,22,22,22,22,22,22,22,22
50102,1,1,1993,0,0,9,0,0,28,0,0,16,2
50103,1,1,1993,0,0,0,0,0,0,0,0,16,0
50103,2,1,1993,0,0,0,0,0,0,0,0,0,0
50103,3,1,1993,0,0,0,0,0,0,0,0,0,0
50104,1,1,1993,13,0,0,10,0,0,0,0,26,0
50105,1,1,1993,13,13,13,13,13,13,13,13,13,13
50105,2,1,1993,0,0,0,0,0,0,0,0,4,0
50105,3,1,1993,0,0,0,0,0,0,0,0,0,0
50106,1,1,1993,12,12,12,12,12,12,12,12,12,12
50106,2,1,1993,0,0,0,0,0,0,0,0,0,0
50107,1,1,1993,0,0,0,0,0,0,0,0,0,0
50107,2,1,1993,0,0,0,0,0,0,0,0,0,0
50108,1,1,1993,0,0,0,0,0,0,0,0,0,0
50108,2,1,1993,0,0,0,0,0,0,0,0,0,0
50109,1,1,1993,0,0,0,0,0,0,0,0,0,0
50109,2,1,1993,13,13,13,13,13,13,13,13,13,13
50110,1,1,1993,1,1,1,1,1,1,1,1,1,1
50110,2,1,1993,0,0,0,0,0,0,0,0,0,0
50111,1,1,1993,0,0,0,0,0,0,0,0,0,0
50111,2,1,1993,0,0,0,0,0,0,0,0,0,0
50112,1,1,1993,12,12,12,12,12,12,12,12,12,12
50113,1,1,1993,12,0,0,0,12,20,0,0,12,0
50114,1,1,1993,0,0,0,0,0,0,0,0,0,0
50114,2,1,1993,0,0,0,0,0,0,0,0,0,0
50114,3,1,1993,0,0,0,0,0,0,0,0,0,0
50115,1,1,1993,0,0,0,0,0,0,0,0,0,0
50115,2,1,1993,0,0,0,0,0,0,0,0,0,0
50116,1,1,1993,14,14,14,14,14,14,14,14,14,14
50117,1,1,1993,0,0,0,0,0,0,0,0,0,0
50118,1,1,1993,0,0,0,0,0,0,0,0,0,0
50118,2,1,1993,0,0,0,0,0,0,0,0,0,0
50119,1,1,1993,14,14,14,14,14,14,14,14,14,14
50120,1,1,1993,14,12,23,12,28,21,19,5,21,7
50120,2,1,1993,0,0,0,0,0,0,0,0,0,0
50121,1,1,1993,0,0,0,0,0,0,0,0,0,0
50122,1,1,1993,37,37,37,37,37,37,37,37,37,37
50122,2,1,1993,1,1,1,1,1,1,1,1,1,1
50122,3,1,1993,0,0,0,0,0,0,0,0,0,0
50123,1,1,1993,0,0,0,0,0,0,0,0,0,0
50124,1,1,1993,8,8,8,8,8,8,8,8,8,8
50124,2,1,1993,19,19,19,19,19,19,19,19,19,19
50125,1,1,1993,0,0,0,0,0,0,0,0,0,0
50126,1,1,1993,0,0,0,0,0,0,8,0,0,0
50127,1,1,1993,13,13,13,13,13,13,13,13,13,13
50128,1,1,1993,0,0,0,0,0,0,0,0,0,0
50129,1,1,1993,0,0,0,0,0,0,0,0,0,0
50130,1,1,1993,29,29,29,29,29,29,29,29,29,29
50131,1,1,1993,0,0,0,0,0,0,0,0,0,0
50131,2,1,1993,8,8,8,8,8,8,8,8,8,8
50131,3,1,1993,0,0,0,0,0,0,0,0,0,0
50132,1,1,1993,0,0,0,0,0,0,0,0,0,0
50132,2,1,1993,34,34,34,34,34,34,34,34,34,34
50133,1,1,1993,23,23,23,23,23,23,23,23,23,23
50134,0,1,1993,0,0,0,0,0,0,0,0,0,0
50134,0,2,1993,0,0,0,0,0,0,0,0,0,0
50134,1,1,1993,0,0,0,0,0,0,0,0,0,0
50135,1,1,1993,20,20,20,20,20,20,20,20,20,20
50136,1,1,1993,0,0,0,0,0,0,0,0,0,0
50137,1,1,1993,8,8,8,8,8,8,8,8,8,8
50138,0,1,1993,0,0,0,0,0,0,0,0,0,0
50138,1,1,1993,16,0,0,0,4,0,0,0,10,0
50139,1,1,1993,12,12,12,12,12,12,12,12,12,12
50140,1,1,1993,0,0,0,15,0,0,15,9,20,0
50141,1,1,1993,0,0,0,0,0,0,0,0,0,0
50141,2,1,1993,0,0,0,0,0,0,15,0,0,0
50142,1,1,1993,0,0,0,0,0,0,0,0,0,0
50142,2,1,1993,0,0,0,0,0,0,0,0,0,0
50142,3,1,1993,5,5,5,5,5,5,5,5,5,5
50143,1,1,1993,30,30,30,30,30,30,30,30,30,30
50144,1,1,1993,15,15,15,15,15,15,15,15,15,15
50145,1,1,1993,0,0,0,0,0,0,0,0,0,0
50145,2,1,1993,0,0,0,0,0,0,0,0,0,0
50146,1,1,1993,2,2,2,2,2,2,2,2,2,2
50147,1,1,1993,25,25,25,25,25,25,25,25,25,25
50148,1,1,1993,0,0,0,0,0,0,0,0,0,0
50148,2,1,1993,0,0,0,0,0,0,0,0,0,0
50149,1,1,1993,18,18,18,18,18,18,18,18,18,18
50150,1,1,1993,17,17,17,17,17,17,17,17,17,17
50152,1,1,1993,0,0,0,0,0,0,0,0,0,0
50153,1,1,1993,0,0,12,24,0,0,0,0,0,0
50153,2,1,1993,0,0,0,0,0,0,0,0,0,0
50154,1,1,1993,0,0,0,0,0,0,0,0,0,0
50154,2,1,1993,8,8,8,8,8,8,8,8,8,8
50155,1,1,1993,0,0,0,0,0,0,0,0,0,0
50155,2,1,1993,0,19,17,16,8,0,0,0,14,16
50156,1,1,1993,18,34,22,0,24,0,25,20,0,0
50157,1,1,1993,0,0,0,0,0,0,0,0,0,0
50157,2,1,1993,0,0,0,0,0,0,0,0,0,0
50158,1,1,1993,0,0,0,0,0,0,0,0,0,0
50158,2,1,1993,0,0,0,0,0,0,0,0,0,0
50159,1,1,1993,7,7,7,7,7,7,7,7,7,7
50160,1,1,1993,0,0,0,0,0,0,0,0,0,0
50161,1,1,1993,0,0,0,0,0,0,0,0,0,0
50161,2,1,1993,0,0,0,0,0,0,0,0,0,0
50162,1,1,1993,4,0,0,0,0,0,0,0,17,0
50163,1,1,1993,0,0,0,0,0,0,0,0,0,0
50163,2,1,1993,0,0,0,0,0,0,0,0,0,0
50164,1,1,1993,0,0,0,0,0,0,0,32,0,0
50165,1,1,1993,12,0,0,0,0,0,26,0,0,0
50165,2,1,1993,0,0,0,0,0,0,0,0,0,0
50166,1,1,1993,0,0,0,0,0,0,0,0,0,0
50167,1,1,1993,0,0,0,0,15,0,0,0,0,0
50168,1,1,1993,20,20,20,20,20,20,20,20,20,20
50170,1,1,1993,0,0,0,0,0,0,0,0,0,0
50171,1,1,1993,14,14,14,14,14,14,14,14,14,14
50172,1,1,1993,0,0,0,0,33,0,0,0,0,0
50173,1,1,1993,0,0,0,0,0,0,0,16,0,0
50173,2,1,1993,0,0,0,0,0,0,0,0,0,0
50174,1,1,1993,7,7,7,7,7,7,7,7,7,7
50175,1,1,1993,21,0,20,14,22,0,0,25,16,0
50176,1,1,1993,25,25,25,25,25,25,25,25,25,25
50177,1,1,1993,27,27,27,27,27,27,27,27,27,27
50178,1,1,1993,0,0,0,0,0,0,0,0,0,0
50179,1,1,1993,15,15,15,15,15,15,15,15,15,15
50180,1,1,1993,33,33,33,33,33,33,33,33,33,33
50180,2,1,1993,0,0,0,0,0,0,0,0,0,0
50181,1,1,1993,0,0,0,0,0,0,0,0,0,0
50182,0,1,1993,0,0,0,0,0,0,0,0,0,0
50182,1,1,1993,0,0,0,0,0,0,0,0,0,0
50183,1,1,1993,0,0,0,0,0,0,0,0,0,0
50184,1,1,1993,21,21,21,21,21,21,21,21,21,21
50185,1,1,1993,0,0,0,0,0,0,0,0,0,0
50186,1,1,1993,21,21,21,21,21,21,21,21,21,21
50187,1,1,1993,0,0,0,0,0,0,0,0,0,0
50187,2,1,1993,0,0,0,0,0,0,0,0,0,0
50188,1,1,1993,0,0,0,0,0,0,0,0,0,0
50188,2,1,1993,0,0,0,0,0,0,0,0,0,0
50189,1,1,1993,0,0,0,0,0,0,0,0,0,0
50189,2,1,1993,25,25,25,25,25,25,25,25,25,25
50189,3,1,1993,0,0,0,0,0,0,0,0,0,0
50190,1,1,1993,16,15,0,0,0,0,12,0,0,9
50190,2,1,1993,0,0,0,0,0,0,0,0,0,0
50191,1,1,1993,0,0,0,0,0,0,0,0,0,0
50191,2,1,1993,0,0,0,0,0,0,0,0,0,0
50192,1,1,1993,2,0,0,16,0,0,0,0,0,0
50193,1,1,1993,0,10,0,0,0,0,16,0,0,0
50194,1,1,1993,13,13,13,13,13,13,13,13,13,13
50195,1,1,1993,0,0,43,0,0,0,0,0,0,0
50195,2,1,1993,0,0,0,0,0,0,0,0,0,0
50196,1,1,1993,0,0,0,0,0,0,0,0,0,0
50196,2,1,1993,0,0,0,0,0,0,0,0,0,0
50197,1,1,1993,0,0,0,0,0,0,0,0,0,0
50197,2,1,1993,0,0,0,0,0,0,0,0,0,0
50198,0,1,1993,29,29,29,29,29,29,29,29,29,29
50198,1,1,1993,0,0,0,0,0,0,0,0,0,0
50199,0,1,1993,24,24,24,24,24,24,24,24,24,24
50199,1,1,1993,0,0,0,0,0,0,0,0,0,0
50200,1,1,1993,24,0,0,10,0,0,0,0,0,0
50201,1,1,1993,0,0,0,0,0,0,0,0,0,0
50201,2,1,1993,0,0,0,0,0,0,0,0,0,0
50202,1,1,1993,5,0,0,7,10,22,0,0,0,16
50203,1,1,1993,39,0,0,0,0,0,33,0,0,0
50204,1,1,1993,0,0,0,0,0,0,0,0,0,0
50204,2,1,1993,0,0,0,0,0,0,0,0,0,0
50205,1,1,1993,0,0,0,0,0,0,0,0,0,0
50206,1,1,1993,0,0,0,0,0,0,0,0,0,0
50207,1,1,1993,18,18,18,18,18,18,18,18,18,18
50208,1,1,1993,1,1,1,1,1,1,1,1,1,1
50209,1,1,1993,13,13,13,13,13,13,13,13,13,13
50210,1,1,1993,0,0,0,0,0,0,0,0,0,0
50210,2,1,1993,0,0,0,0,0,0,0,0,0,0
50211,1,1,1993,0,0,0,0,0,0,0,0,0,0
50211,2,1,1993,0,0,0,0,0,0,0,0,0,0
50212,1,1,1993,1,1,1,1,1,1,1,1,1,1
50213,1,1,1993,0,0,16,0,0,12,0,0,0,0
50213,2,1,1993,0,0,0,0,0,38,0,0,0,0
50214,1,1,1993,4,4,4,4,4,4,4,4,4,4
50214,2,1,1993,0,0,0,0,0,0,0,0,0,0
50215,0,1,1993,16,16,16,16,16,16,16,16,16,16
50215,1,1,1993,9,9,9,9,9,9,9,9,9,9
50216,0,1,1993,0,0,0,0,0,0,0,0,0,0
50216,0,2,1993,0,0,0,0,0,0,0,0,0,0
50216,1,1,1993,0,0,0,0,0,0,0,0,0,0
50217,1,1,1993,0,0,0,0,0,0,0,0,0,0
50217,2,1,1993,11,11,11,11,11,11,11,11,11,11
50218,0,1,1993,18,18,18,18,18,18,18,18,18,18
50218,1,1,1993,0,0,0,0,0,0,0,0,0,0
50219,0,1,1993,0,0,0,0,0,0,0,0,0,0
50219,1,1,1993,0,0,0,0,0,0,0,0,0,0
50220,1,1,1993,0,0,0,0,0,0,9,0,0,0
50221,1,1,1993,13,13,13,13,13,13,13,13,13,13
50221,2,1,1993,0,0,0,0,0,0,0,5,0,0
50222,1,1,1993,0,0,0,0,0,0,2,0,0,0
50222,2,1,1993,0,0,0,0,0,0,0,0,0,0
50223,1,1,1993,0,0,0,0,0,0,0,0,0,0
50223,2,1,1993,15,0,7,6,13,13,22,9,0,16
50224,1,1,1993,0,0,0,0,0,0,0,0,0,0
50224,2,1,1993,0,0,0,4,0,0,0,0,10,0
50225,1,1,1993,0,0,0,0,0,0,0,0,0,0
50226,1,1,1993,0,0,0,0,0,0,0,16,0,0
50226,2,1,1993,7,7,7,7,7,7,7,7,7,7
50227,1,1,1993,0,0,0,0,0,0,0,0,0,0
50227,2,1,1993,0,0,0,0,0,0,0,0,0,0
50228,1,1,1993,0,0,0,0,0,0,14,0,0,0
50229,1,1,1993,0,0,0,0,0,0,0,0,0,0
50229,2,1,1993,0,0,0,0,0,0,0,0,5,0
50230,1,1,1993,0,0,0,0,11,0,0,0,0,0
50231,1,1,1993,0,0,0,0,0,0,0,0,0,22
50232,1,1,1993,0,0,0,0,0,0,0,0,0,0
50232,2,1,1993,0,0,0,0,0,0,0,0,0,0
50233,1,1,1993,10,10,10,10,10,10,10,10,10,10
50234,1,1,1993,0,0,0,0,0,0,0,0,0,0
50234,2,1,1993,0,0,0,0,0,0,0,0,0,0
50235,1,1,1993,19,19,19,19,19,19,19,19,19,19
50235,2,1,1993,0,0,0,0,0,0,0,0,0,0
50236,1,1,1993,0,0,0,0,0,0,0,0,0,0
50236,2,1,1993,0,0,0,0,0,0,0,4,0,0
50237,0,1,1993,13,46,26,22,12,0,0,23,0,0
50237,1,1,1993,3,3,3,3,3,3,3,3,3,3
50238,1,1,1993,0,0,0,0,0,0,0,0,0,0
50238,2,1,1993,0,0,0,0,0,0,0,0,0,0
50239,1,1,1993,16,16,16,16,16,16,16,16,16,16
50240,1,1,1993,0,0,0,0,0,0,0,0,0,0
50240,2,1,1993,0,0,0,0,0,0,0,0,0,0
50241,1,1,1993,26,26,26,26,26,26,26,26,26,26
50241,2,1,1993,0,0,0,0,0,0,0,0,0,0
50242,1,1,1993,20,20,20,20,20,20,20,20,20,20
50243,1,1,1993,13,13,13,13,13,13,13,13,13,13
50244,1,1,1993,0,0,0,0,0,0,0,0,0,0
50244,2,1,1993,0,0,0,0,0,0,0,0,0,0
50245,1,1,1993,26,28,0,0,8,26,24,0,23,0
50246,1,1,1993,0,0,0,0,11,0,0,0,0,0
50247,1,1,1993,0,0,0,0,0,0,0,0,0,0
50248,1,1,1993,0,0,0,0,0,0,0,0,0,0
50248,2,1,1993,0,0,0,0,0,0,0,15,4,0
50249,1,1,1993,0,0,0,0,0,0,0,0,0,0
50250,1,1,1993,0,0,0,0,0,0,0,0,0,0
50251,1,1,1993,0,0,0,0,0,0,0,0,0,0
50251,2,1,1993,0,0,0,0,0,0,0,0,0,0
50252,1,1,1993,0,0,0,0,0,0,0,0,0,0
50253,1,1,1993,0,0,0,0,0,0,0,0,0,0
50253,2,1,1993,0,0,0,0,0,0,0,0,0,0
50254,1,1,1993,11,11,11,11,11,11,11,11,11,11
50255,1,1,1993,0,0,0,0,0,0,0,0,0,0
50256,1,1,1993,5,5,5,5,5,5,5,5,5,5
50257,1,1,1993,0,0,0,0,0,0,0,0,0,0
50257,2,1,1993,0,0,0,0,0,0,0,0,0,0
50257,3,1,1993,0,0,0,0,0,0,0,0,0,0
50258,1,1,1993,0,0,0,0,0,0,0,0,0,0
50258,2,1,1993,0,0,0,0,0,0,0,0,0,0
50259,1,1,1993,0,0,0,0,0,0,0,0,0,0
50259,2,1,1993,0,0,0,0,0,0,0,0,0,0
50259,3,1,1993,0,0,0,0,0,0,0,0,0,0
50260,1,1,1993,22,22,22,22,22,22,22,22,22,22
50261,1,1,1993,0,0,0,0,0,0,0,0,0,0
50261,2,1,1993,7,7,7,7,7,7,7,7,7,7
50262,1,1,1993,0,16,0,0,0,3,0,0,0,0
50263,1,1,1993,0,0,0,0,0,0,0,0,0,0
50263,2,1,1993,9,9,9,9,9,9,9,9,9,9
50264,1,1,1993,0,0,0,0,0,0,0,0,0,0
50265,1,1,1993,14,14,14,32,15,0,0,21,13,0
50266,1,1,1993,29,29,29,29,29,29,29,29,29,29
50267,1,1,1993,0,0,0,0,0,0,0,0,0,0
50267,2,1,1993,0,0,0,0,0,0,0,0,0,0
50268,1,1,1993,0,0,0,14,0,0,0,0,0,0
50269,1,1,1993,0,15,0,0,0,0,0,0,0,0
50269,2,1,1993,0,0,0,0,0,0,0,0,0,0
50271,1,1,1993,0,0,0,0,0,0,0,0,0,0
50272,1,1,1993,0,0,0,0,0,0,0,0,0,0
50272,2,1,1993,0,0,0,0,0,0,0,0,0,0
50273,1,1,1993,29,29,29,29,29,29,29,29,29,29
50274,1,1,1993,0,0,0,0,0,0,0,0,0,0
50275,1,1,1993,0,0,0,0,0,0,0,0,0,0
50276,1,1,1993,0,0,0,0,0,0,0,0,0,0
50276,2,1,1993,0,0,0,0,0,0,0,0,0,0
50277,1,1,1993,0,0,0,0,0,0,0,0,0,0
50277,2,1,1993,0,0,0,0,0,0,0,0,0,0
50278,1,1,1993,0,0,0,0,0,0,0,0,0,0
50278,2,1,1993,0,0,0,0,0,0,0,0,0,0
50279,1,1,1993,0,0,0,0,0,0,0,0,0,0
50280,1,1,1993,0,0,0,0,0,0,0,0,0,0
50281,1,1,1993,20,20,20,20,20,20,20,20,20,20
50282,0,1,1993,0,0,0,0,0,0,0,0,0,0
50282,1,1,1993,0,0,0,0,0,0,0,0,0,0
50283,1,1,1993,0,0,0,0,0,0,0,0,0,0
50284,1,1,1993,0,0,0,0,0,0,0,0,0,0
50284,2,1,1993,0,0,0,0,0,0,0,0,0,0
50285,0,1,1993,0,0,0,0,0,0,0,0,0,0
50285,1,1,1993,0,0,0,0,0,0,0,0,0,0
50286,1,1,1993,0,0,0,0,0,0,0,0,0,0
50286,2,1,1993,0,0,0,0,0,0,0,0,0,0
50287,1,1,1993,0,0,0,0,0,0,0,0,16,0
50287,2,1,1993,0,0,0,0,0,0,0,0,0,0
50288,1,1,1993,0,0,0,0,0,0,0,0,13,0
50288,2,1,1993,0,0,0,0,0,0,0,0,0,0
50289,1,1,1993,0,0,0,0,0,0,0,0,0,0
50290,0,1,1993,23,23,23,23,23,23,23,23,23,23
50290,1,1,1993,0,0,0,0,0,0,17,0,0,0
50291,1,1,1993,0,0,0,0,0,0,0,0,0,0
50291,2,1,1993,0,0,0,0,0,0,0,0,0,0
50292,1,1,1993,0,0,0,0,0,0,0,0,0,0
50293,1,1,1993,0,0,0,0,0,0,0,0,0,0
50294,1,1,1993,0,0,0,0,0,0,0,0,0,0
50295,1,1,1993,0,0,0,0,0,0,0,0,0,0
50295,2,1,1993,0,22,0,0,0,0,0,0,0,0
50296,1,1,1993,0,0,0,0,0,0,9,0,0,0
50297,1,1,1993,0,0,0,0,0,0,0,0,0,0
50297,2,1,1993,0,0,0,0,0,0,0,0,0,0
50298,0,1,1993,0,0,0,0,0,0,0,0,0,0
50298,1,1,1993,0,0,0,0,0,0,0,0,0,0
50299,1,1,1993,0,0,0,0,0,0,0,0,0,0
50299,2,1,1993,0,0,0,0,0,0,0,0,0,0
50300,1,1,1993,25,25,25,25,25,25,25,25,25,25
50300,2,1,1993,15,0,0,0,0,0,0,17,8,0
50301,1,1,1993,11,11,11,11,11,11,11,11,11,11
50302,1,1,1993,0,0,0,0,0,0,0,0,0,0
50303,1,1,1993,0,0,0,0,0,0,0,0,0,0
50304,1,1,1993,0,0,0,0,0,0,0,0,0,0
50304,2,1,1993,0,0,0,0,0,0,0,0,0,0
50305,1,1,1993,0,0,0,0,2,0,0,0,0,0
50305,2,1,1993,0,0,0,0,0,0,0,0,0,0
50306,1,1,1993,28,0,6,18,0,5,12,0,28,0