ST_CASE,VEH_NO,PER_NO,YEAR,P1,P2,P3,P4,P5,P6,P7,P8,P9,P10
50307,1,1,1993,6,6,6,6,6,6,6,6,6,6
50307,2,1,1993,0,0,0,0,0,0,0,0,0,0
50308,1,1,1993,0,0,0,0,0,0,0,0,0,0
50308,2,1,1993,0,0,0,0,0,13,0,0,0,0
50309,1,1,1993,0,0,0,0,0,0,0,0,0,0
50310,1,1,1993,18,18,18,18,18,18,18,18,18,18
50311,1,1,1993,0,0,0,0,0,0,0,0,0,0
50311,2,1,1993,0,0,0,0,0,0,0,0,0,0
50312,1,1,1993,0,0,0,0,0,0,0,0,0,0
50312,2,1,1993,0,0,0,0,0,0,0,0,0,0
50313,1,1,1993,0,0,0,0,0,0,0,0,0,0
50313,2,1,1993,0,0,0,0,0,0,0,0,0,0
50314,1,1,1993,14,14,14,14,14,14,14,14,14,14
50315,1,1,1993,9,9,9,9,9,9,9,9,9,9
50316,1,1,1993,0,0,0,0,0,0,0,9,0,16
50317,1,1,1993,18,0,0,0,0,0,0,0,0,16
50317,2,1,1993,13,13,13,13,13,13,13,13,13,13
50318,1,1,1993,15,0,20,0,0,0,17,20,0,0
50319,1,1,1993,23,23,23,23,23,23,23,23,23,23
50320,1,1,1993,0,0,0,0,0,0,0,0,0,0
50320,2,1,1993,0,0,0,0,0,0,0,0,0,0
50321,1,1,1993,0,20,10,11,21,22,0,0,0,10
50322,1,1,1993,0,0,0,0,0,0,0,0,0,0
50323,1,1,1993,0,0,0,0,0,0,0,0,0,0
50323,2,1,1993,0,0,0,0,0,0,0,0,0,0
50324,1,1,1993,0,0,0,20,20,0,0,0,0,0
50325,1,1,1993,0,0,0,0,0,0,0,0,0,0
50326,1,1,1993,0,0,0,0,16,0,0,0,0,0
50326,2,1,1993,9,19,9,8,13,9,21,13,2,8
50327,1,1,1993,0,0,0,0,0,0,0,0,0,0
50327,2,1,1993,0,0,0,0,0,0,0,0,0,0
50328,1,1,1993,0,0,0,0,0,0,0,0,0,0
50328,2,1,1993,0,0,0,0,0,0,0,0,0,0
50329,0,1,1993,0,0,0,0,0,0,9,15,0,26
50329,1,1,1993,29,29,29,29,29,29,29,29,29,29
50330,1,1,1993,11,0,16,9,4,18,0,18,0,17
50331,1,1,1993,5,5,5,5,5,5,5,5,5,5
50332,1,1,1993,0,0,0,0,0,0,0,0,0,0
50333,1,1,1993,0,23,20,14,0,0,16,0,0,0
50334,1,1,1993,0,0,0,0,0,0,0,0,0,0
50334,2,1,1993,0,0,0,0,0,0,0,0,0,0
50336,1,1,1993,0,23,19,0,0,0,8,0,0,0
50336,2,1,1993,0,0,4,0,0,0,0,6,0,0
50337,1,1,1993,1,1,1,1,1,1,1,1,1,1
50338,1,1,1993,0,15,7,0,0,0,13,28,0,0
50339,1,1,1993,15,15,15,15,15,15,15,15,15,15
50340,1,1,1993,0,0,0,0,0,0,0,9,0,0
50341,1,1,1993,26,33,20,24,26,18,22,33,17,8
50342,1,1,1993,0,0,0,0,0,0,0,0,0,0
50343,1,1,1993,0,0,0,0,0,0,0,0,0,0
50343,2,1,1993,0,0,0,0,0,0,0,0,0,0
50344,1,1,1993,0,0,0,0,0,0,0,0,0,0
50344,2,1,1993,0,0,0,0,0,0,0,0,0,0
50344,3,1,1993,0,0,0,0,0,0,0,0,0,0
50345,1,1,1993,0,24,0,0,0,0,0,0,0,0
50345,2,1,1993,0,0,0,0,0,0,0,15,26,0
50346,1,1,1993,30,30,30,30,30,30,30,30,30,30
50347,0,1,1993,0,0,0,0,0,0,0,0,0,0
50347,1,1,1993,0,0,0,0,0,0,0,0,0,0
50348,1,1,1993,0,0,0,0,0,0,0,0,0,0
50348,2,1,1993,0,0,0,0,0,0,0,0,0,0
50349,1,1,1993,0,0,0,0,0,0,0,0,0,0
50350,0,1,1993,0,0,0,0,0,0,0,0,0,0
50350,1,1,1993,0,0,0,0,0,0,0,0,0,0
50351,1,1,1993,0,0,0,0,0,0,0,0,0,0
50351,2,1,1993,0,0,0,0,0,0,0,0,0,0
50352,1,1,1993,0,0,0,0,0,0,0,0,0,0
50352,2,1,1993,0,0,0,0,0,0,0,0,0,0
50353,1,1,1993,0,0,9,12,14,0,0,0,29,0
50354,1,1,1993,0,25,0,0,0,0,0,0,0,0
50355,1,1,1993,0,0,0,0,0,0,0,0,0,0
50355,2,1,1993,40,40,40,40,40,40,40,40,40,40
50355,3,1,1993,0,0,0,0,0,0,0,0,0,0
50356,1,1,1993,0,0,0,0,0,0,0,0,0,0
50356,2,1,1993,12,12,12,12,12,12,12,12,12,12
50357,0,1,1993,0,0,0,0,0,0,0,0,0,0
50357,1,1,1993,0,0,0,0,0,0,0,0,0,0
50358,1,1,1993,12,7,12,0,0,4,16,22,0,16
50359,1,1,1993,18,18,18,18,18,18,18,18,18,18
50359,2,1,1993,14,0,0,0,0,0,0,0,0,0
50360,0,1,1993,15,0,0,0,0,0,0,0,6,0
50360,0,2,1993,0,0,0,0,0,0,0,0,0,0
50360,0,3,1993,0,0,0,0,0,0,0,0,0,0
50360,1,1,1993,0,0,0,0,0,0,0,0,0,0
50361,1,1,1993,16,14,0,0,16,0,16,14,16,0
50362,1,1,1993,6,0,0,0,22,10,0,16,24,0
50363,1,1,1993,12,0,0,0,0,0,0,0,11,18
50363,2,1,1993,0,0,0,0,0,0,0,0,0,0
50364,1,1,1993,0,0,0,0,0,0,0,0,0,0
50364,2,1,1993,0,35,25,0,0,0,0,0,0,0
50365,1,1,1993,0,0,0,0,0,0,0,0,0,0
50365,2,1,1993,0,0,0,0,0,0,0,0,0,0
50366,1,1,1993,0,0,0,0,0,0,0,0,0,0
50366,2,1,1993,0,0,0,0,0,0,0,0,0,0
50367,1,1,1993,0,0,0,0,0,0,0,0,0,0
50367,2,1,1993,0,0,0,0,0,0,0,0,0,0
50368,1,1,1993,0,0,0,0,0,0,0,0,0,0
50369,1,1,1993,0,0,0,0,0,0,0,0,0,0
50369,2,1,1993,0,0,0,0,0,0,0,0,0,0
50369,3,1,1993,0,0,0,0,0,0,0,0,0,0
50370,1,1,1993,0,0,0,0,0,0,0,0,0,0
50371,1,1,1993,0,0,0,0,0,0,0,0,0,0
50371,2,1,1993,21,21,21,21,21,21,21,21,21,21
50372,1,1,1993,3,3,3,3,3,3,3,3,3,3
50373,1,1,1993,0,0,0,0,0,0,0,0,0,0
50374,1,1,1993,0,0,0,0,0,0,0,0,0,0
50374,2,1,1993,3,3,3,3,3,3,3,3,3,3
50375,0,1,1993,15,0,0,0,4,0,3,0,0,18
50375,1,1,1993,0,0,0,0,0,0,0,0,0,0
50376,1,1,1993,0,0,0,0,0,0,0,0,0,0
50376,2,1,1993,16,16,16,16,16,16,16,16,16,16
50377,1,1,1993,0,0,0,0,0,0,0,0,0,0
50378,1,1,1993,0,0,0,0,0,0,0,0,0,0
50379,1,1,1993,16,16,16,16,16,16,16,16,16,16
50379,2,1,1993,0,0,0,0,0,0,0,0,0,0
50380,1,1,1993,0,0,0,0,0,0,0,0,0,0
50381,1,1,1993,0,0,0,0,0,0,0,0,0,0
50382,1,1,1993,0,23,26,28,0,0,19,0,1,20
50383,1,1,1993,0,0,0,6,0,0,0,0,0,0
50383,2,1,1993,0,0,0,0,0,0,0,0,0,0
50384,1,1,1993,0,0,0,0,0,0,0,0,0,0
50384,2,1,1993,0,0,0,0,17,0,0,0,0,0
50384,3,1,1993,0,0,0,0,0,0,0,0,0,0
50385,1,1,1993,0,0,0,0,0,0,0,6,0,0
50386,1,1,1993,18,18,18,18,18,18,18,18,18,18
50387,1,1,1993,0,0,0,0,0,0,0,0,0,0
50387,2,1,1993,0,0,0,0,0,0,0,0,0,0
50389,1,1,1993,0,0,0,0,0,0,0,0,0,0
50389,2,1,1993,0,0,0,0,0,0,0,0,0,0
50390,0,1,1993,0,0,0,0,0,0,0,0,0,0
50390,1,1,1993,0,0,0,0,0,0,0,0,0,0
50391,0,1,1993,2,2,2,2,2,2,2,2,2,2
50391,1,1,1993,0,0,5,0,0,0,9,0,0,0
50392,0,1,1993,0,0,0,0,0,0,0,0,0,0
50392,1,1,1993,0,0,0,0,0,0,0,0,0,0
50393,0,1,1993,5,0,0,0,33,9,0,0,0,0
50393,1,1,1993,13,13,13,13,13,13,13,13,13,13
50394,0,1,1993,17,20,0,0,0,0,38,0,25,29
50394,1,1,1993,0,0,0,0,0,0,0,0,0,0
50395,1,1,1993,0,0,0,0,0,0,0,0,0,0
50396,1,1,1993,0,0,0,0,0,0,0,0,0,0
50397,1,1,1993,0,0,0,0,0,0,0,0,0,0
50398,1,1,1993,15,15,15,15,15,15,15,15,15,15
50399,1,1,1993,0,0,0,0,0,12,0,0,0,0
50400,1,1,1993,0,0,0,0,0,0,0,0,17,0
50401,1,1,1993,0,0,0,0,0,0,0,0,0,0
50401,2,1,1993,0,0,0,0,0,3,0,0,0,0
50402,1,1,1993,11,11,11,11,11,11,11,11,11,11
50403,1,1,1993,0,0,0,0,0,17,0,0,0,0
50403,2,1,1993,0,0,3,0,0,0,0,0,0,14
50404,1,1,1993,0,0,0,0,0,0,0,0,0,0
50404,2,1,1993,0,0,0,0,0,0,0,0,0,0
50405,1,1,1993,0,0,0,0,0,0,0,0,0,0
50406,1,1,1993,0,0,0,0,0,0,0,0,0,0
50407,1,1,1993,0,0,0,0,0,0,0,0,0,0
50407,2,1,1993,0,0,0,0,0,0,0,0,0,0
50408,1,1,1993,0,0,0,0,0,0,0,0,0,11
50408,2,1,1993,0,0,0,0,0,0,0,0,0,0
50409,1,1,1993,15,0,13,36,10,0,0,10,18,17
50410,1,1,1993,25,25,25,25,25,25,25,25,25,25
50411,1,1,1993,0,0,0,0,0,0,0,0,0,0
50411,2,1,1993,0,0,0,0,0,0,0,0,0,0
50412,1,1,1993,17,17,17,17,17,17,17,17,17,17
50413,1,1,1993,13,0,0,0,0,0,0,0,0,0
50413,2,1,1993,9,0,0,0,0,6,0,0,0,0
50414,1,1,1993,0,0,0,0,13,0,0,0,0,0
50414,2,1,1993,0,0,0,0,0,0,0,0,0,0
50414,3,1,1993,0,0,0,0,0,0,0,0,0,0
50415,1,1,1993,0,0,0,0,0,0,0,0,0,0
50415,2,1,1993,0,0,5,0,0,0,0,0,13,0
50416,1,1,1993,0,0,21,15,0,0,0,9,0,0
50417,1,1,1993,0,0,0,16,0,0,10,0,0,0
50419,1,1,1993,0,0,0,0,0,0,0,0,0,0
50420,1,1,1993,24,24,24,24,24,24,24,24,24,24
50421,1,1,1993,0,0,0,0,0,0,0,0,0,0
50422,1,1,1993,33,33,33,33,33,33,33,33,33,33
50424,1,1,1993,0,0,0,0,0,0,0,0,0,0
50424,2,1,1993,0,0,0,0,0,0,0,0,0,0
50425,1,1,1993,9,9,9,9,9,9,9,9,9,9
50425,2,1,1993,0,0,0,0,0,0,0,0,0,0
50426,1,1,1993,0,0,0,0,0,0,0,0,0,0
50426,2,1,1993,27,27,27,27,27,27,27,27,27,27
50427,0,1,1993,0,0,0,0,0,0,0,0,0,0
50427,1,1,1993,0,0,0,0,0,0,0,0,0,0
50428,1,1,1993,40,40,40,40,40,40,40,40,40,40
50429,1,1,1993,0,0,0,0,0,0,0,0,0,0
50430,1,1,1993,0,0,0,0,0,0,0,0,0,0
50430,2,1,1993,0,0,0,0,0,0,0,0,0,0
50431,1,1,1993,0,0,0,0,0,0,0,0,0,0
50431,2,1,1993,0,0,0,0,0,0,0,0,0,0
50432,1,1,1993,0,0,0,0,0,0,0,0,0,0
50432,2,1,1993,0,0,0,0,0,0,0,0,0,0
50433,1,1,1993,0,0,0,0,0,0,0,0,0,0
50433,2,1,1993,0,0,0,0,0,0,0,0,0,0
50433,3,1,1993,0,0,0,0,0,0,0,3,0,0
50434,1,1,1993,0,0,0,0,0,0,0,0,0,0
50434,2,1,1993,0,0,0,0,0,0,0,0,0,0
50435,1,1,1993,0,0,0,0,17,0,0,0,0,0
50436,1,1,1993,0,0,0,0,0,0,0,0,0,0
50436,2,1,1993,0,0,0,0,0,0,0,0,0,0
50437,0,1,1993,0,0,14,0,0,0,0,0,26,0
50437,1,1,1993,9,0,0,0,0,0,0,0,0,0
50438,0,1,1993,34,34,34,34,34,34,34,34,34,34
50438,1,1,1993,0,0,0,0,0,0,0,0,0,0
50439,1,1,1993,0,0,0,0,0,0,0,0,0,0
50440,1,1,1993,17,17,17,17,17,17,17,17,17,17
50440,2,1,1993,22,11,25,21,14,15,25,13,11,27
50441,1,1,1993,0,32,0,0,0,0,11,4,28,0
50442,0,1,1993,16,16,16,16,16,16,16,16,16,16
50442,1,1,1993,0,0,0,0,0,0,0,0,0,0
50443,1,1,1993,0,0,0,0,0,0,0,0,0,0
50443,2,1,1993,0,0,0,0,0,0,0,0,0,0
50444,1,1,1993,6,6,6,6,6,6,6,6,6,6
50445,1,1,1993,0,0,0,14,24,0,0,23,0,0
50446,1,1,1993,0,0,0,0,0,0,0,0,0,0
50446,2,1,1993,0,0,0,0,0,0,0,0,0,0
50447,1,1,1993,0,0,0,0,0,0,0,0,0,0
50447,2,1,1993,0,0,0,0,0,0,0,0,0,0
50448,1,1,1993,11,8,11,23,0,0,0,6,3,18
50449,1,1,1993,0,0,0,0,0,0,0,0,0,0
50449,2,1,1993,0,0,0,0,0,0,0,0,0,0
50450,1,1,1993,0,0,0,0,0,0,0,0,0,0
50450,2,1,1993,25,25,25,25,25,25,25,25,25,25
50451,1,1,1993,0,0,0,0,0,0,0,0,0,0
50452,1,1,1993,0,0,0,0,0,0,0,0,0,0
50452,2,1,1993,20,20,20,20,20,20,20,20,20,20
50453,0,1,1993,24,0,0,11,22,0,14,12,0,0
50453,1,1,1993,0,0,0,0,0,0,0,0,0,0
50454,1,1,1993,0,0,0,0,0,0,0,0,0,0
50454,2,1,1993,0,0,0,0,0,0,0,0,0,0
50455,1,1,1993,8,0,0,0,0,0,0,0,0,0
50455,2,1,1993,0,0,0,0,0,0,0,0,0,0
50456,1,1,1993,0,0,0,0,0,0,0,0,0,0
50456,2,1,1993,0,0,0,0,0,0,0,0,0,0
50456,3,1,1993,0,0,0,0,0,0,0,0,0,0
50457,1,1,1993,0,0,22,20,13,0,12,0,0,0
50457,2,1,1993,11,11,3,8,19,13,11,17,24,16
50458,1,1,1993,0,0,0,0,0,0,0,0,0,0
50458,2,1,1993,0,0,0,0,0,0,0,0,0,0
50459,1,1,1993,0,0,0,0,0,0,0,0,0,0
50459,2,1,1993,26,11,18,17,16,15,21,22,33,0
50460,1,1,1993,14,25,12,0,0,0,21,0,0,11
50460,2,1,1993,0,0,0,0,0,0,0,0,0,0
50461,1,1,1993,0,0,0,0,0,0,0,15,0,0
50461,2,1,1993,0,0,23,0,0,0,0,0,0,0
50462,1,1,1993,0,0,0,0,0,0,0,0,0,0
50463,1,1,1993,0,0,0,0,0,0,0,0,0,0
50463,2,1,1993,5,5,5,5,5,5,5,5,5,5
50464,1,1,1993,20,20,20,20,20,20,20,20,20,20
50464,2,1,1993,0,0,0,0,0,0,0,0,0,0
50465,1,1,1993,0,0,0,0,0,0,0,0,0,0
50465,2,1,1993,0,0,0,0,0,0,0,0,0,0
50466,1,1,1993,0,0,0,0,0,0,0,0,0,0
50467,1,1,1993,0,0,0,0,0,0,0,3,0,0
50467,2,1,1993,0,0,0,0,0,0,0,0,0,0
50468,1,1,1993,0,0,0,0,0,0,0,0,0,0
50468,2,1,1993,0,0,0,0,0,0,0,0,0,0
50469,1,1,1993,19,19,19,19,19,19,19,19,19,19
50469,2,1,1993,0,0,0,0,11,0,10,0,0,9
50469,3,1,1993,0,0,0,0,0,0,0,0,0,0
50470,1,1,1993,5,5,5,5,5,5,5,5,5,5
50471,1,1,1993,0,0,0,0,0,0,0,0,0,0
50472,1,1,1993,14,14,14,14,14,14,14,14,14,14
50473,0,1,1993,0,0,0,0,0,0,0,0,0,0
50473,1,1,1993,0,0,0,0,0,16,0,0,0,0
50473,2,1,1993,0,0,0,0,0,0,7,0,0,0
50474,1,1,1993,0,0,0,0,0,0,0,0,0,0
50475,1,1,1993,9,9,9,9,9,9,9,9,9,9
50476,1,1,1993,26,15,13,0,19,42,5,4,0,0
50477,1,1,1993,15,15,15,15,15,15,15,15,15,15
50478,0,1,1993,10,10,10,10,10,10,10,10,10,10
50478,1,1,1993,0,0,0,0,0,0,0,0,0,0
50479,0,1,1993,12,12,12,12,12,12,12,12,12,12
50479,1,1,1993,0,0,0,0,0,0,0,0,0,0
50480,1,1,1993,5,5,5,5,5,5,5,5,5,5
50480,2,1,1993,0,0,0,0,0,0,0,0,0,0
50481,0,1,1993,0,0,9,0,26,0,0,0,0,0
50481,1,1,1993,0,0,0,0,0,0,0,0,0,0
50482,1,1,1993,0,0,0,0,0,0,0,0,0,0
50482,2,1,1993,0,0,0,0,0,0,0,0,0,0
50483,0,1,1993,0,0,0,0,0,0,0,0,0,0
50483,1,1,1993,0,0,0,0,0,0,0,0,0,0
50484,1,1,1993,0,7,0,0,6,0,0,0,0,0
50484,2,1,1993,0,0,0,0,0,0,0,0,0,0
50485,1,1,1993,0,18,0,6,0,0,0,0,6,0
50485,2,1,1993,9,0,20,0,0,0,0,0,0,0
50486,1,1,1993,9,15,35,15,15,12,7,11,4,28
50487,1,1,1993,0,0,0,0,0,0,0,0,0,0
50487,2,1,1993,0,0,0,0,0,0,0,0,0,0
50488,1,1,1993,7,0,19,28,0,0,10,0,10,0
50489,1,1,1993,21,21,21,21,21,21,21,21,21,21
50490,1,1,1993,10,10,10,10,10,10,10,10,10,10
50491,1,1,1993,0,0,0,0,0,0,18,0,0,0
50491,2,1,1993,0,0,0,0,0,0,0,0,0,0
50492,1,1,1993,15,15,15,15,15,15,15,15,15,15
50492,2,1,1993,0,0,0,0,0,17,0,0,0,0
50493,1,1,1993,19,19,19,19,19,19,19,19,19,19
50493,2,1,1993,0,0,0,0,0,0,0,0,0,0
50494,1,1,1993,12,12,12,12,12,12,12,12,12,12
50494,2,1,1993,0,0,0,0,0,0,0,0,0,0
50495,1,1,1993,0,0,0,0,9,0,0,22,16,0
50495,2,1,1993,0,0,0,0,0,0,0,0,0,0
50496,1,1,1993,15,20,25,21,26,12,4,21,9,33
50496,2,1,1993,30,18,0,24,6,0,0,0,21,32
50497,1,1,1993,0,0,2,0,0,0,0,29,0,0
50497,2,1,1993,0,0,0,0,0,0,0,0,0,0
50497,3,1,1993,28,28,28,28,28,28,28,28,28,28
50499,0,1,1993,26,0,0,7,37,0,0,27,37,32
50499,1,1,1993,0,0,22,16,12,0,14,0,0,0
50500,1,1,1993,0,0,0,0,0,0,0,0,0,0
50501,1,1,1993,15,15,15,15,15,15,15,15,15,15
50502,1,1,1993,0,0,0,0,0,0,0,0,0,0
50502,2,1,1993,6,6,6,6,6,6,6,6,6,6
50503,0,1,1993,0,0,0,0,0,0,0,0,0,0
50503,1,1,1993,0,0,0,0,0,0,0,0,0,0
50503,3,1,1993,0,0,0,0,0,0,0,0,0,0
50503,4,1,1993,0,0,0,0,0,0,0,0,0,0
50504,1,1,1993,15,14,0,22,0,24,7,15,0,12
50504,2,1,1993,0,0,8,0,0,0,0,0,0,0
50505,1,1,1993,0,0,0,0,0,0,0,0,0,0
50506,1,1,1993,0,0,0,0,0,0,0,0,0,0
50507,1,1,1993,0,0,0,0,0,0,0,0,0,0
50508,1,1,1993,0,0,0,0,0,0,0,0,0,0
50508,2,1,1993,0,0,0,0,0,0,0,0,0,0
50509,1,1,1993,24,24,24,24,24,24,24,24,24,24
50509,2,1,1993,0,0,0,0,0,0,0,0,0,0
50510,1,1,1993,0,0,0,0,9,0,0,0,0,3
50510,2,1,1993,16,16,16,16,16,16,16,16,16,16
50511,1,1,1993,0,0,0,0,0,0,0,0,0,0
50511,2,1,1993,0,0,0,0,0,0,0,0,0,0
50512,1,1,1993,12,0,0,16,0,10,20,0,0,0
50513,1,1,1993,0,0,0,0,0,0,0,0,0,0
50513,2,1,1993,27,27,27,27,27,27,27,27,27,27
50514,1,1,1993,6,6,6,6,6,6,6,6,6,6
50515,1,1,1993,0,0,0,0,0,0,0,0,0,0
50515,2,1,1993,0,0,0,0,0,24,15,8,0,0
50516,1,1,1993,0,0,0,0,0,0,0,0,0,0
50517,0,1,1993,0,0,0,0,0,0,0,0,0,0
50517,1,1,1993,0,0,0,0,0,0,0,0,0,0
50518,1,1,1993,17,17,17,17,17,17,17,17,17,17
50519,1,1,1993,0,0,0,0,0,0,0,0,0,0
50519,2,1,1993,0,0,0,0,0,0,0,0,0,0
50520,1,1,1993,18,18,5,13,5,28,18,18,12,21
50520,2,1,1993,0,0,0,0,0,0,0,0,0,0
50521,1,1,1993,25,24,0,33,0,23,0,10,30,8
50522,1,1,1993,0,0,0,0,0,0,0,0,0,0
50522,2,1,1993,0,22,0,20,13,21,7,4,0,0
50523,0,1,1993,22,0,0,0,0,0,0,0,21,0
50523,0,2,1993,0,17,0,0,0,0,0,0,0,0
50523,1,1,1993,0,0,0,0,0,0,0,0,0,0
50524,1,1,1993,0,0,0,0,0,0,0,0,0,0
50525,1,1,1993,0,0,0,0,0,0,0,0,0,0
50526,0,1,1993,0,0,18,20,0,14,29,0,25,25
50526,1,1,1993,10,10,10,10,10,10,10,10,10,10
50527,1,1,1993,0,0,0,0,0,0,0,0,0,0
50527,2,1,1993,0,0,0,0,0,0,0,0,0,0
50528,1,1,1993,0,0,0,0,0,0,0,0,0,0
50528,2,1,1993,0,0,0,0,0,0,0,0,0,0
50530,1,1,1993,0,23,0,0,24,30,22,0,0,15
50532,1,1,1993,0,0,0,0,0,0,0,0,0,0
50532,2,1,1993,20,20,20,20,20,20,20,20,20,20
80001,1,1,1993,0,0,0,0,0,0,0,0,0,0
80001,2,1,1993,0,0,0,0,0,0,0,0,0,0
80002,1,1,1993,0,0,0,0,0,0,0,0,0,0
80002,2,1,1993,0,0,0,0,0,0,0,0,0,0
80003,1,1,1993,11,11,11,11,11,11,11,11,11,11
80004,1,1,1993,1,1,1,1,1,1,1,1,1,1
80004,2,1,1993,0,0,0,0,0,0,0,0,0,0
80005,1,1,1993,0,0,0,0,0,0,0,0,0,0
80006,1,1,1993,0,0,0,0,0,0,0,0,0,0
80006,2,1,1993,0,0,0,0,0,0,0,0,0,0
80007,1,1,1993,0,0,0,0,0,0,0,0,0,0
80008,1,1,1993,0,0,0,0,0,0,0,0,0,0
80008,2,1,1993,0,0,19,0,0,0,0,0,0,0
80009,0,1,1993,0,0,0,16,0,9,0,10,7,0
80009,1,1,1993,0,0,0,0,0,0,0,0,0,0
80009,2,1,1993,0,0,0,0,0,0,0,0,0,0
80010,1,1,1993,0,0,0,0,0,0,0,0,0,0
80010,2,1,1993,0,0,0,0,0,0,0,0,0,0
80011,1,1,1993,0,0,0,0,0,0,0,0,0,0
80012,0,1,1993,0,0,0,0,0,0,0,0,0,0
80012,1,1,1993,0,0,0,0,0,0,0,0,0,0
80013,1,1,1993,0,0,0,21,0,0,0,0,9,0
80014,1,1,1993,15,15,15,15,15,15,15,15,15,15
80014,2,1,1993,0,0,0,0,0,0,0,0,0,0
80015,1,1,1993,0,0,0,19,6,0,0,0,0,0
80016,1,1,1993,0,0,0,0,0,0,0,0,0,0
80016,2,1,1993,0,0,0,0,0,0,0,0,0,0
80017,0,1,1993,0,0,0,0,0,0,0,0,0,0
80017,1,1,1993,0,0,0,0,0,0,0,0,0,0
80018,0,1,1993,0,0,0,0,0,0,0,0,0,0
80018,1,1,1993,0,0,0,0,0,0,0,0,0,0
80019,1,1,1993,0,0,0,0,0,0,0,0,0,0
80020,1,1,1993,0,0,0,0,0,0,0,0,0,0
80020,2,1,1993,0,0,0,0,0,0,0,0,0,0
80021,0,1,1993,25,25,25,25,25,25,25,25,25,25
80021,1,1,1993,0,0,9,0,0,0,0,0,0,0
80022,1,1,1993,0,0,0,0,0,0,0,0,0,0
80022,2,1,1993,0,0,0,0,0,0,0,0,0,0
80023,0,1,1993,12,12,12,12,12,12,12,12,12,12
80023,0,2,1993,14,14,14,14,14,14,14,14,14,14
80023,1,1,1993,20,20,20,20,20,20,20,20,20,20
80024,1,1,1993,0,0,0,0,0,0,0,0,0,0
80024,2,1,1993,0,0,0,0,0,0,0,0,0,0
80025,1,1,1993,0,0,0,0,0,0,0,0,0,0
80025,2,1,1993,0,0,0,0,0,0,0,0,0,0
80026,1,1,1993,0,0,0,0,0,0,0,0,0,0
80026,2,1,1993,0,0,0,0,0,0,0,0,0,0
80026,3,1,1993,0,0,0,0,0,0,0,0,0,0
80027,1,1,1993,27,27,27,27,27,27,27,27,27,27
80027,2,1,1993,0,0,0,0,0,0,0,0,0,0
80028,1,1,1993,0,0,0,0,0,0,0,0,0,0
80028,2,1,1993,0,0,0,0,0,0,0,0,0,0
80029,0,1,1993,0,0,0,0,0,0,0,0,0,0
80029,1,1,1993,0,0,0,0,0,0,0,0,0,0
80030,1,1,1993,19,19,19,19,19,19,19,19,19,19
80031,1,1,1993,0,0,0,0,0,0,0,0,0,0
80032,0,1,1993,0,0,0,0,0,0,0,0,0,0
80032,1,1,1993,23,23,23,23,23,23,23,23,23,23
80033,1,1,1993,19,19,19,19,19,19,19,19,19,19
80034,1,1,1993,20,20,20,20,20,20,20,20,20,20
80035,1,1,1993,4,4,4,4,4,4,4,4,4,4
80035,2,1,1993,0,0,0,0,0,0,0,0,0,0
80036,1,1,1993,0,0,0,0,0,0,0,0,0,0
80036,2,1,1993,0,0,0,0,0,0,0,0,0,0
80036,3,1,1993,0,0,0,0,0,0,0,0,0,0
80036,4,1,1993,0,0,0,24,0,0,0,0,0,0
80037,0,1,1993,30,30,30,30,30,30,30,30,30,30
80037,1,1,1993,0,0,0,0,0,0,0,0,0,0
80038,1,1,1993,0,0,0,0,0,0,0,0,0,0
80038,2,1,1993,0,0,0,0,0,0,0,0,0,0
80039,1,1,1993,0,0,0,0,0,0,0,0,0,0
80039,2,1,1993,0,0,0,0,0,0,0,0,0,0
80039,3,1,1993,0,0,0,0,0,0,0,0,0,0
80039,4,1,1993,0,0,0,0,0,0,0,0,0,0
80040,0,1,1993,0,0,0,0,0,0,0,0,0,0
80040,1,1,1993,0,0,0,0,0,0,0,0,0,0
80041,0,1,1993,0,0,0,0,0,0,0,0,0,0
80041,0,2,1993,0,0,0,0,0,0,0,0,0,0
80041,2,1,1993,0,0,0,0,0,0,0,0,0,0
80042,1,1,1993,0,0,0,0,0,0,0,0,0,0
80042,2,1,1993,0,0,0,0,0,0,0,0,0,0
80043,1,1,1993,0,0,0,0,0,0,0,0,0,0
80044,1,1,1993,0,0,0,0,0,0,0,0,0,0
80044,2,1,1993,13,0,0,0,0,0,0,0,0,0
80045,1,1,1993,6,0,4,18,0,15,15,12,0,20
80045,2,1,1993,0,0,0,0,0,0,0,0,0,0
80046,1,1,1993,0,0,0,0,0,0,0,0,0,0
80046,2,1,1993,0,0,0,0,0,0,0,0,0,0
80047,0,1,1993,3,3,3,3,3,3,3,3,3,3
80047,1,1,1993,13,13,13,13,13,13,13,13,13,13
80048,0,1,1993,0,0,0,0,0,0,0,0,0,0
80048,1,1,1993,0,18,22,0,0,0,12,0,0,0
80049,1,1,1993,0,0,14,0,0,0,0,0,0,0
80049,2,1,1993,0,0,0,0,0,0,0,0,0,0
80050,0,1,1993,0,0,0,0,0,0,0,0,0,0
80050,1,1,1993,0,0,0,0,0,0,0,0,0,0
80051,1,1,1993,0,0,0,0,0,0,0,0,0,0
80051,2,1,1993,0,0,5,0,0,0,0,0,0,0
80052,1,1,1993,0,0,0,0,0,0,0,0,0,0
80052,2,1,1993,0,0,0,0,0,0,0,0,0,0
80053,1,1,1993,25,25,25,25,25,25,25,25,25,25
80054,1,1,1993,13,13,13,13,13,13,13,13,13,13
80055,1,1,1993,0,0,0,0,0,0,0,0,0,0
80056,1,1,1993,25,25,25,25,25,25,25,25,25,25
80056,2,1,1993,0,0,0,0,0,0,0,0,0,0
80057,1,1,1993,0,0,0,0,0,0,0,0,0,0
80058,1,1,1993,0,0,0,0,0,0,0,0,0,0
80058,2,1,1993,0,0,0,0,0,0,0,0,0,0
80059,1,1,1993,0,0,0,0,0,0,0,0,0,0
80059,2,1,1993,0,0,0,0,0,0,0,0,0,0
80060,1,1,1993,0,0,0,0,0,0,0,0,0,0
80061,1,1,1993,19,19,19,19,19,19,19,19,19,19
80061,2,1,1993,0,0,12,0,0,0,0,0,0,0
80062,1,1,1993,0,0,0,0,0,0,0,0,0,0
80063,1,1,1993,20,20,20,20,20,20,20,20,20,20
80064,1,1,1993,17,17,17,17,17,17,17,17,17,17
80065,1,1,1993,0,0,0,0,0,0,0,0,0,0