ST_CASE,VEH_NO,PER_NO,YEAR,P1,P2,P3,P4,P5,P6,P7,P8,P9,P10
80065,2,1,1993,0,0,0,0,0,0,7,0,0,0
80065,3,1,1993,0,0,0,0,0,15,0,0,0,0
80066,1,1,1993,0,0,0,0,0,0,0,0,0,0
80067,0,1,1993,0,0,0,0,0,0,0,0,0,0
80067,1,1,1993,0,0,0,0,0,0,0,0,0,0
80067,2,1,1993,0,0,0,0,0,0,0,0,0,0
80068,1,1,1993,0,0,0,0,0,0,0,0,0,0
80068,2,1,1993,0,0,0,0,0,0,0,0,0,0
80069,0,1,1993,0,0,0,0,0,0,0,0,0,0
80069,1,1,1993,0,0,0,0,0,0,0,0,0,0
80070,1,1,1993,0,0,0,0,0,0,0,0,0,0
80070,2,1,1993,0,0,0,0,0,0,0,0,0,0
80071,1,1,1993,15,15,15,15,15,15,15,15,15,15
80072,1,1,1993,0,0,0,0,0,0,0,0,0,0
80072,2,1,1993,0,0,0,0,0,0,0,0,0,0
80073,1,1,1993,10,10,10,10,10,10,10,10,10,10
80074,0,1,1993,16,16,16,16,16,16,16,16,16,16
80074,2,1,1993,0,0,0,0,0,0,0,0,0,0
80075,1,1,1993,2,10,9,33,17,0,15,5,18,24
80076,0,1,1993,12,12,12,12,12,12,12,12,12,12
80076,1,1,1993,0,0,0,0,0,0,0,0,0,0
80077,1,1,1993,16,16,16,16,16,16,16,16,16,16
80078,1,1,1993,0,0,0,0,0,0,0,0,0,0
80079,0,1,1993,41,41,41,41,41,41,41,41,41,41
80079,1,1,1993,0,0,0,0,0,0,0,0,0,0
80080,1,1,1993,0,0,0,0,0,0,0,0,0,0
80081,1,1,1993,0,0,0,0,0,0,0,0,0,0
80081,2,1,1993,0,0,0,0,0,0,0,0,0,0
80082,1,1,1993,0,0,0,0,10,0,0,17,11,12
80083,1,1,1993,13,13,13,13,13,13,13,13,13,13
80084,1,1,1993,0,0,0,0,0,0,0,0,0,0
80084,2,1,1993,0,0,0,0,0,0,0,0,0,0
80085,1,1,1993,0,0,0,0,0,0,0,0,0,0
80085,2,1,1993,0,0,0,0,0,0,0,0,0,0
80086,1,1,1993,0,0,0,0,0,0,0,0,0,0
80087,1,1,1993,0,0,0,0,0,0,0,0,0,0
80088,1,1,1993,0,0,0,0,0,0,0,0,0,0
80088,2,1,1993,0,0,0,0,0,0,0,0,10,0
80089,1,1,1993,23,23,23,23,23,23,23,23,23,23
80089,2,1,1993,1,1,1,1,1,1,1,1,1,1
80090,0,1,1993,16,16,16,16,16,16,16,16,16,16
80090,1,1,1993,18,13,17,12,21,13,8,8,25,4
80091,1,1,1993,3,3,3,3,3,3,3,3,3,3
80092,0,1,1993,19,19,19,19,19,19,19,19,19,19
80092,1,1,1993,0,0,0,0,0,0,0,0,0,0
80093,1,1,1993,0,0,0,0,0,0,0,0,0,0
80093,2,1,1993,0,0,0,0,0,0,0,0,0,0
80094,1,1,1993,0,0,0,0,0,0,0,0,0,0
80095,1,1,1993,0,0,0,0,0,0,0,0,0,0
80096,1,1,1993,22,22,22,22,22,22,22,22,22,22
80097,1,1,1993,11,11,11,11,11,11,11,11,11,11
80098,1,1,1993,0,0,0,0,0,0,0,0,0,0
80099,1,1,1993,0,0,0,0,0,0,0,0,0,0
80100,1,1,1993,19,19,19,19,19,19,19,19,19,19
80101,1,1,1993,0,0,0,0,0,0,0,0,0,0
80102,1,1,1993,0,0,0,0,0,0,0,0,0,0
80103,1,1,1993,15,15,15,15,15,15,15,15,15,15
80104,1,1,1993,18,18,18,18,18,18,18,18,18,18
80105,0,1,1993,0,0,0,0,0,0,0,0,0,0
80105,1,1,1993,0,0,0,0,0,0,0,0,0,0
80106,1,1,1993,14,14,14,14,14,14,14,14,14,14
80106,2,1,1993,0,0,0,0,0,0,0,0,0,0
80107,1,1,1993,20,20,20,20,20,20,20,20,20,20
80108,1,1,1993,23,23,23,23,23,23,23,23,23,23
80108,2,1,1993,9,9,9,9,9,9,9,9,9,9
80109,1,1,1993,28,28,28,28,28,28,28,28,28,28
80110,1,1,1993,18,18,18,18,18,18,18,18,18,18
80111,1,1,1993,0,0,0,0,0,0,0,0,0,0
80112,1,1,1993,20,20,20,20,20,20,20,20,20,20
80113,1,1,1993,29,29,29,29,29,29,29,29,29,29
80114,1,1,1993,41,41,41,41,41,41,41,41,41,41
80115,1,1,1993,0,0,0,0,0,0,0,0,0,0
80116,1,1,1993,0,0,0,0,0,0,0,0,0,0
80116,2,1,1993,0,0,0,0,0,0,0,0,0,0
80117,1,1,1993,0,0,0,0,0,0,0,0,0,0
80118,1,1,1993,0,0,0,0,0,0,0,0,0,0
80119,1,1,1993,10,14,0,0,0,0,0,0,0,0
80120,1,1,1993,0,0,0,0,0,0,0,0,0,0
80121,1,1,1993,0,0,0,0,0,0,0,0,0,0
80122,1,1,1993,10,10,10,10,10,10,10,10,10,10
80123,0,1,1993,0,0,17,0,0,0,0,0,14,0
80123,1,1,1993,1,1,1,1,1,1,1,1,1,1
80124,1,1,1993,0,0,0,0,0,0,0,0,0,0
80124,2,1,1993,0,0,0,0,0,0,0,0,0,0
80125,1,1,1993,0,0,16,0,0,0,0,0,0,0
80125,2,1,1993,0,0,0,0,0,0,0,0,0,0
80126,1,1,1993,0,6,23,0,0,0,0,5,0,7
80126,2,1,1993,0,0,0,0,0,0,0,0,0,0
80127,1,1,1993,0,17,0,0,0,19,8,0,5,4
80127,2,1,1993,0,0,0,3,0,0,30,0,0,0
80128,1,1,1993,4,4,4,4,4,4,4,4,4,4
80129,1,1,1993,0,0,0,0,0,0,0,0,0,0
80130,0,1,1993,0,0,0,0,0,0,0,0,0,0
80130,1,1,1993,0,0,0,0,0,0,0,0,0,0
80131,1,1,1993,18,18,18,18,18,18,18,18,18,18
80132,1,1,1993,0,0,0,0,0,0,0,0,0,0
80132,2,1,1993,0,0,0,0,0,0,0,0,0,0
80133,1,1,1993,22,22,22,22,22,22,22,22,22,22
80134,1,1,1993,15,15,15,15,15,15,15,15,15,15
80135,1,1,1993,21,21,21,21,21,21,21,21,21,21
80136,1,1,1993,0,0,0,0,0,0,0,0,0,0
80137,1,1,1993,0,0,0,0,0,0,0,0,0,0
80137,2,1,1993,0,0,0,0,0,0,0,0,0,0
80137,3,1,1993,0,0,0,0,0,0,0,0,0,0
80138,1,1,1993,18,18,18,18,18,18,18,18,18,18
80139,1,3,1993,0,0,0,0,0,0,0,0,0,0
80140,1,1,1993,0,0,0,0,0,0,0,0,0,0
80141,1,1,1993,0,0,0,0,0,0,0,0,0,0
80141,2,1,1993,0,0,0,0,0,0,0,0,0,0
80142,1,1,1993,8,8,8,8,8,8,8,8,8,8
80143,1,1,1993,0,0,0,0,0,0,0,0,0,0
80143,2,1,1993,0,0,0,0,0,0,0,0,0,0
80144,1,1,1993,9,9,9,9,9,9,9,9,9,9
80145,1,1,1993,0,0,0,0,0,0,0,0,0,0
80145,2,1,1993,0,0,0,0,0,0,0,0,0,0
80146,1,1,1993,17,17,17,17,17,17,17,17,17,17
80147,0,1,1993,10,10,10,10,10,10,10,10,10,10
80147,1,1,1993,0,0,0,0,0,0,0,0,0,0
80148,1,1,1993,12,12,12,12,12,12,12,12,12,12
80148,2,1,1993,0,0,0,0,0,0,0,0,0,0
80149,1,1,1993,0,0,0,0,0,0,0,0,0,0
80150,0,1,1993,0,0,0,0,0,0,0,0,0,0
80150,1,1,1993,2,2,2,2,2,2,2,2,2,2
80151,0,1,1993,11,41,0,25,26,15,0,20,21,0
80151,1,1,1993,0,0,26,0,0,14,0,0,0,0
80152,1,1,1993,0,0,0,0,0,0,0,0,0,0
80153,1,1,1993,0,0,0,0,0,0,0,0,0,0
80154,1,1,1993,0,0,0,0,0,0,0,0,0,0
80154,2,1,1993,0,0,0,0,0,0,18,0,0,0
80155,1,1,1993,0,0,0,0,0,0,0,0,0,0
80156,1,1,1993,18,18,18,18,18,18,18,18,18,18
80157,1,1,1993,13,13,13,13,13,13,13,13,13,13
80158,1,1,1993,20,20,20,20,20,20,20,20,20,20
80158,2,1,1993,0,0,0,0,0,0,0,0,0,0
80159,1,1,1993,19,19,19,19,19,19,19,19,19,19
80160,1,1,1993,20,20,20,20,20,20,20,20,20,20
80161,1,1,1993,0,0,0,0,0,0,0,0,0,0
80162,1,1,1993,14,14,14,14,14,14,14,14,14,14
80162,2,1,1993,0,0,0,0,0,0,0,0,0,0
80163,1,1,1993,22,22,22,22,22,22,22,22,22,22
80164,1,1,1993,0,0,0,0,0,0,0,0,0,0
80164,2,1,1993,0,0,0,0,0,0,0,0,0,0
80164,3,1,1993,0,0,0,0,0,0,0,0,0,0
80165,0,1,1993,0,0,0,0,0,0,0,0,0,0
80165,1,1,1993,0,0,0,0,0,0,0,0,0,0
80166,1,1,1993,0,0,0,0,0,0,0,0,0,0
80166,2,1,1993,0,0,0,0,0,0,0,0,0,0
80167,1,1,1993,0,0,0,0,0,0,0,0,0,0
80167,2,1,1993,0,0,0,0,0,0,0,0,0,0
80168,1,1,1993,0,0,0,0,0,0,0,0,0,0
80168,2,1,1993,0,0,0,0,0,0,0,0,0,0
80168,3,1,1993,13,0,0,0,0,0,0,0,0,0
80168,4,1,1993,0,0,0,0,0,0,0,0,0,0
80168,5,1,1993,0,0,0,0,0,0,0,0,0,0
80169,0,1,1993,0,0,0,0,0,0,0,0,0,0
80169,1,1,1993,0,30,0,0,0,0,0,0,0,0
80169,2,1,1993,0,0,0,0,0,0,0,0,0,0
80170,1,1,1993,0,0,0,0,0,0,0,0,0,0
80171,1,1,1993,0,0,0,0,0,0,0,0,0,0
80171,2,1,1993,0,0,0,0,0,0,0,0,0,0
80172,1,1,1993,0,0,0,0,0,0,0,0,0,0
80172,2,1,1993,0,0,0,0,0,0,0,0,0,0
80173,1,1,1993,0,0,0,0,0,0,0,0,0,0
80174,1,1,1993,0,0,0,0,0,0,0,0,0,0
80174,2,1,1993,0,0,0,0,0,0,0,0,0,0
80175,1,1,1993,22,22,22,22,22,22,22,22,22,22
80176,1,2,1993,0,28,0,0,0,6,4,3,0,16
80177,0,1,1993,0,0,0,0,0,0,0,0,0,0
80177,1,1,1993,0,0,0,0,0,0,0,0,0,0
80178,1,1,1993,17,17,17,17,17,17,17,17,17,17
80178,2,1,1993,0,0,0,0,0,0,0,0,0,0
80179,0,1,1993,0,0,0,13,0,0,0,0,0,34
80179,1,1,1993,0,0,0,0,0,0,0,0,0,0
80180,1,1,1993,8,8,8,8,8,8,8,8,8,8
80180,2,1,1993,0,0,10,0,0,0,0,0,0,0
80181,1,1,1993,0,0,0,0,0,0,0,0,0,0
80182,1,1,1993,0,0,0,0,0,0,0,0,0,0
80182,2,1,1993,0,0,0,0,0,0,0,0,0,0
80183,1,1,1993,0,0,0,0,0,0,0,0,0,0
80183,2,1,1993,0,0,0,0,0,0,0,0,0,0
80184,1,1,1993,11,11,11,11,11,11,11,11,11,11
80185,1,1,1993,0,0,0,0,0,0,0,0,0,0
80185,2,1,1993,0,0,0,0,0,0,0,0,0,0
80186,0,1,1993,0,0,0,0,0,0,0,0,0,0
80186,1,1,1993,0,0,0,0,0,0,0,0,0,0
80187,1,1,1993,0,0,0,0,0,0,0,0,0,0
80188,1,1,1993,19,19,19,19,19,19,19,19,19,19
80189,1,1,1993,0,0,0,0,0,0,0,0,0,0
80190,1,1,1993,20,20,20,20,20,20,20,20,20,20
80191,0,1,1993,36,36,36,36,36,36,36,36,36,36
80191,1,1,1993,0,0,0,0,0,0,0,0,0,0
80191,2,1,1993,0,0,0,0,0,0,0,0,0,0
80191,3,1,1993,0,0,0,0,0,0,0,0,0,0
80192,1,1,1993,0,0,0,0,0,0,0,0,0,0
80192,2,1,1993,0,0,0,0,0,0,0,0,0,0
80193,1,1,1993,0,0,0,0,0,0,0,0,0,0
80194,0,1,1993,0,0,0,0,0,22,20,0,0,0
80194,1,1,1993,0,0,0,0,0,0,0,0,0,0
80194,2,1,1993,0,0,0,0,0,0,0,0,0,0
80195,1,1,1993,26,26,26,26,26,26,26,26,26,26
80196,1,1,1993,0,0,0,0,0,0,0,0,0,0
80196,2,1,1993,0,0,0,0,0,0,0,0,0,0
80197,1,1,1993,21,21,21,21,21,21,21,21,21,21
80198,1,1,1993,0,0,0,0,0,0,0,0,0,0
80199,1,1,1993,0,0,0,0,0,0,0,0,0,0
80199,2,1,1993,0,0,0,0,0,0,0,0,0,0
80200,1,1,1993,0,0,0,0,0,0,0,0,0,0
80200,2,1,1993,0,0,0,0,0,0,0,0,0,0
80201,1,1,1993,24,0,0,0,0,0,0,0,0,0
80201,2,1,1993,7,0,0,0,0,0,0,0,0,0
80202,0,1,1993,21,0,0,0,0,0,0,0,0,0
80202,1,1,1993,0,0,0,0,0,0,0,0,7,0
80203,1,1,1993,6,6,6,6,6,6,6,6,6,6
80204,1,1,1993,22,22,22,22,22,22,22,22,22,22
80205,1,1,1993,28,28,28,28,28,28,28,28,28,28
80206,1,1,1993,24,24,24,24,24,24,24,24,24,24
80206,2,1,1993,14,14,14,14,14,14,14,14,14,14
80206,3,1,1993,11,11,11,11,11,11,11,11,11,11
80207,1,1,1993,4,4,4,4,4,4,4,4,4,4
80207,2,1,1993,0,0,0,0,0,0,0,0,0,0
80208,1,1,1993,0,0,0,0,0,0,0,0,0,0
80208,2,1,1993,0,0,0,0,0,0,0,0,0,0
80209,0,1,1993,29,29,29,29,29,29,29,29,29,29
80209,1,1,1993,19,19,19,19,19,19,19,19,19,19
80209,2,1,1993,13,13,13,13,13,13,13,13,13,13
80210,1,1,1993,11,11,11,11,11,11,11,11,11,11
80211,0,1,1993,22,22,22,22,22,22,22,22,22,22
80211,1,1,1993,0,0,0,0,0,0,0,0,0,0
80212,1,1,1993,0,0,0,0,0,0,0,0,0,0
80213,1,1,1993,18,18,18,18,18,18,18,18,18,18
80214,1,1,1993,0,0,0,0,0,0,0,0,0,0
80215,1,1,1993,0,0,0,0,0,0,0,0,0,0
80215,2,1,1993,0,0,0,0,0,0,0,0,0,0
80215,3,1,1993,0,0,0,0,0,0,0,0,0,0
80216,1,1,1993,24,24,24,24,24,24,24,24,24,24
80217,1,1,1993,0,0,0,0,0,0,0,0,0,0
80218,1,1,1993,10,10,10,10,10,10,10,10,10,10
80219,1,1,1993,15,15,15,15,15,15,15,15,15,15
80219,2,1,1993,7,0,0,0,0,0,0,0,0,0
80220,1,1,1993,25,25,25,25,25,25,25,25,25,25
80221,1,1,1993,0,0,0,0,0,0,0,0,0,0
80221,2,1,1993,0,0,8,0,0,0,0,0,0,0
80222,0,1,1993,0,0,0,0,0,0,0,0,0,0
80222,1,1,1993,0,0,0,0,0,0,0,0,0,0
80223,0,1,1993,0,0,0,0,0,0,0,0,0,0
80223,1,1,1993,0,0,0,0,0,0,0,0,0,0
80224,1,1,1993,0,0,0,0,0,0,0,0,0,0
80225,0,1,1993,0,0,0,20,0,0,0,0,0,0
80225,1,1,1993,0,0,0,0,0,0,0,0,0,0
80226,1,1,1993,12,12,12,12,12,12,12,12,12,12
80227,1,1,1993,0,0,0,0,0,0,0,0,0,0
80227,2,1,1993,0,0,0,0,0,0,0,0,0,0
80228,1,1,1993,16,16,16,16,16,16,16,16,16,16
80229,1,1,1993,0,0,0,0,0,0,0,0,0,0
80229,2,1,1993,0,0,0,0,0,0,0,0,0,0
80229,3,1,1993,0,0,0,0,0,0,0,0,0,0
80230,1,1,1993,25,25,25,25,25,25,25,25,25,25
80231,1,1,1993,1,1,1,1,1,1,1,1,1,1
80232,1,1,1993,0,0,0,0,0,0,0,0,0,0
80232,2,1,1993,0,0,0,0,0,0,0,0,0,0
80233,0,1,1993,0,0,0,0,0,0,0,0,0,0
80233,1,1,1993,0,0,0,0,0,0,0,6,0,0
80234,1,1,1993,0,0,0,0,0,0,0,0,0,0
80235,1,1,1993,0,0,0,0,0,0,0,0,0,0
80236,1,1,1993,0,0,0,0,0,0,0,0,0,0
80237,1,1,1993,0,0,0,0,0,0,0,0,0,0
80237,2,1,1993,0,0,0,0,0,0,0,0,0,0
80238,1,1,1993,0,0,0,0,0,0,0,0,0,0
80239,1,1,1993,0,0,0,0,0,0,0,0,0,0
80239,2,1,1993,0,0,0,0,0,0,0,0,0,0
80240,1,1,1993,0,0,0,0,0,0,0,0,0,0
80241,1,1,1993,0,0,0,0,0,0,0,0,0,0
80242,0,1,1993,22,22,22,22,22,22,22,22,22,22
80242,1,1,1993,0,9,13,8,5,0,7,0,16,0
80243,1,1,1993,3,3,3,3,3,3,3,3,3,3
80244,1,1,1993,0,0,0,0,0,0,0,0,0,0
80244,2,1,1993,0,0,0,0,0,0,0,0,0,0
80245,1,1,1993,14,14,14,14,14,14,14,14,14,14
80246,1,1,1993,21,21,21,21,21,21,21,21,21,21
80247,1,1,1993,0,0,8,0,0,0,0,0,0,0
80247,2,1,1993,0,0,0,0,0,0,0,0,0,0
80248,1,1,1993,0,0,0,0,0,0,0,0,0,0
80249,1,1,1993,0,0,0,0,0,0,0,0,0,0
80249,2,1,1993,0,0,0,0,0,0,0,0,0,0
80250,1,1,1993,0,0,0,0,0,0,0,0,0,0
80250,2,1,1993,0,0,0,0,0,0,0,0,0,0
80250,3,1,1993,0,0,0,0,0,0,0,0,0,0
80251,1,1,1993,0,0,0,0,0,0,0,0,0,0
80252,1,1,1993,20,20,20,20,20,20,20,20,20,20
80252,2,1,1993,0,0,0,0,0,0,0,0,0,0
80252,3,1,1993,0,0,0,0,0,0,0,0,0,0
80252,4,1,1993,0,7,0,0,0,0,0,0,0,0
80252,5,1,1993,0,0,0,0,0,0,0,0,0,0
80253,1,1,1993,10,10,10,10,10,10,10,10,10,10
80254,1,1,1993,0,0,0,0,0,0,0,0,0,0
80255,1,1,1993,17,17,17,17,17,17,17,17,17,17
80256,1,1,1993,0,0,0,0,0,0,0,0,0,0
80256,2,1,1993,0,0,0,0,0,0,0,0,0,0
80257,1,1,1993,0,0,0,0,0,0,0,0,0,0
80257,2,1,1993,0,0,0,0,0,0,0,0,0,0
80257,3,1,1993,0,0,0,0,0,0,0,0,0,0
80258,1,1,1993,0,0,9,0,0,0,0,0,0,0
80259,1,1,1993,25,25,25,25,25,25,25,25,25,25
80260,1,1,1993,25,25,25,25,25,25,25,25,25,25
80261,1,1,1993,0,0,0,0,0,0,0,0,0,0
80262,0,1,1993,11,11,11,11,11,11,11,11,11,11
80262,1,1,1993,15,15,15,15,15,15,15,15,15,15
80263,1,1,1993,0,0,0,0,0,0,0,0,0,0
80263,2,1,1993,0,0,0,0,0,0,0,0,0,0
80264,1,1,1993,12,12,12,12,12,12,12,12,12,12
80265,1,1,1993,10,10,10,10,10,10,10,10,10,10
80266,1,1,1993,40,40,40,40,40,40,40,40,40,40
80267,1,1,1993,0,0,0,0,0,0,0,0,0,0
80268,1,1,1993,0,0,0,0,0,0,0,0,0,0
80268,2,1,1993,0,0,0,0,0,0,0,0,0,0
80269,1,1,1993,0,0,0,0,0,0,0,0,0,0
80270,1,1,1993,16,16,16,16,16,16,16,16,16,16
80270,2,1,1993,0,0,0,0,0,0,0,0,0,0
80271,0,1,1993,0,0,0,0,0,0,0,0,0,0
80271,1,1,1993,0,11,0,0,0,0,0,0,0,0
80272,1,1,1993,0,0,0,0,0,0,0,0,0,0
80272,2,1,1993,0,0,0,0,0,0,0,0,0,0
80273,1,1,1993,7,7,7,7,7,7,7,7,7,7
80273,2,1,1993,0,0,0,0,0,0,0,0,0,0
80273,3,1,1993,0,0,0,0,0,0,16,0,0,0
80274,1,1,1993,24,24,24,24,24,24,24,24,24,24
80275,1,1,1993,0,0,0,0,0,0,0,0,0,0
80276,0,1,1993,0,0,0,0,0,0,0,0,0,0
80276,1,1,1993,0,0,0,0,0,0,0,0,0,0
80277,1,1,1993,0,0,0,0,0,0,0,0,0,0
80278,1,1,1993,14,14,14,14,14,14,14,14,14,14
80278,2,1,1993,0,0,0,0,0,0,0,0,0,0
80279,1,1,1993,0,0,0,0,0,0,0,0,0,0
80280,1,1,1993,0,0,0,0,0,0,0,0,0,0
80281,1,1,1993,20,20,20,20,20,20,20,20,20,20
80282,1,1,1993,0,0,0,0,0,0,0,0,0,0
80283,0,1,1993,0,0,0,0,0,0,0,0,0,0
80283,1,1,1993,15,15,15,15,15,15,15,15,15,15
80284,1,1,1993,15,15,15,15,15,15,15,15,15,15
80285,1,1,1993,0,0,0,0,0,0,0,0,0,0
80286,1,1,1993,0,0,0,0,0,0,0,0,0,0
80286,2,1,1993,0,0,0,0,0,0,0,0,0,0
80287,1,1,1993,0,0,0,0,0,0,6,0,0,7
80288,0,1,1993,16,16,16,16,16,16,16,16,16,16
80288,1,1,1993,0,0,0,0,0,0,0,12,0,0
80289,1,1,1993,0,0,0,0,0,0,0,0,0,0
80290,1,1,1993,13,13,13,13,13,13,13,13,13,13
80291,1,1,1993,0,0,0,0,0,0,0,0,0,0
80291,2,1,1993,0,0,0,0,0,0,0,0,0,0
80292,1,1,1993,1,1,1,1,1,1,1,1,1,1
80293,1,1,1993,16,16,16,16,16,16,16,16,16,16
80293,2,1,1993,0,0,0,0,0,0,0,0,0,0
80294,1,1,1993,35,35,35,35,35,35,35,35,35,35
80294,2,1,1993,0,0,0,0,0,0,0,0,0,0
80295,1,1,1993,0,0,0,0,0,0,0,0,0,0
80295,2,1,1993,0,0,0,0,0,0,0,0,0,0
80296,1,1,1993,0,0,0,0,0,0,0,0,0,0
80296,2,1,1993,0,0,0,0,0,0,0,0,0,0
80297,1,1,1993,0,0,0,0,0,0,0,0,0,0
80298,1,1,1993,11,11,11,11,11,11,11,11,11,11
80299,1,1,1993,0,0,15,0,0,0,0,0,0,0
80299,2,1,1993,0,0,0,0,0,0,0,0,0,0
80300,1,1,1993,0,0,0,0,0,0,0,0,0,0
80300,2,1,1993,0,0,0,0,0,0,0,0,0,0
80301,1,1,1993,0,0,0,0,0,0,0,0,0,0
80301,2,1,1993,0,0,0,0,0,0,0,0,0,0
80302,1,1,1993,0,0,0,0,0,0,0,0,0,0
80302,2,1,1993,0,0,0,0,0,0,0,0,0,0
80302,3,1,1993,0,0,0,0,0,0,0,0,0,0
80303,0,1,1993,0,0,0,0,0,0,0,0,0,0
80303,1,1,1993,13,4,0,20,0,0,0,0,0,0
80304,1,1,1993,0,0,0,0,0,0,0,0,0,0
80304,2,1,1993,0,0,0,0,0,0,0,0,0,0
80305,1,1,1993,0,0,0,0,0,0,0,0,0,0
80305,2,1,1993,0,0,0,0,0,0,0,0,0,0
80306,1,1,1993,16,16,16,16,16,16,16,16,16,16
80307,0,1,1993,0,0,0,0,0,0,0,0,0,0
80307,1,1,1993,18,18,18,18,18,18,18,18,18,18
80308,0,1,1993,23,23,23,23,23,23,23,23,23,23
80308,1,1,1993,0,0,0,0,0,0,0,0,0,0
80309,1,1,1993,0,0,0,0,0,0,0,0,0,0
80310,1,1,1993,0,0,0,0,0,0,0,0,0,0
80311,1,1,1993,22,22,22,22,22,22,22,22,22,22
80311,2,1,1993,0,0,0,0,0,0,0,0,0,0
80312,1,1,1993,0,0,29,0,0,0,11,0,0,0
80313,1,1,1993,33,33,33,33,33,33,33,33,33,33
80313,2,1,1993,0,0,0,0,0,0,0,0,0,0
80314,1,1,1993,25,25,25,25,25,25,25,25,25,25
80315,1,1,1993,13,13,13,13,13,13,13,13,13,13
80315,2,1,1993,0,0,0,0,0,0,0,0,0,0
80316,1,1,1993,0,0,0,0,0,0,0,0,0,0
80317,1,1,1993,0,0,0,0,0,0,0,0,0,0
80317,2,1,1993,0,0,0,0,0,0,0,0,0,0
80318,1,1,1993,0,0,0,0,0,0,0,0,0,0
80319,1,1,1993,0,0,21,21,10,28,28,37,0,0
80320,1,1,1993,0,0,0,0,0,0,0,0,0,0
80320,2,1,1993,0,0,0,0,0,0,0,0,0,0
80321,1,1,1993,0,0,0,0,0,0,0,0,0,0
80322,1,1,1993,23,23,23,23,23,23,23,23,23,23
80322,2,1,1993,0,0,0,0,0,0,0,0,0,0
80323,1,1,1993,0,0,0,0,0,16,0,0,0,0
80324,1,1,1993,16,16,16,16,16,16,16,16,16,16
80325,1,1,1993,0,0,0,0,0,0,0,0,0,0
80325,2,1,1993,0,0,0,0,0,0,0,0,0,0
80325,3,1,1993,0,0,0,0,0,0,0,0,0,0
80326,0,1,1993,0,0,0,0,0,0,0,0,0,0
80326,0,2,1993,0,0,0,0,0,0,0,0,0,0
80326,0,3,1993,0,0,0,0,0,0,0,0,0,0
80326,0,4,1993,0,0,0,0,0,0,0,0,0,0
80326,1,1,1993,0,0,0,0,0,0,0,0,0,0
80327,1,1,1993,23,23,23,23,23,23,23,23,23,23
80328,0,1,1993,0,0,0,0,0,0,0,0,0,0
80328,1,1,1993,0,0,0,0,0,0,0,0,0,0
80329,1,1,1993,0,0,0,0,0,0,0,0,0,0
80329,2,1,1993,0,0,0,0,0,0,6,0,0,0
80329,3,1,1993,0,0,0,0,0,0,0,0,0,0
80330,1,1,1993,0,0,0,0,0,0,0,0,0,0
80330,2,1,1993,0,0,0,0,0,0,0,0,0,0
80331,1,1,1993,0,0,0,0,0,0,0,0,0,0
80332,1,1,1993,17,17,17,17,17,17,17,17,17,17
80333,1,1,1993,11,11,11,11,11,11,11,11,11,11
80334,1,1,1993,0,0,0,0,0,0,0,0,0,0
80334,2,1,1993,0,0,0,0,0,0,0,0,0,0
80335,1,1,1993,20,20,20,20,20,20,20,20,20,20
80336,1,1,1993,10,10,10,10,10,10,10,10,10,10
80336,2,1,1993,0,0,0,0,0,0,0,0,0,0
80337,1,1,1993,0,0,0,0,0,0,0,0,0,0
80338,1,1,1993,0,0,0,0,0,13,0,0,0,12
80339,1,1,1993,1,1,1,1,1,1,1,1,1,1
80340,0,1,1993,0,0,0,0,0,0,0,0,0,0
80340,1,1,1993,0,0,0,0,0,0,0,0,0,0
80341,1,1,1993,0,0,0,0,0,0,0,0,0,0
80342,1,1,1993,0,0,0,0,0,0,0,0,0,0
80342,2,1,1993,0,0,0,0,0,0,0,0,0,0
80343,0,1,1993,35,35,35,35,35,35,35,35,35,35
80343,1,1,1993,0,0,0,0,0,0,0,28,0,0
80344,0,1,1993,0,0,26,0,0,0,0,0,0,0
80344,1,1,1993,0,0,0,0,0,0,0,0,0,0
80345,1,1,1993,30,30,30,30,30,30,30,30,30,30
80345,2,1,1993,0,0,0,0,0,0,0,0,0,0
80346,1,1,1993,0,0,0,0,0,0,0,0,0,0
80346,2,1,1993,0,0,0,0,0,0,0,0,0,0
80346,3,1,1993,0,0,0,0,0,0,0,0,0,0
80347,1,1,1993,0,0,9,0,0,0,0,0,0,0
80347,2,1,1993,0,0,0,0,0,0,0,0,0,0
80347,3,1,1993,0,0,0,0,0,0,0,0,0,0
80348,0,1,1993,0,0,0,0,0,0,0,0,0,0
80348,1,1,1993,0,0,0,0,0,0,0,0,0,0
80349,1,1,1993,0,0,0,0,0,0,0,0,0,0
80350,1,1,1993,0,0,0,0,0,0,0,0,0,0
80351,1,1,1993,0,0,0,0,0,0,0,0,0,0
80351,2,1,1993,0,0,0,0,0,0,0,0,0,0
80352,1,1,1993,0,0,0,0,0,0,0,0,0,0
80352,2,1,1993,0,0,0,0,0,0,0,0,0,0
80353,1,1,1993,0,0,0,0,0,0,0,0,0,0
80354,0,1,1993,39,39,39,39,39,39,39,39,39,39
80354,1,1,1993,21,21,21,21,21,21,21,21,21,21
80355,1,1,1993,1,1,1,1,1,1,1,1,1,1
80356,1,1,1993,0,0,0,0,0,0,0,0,0,0
80356,2,1,1993,0,0,0,0,0,0,0,0,0,0
80357,1,1,1993,17,27,15,18,13,16,15,28,0,31
80358,0,1,1993,0,0,0,0,0,0,0,0,0,0
80358,0,2,1993,0,0,0,0,0,0,0,0,0,0
80358,1,1,1993,0,0,0,0,0,0,0,0,0,0
80359,1,1,1993,24,24,24,24,24,24,24,24,24,24
80360,0,1,1993,0,0,0,0,0,0,0,0,0,0
80360,1,1,1993,0,0,0,0,0,0,0,0,0,0
80361,1,1,1993,13,13,13,13,13,13,13,13,13,13
80361,2,1,1993,7,7,7,7,7,7,7,7,7,7
80362,1,1,1993,21,21,21,21,21,21,21,21,21,21