ST_CASE,VEH_NO,PER_NO,YEAR,P1,P2,P3,P4,P5,P6,P7,P8,P9,P10
100102,1,1,1993,0,0,0,0,0,0,0,0,0,0
100102,2,1,1993,0,0,0,0,0,0,0,0,0,0
100103,1,1,1993,28,28,28,28,28,28,28,28,28,28
100103,2,1,1993,0,0,0,0,0,0,0,0,0,0
100104,0,1,1993,3,21,22,24,0,14,14,20,16,40
100104,1,1,1993,0,0,0,0,0,0,0,0,0,0
100107,1,1,1993,0,0,0,0,0,0,0,0,0,0
100107,2,1,1993,0,0,0,0,0,0,0,0,0,0
100108,1,1,1993,0,0,0,0,0,0,0,0,0,0
100108,2,1,1993,8,8,8,8,8,8,8,8,8,8
100109,0,1,1993,0,0,0,0,0,0,0,31,0,0
100109,1,1,1993,0,12,6,0,0,6,4,0,15,8
100110,0,1,1993,0,0,4,44,19,11,0,15,4,0
100110,0,2,1993,0,0,0,0,0,0,0,0,0,0
100110,1,1,1993,0,0,0,0,0,0,0,0,0,0
100111,1,1,1993,0,0,0,0,0,0,0,0,0,0
100111,2,1,1993,0,0,0,0,0,0,8,0,0,0
100112,1,1,1993,0,0,0,0,0,0,0,0,0,0
100112,2,1,1993,0,0,0,0,0,0,0,0,0,0
100114,1,1,1993,13,13,13,13,13,13,13,13,13,13
100115,0,1,1993,8,8,8,8,8,8,8,8,8,8
100115,1,1,1993,14,14,14,14,14,14,14,14,14,14
100116,0,1,1993,72,72,72,72,72,72,72,72,72,72
100116,1,1,1993,0,0,0,0,0,0,0,0,0,0
100117,0,1,1993,0,0,0,0,0,0,0,0,0,0
100117,1,1,1993,0,0,0,0,0,0,0,0,0,0
110001,0,1,1993,54,40,0,20,16,0,0,15,11,10
110001,1,1,1993,0,0,0,0,0,0,0,0,0,0
110001,2,1,1993,24,0,12,0,0,19,0,0,0,0
110002,1,1,1993,14,28,16,0,13,26,12,23,9,11
110003,1,1,1993,0,0,13,15,21,0,22,0,20,10
110004,0,1,1993,26,0,9,15,14,0,16,0,18,19
110004,1,1,1993,0,0,0,0,0,0,0,0,0,0
110005,0,1,1993,0,9,0,14,0,0,0,0,14,0
110005,1,1,1993,7,7,7,7,7,7,7,7,7,7
110007,0,1,1993,0,0,0,0,0,0,0,0,0,0
110007,1,1,1993,0,0,0,0,0,0,0,0,0,0
110008,1,1,1993,0,0,0,0,0,0,0,0,0,0
110008,2,1,1993,0,9,0,0,0,0,0,0,0,0
110009,1,1,1993,0,0,0,19,0,17,0,25,0,0
110010,1,1,1993,8,4,4,12,17,14,9,9,25,3
110011,1,1,1993,10,6,11,16,0,9,5,0,17,0
110011,2,1,1993,18,0,6,20,6,12,0,14,21,0
110012,1,1,1993,0,0,0,0,0,0,0,0,0,0
110012,2,1,1993,0,0,0,0,0,0,0,0,0,0
110013,0,1,1993,0,0,13,0,0,0,0,0,23,0
110013,1,1,1993,0,0,0,0,0,0,0,0,0,0
110014,0,1,1993,0,27,0,0,0,0,0,6,0,0
110014,1,1,1993,0,0,0,0,0,0,0,0,0,0
110015,1,1,1993,3,0,6,0,0,0,0,0,0,0
110015,2,1,1993,0,0,16,0,15,0,13,28,0,0
110015,3,1,1993,0,0,0,9,0,0,0,0,0,0
110016,0,1,1993,0,0,0,0,0,0,0,0,0,0
110016,1,1,1993,9,0,0,0,0,0,11,0,0,0
110017,0,1,1993,0,0,0,0,0,0,19,0,0,21
110017,1,1,1993,12,12,12,12,12,12,12,12,12,12
110018,1,1,1993,0,0,7,0,0,13,0,16,0,0
110018,2,1,1993,0,0,11,0,0,0,0,0,0,0
110018,3,1,1993,0,26,0,0,4,12,7,0,0,0
110019,0,1,1993,17,0,11,0,10,0,0,13,22,39
110019,1,1,1993,15,14,19,18,0,0,0,0,23,24
110020,0,1,1993,11,0,19,0,0,0,0,0,13,0
110021,1,1,1993,0,20,0,0,0,0,0,7,14,0
110021,2,1,1993,0,0,0,0,0,0,0,0,0,20
110022,0,1,1993,3,0,0,0,0,0,0,0,0,0
110022,1,1,1993,0,0,0,4,0,0,0,0,0,0
110023,0,1,1993,0,0,31,0,24,20,10,20,18,0
110023,1,1,1993,19,0,25,4,9,20,13,19,0,9
110023,2,1,1993,0,13,0,15,0,15,5,0,6,18
110024,0,1,1993,0,0,0,0,0,0,0,0,0,0
110024,1,1,1993,0,0,0,0,0,0,0,0,0,0
110025,0,1,1993,15,6,20,35,13,8,22,28,0,0
110025,1,1,1993,0,0,0,0,0,0,0,0,0,0
110026,1,1,1993,9,0,17,29,0,21,17,30,0,5
110027,1,1,1993,0,0,0,0,0,0,19,0,0,0
110027,2,1,1993,0,0,0,0,0,0,0,0,0,0
110027,3,1,1993,0,0,0,0,0,0,0,0,0,0
110028,0,1,1993,0,0,0,0,0,0,0,0,0,0
110028,1,1,1993,0,17,0,0,0,0,0,0,0,0
110028,3,1,1993,0,0,0,0,15,3,0,0,0,0
110029,1,1,1993,0,0,0,0,0,22,0,0,12,0
110030,1,1,1993,0,0,0,0,0,0,0,16,0,0
110031,1,1,1993,16,0,0,0,18,0,0,0,0,0
110032,0,1,1993,0,0,0,0,0,0,0,0,0,0
110032,1,1,1993,0,0,0,0,0,0,0,0,0,0
110034,1,1,1993,0,0,0,0,0,0,0,0,16,0
110035,0,1,1993,28,0,0,0,0,0,0,0,0,0
110035,1,1,1993,0,0,0,0,0,0,0,0,4,0
110035,2,1,1993,0,0,0,0,0,0,0,0,0,0
110036,0,1,1993,0,0,0,21,0,0,24,11,0,5
110036,1,1,1993,0,0,0,26,0,29,0,0,0,0
110037,1,1,1993,0,12,0,13,0,11,0,0,0,0
110038,1,1,1993,9,0,9,13,0,5,0,0,0,0
110038,2,1,1993,0,0,0,0,0,0,0,6,0,0
110039,0,1,1993,0,0,0,0,0,0,0,11,0,0
110039,1,1,1993,0,0,0,0,0,0,0,0,0,0
110040,1,1,1993,0,11,9,0,0,0,12,0,0,0
110041,0,1,1993,18,20,19,37,27,35,0,21,29,28
110041,1,1,1993,17,0,0,0,12,12,0,11,15,4
110042,1,1,1993,0,0,0,0,0,12,0,0,0,0
110042,2,1,1993,0,0,0,0,0,0,0,0,0,0
110043,0,1,1993,0,6,0,0,0,0,0,0,0,12
110043,1,1,1993,0,0,0,0,17,0,0,0,0,0
110044,1,1,1993,5,0,0,23,0,0,0,0,0,0
110045,1,1,1993,10,0,0,0,0,0,0,15,0,0
110046,1,1,1993,12,10,18,26,10,7,0,0,0,20
110047,1,1,1993,0,0,0,0,0,0,0,0,0,0
110047,2,1,1993,0,0,0,0,0,0,0,0,0,0
110048,1,1,1993,4,4,4,4,4,4,4,4,4,4
110048,2,1,1993,9,19,24,0,27,0,11,0,6,0
110049,0,1,1993,26,0,0,0,0,0,0,0,0,0
110049,1,1,1993,0,0,0,0,4,0,0,0,0,0
110051,0,1,1993,25,23,20,10,20,12,23,0,9,31
110051,1,1,1993,0,0,0,0,0,0,0,0,5,0
110051,2,1,1993,0,32,0,18,16,19,0,14,0,0
110051,3,1,1993,0,0,8,0,0,0,0,0,0,0
110051,4,1,1993,0,0,0,0,0,0,0,0,0,0
110051,5,1,1993,0,0,0,0,0,0,0,0,0,0
110051,6,1,1993,0,0,0,0,0,0,0,0,0,0
110051,7,1,1993,0,0,0,0,0,0,0,0,0,0
110051,8,1,1993,0,0,0,12,0,17,0,0,18,0
110052,0,1,1993,0,0,17,0,0,0,0,27,13,0
110052,1,1,1993,19,0,0,0,0,0,15,0,0,0
110053,1,1,1993,0,0,0,0,0,0,0,0,0,0
110053,2,1,1993,0,0,0,0,0,0,0,0,0,0
110054,1,1,1993,15,0,12,0,20,20,0,0,0,14
110055,0,1,1993,26,0,0,0,0,0,0,0,0,0
110055,1,1,1993,0,0,0,0,0,0,0,0,0,0
110056,0,1,1993,35,0,0,0,19,0,0,0,0,0
110056,1,1,1993,0,0,0,9,0,0,0,0,0,0
110059,1,1,1993,0,0,0,0,0,0,0,0,0,0
110059,2,1,1993,0,0,0,0,0,0,0,14,0,0
110061,0,1,1993,0,0,0,0,0,0,14,0,0,0
110061,1,1,1993,0,0,0,0,0,5,0,0,0,0
120001,1,1,1993,17,17,17,17,17,17,17,17,17,17
120001,2,1,1993,0,0,0,0,0,0,0,0,0,0
120002,1,1,1993,27,27,27,27,27,27,27,27,27,27
120002,2,1,1993,0,14,0,0,0,7,0,0,0,0
120003,1,1,1993,0,0,0,0,0,0,0,0,0,0
120003,2,1,1993,0,0,0,0,0,0,0,0,0,0
120003,3,1,1993,0,0,0,0,0,0,0,0,0,0
120004,1,1,1993,14,14,14,14,14,14,14,14,14,14
120004,2,1,1993,0,0,0,0,0,0,0,0,0,0
120005,0,1,1993,21,21,21,21,21,21,21,21,21,21
120005,1,1,1993,0,0,0,0,0,0,0,0,0,0
120006,1,1,1993,0,0,0,0,0,0,0,0,0,0
120006,2,1,1993,0,0,0,0,0,0,0,0,0,0
120007,0,1,1993,0,0,0,0,0,0,0,0,0,0
120007,1,1,1993,0,13,0,0,0,0,0,0,9,0
120008,1,1,1993,8,0,15,0,12,9,0,0,0,0
120009,1,1,1993,0,0,0,0,0,0,0,0,0,0
120010,1,1,1993,0,0,0,0,0,0,0,0,0,0
120011,1,1,1993,0,0,0,0,0,0,0,0,0,0
120012,1,1,1993,11,11,11,11,11,11,11,11,11,11
120012,2,1,1993,0,0,0,0,0,0,0,0,0,0
120013,1,1,1993,22,22,22,22,22,22,22,22,22,22
120013,2,1,1993,22,22,22,22,22,22,22,22,22,22
120014,1,1,1993,25,25,25,25,25,25,25,25,25,25
120015,1,1,1993,0,0,0,0,9,0,0,0,0,0
120016,0,1,1993,22,22,22,22,22,22,22,22,22,22
120016,1,1,1993,15,6,0,0,12,0,0,0,12,0
120017,1,1,1993,0,0,0,0,0,0,0,0,0,0
120017,2,1,1993,0,0,0,0,0,0,0,0,0,0
120018,1,1,1993,0,0,0,0,39,0,24,0,0,0
120019,1,1,1993,0,0,0,0,0,0,0,0,0,0
120019,2,1,1993,0,0,0,0,0,0,0,0,0,0
120020,0,1,1993,0,0,0,0,0,0,0,0,0,0
120020,1,1,1993,0,0,0,0,0,0,0,0,0,0
120021,1,1,1993,0,0,0,0,0,0,0,0,0,0
120021,2,1,1993,0,0,0,0,0,0,0,0,0,0
120022,1,1,1993,0,0,0,0,0,0,0,0,0,0
120022,2,1,1993,0,0,0,0,0,0,0,0,0,0
120023,1,1,1993,0,0,0,0,0,0,0,0,0,0
120024,0,1,1993,0,0,0,0,0,0,0,0,0,0
120024,1,1,1993,0,0,0,0,0,0,0,0,0,0
120025,1,1,1993,12,12,12,12,12,12,12,12,12,12
120026,1,1,1993,0,0,13,0,0,0,0,0,0,0
120026,2,1,1993,0,0,0,0,0,0,0,0,0,9
120027,1,1,1993,23,23,23,23,23,23,23,23,23,23
120028,1,1,1993,13,13,13,13,13,13,13,13,13,13
120029,0,1,1993,0,0,0,0,0,0,0,0,0,0
120029,1,1,1993,7,7,7,7,7,7,7,7,7,7
120030,1,1,1993,27,27,27,27,27,27,27,27,27,27
120030,2,1,1993,0,0,0,0,0,0,0,0,0,0
120031,0,1,1993,0,0,0,0,0,0,0,0,0,0
120031,1,1,1993,0,0,0,0,0,0,0,0,0,0
120032,1,1,1993,24,24,24,24,24,24,24,24,24,24
120032,2,1,1993,0,12,0,0,0,0,0,0,0,0
120033,1,1,1993,0,0,0,0,0,0,0,0,0,0
120033,2,1,1993,0,0,0,0,0,0,0,0,0,0
120034,1,1,1993,21,21,21,21,21,21,21,21,21,21
120035,1,1,1993,0,0,0,0,0,0,0,0,0,0
120035,2,1,1993,0,0,0,0,0,0,0,0,0,0
120035,3,1,1993,0,0,0,0,0,0,0,0,0,0
120035,4,1,1993,0,0,0,0,0,0,0,0,0,0
120035,5,1,1993,0,0,0,0,0,0,0,0,0,0
120036,0,1,1993,26,26,26,26,26,26,26,26,26,26
120036,1,1,1993,0,0,0,0,0,0,0,0,0,0
120037,1,1,1993,0,0,0,0,0,0,0,0,0,0
120037,2,1,1993,0,0,0,0,0,0,0,0,0,0
120037,3,1,1993,0,0,0,0,0,0,0,0,0,0
120037,4,1,1993,0,0,0,0,0,0,0,0,0,0
120037,5,1,1993,0,0,0,0,0,0,0,0,0,0
120038,1,1,1993,0,0,0,0,0,0,0,0,0,0
120038,2,1,1993,0,0,0,0,0,0,0,0,0,0
120038,3,1,1993,0,0,0,0,0,0,0,0,0,0
120039,1,1,1993,28,28,28,28,28,28,28,28,28,28
120039,2,1,1993,0,0,0,0,0,0,0,0,0,0
120040,1,1,1993,0,0,0,0,0,0,0,0,0,0
120040,2,1,1993,13,13,13,13,13,13,13,13,13,13
120041,1,1,1993,0,0,0,0,0,0,0,0,0,0
120041,2,1,1993,0,0,0,0,0,0,0,0,0,0
120042,1,1,1993,14,14,14,14,14,14,14,14,14,14
120043,0,1,1993,26,26,26,26,26,26,26,26,26,26
120043,1,1,1993,0,3,0,0,0,0,0,0,0,3
120044,1,1,1993,0,0,0,0,0,0,0,0,0,0
120045,1,1,1993,0,0,0,0,0,0,0,0,0,0
120045,2,1,1993,0,0,0,0,0,0,0,0,0,0
120046,1,1,1993,0,39,0,0,0,0,0,0,0,11
120046,2,1,1993,0,10,0,0,0,0,0,0,0,0
120047,0,1,1993,0,0,0,0,0,0,0,0,0,0
120047,1,1,1993,0,0,0,0,0,0,0,0,0,0
120048,1,1,1993,19,19,19,19,19,19,19,19,19,19
120049,1,1,1993,0,0,0,0,0,0,0,0,0,0
120050,1,1,1993,0,0,0,0,0,0,0,0,0,0
120051,1,1,1993,3,3,3,3,3,3,3,3,3,3
120051,2,1,1993,0,0,0,0,0,0,0,0,0,0
120052,0,1,1993,16,32,31,15,18,5,19,16,21,15
120052,1,1,1993,20,20,20,20,20,20,20,20,20,20
120052,2,1,1993,0,0,0,0,0,0,0,0,0,0
120053,1,1,1993,23,23,23,23,23,23,23,23,23,23
120053,2,1,1993,0,0,0,0,0,0,0,0,0,0
120054,1,1,1993,0,0,0,0,0,0,0,0,0,0
120054,2,1,1993,0,0,0,0,0,0,0,0,0,0
120055,1,1,1993,0,0,0,0,0,0,0,0,0,0
120055,2,1,1993,0,0,0,0,0,0,0,0,0,0
120056,1,1,1993,15,15,15,15,15,15,15,15,15,15
120056,2,1,1993,0,0,0,0,0,0,0,0,0,0
120057,1,1,1993,12,12,12,12,12,12,12,12,12,12
120059,0,1,1993,0,0,0,0,0,0,0,0,0,0
120059,1,1,1993,0,0,0,0,0,0,0,0,0,0
120060,0,1,1993,2,2,2,2,2,2,2,2,2,2
120060,1,1,1993,0,11,0,0,0,0,0,0,0,0
120061,0,1,1993,0,0,0,0,0,0,0,0,0,0
120061,1,1,1993,0,0,0,0,0,0,0,0,0,0
120062,0,1,1993,17,17,17,17,17,17,17,17,17,17
120062,1,1,1993,0,0,0,0,0,0,0,0,0,0
120063,1,1,1993,23,23,23,23,23,23,23,23,23,23
120063,2,1,1993,0,0,0,0,0,0,0,0,0,0
120064,1,1,1993,16,16,16,16,16,16,16,16,16,16
120065,1,1,1993,9,9,9,9,9,9,9,9,9,9
120066,1,1,1993,26,26,26,26,26,26,26,26,26,26
120066,2,1,1993,0,0,0,0,0,0,0,0,0,0
120067,1,1,1993,27,27,27,27,27,27,27,27,27,27
120068,1,1,1993,0,0,0,0,0,0,0,0,0,0
120068,2,1,1993,0,0,0,0,0,0,0,0,0,0
120068,3,1,1993,0,0,0,0,0,0,0,0,0,0
120069,1,1,1993,0,0,0,0,0,0,0,0,0,0
120069,2,1,1993,0,0,0,0,0,0,0,0,0,0
120069,3,1,1993,0,0,0,0,0,0,0,0,0,0
120070,1,1,1993,32,32,32,32,32,32,32,32,32,32
120070,2,1,1993,11,11,11,11,11,11,11,11,11,11
120071,1,1,1993,0,0,0,0,0,0,0,0,0,0
120071,2,1,1993,0,0,0,0,0,0,0,0,0,0
120071,3,1,1993,0,0,0,0,0,0,0,0,0,0
120072,1,1,1993,0,0,0,0,0,0,0,0,0,0
120072,2,1,1993,0,0,0,0,0,0,0,0,0,0
120073,1,1,1993,0,0,0,22,0,0,0,0,0,0
120073,2,1,1993,0,0,0,0,0,0,0,0,0,0
120074,1,1,1993,12,11,9,24,22,14,20,16,2,0
120074,2,1,1993,0,0,0,10,0,0,0,0,0,24
120075,1,1,1993,0,0,0,0,0,0,0,0,0,0
120075,2,1,1993,0,0,0,0,0,0,0,0,0,0
120076,0,1,1993,9,9,9,9,9,9,9,9,9,9
120076,1,1,1993,0,0,0,0,0,0,0,0,0,0
120077,1,1,1993,0,0,0,0,0,0,0,0,0,0
120077,2,1,1993,0,0,0,0,0,0,0,0,0,0
120078,1,1,1993,0,0,0,0,0,0,0,0,0,0
120078,2,1,1993,0,0,0,0,0,0,0,0,0,0
120079,0,1,1993,0,0,0,0,0,0,0,0,0,0
120079,1,1,1993,0,0,0,0,0,0,0,0,0,0
120080,1,1,1993,3,3,3,3,3,3,3,3,3,3
120081,1,1,1993,0,0,0,0,0,0,0,0,0,0
120081,2,1,1993,0,0,0,0,0,4,0,0,0,0
120082,1,1,1993,9,9,9,9,9,9,9,9,9,9
120083,0,1,1993,17,0,0,0,0,25,0,0,25,0
120083,0,2,1993,0,0,3,0,0,0,0,0,0,0
120083,1,1,1993,0,0,0,0,13,0,0,0,0,0
120084,1,1,1993,20,20,20,20,20,20,20,20,20,20
120084,2,1,1993,0,0,0,0,0,0,0,0,0,0
120085,1,1,1993,8,8,8,8,8,8,8,8,8,8
120085,2,1,1993,0,0,0,0,0,0,0,0,0,0
120086,1,1,1993,5,5,5,5,5,5,5,5,5,5
120086,2,1,1993,0,0,0,0,0,0,0,0,0,0
120087,1,1,1993,0,0,0,0,0,0,0,0,0,0
120088,1,1,1993,17,17,17,17,17,17,17,17,17,17
120089,1,1,1993,19,19,19,19,19,19,19,19,19,19
120089,2,1,1993,0,0,0,0,0,0,0,0,0,0
120089,3,1,1993,0,0,0,0,0,0,0,0,0,0
120090,1,1,1993,0,0,0,0,0,0,0,0,0,0
120090,2,1,1993,0,0,0,0,0,0,0,0,0,0
120091,1,1,1993,29,29,29,29,29,29,29,29,29,29
120091,2,1,1993,0,0,0,0,0,0,0,0,0,0
120092,1,1,1993,16,16,16,16,16,16,16,16,16,16
120093,1,1,1993,0,0,0,0,0,0,0,0,0,0
120093,2,1,1993,0,0,0,0,0,0,0,0,0,0
120094,0,1,1993,22,22,22,22,22,22,22,22,22,22
120094,1,1,1993,0,0,0,0,0,0,2,0,0,0
120095,1,1,1993,0,0,0,0,0,0,0,0,0,0
120095,2,1,1993,0,0,0,9,0,0,0,0,0,0
120096,1,1,1993,0,0,0,0,0,0,0,0,0,0
120096,2,1,1993,0,0,0,0,0,0,0,0,0,0
120096,3,1,1993,0,0,0,0,0,0,0,0,0,0
120097,1,1,1993,0,0,0,0,0,0,0,0,0,0
120097,2,1,1993,0,0,0,0,0,0,0,0,0,0
120097,3,1,1993,0,0,0,0,0,0,0,0,0,0
120098,1,1,1993,26,26,26,26,26,26,26,26,26,26
120098,2,1,1993,26,26,26,26,26,26,26,26,26,26
120099,0,1,1993,0,0,0,0,0,0,0,0,0,0
120099,1,1,1993,0,0,0,0,0,0,0,0,0,0
120100,1,1,1993,0,0,0,0,0,0,0,0,0,0
120100,2,1,1993,0,10,0,0,21,0,10,0,0,0
120101,1,1,1993,0,0,0,0,0,0,0,0,0,0
120101,2,1,1993,0,0,0,0,0,0,0,10,0,0
120101,3,1,1993,0,0,0,0,0,0,0,0,0,0
120102,0,1,1993,12,12,12,12,12,12,12,12,12,12
120102,1,1,1993,0,0,0,0,0,0,2,0,0,0
120103,1,1,1993,0,0,0,0,0,0,0,0,0,0
120103,2,1,1993,0,0,0,0,0,0,0,0,0,0
120104,1,1,1993,0,0,0,0,0,0,0,0,0,0
120104,2,1,1993,0,0,0,0,0,0,0,0,0,0
120105,1,1,1993,0,0,0,0,0,0,0,0,0,0
120106,0,1,1993,0,0,0,0,0,0,0,0,0,0
120106,1,1,1993,12,12,12,12,12,12,12,12,12,12
120107,1,1,1993,0,0,0,0,0,0,0,0,0,0
120108,0,1,1993,18,18,18,18,18,18,18,18,18,18
120108,1,1,1993,0,11,10,11,0,0,0,9,0,20
120109,1,1,1993,0,0,0,0,0,0,0,0,0,0
120109,2,1,1993,0,0,0,0,0,0,10,0,0,0
120110,1,1,1993,23,23,23,23,23,23,23,23,23,23
120111,1,1,1993,8,22,23,25,11,0,14,12,0,15
120112,1,1,1993,10,0,0,0,0,0,0,0,0,0
120112,2,1,1993,0,0,0,0,0,0,0,0,0,0
120113,1,1,1993,8,8,8,8,8,8,8,8,8,8
120114,1,1,1993,0,0,0,0,0,0,0,0,0,0
120114,2,1,1993,4,4,4,4,4,4,4,4,4,4
120115,1,1,1993,0,0,0,0,0,0,0,0,0,0
120115,2,1,1993,0,0,0,0,0,0,0,0,0,0
120115,3,1,1993,30,30,30,30,30,30,30,30,30,30
120116,1,1,1993,16,16,16,16,16,16,16,16,16,16
120117,1,1,1993,0,0,0,0,0,0,0,0,0,0
120117,2,1,1993,0,0,0,12,0,0,0,0,0,0
120118,0,1,1993,0,0,0,0,20,0,0,0,0,0
120118,1,1,1993,0,0,0,0,0,0,0,0,0,0
120119,1,1,1993,0,0,0,0,0,0,0,0,0,0
120119,2,1,1993,0,0,0,0,0,0,0,0,0,0
120119,3,1,1993,0,0,0,0,0,0,0,0,0,0
120120,0,1,1993,0,0,0,0,0,0,0,34,0,0
120120,1,1,1993,1,1,1,1,1,1,1,1,1,1
120121,1,1,1993,0,0,0,0,0,0,0,19,0,0
120121,2,1,1993,0,0,0,0,0,0,0,0,0,0
120122,0,1,1993,33,33,33,33,33,33,33,33,33,33
120122,1,1,1993,0,0,0,0,0,0,0,0,0,0
120123,1,1,1993,0,0,0,0,0,0,0,0,0,0
120123,2,1,1993,0,0,0,0,0,0,0,0,0,0
120123,3,1,1993,14,0,0,0,0,0,0,0,0,0
120123,4,1,1993,0,0,0,0,0,0,0,0,0,0
120124,0,1,1993,0,0,0,0,0,0,0,0,0,0
120124,0,2,1993,0,0,27,0,8,0,0,0,0,0
120124,1,1,1993,0,18,0,0,0,0,0,0,0,0
120125,1,1,1993,0,0,0,0,0,0,0,0,0,0
120125,2,1,1993,0,0,0,0,0,0,0,0,0,0
120126,1,1,1993,0,0,0,0,0,0,0,0,0,0
120126,2,1,1993,0,0,0,0,0,0,0,0,0,0
120126,3,1,1993,0,0,0,0,0,0,0,0,0,0
120127,1,1,1993,8,8,8,8,8,8,8,8,8,8
120128,1,1,1993,0,0,0,0,0,0,0,0,0,0
120129,1,1,1993,9,9,9,9,9,9,9,9,9,9
120130,1,1,1993,12,12,12,12,12,12,12,12,12,12
120130,2,1,1993,0,0,0,0,0,0,0,0,0,0
120131,1,1,1993,17,17,17,17,17,17,17,17,17,17
120132,1,1,1993,0,0,0,0,0,0,0,0,0,0
120132,2,1,1993,0,0,0,0,0,0,0,0,0,0
120133,1,1,1993,0,0,0,0,0,0,0,0,0,0
120133,2,1,1993,0,0,0,0,0,0,0,0,0,0
120134,1,1,1993,0,0,0,0,0,0,0,0,0,0
120134,2,1,1993,0,0,0,0,0,0,0,0,0,0
120135,0,1,1993,0,0,0,0,0,0,0,0,0,0
120135,1,1,1993,0,0,0,0,0,0,0,0,0,0
120135,2,1,1993,0,0,0,0,0,0,0,0,0,0
120136,1,1,1993,0,0,0,0,0,0,0,10,0,0
120136,2,1,1993,0,0,0,0,0,0,0,0,0,0
120137,1,1,1993,0,0,0,0,0,0,0,0,0,0
120138,1,1,1993,0,0,0,0,0,0,0,0,0,0
120138,2,1,1993,36,36,36,36,36,36,36,36,36,36
120139,1,1,1993,22,22,22,22,22,22,22,22,22,22
120139,2,1,1993,9,9,9,9,9,9,9,9,9,9
120140,1,1,1993,16,16,16,16,16,16,16,16,16,16
120140,2,1,1993,0,0,0,0,0,0,0,0,0,0
120140,3,1,1993,0,0,0,0,0,0,0,0,0,0
120141,1,1,1993,0,0,0,0,0,0,0,0,0,0
120141,2,1,1993,0,0,0,0,0,0,0,0,0,0
120142,1,1,1993,0,0,0,0,16,0,0,0,10,0
120143,1,1,1993,0,0,0,0,0,0,0,0,0,0
120143,2,1,1993,0,0,0,0,0,0,0,0,0,0
120144,0,1,1993,0,0,0,0,0,0,0,0,0,0
120144,1,1,1993,0,0,0,0,0,0,0,0,0,0
120145,1,1,1993,32,32,32,32,32,32,32,32,32,32
120145,2,1,1993,0,0,0,0,0,0,0,0,0,0
120146,1,1,1993,0,0,0,0,0,0,0,0,0,0
120146,2,1,1993,0,0,0,14,3,0,0,0,0,0
120146,3,1,1993,0,0,0,0,0,0,0,0,0,0
120147,1,1,1993,0,0,0,0,0,0,0,0,0,0
120147,2,1,1993,6,11,11,0,0,0,13,19,9,16
120148,0,1,1993,0,0,0,0,0,0,0,13,0,0
120148,1,1,1993,0,0,0,0,0,0,0,0,0,0
120149,1,1,1993,17,17,17,17,17,17,17,17,17,17
120150,1,1,1993,25,25,25,25,25,25,25,25,25,25
120151,1,1,1993,0,0,0,0,0,0,0,0,0,0
120151,2,1,1993,0,0,0,0,0,0,0,0,0,0
120152,1,1,1993,0,0,0,0,0,0,0,0,0,0
120152,2,1,1993,0,0,0,0,0,0,0,0,0,0
120153,1,1,1993,3,3,3,3,3,3,3,3,3,3
120154,1,1,1993,0,0,0,0,0,0,0,0,0,0
120154,2,1,1993,0,0,0,0,0,0,0,0,0,0
120155,1,1,1993,0,0,0,0,0,0,0,0,0,0
120155,2,1,1993,23,23,23,23,23,23,23,23,23,23
120156,1,1,1993,0,0,0,0,0,0,0,0,0,0
120156,2,1,1993,0,0,0,0,0,0,0,0,0,0
120157,1,1,1993,7,7,7,7,7,7,7,7,7,7
120157,2,1,1993,20,20,20,20,20,20,20,20,20,20
120158,1,1,1993,23,23,23,23,23,23,23,23,23,23
120159,1,1,1993,31,31,31,31,31,31,31,31,31,31
120159,2,1,1993,0,0,0,0,0,0,0,0,0,8
120160,1,1,1993,26,26,26,26,26,26,26,26,26,26
120161,1,1,1993,0,0,0,0,0,0,0,0,0,0
120161,2,1,1993,0,0,0,0,0,0,0,0,0,0
120162,1,1,1993,0,0,0,0,0,0,0,0,0,0
120163,1,1,1993,0,0,18,16,0,0,0,11,0,7
120164,0,1,1993,0,0,0,0,0,0,0,10,22,0
120164,1,1,1993,0,0,0,0,0,0,0,0,0,11
120165,1,1,1993,23,23,23,23,23,23,23,23,23,23
120166,0,1,1993,0,0,0,0,0,0,0,0,0,0
120166,1,1,1993,0,0,0,0,0,0,0,0,0,0
120167,0,1,1993,20,20,20,20,20,20,20,20,20,20
120167,1,1,1993,11,12,20,16,23,9,16,9,13,15
120169,1,1,1993,0,0,0,0,0,0,0,0,0,0
120170,1,1,1993,21,21,21,21,21,21,21,21,21,21
120170,2,1,1993,20,20,20,20,20,20,20,20,20,20
120171,1,1,1993,22,22,22,22,22,22,22,22,22,22
120172,1,1,1993,10,10,10,10,10,10,10,10,10,10
120172,2,1,1993,0,0,0,0,0,0,0,0,0,0
120172,3,1,1993,0,0,0,0,0,0,0,0,0,0
120173,1,1,1993,10,10,10,10,10,10,10,10,10,10
120174,1,1,1993,16,16,16,16,16,16,16,16,16,16
120175,1,1,1993,0,0,0,0,0,0,0,0,0,0
120175,2,1,1993,0,0,0,0,0,0,0,0,0,0
120176,1,1,1993,0,0,0,0,0,0,0,0,0,0
120176,2,1,1993,0,0,0,0,0,0,0,0,0,0
120177,1,1,1993,20,20,20,20,20,20,20,20,20,20
120177,2,1,1993,0,0,0,0,0,0,0,0,0,0