ST_CASE,VEH_NO,PER_NO,YEAR,P1,P2,P3,P4,P5,P6,P7,P8,P9,P10
120178,1,1,1993,0,0,0,0,0,0,0,0,0,0
120178,2,1,1993,0,0,0,0,0,0,0,0,0,0
120179,1,1,1993,0,0,0,0,0,7,0,0,0,0
120179,2,1,1993,7,0,0,0,0,0,0,0,0,12
120180,1,1,1993,0,0,0,0,0,0,0,0,0,0
120181,1,1,1993,0,0,0,0,0,0,0,0,0,0
120181,2,1,1993,0,0,0,0,0,0,0,0,0,0
120182,0,1,1993,0,0,0,0,0,0,0,0,0,0
120182,1,1,1993,0,0,0,0,0,0,0,0,0,0
120183,1,1,1993,0,11,23,0,0,0,17,0,25,0
120183,2,1,1993,0,0,0,0,0,0,0,0,0,0
120184,0,1,1993,0,0,55,0,15,0,13,0,12,18
120184,1,1,1993,0,0,0,0,0,0,0,0,0,0
120185,1,1,1993,11,3,9,12,0,0,10,17,0,0
120185,2,1,1993,0,0,0,0,0,0,0,0,0,0
120186,1,1,1993,0,0,0,0,0,0,0,0,0,0
120186,2,1,1993,0,0,0,0,0,0,0,0,0,0
120187,1,1,1993,22,22,22,22,22,22,22,22,22,22
120187,2,1,1993,0,0,0,0,0,0,23,11,0,0
120187,3,1,1993,0,0,0,0,0,0,0,0,17,0
120188,0,1,1993,27,27,27,27,27,27,27,27,27,27
120188,1,1,1993,0,0,0,0,0,0,0,0,0,0
120189,1,1,1993,0,0,0,0,0,0,0,0,0,0
120190,1,1,1993,0,0,0,0,0,0,0,0,0,0
120190,2,1,1993,0,0,0,0,0,0,0,0,0,0
120191,1,1,1993,0,0,0,0,0,0,0,0,0,0
120191,2,1,1993,0,0,0,0,0,0,0,0,0,0
120192,0,1,1993,28,28,28,28,28,28,28,28,28,28
120192,1,1,1993,0,0,0,0,0,0,0,0,0,0
120193,1,1,1993,0,0,0,0,0,0,0,0,0,0
120194,1,1,1993,17,17,17,17,17,17,17,17,17,17
120195,1,1,1993,4,4,4,4,4,4,4,4,4,4
120196,0,1,1993,0,0,0,0,0,0,0,0,0,0
120196,1,1,1993,24,24,24,24,24,24,24,24,24,24
120196,2,1,1993,0,0,0,0,0,0,0,0,0,0
120197,0,1,1993,0,0,0,0,0,0,0,0,0,0
120197,1,1,1993,0,0,0,0,0,0,0,0,0,0
120198,1,1,1993,0,0,0,0,0,0,0,0,0,0
120198,2,1,1993,0,0,0,0,0,0,0,0,0,0
120198,3,1,1993,0,0,0,0,0,0,0,0,0,0
120199,1,1,1993,0,0,0,0,0,0,0,0,0,0
120199,2,1,1993,0,0,0,0,0,0,0,0,0,0
120199,3,1,1993,0,0,0,0,0,0,0,0,0,0
120200,1,1,1993,0,0,0,0,0,0,0,0,0,0
120200,2,1,1993,0,0,0,0,0,10,0,0,0,0
120201,0,1,1993,0,0,0,0,0,0,0,0,0,0
120201,1,1,1993,0,0,0,0,0,0,0,0,0,0
120202,1,1,1993,0,0,0,0,0,0,0,0,0,0
120203,0,1,1993,0,0,0,0,0,0,0,0,0,0
120203,1,1,1993,15,9,23,11,11,24,0,27,13,8
120204,1,1,1993,0,0,0,0,0,0,0,0,0,0
120204,2,1,1993,0,0,0,0,0,0,0,0,0,0
120205,1,1,1993,16,16,16,16,16,16,16,16,16,16
120206,1,1,1993,0,0,0,0,0,0,0,0,0,0
120207,1,1,1993,0,0,0,0,0,11,0,0,0,0
120208,1,1,1993,0,0,0,0,0,0,0,0,0,0
120209,1,1,1993,0,0,0,0,0,0,0,0,0,0
120209,2,1,1993,0,0,0,0,0,0,0,0,0,0
120210,0,1,1993,10,0,11,4,14,8,8,31,14,28
120210,1,1,1993,0,21,21,0,0,10,0,0,0,0
120211,1,1,1993,4,4,4,4,4,4,4,4,4,4
120211,2,1,1993,0,0,0,0,0,0,0,0,0,0
120212,1,1,1993,0,0,0,0,0,0,0,0,0,0
120212,2,1,1993,0,0,0,0,0,0,0,0,0,0
120213,0,1,1993,17,0,19,34,0,0,0,0,0,0
120213,1,1,1993,0,0,0,0,0,0,0,0,0,0
120214,1,1,1993,26,23,16,15,30,20,12,16,18,24
120216,1,1,1993,0,0,0,0,0,0,0,0,0,0
120216,2,1,1993,0,0,0,0,0,0,0,0,0,0
120216,3,1,1993,0,0,0,0,0,0,0,0,0,0
120217,1,1,1993,8,8,8,8,8,8,8,8,8,8
120217,2,1,1993,0,0,0,0,0,18,0,0,0,0
120218,0,1,1993,0,0,0,0,0,0,0,0,0,0
120218,1,1,1993,0,0,0,0,0,0,0,0,0,0
120219,1,1,1993,13,13,13,13,13,13,13,13,13,13
120220,1,1,1993,10,10,10,10,10,10,10,10,10,10
120221,1,1,1993,0,0,0,0,0,0,0,0,0,0
120221,2,1,1993,17,17,17,17,17,17,17,17,17,17
120222,1,1,1993,17,17,17,17,17,17,17,17,17,17
120222,2,1,1993,0,0,0,0,0,0,0,0,0,0
120223,1,1,1993,0,0,0,0,0,0,0,0,0,0
120224,1,1,1993,0,0,0,0,0,0,0,0,0,0
120224,2,1,1993,0,0,0,0,0,0,0,0,0,0
120225,0,1,1993,0,0,0,0,0,0,0,0,0,0
120225,1,1,1993,0,0,0,0,0,0,0,0,0,0
120226,0,1,1993,0,0,0,0,0,0,0,0,0,0
120226,1,1,1993,0,0,0,0,0,0,0,0,0,0
120227,1,1,1993,0,0,0,0,0,0,0,0,0,0
120228,1,1,1993,9,9,9,9,9,9,9,9,9,9
120228,2,1,1993,0,0,0,0,0,0,0,0,0,0
120229,0,1,1993,0,0,0,0,0,0,0,0,0,0
120229,1,1,1993,0,0,0,0,0,0,0,0,0,0
120231,1,1,1993,13,13,13,13,13,13,13,13,13,13
120231,2,1,1993,0,0,0,0,0,0,0,0,0,0
120231,3,1,1993,0,0,0,0,0,0,0,0,0,0
120231,4,1,1993,0,0,0,0,0,0,0,0,0,0
120232,0,1,1993,0,0,0,0,0,0,17,0,0,0
120232,1,1,1993,29,0,0,24,6,13,0,0,13,0
120233,1,1,1993,0,0,0,0,0,0,0,0,0,0
120233,2,1,1993,2,2,2,2,2,2,2,2,2,2
120234,1,1,1993,0,0,9,0,0,0,0,0,0,0
120234,2,1,1993,0,0,0,0,0,0,0,8,0,0
120235,1,1,1993,9,27,10,16,15,17,18,8,11,17
120236,1,1,1993,21,21,21,21,21,21,21,21,21,21
120236,2,1,1993,0,0,0,0,0,0,0,0,0,0
120237,1,1,1993,0,0,0,0,0,0,0,0,0,0
120237,2,1,1993,0,16,0,0,0,0,0,0,0,0
120237,3,1,1993,18,31,0,7,6,15,0,14,22,19
120238,0,1,1993,0,0,0,0,0,0,0,0,0,0
120238,1,1,1993,19,0,0,0,0,0,0,0,12,0
120239,0,1,1993,0,0,0,0,0,0,0,0,0,0
120239,0,2,1993,0,0,0,0,14,0,8,0,6,0
120239,0,3,1993,0,18,23,0,0,0,0,0,0,0
120239,0,4,1993,0,9,0,0,11,0,0,0,0,12
120239,1,1,1993,0,0,0,0,0,0,0,0,0,0
120240,1,1,1993,0,0,0,0,0,0,0,0,0,0
120241,0,1,1993,0,0,0,0,0,0,0,0,0,0
120241,1,1,1993,0,0,0,0,0,0,0,0,0,0
120242,1,1,1993,0,0,0,0,0,0,0,0,0,0
120243,0,1,1993,17,14,33,0,17,0,25,0,0,0
120243,1,1,1993,0,0,0,0,0,0,0,21,0,0
120244,1,1,1993,35,35,35,35,35,35,35,35,35,35
120245,1,1,1993,23,23,23,23,23,23,23,23,23,23
120245,2,1,1993,8,0,0,0,3,0,14,0,0,7
120246,1,1,1993,0,0,0,0,0,0,0,0,0,0
120246,2,1,1993,0,0,0,0,0,0,0,0,0,0
120247,1,1,1993,0,0,0,0,0,0,0,0,0,0
120247,2,1,1993,7,7,7,7,7,7,7,7,7,7
120248,1,1,1993,0,0,0,0,0,0,0,0,0,0
120248,2,1,1993,0,0,0,0,0,0,0,0,0,0
120249,0,1,1993,0,0,0,24,0,0,19,22,0,0
120249,1,1,1993,0,0,0,0,0,24,0,0,0,0
120250,1,1,1993,10,10,10,10,10,10,10,10,10,10
120250,2,1,1993,0,0,0,0,0,0,0,0,0,0
120251,0,1,1993,21,19,10,25,0,0,6,14,0,0
120251,0,2,1993,0,0,0,0,14,0,0,0,0,0
120251,1,1,1993,0,0,0,0,0,0,0,0,0,9
120251,2,1,1993,0,0,12,16,7,6,16,23,18,3
120252,0,1,1993,28,28,28,28,28,28,28,28,28,28
120252,1,1,1993,0,8,0,0,0,0,13,8,0,0
120252,2,1,1993,15,0,24,0,15,14,0,0,16,0
120253,1,1,1993,21,21,21,21,21,21,21,21,21,21
120253,2,1,1993,0,22,15,0,0,0,0,0,0,0
120254,1,1,1993,0,0,0,0,0,0,0,0,0,0
120254,2,1,1993,0,0,0,0,0,0,0,0,0,0
120255,0,1,1993,0,0,0,0,0,0,0,0,0,0
120255,1,1,1993,0,0,0,0,0,0,0,0,0,0
120256,1,1,1993,12,12,0,11,21,0,19,0,0,0
120257,0,1,1993,21,21,21,21,21,21,21,21,21,21
120257,1,1,1993,15,0,0,16,0,0,0,20,0,0
120258,1,1,1993,0,0,0,0,0,0,0,0,0,0
120258,2,1,1993,0,0,0,0,0,0,0,0,0,0
120259,1,1,1993,19,19,19,19,19,19,19,19,19,19
120260,1,1,1993,21,21,21,21,21,21,21,21,21,21
120260,2,1,1993,0,0,0,0,0,0,0,0,0,0
120261,1,1,1993,0,0,0,0,0,0,0,0,0,0
120261,2,1,1993,0,0,0,0,0,0,0,0,0,0
120262,1,1,1993,11,11,11,11,11,11,11,11,11,11
120263,1,1,1993,25,25,25,25,25,25,25,25,25,25
120263,2,1,1993,13,13,13,13,13,13,13,13,13,13
120264,1,1,1993,16,16,16,16,16,16,16,16,16,16
120265,1,1,1993,24,24,24,24,24,24,24,24,24,24
120266,1,1,1993,0,0,0,0,0,0,0,0,0,0
120266,2,1,1993,3,3,3,3,3,3,3,3,3,3
120267,1,1,1993,6,6,6,6,6,6,6,6,6,6
120267,2,1,1993,0,0,0,0,0,0,0,0,0,0
120268,0,1,1993,0,0,0,0,0,0,0,0,0,0
120268,1,1,1993,0,0,0,0,0,0,0,0,0,0
120269,0,1,1993,27,27,27,27,27,27,27,27,27,27
120269,1,1,1993,21,41,24,23,13,9,19,19,6,21
120270,1,1,1993,0,0,0,0,0,0,0,0,0,0
120271,1,1,1993,14,14,14,14,14,14,14,14,14,14
120271,2,1,1993,0,0,0,0,0,0,0,0,0,0
120272,0,1,1993,28,15,29,38,24,19,19,0,38,34
120272,1,1,1993,0,0,0,9,0,0,3,14,0,0
120273,1,1,1993,23,23,23,23,23,23,23,23,23,23
120273,2,1,1993,0,0,0,0,0,0,0,0,0,0
120274,1,1,1993,0,0,0,0,0,7,0,0,0,0
120274,2,1,1993,0,0,0,0,0,0,0,0,0,0
120274,3,1,1993,0,0,0,0,0,0,0,0,0,0
120274,4,1,1993,0,0,0,0,0,0,0,0,0,0
120275,0,1,1993,23,0,14,0,0,0,17,8,0,0
120275,1,1,1993,0,0,0,0,0,0,0,0,0,0
120276,0,1,1993,0,0,0,0,0,0,0,0,0,0
120276,1,1,1993,3,7,16,6,19,3,14,4,10,8
120277,1,1,1993,0,0,0,0,0,0,0,0,0,0
120277,2,1,1993,0,0,0,0,0,0,0,0,0,0
120277,3,1,1993,0,0,0,0,0,0,0,0,0,0
120277,4,1,1993,0,0,0,0,0,0,0,0,0,0
120278,1,1,1993,0,0,0,0,0,0,0,0,0,0
120278,2,1,1993,0,0,0,0,0,0,0,0,0,0
120279,1,1,1993,0,0,0,0,0,0,0,0,0,0
120279,2,1,1993,0,0,0,0,0,0,0,0,0,0
120280,0,1,1993,6,0,7,0,35,17,0,0,14,0
120280,0,2,1993,0,0,0,0,0,0,0,0,0,0
120280,1,1,1993,0,0,0,0,0,0,0,0,0,0
120281,0,1,1993,0,0,0,0,0,16,0,0,0,0
120281,1,1,1993,0,0,0,0,0,0,0,0,0,0
120283,1,1,1993,0,0,0,17,0,0,0,0,0,0
120283,2,1,1993,0,0,0,0,0,0,0,0,0,0
120284,1,1,1993,25,25,25,25,25,25,25,25,25,25
120284,2,1,1993,0,5,0,0,0,0,0,0,0,12
120285,1,1,1993,0,0,0,0,0,0,0,0,0,0
120286,1,1,1993,28,28,28,28,28,28,28,28,28,28
120286,2,1,1993,18,11,6,19,6,4,7,18,9,28
120287,1,1,1993,0,0,13,0,0,0,0,0,0,0
120287,2,1,1993,0,0,0,0,0,0,0,0,0,0
120288,1,1,1993,20,13,16,18,18,0,30,14,11,16
120288,2,1,1993,0,0,0,0,0,0,0,0,0,0
120289,1,1,1993,0,0,0,0,0,0,0,0,0,0
120289,2,1,1993,0,0,0,0,0,0,0,0,0,0
120290,0,1,1993,19,19,19,19,19,19,19,19,19,19
120290,1,1,1993,0,0,0,0,0,0,0,0,0,0
120291,0,1,1993,12,0,0,0,0,0,16,0,0,25
120291,1,1,1993,0,0,0,0,0,0,0,0,0,0
120292,1,1,1993,0,0,0,0,0,0,0,0,0,0
120292,2,1,1993,0,0,0,0,14,0,0,0,0,0
120293,0,1,1993,0,0,0,0,0,0,0,0,0,0
120293,0,2,1993,0,0,0,0,0,0,0,0,0,0
120293,1,1,1993,0,0,0,0,0,0,0,0,0,0
120294,1,1,1993,0,0,0,0,0,0,0,0,0,0
120295,1,1,1993,10,0,9,0,10,0,2,16,21,18
120295,2,1,1993,0,31,11,21,0,0,0,0,0,18
120296,1,1,1993,0,0,0,0,0,0,12,0,0,0
120296,2,1,1993,0,0,0,0,0,0,0,0,0,0
120297,1,1,1993,0,0,0,11,0,0,0,0,0,0
120297,2,1,1993,12,15,9,14,8,8,5,10,9,10
120298,1,1,1993,0,0,0,0,0,0,0,0,0,0
120298,2,1,1993,0,0,0,0,0,0,0,0,0,0
120299,1,1,1993,16,16,16,16,16,16,16,16,16,16
120299,2,1,1993,0,0,0,0,0,0,0,0,0,0
120300,1,1,1993,0,0,0,0,0,0,0,0,0,0
120300,2,1,1993,0,0,15,0,0,0,0,0,0,0
120301,1,1,1993,12,12,12,12,12,12,12,12,12,12
120302,0,1,1993,33,33,33,33,33,33,33,33,33,33
120302,1,1,1993,0,0,0,0,0,0,0,0,0,0
120303,1,1,1993,40,40,40,40,40,40,40,40,40,40
120303,2,1,1993,0,0,0,0,0,0,0,0,0,0
120304,0,1,1993,28,28,28,28,28,28,28,28,28,28
120304,1,1,1993,0,0,0,0,0,0,0,0,0,0
120306,1,1,1993,19,19,19,19,19,19,19,19,19,19
120306,2,1,1993,0,0,0,0,0,0,0,0,0,0
120307,1,1,1993,0,0,0,0,0,0,0,0,0,0
120307,2,1,1993,0,0,0,0,0,0,0,0,0,0
120308,1,1,1993,20,20,20,20,20,20,20,20,20,20
120309,0,1,1993,21,21,21,21,21,21,21,21,21,21
120309,1,1,1993,0,0,0,0,0,0,0,0,0,0
120310,0,1,1993,20,22,16,0,0,0,0,30,15,0
120310,1,1,1993,0,0,0,0,0,0,0,0,0,0
120311,1,1,1993,31,31,31,31,31,31,31,31,31,31
120312,1,1,1993,0,0,0,0,0,0,0,0,0,0
120312,2,1,1993,0,0,0,0,0,0,0,0,0,0
120313,1,1,1993,11,6,0,10,0,31,18,8,10,21
120314,0,1,1993,0,0,0,0,0,0,0,0,0,0
120314,1,1,1993,0,0,0,0,0,0,0,0,0,0
120315,1,1,1993,0,0,0,0,0,0,0,0,0,0
120315,2,1,1993,0,0,0,0,0,0,0,0,0,0
120316,1,1,1993,0,0,0,0,0,0,0,0,0,0
120316,2,1,1993,0,0,0,0,0,0,0,0,0,0
120317,1,1,1993,18,18,18,18,18,18,18,18,18,18
120318,0,1,1993,0,0,29,0,0,0,0,17,0,20
120318,1,1,1993,14,14,14,14,14,14,14,14,14,14
120319,1,1,1993,0,0,0,0,0,0,0,0,0,0
120319,2,1,1993,0,0,0,0,0,0,0,0,0,0
120320,1,1,1993,14,14,14,14,14,14,14,14,14,14
120320,2,1,1993,0,0,0,0,0,0,0,0,0,0
120321,0,1,1993,40,40,40,40,40,40,40,40,40,40
120321,1,1,1993,0,0,0,0,0,0,0,0,0,0
120321,2,1,1993,0,0,0,0,0,0,0,0,16,0
120322,0,1,1993,0,0,0,0,0,0,0,0,0,0
120322,1,1,1993,0,0,0,0,0,0,0,0,0,0
120323,1,1,1993,0,0,0,0,13,0,0,0,0,0
120323,2,1,1993,0,0,0,0,0,0,8,0,0,0
120324,1,1,1993,25,25,25,25,25,25,25,25,25,25
120324,2,1,1993,16,16,16,16,16,16,16,16,16,16
120325,0,1,1993,0,0,0,0,0,0,0,0,0,0
120325,1,1,1993,0,0,0,0,0,0,0,0,0,0
120326,1,1,1993,0,0,0,0,0,0,0,0,0,0
120326,2,1,1993,0,0,0,0,0,0,0,0,0,0
120327,0,1,1993,0,0,23,0,0,0,0,0,12,0
120327,1,1,1993,0,0,0,0,0,0,0,0,0,0
120328,0,1,1993,0,0,27,23,0,0,0,0,0,0
120328,1,1,1993,0,0,0,0,0,0,0,0,0,0
120329,1,1,1993,0,0,0,0,0,0,0,0,0,0
120329,2,1,1993,23,23,23,23,23,23,23,23,23,23
120330,1,1,1993,36,36,36,36,36,36,36,36,36,36
120331,1,1,1993,0,0,0,0,0,0,0,0,0,0
120331,2,1,1993,0,0,0,0,0,0,0,0,0,0
120331,3,1,1993,5,5,5,5,5,5,5,5,5,5
120331,4,1,1993,0,0,0,13,0,0,0,0,0,0
120332,1,1,1993,19,19,19,19,19,19,19,19,19,19
120332,2,1,1993,0,0,0,0,0,0,0,0,0,0
120333,1,1,1993,18,18,18,18,18,18,18,18,18,18
120334,1,1,1993,0,0,0,0,0,0,0,19,0,0
120334,2,1,1993,0,0,0,0,0,0,0,0,0,0
120335,1,1,1993,12,23,21,21,0,31,0,11,6,17
120336,1,1,1993,17,17,17,17,17,17,17,17,17,17
120336,2,1,1993,4,4,4,4,4,4,4,4,4,4
120337,1,1,1993,13,13,13,13,13,13,13,13,13,13
120337,2,1,1993,19,19,19,19,19,19,19,19,19,19
120338,1,1,1993,14,14,14,14,14,14,14,14,14,14
120339,1,1,1993,0,0,0,0,3,0,0,12,0,0
120339,2,1,1993,10,10,10,10,10,10,10,10,10,10
120340,0,1,1993,0,0,0,0,0,0,0,0,0,0
120340,1,1,1993,0,0,0,0,0,0,0,0,0,0
120341,0,1,1993,0,0,0,0,0,0,0,0,0,0
120341,1,1,1993,0,0,0,0,0,0,0,0,0,0
120342,1,1,1993,0,0,0,0,0,0,0,0,0,0
120342,2,1,1993,0,0,0,0,0,0,0,0,0,0
120343,0,1,1993,21,21,21,21,21,21,21,21,21,21
120343,1,1,1993,0,0,0,0,0,0,0,0,0,0
120344,1,1,1993,22,22,22,22,22,22,22,22,22,22
120345,1,1,1993,0,0,0,0,0,0,0,0,0,0
120345,2,1,1993,0,0,0,0,0,0,0,0,0,0
120346,1,1,1993,0,0,0,0,0,0,0,0,0,0
120346,2,1,1993,0,0,0,0,0,0,0,0,0,0
120347,1,1,1993,27,27,27,27,27,27,27,27,27,27
120348,1,1,1993,0,0,26,12,0,11,9,0,15,12
120349,1,1,1993,0,0,0,0,0,0,0,0,0,0
120349,2,1,1993,0,0,0,0,0,0,0,0,0,0
120350,1,1,1993,13,13,13,13,13,13,13,13,13,13
120350,2,1,1993,0,0,0,0,0,0,0,0,0,0
120350,3,1,1993,0,0,0,0,0,0,0,0,0,0
120351,1,1,1993,18,18,18,18,18,18,18,18,18,18
120352,1,1,1993,10,10,10,10,10,10,10,10,10,10
120353,1,1,1993,21,21,21,21,21,21,21,21,21,21
120354,1,1,1993,0,0,0,0,0,0,0,0,0,0
120355,1,1,1993,0,0,0,0,0,0,0,0,0,0
120355,2,1,1993,0,0,0,0,0,0,0,0,0,0
120356,1,1,1993,4,0,0,0,0,0,0,0,0,0
120357,0,1,1993,36,36,36,36,36,36,36,36,36,36
120357,1,1,1993,0,0,0,0,0,0,0,0,0,0
120358,0,1,1993,0,0,0,25,0,0,0,0,0,0
120358,1,1,1993,0,15,31,0,23,0,0,14,9,0
120359,0,1,1993,0,28,0,0,0,0,4,0,9,0
120359,1,1,1993,0,16,18,0,0,0,0,31,0,0
120360,0,1,1993,0,0,0,0,0,0,0,0,0,0
120360,1,1,1993,0,0,0,0,0,0,0,0,0,0
120361,1,1,1993,0,0,0,0,0,0,0,0,0,0
120362,1,1,1993,0,0,0,0,0,0,0,0,0,5
120362,2,1,1993,0,0,0,0,0,0,0,4,0,0
120363,0,1,1993,14,0,26,0,29,0,16,12,28,35
120363,1,1,1993,15,19,6,14,12,12,10,12,6,17
120363,2,1,1993,0,0,0,0,0,0,0,0,0,10
120364,1,1,1993,0,0,0,0,0,0,0,0,0,0
120364,2,1,1993,0,23,0,0,0,0,0,0,0,0
120365,1,1,1993,0,0,0,0,0,0,0,0,0,0
120365,2,1,1993,0,0,0,0,0,0,0,0,0,0
120366,1,1,1993,5,5,5,5,5,5,5,5,5,5
120366,2,1,1993,0,0,0,0,0,0,0,0,0,0
120367,1,1,1993,0,0,0,0,0,0,0,0,0,0
120367,2,1,1993,0,0,0,0,0,0,0,0,0,0
120368,1,1,1993,0,0,0,0,0,0,0,0,0,0
120368,2,1,1993,0,0,0,0,0,0,0,0,0,0
120369,1,1,1993,22,22,22,22,22,22,22,22,22,22
120369,2,1,1993,0,0,0,0,0,0,0,0,0,0
120369,3,1,1993,0,0,0,0,0,0,0,0,0,0
120370,1,1,1993,23,23,23,23,23,23,23,23,23,23
120371,1,1,1993,0,0,0,0,0,0,0,0,0,0
120371,2,1,1993,0,0,0,0,0,0,0,0,0,0
120372,1,1,1993,4,4,4,4,4,4,4,4,4,4
120372,2,1,1993,0,0,0,0,0,0,0,0,0,0
120373,1,1,1993,24,24,24,24,24,24,24,24,24,24
120375,1,1,1993,0,0,0,0,0,0,0,0,0,0
120375,2,1,1993,0,0,0,0,0,0,0,0,0,0
120377,0,1,1993,0,0,0,0,0,0,0,0,0,0
120377,1,1,1993,0,0,0,0,0,0,0,0,0,0
120378,0,1,1993,35,26,26,6,26,28,0,44,16,21
120378,0,2,1993,0,39,21,14,22,13,5,70,19,26
120378,1,1,1993,19,19,19,19,19,19,19,19,19,19
120379,1,1,1993,26,26,26,26,26,26,26,26,26,26
120379,2,1,1993,0,0,0,0,0,0,0,0,0,0
120380,1,1,1993,21,21,21,21,21,21,21,21,21,21
120381,0,1,1993,0,0,0,0,0,0,0,0,0,0
120381,1,1,1993,0,0,0,0,0,0,0,0,0,0
120382,1,1,1993,22,22,22,22,22,22,22,22,22,22
120382,2,1,1993,0,0,0,0,0,0,0,0,11,0
120383,0,1,1993,7,7,7,7,7,7,7,7,7,7
120383,1,1,1993,0,0,20,0,0,0,0,0,0,0
120384,1,1,1993,11,11,11,11,11,11,11,11,11,11
120384,2,1,1993,0,0,0,0,0,0,0,0,0,0
120385,0,1,1993,25,25,25,25,25,25,25,25,25,25
120385,1,1,1993,26,10,4,13,3,11,0,24,0,0
120385,2,1,1993,0,0,0,0,0,0,19,0,0,0
120385,3,1,1993,0,0,25,0,11,0,0,0,0,0
120385,4,1,1993,0,0,0,0,0,0,0,0,0,0
120386,0,1,1993,0,0,0,0,0,0,0,0,0,0
120386,1,1,1993,0,0,0,0,0,0,0,0,0,0
120387,1,1,1993,10,0,11,5,2,3,9,11,5,0
120387,2,1,1993,21,18,0,11,0,0,10,16,12,18
120388,0,1,1993,0,0,0,0,0,0,0,0,0,0
120388,1,1,1993,0,0,0,0,0,0,4,32,0,20
120389,1,1,1993,18,18,18,18,18,18,18,18,18,18
120389,2,1,1993,0,0,0,0,0,0,0,0,0,0
120390,1,1,1993,0,0,0,0,0,0,0,0,0,0
120390,2,1,1993,0,0,0,0,0,0,0,0,10,0
120390,3,1,1993,0,0,0,0,0,0,0,0,0,0
120390,4,1,1993,0,0,0,0,0,0,0,0,0,0
120390,5,1,1993,0,0,0,0,0,0,0,0,0,0
120391,1,1,1993,0,0,0,0,0,0,0,0,0,0
120392,1,1,1993,20,20,20,20,20,20,20,20,20,20
120392,2,1,1993,0,0,0,0,0,0,0,0,0,0
120393,1,1,1993,15,15,15,15,15,15,15,15,15,15
120393,2,1,1993,0,9,0,0,0,0,0,0,0,0
120394,1,1,1993,18,18,18,18,18,18,18,18,18,18
120394,2,1,1993,0,0,0,0,0,0,0,0,0,0
120395,1,1,1993,0,0,0,0,0,0,0,0,0,0
120395,2,1,1993,0,0,0,0,0,0,0,0,0,0
120396,1,1,1993,35,35,35,35,35,35,35,35,35,35
120397,1,1,1993,0,0,0,0,0,0,0,0,0,0
120397,2,1,1993,0,10,18,0,12,0,0,0,0,10
120398,1,1,1993,0,0,0,0,0,0,0,0,0,0
120398,2,1,1993,0,0,0,0,0,0,0,0,0,0
120399,1,1,1993,0,0,0,0,0,0,0,0,0,11
120399,2,1,1993,0,0,0,0,0,0,0,0,0,0
120399,3,1,1993,30,0,0,0,0,0,0,0,0,2
120400,0,1,1993,27,27,27,27,27,27,27,27,27,27
120400,1,1,1993,0,0,0,0,0,0,0,0,0,0
120401,0,1,1993,0,0,0,0,0,0,0,0,0,0
120401,1,1,1993,0,0,0,0,0,0,0,0,0,0
120402,0,1,1993,0,0,0,0,0,0,0,0,0,0
120402,1,1,1993,0,0,0,0,0,0,0,0,0,0
120403,1,1,1993,0,0,0,0,0,0,0,0,0,0
120403,2,1,1993,0,0,8,0,0,0,0,0,0,0
120404,1,1,1993,0,0,0,0,0,0,0,0,0,0
120404,2,1,1993,0,0,0,0,0,0,0,0,0,0
120405,1,1,1993,0,0,0,0,0,0,0,0,0,0
120405,2,1,1993,0,0,0,0,0,0,0,0,0,0
120406,1,1,1993,0,0,0,0,0,0,0,0,0,0
120406,2,1,1993,0,0,0,0,0,0,0,0,0,0
120407,0,1,1993,0,0,0,0,0,0,0,0,0,0
120407,1,1,1993,0,0,0,0,0,0,0,0,0,0
120408,1,1,1993,12,12,12,12,12,12,12,12,12,12
120408,2,1,1993,0,0,0,0,0,0,0,0,0,0
120409,1,1,1993,0,0,20,0,0,0,20,0,0,0
120410,0,1,1993,0,0,0,0,0,0,14,0,0,0
120410,1,1,1993,0,0,0,0,0,0,0,0,0,0
120411,1,1,1993,22,22,22,22,22,22,22,22,22,22
120412,1,1,1993,0,0,0,0,0,0,0,10,0,0
120412,2,1,1993,0,0,0,0,0,0,0,0,0,0
120413,0,1,1993,6,6,6,6,6,6,6,6,6,6
120413,1,1,1993,0,0,0,0,0,0,0,0,0,0
120414,1,1,1993,6,6,6,6,6,6,6,6,6,6
120414,2,1,1993,0,0,0,0,0,0,0,0,0,0
120415,1,1,1993,20,15,20,34,11,15,0,21,28,30
120416,0,1,1993,10,10,10,10,10,10,10,10,10,10
120416,1,1,1993,0,5,0,0,0,10,11,0,13,0
120417,0,1,1993,0,0,0,0,8,21,0,0,0,32
120417,1,1,1993,0,0,0,0,0,0,0,0,0,0
120418,1,1,1993,14,14,14,14,14,14,14,14,14,14
120419,0,1,1993,0,0,0,0,0,0,0,0,0,13
120419,1,1,1993,0,10,0,0,0,0,0,0,0,0
120420,0,1,1993,20,20,20,20,20,20,20,20,20,20
120420,1,1,1993,0,0,12,0,0,0,31,0,0,8
120421,0,1,1993,0,0,0,0,0,0,0,0,0,0
120421,1,1,1993,0,0,0,0,0,0,0,0,0,0
120422,1,1,1993,7,7,7,7,7,7,7,7,7,7
120422,2,1,1993,0,0,0,0,0,0,0,0,0,0
120423,1,1,1993,0,0,0,0,0,0,0,0,0,0