ST_CASE,VEH_NO,PER_NO,YEAR,P1,P2,P3,P4,P5,P6,P7,P8,P9,P10
120423,2,1,1993,0,0,0,0,0,0,0,0,0,0
120424,1,1,1993,0,0,0,0,0,0,0,0,0,0
120424,2,1,1993,0,0,0,0,12,0,0,0,0,0
120425,1,1,1993,12,12,12,12,12,12,12,12,12,12
120425,2,1,1993,0,0,0,0,0,0,0,0,0,0
120425,3,1,1993,0,0,0,0,0,0,0,0,0,0
120426,1,1,1993,0,0,7,0,0,0,0,0,0,0
120426,2,1,1993,0,0,0,0,0,0,0,0,0,0
120427,1,1,1993,18,18,18,18,18,18,18,18,18,18
120427,2,1,1993,0,0,0,0,0,0,0,0,0,0
120428,1,1,1993,0,0,33,0,0,0,0,0,0,0
120428,2,1,1993,0,0,0,0,0,0,9,0,0,0
120429,1,1,1993,0,0,0,0,0,0,0,0,0,0
120430,0,1,1993,30,0,0,0,0,0,0,23,0,0
120430,1,1,1993,29,0,0,0,0,13,10,0,0,0
120431,0,1,1993,16,31,0,0,25,7,0,0,0,0
120431,1,1,1993,0,0,3,0,0,0,0,0,7,0
120432,1,1,1993,0,0,0,0,0,0,0,0,0,0
120432,2,1,1993,0,0,0,0,0,0,0,0,0,0
120433,1,1,1993,0,0,0,0,0,0,0,0,0,0
120433,2,1,1993,0,0,0,0,0,0,0,0,0,0
120434,1,1,1993,17,0,0,0,0,25,0,0,0,0
120435,1,1,1993,0,0,0,0,0,0,0,0,0,0
120435,2,1,1993,0,0,0,0,0,0,0,0,0,0
120436,1,1,1993,34,34,34,34,34,34,34,34,34,34
120437,1,1,1993,0,0,0,0,0,0,0,0,0,0
120437,2,1,1993,0,0,0,0,0,0,0,0,0,0
120438,1,1,1993,32,32,32,32,32,32,32,32,32,32
120438,2,1,1993,0,0,0,0,0,0,0,0,0,0
120439,1,1,1993,0,0,0,0,0,0,0,0,0,0
120440,1,1,1993,25,25,25,25,25,25,25,25,25,25
120441,1,1,1993,0,0,0,0,0,0,0,0,0,0
120441,2,1,1993,0,0,0,0,0,0,0,0,0,0
120442,1,1,1993,0,0,0,0,0,0,0,0,0,0
120442,2,1,1993,0,0,0,0,0,0,0,0,0,0
120442,3,1,1993,0,0,0,0,0,0,0,0,0,0
120443,1,1,1993,4,4,4,4,4,4,4,4,4,4
120444,1,1,1993,0,0,18,18,0,0,0,0,0,0
120445,1,1,1993,28,28,28,28,28,28,28,28,28,28
120445,2,1,1993,0,0,0,0,0,0,0,0,0,0
120446,1,1,1993,15,15,15,15,15,15,15,15,15,15
120447,1,1,1993,16,16,16,16,16,16,16,16,16,16
120448,1,1,1993,0,0,0,0,0,0,0,0,0,0
120448,2,1,1993,0,0,0,0,0,0,0,0,0,0
120449,1,2,1993,0,20,0,10,0,0,0,7,0,20
120450,1,1,1993,0,0,0,0,0,0,0,0,0,0
120450,2,1,1993,0,0,0,0,0,0,0,0,0,0
120451,0,1,1993,0,0,0,0,0,0,0,0,0,0
120451,1,1,1993,0,0,0,0,0,0,0,0,0,0
120452,1,1,1993,0,0,0,0,0,0,0,0,0,0
120453,1,1,1993,0,0,0,0,0,0,23,0,0,0
120453,2,1,1993,0,0,0,0,0,0,0,0,0,0
120454,1,1,1993,0,0,0,0,0,0,0,0,0,0
120454,2,1,1993,0,0,0,0,0,0,0,0,0,0
120455,0,1,1993,2,2,2,2,2,2,2,2,2,2
120455,1,1,1993,18,18,18,18,18,18,18,18,18,18
120456,1,1,1993,27,27,27,27,27,27,27,27,27,27
120457,1,1,1993,26,26,26,26,26,26,26,26,26,26
120458,1,1,1993,9,9,9,9,9,9,9,9,9,9
120459,0,1,1993,0,0,0,0,0,0,0,0,0,0
120459,1,1,1993,0,0,0,0,0,0,0,15,0,0
120460,0,1,1993,0,0,0,0,0,0,0,0,0,0
120460,1,1,1993,0,0,0,0,14,0,0,0,0,0
120461,0,1,1993,0,0,29,0,28,0,0,0,0,0
120461,0,2,1993,0,0,0,0,0,0,0,0,0,0
120461,0,3,1993,0,0,0,0,0,0,0,0,0,0
120461,1,1,1993,0,0,0,0,0,0,0,0,0,0
120462,1,1,1993,0,0,0,0,0,0,0,0,0,0
120462,2,1,1993,0,0,0,0,0,0,0,0,8,0
120463,1,1,1993,0,0,0,0,0,0,0,0,0,0
120463,2,1,1993,29,29,29,29,29,29,29,29,29,29
120464,1,1,1993,0,0,0,0,0,0,0,0,0,0
120464,2,1,1993,0,0,0,0,0,0,0,0,0,0
120465,1,1,1993,16,16,16,16,16,16,16,16,16,16
120465,2,1,1993,2,2,2,2,2,2,2,2,2,2
120466,1,1,1993,16,16,16,16,16,16,16,16,16,16
120466,2,1,1993,0,0,0,0,0,0,0,0,0,0
120467,1,1,1993,12,12,12,12,12,12,12,12,12,12
120469,1,1,1993,0,0,0,0,0,0,0,0,0,0
120470,1,1,1993,0,0,0,7,0,0,0,0,0,0
120470,2,1,1993,0,0,0,0,0,0,0,0,0,0
120471,1,1,1993,0,0,0,7,0,0,0,0,0,0
120472,1,1,1993,16,16,16,16,16,16,16,16,16,16
120473,1,1,1993,0,0,0,0,0,0,0,0,0,0
120473,2,1,1993,0,0,0,0,0,0,0,0,0,0
120474,1,1,1993,0,0,0,0,0,0,0,0,0,0
120474,2,1,1993,0,0,0,0,0,0,0,0,0,0
120475,1,1,1993,17,17,17,17,17,17,17,17,17,17
120476,1,1,1993,30,30,30,30,30,30,30,30,30,30
120477,1,1,1993,0,0,0,0,0,0,0,0,8,0
120477,2,1,1993,0,0,0,0,0,0,0,0,0,0
120478,1,1,1993,0,0,0,0,0,0,0,0,0,0
120479,1,1,1993,0,0,0,0,0,0,0,0,0,0
120479,2,1,1993,0,0,0,0,0,0,0,0,0,0
120480,1,1,1993,0,0,0,0,0,0,0,0,0,0
120481,0,1,1993,12,13,33,0,15,0,15,18,25,40
120481,1,1,1993,0,0,0,0,0,0,0,0,0,0
120482,1,1,1993,22,22,22,22,22,22,22,22,22,22
120483,1,1,1993,0,0,0,0,0,0,22,0,0,0
120484,1,1,1993,0,0,0,0,0,0,0,0,0,0
120484,2,1,1993,14,14,14,14,14,14,14,14,14,14
120484,3,1,1993,0,0,0,0,0,0,0,0,0,0
120485,0,1,1993,2,2,2,2,2,2,2,2,2,2
120485,0,2,1993,18,32,19,21,21,31,28,30,23,13
120485,1,1,1993,6,0,0,0,0,0,0,0,0,0
120486,1,1,1993,0,0,0,0,0,0,0,0,0,0
120486,2,1,1993,0,0,0,0,0,0,0,6,0,0
120487,1,1,1993,0,0,0,0,0,0,0,0,0,0
120487,2,1,1993,0,0,0,0,0,0,0,0,0,0
120488,1,1,1993,0,0,0,0,0,0,0,0,0,0
120489,0,1,1993,24,28,9,13,17,21,0,22,34,31
120489,0,2,1993,28,23,18,32,22,0,49,37,0,0
120489,1,1,1993,0,0,0,0,0,0,0,0,0,0
120490,1,1,1993,18,18,18,18,18,18,18,18,18,18
120490,2,1,1993,4,4,4,4,4,4,4,4,4,4
120491,0,1,1993,8,0,0,32,0,0,27,0,15,28
120491,1,1,1993,6,6,6,6,6,6,6,6,6,6
120492,1,1,1993,19,19,19,19,19,19,19,19,19,19
120493,1,1,1993,0,0,0,0,0,0,0,0,0,0
120493,2,1,1993,0,0,0,0,0,0,0,0,0,0
120494,0,1,1993,0,0,0,0,0,0,0,0,0,0
120494,1,1,1993,11,11,11,11,11,11,11,11,11,11
120495,1,1,1993,0,0,0,0,0,0,0,0,0,0
120496,1,1,1993,22,22,22,22,22,22,22,22,22,22
120496,2,1,1993,0,0,0,0,9,13,0,0,0,0
120496,3,1,1993,0,0,0,16,0,0,0,0,8,0
120497,1,1,1993,0,0,0,20,0,0,0,0,0,0
120498,1,1,1993,0,0,0,0,0,0,0,0,0,0
120498,2,1,1993,0,0,0,0,0,0,0,0,0,0
120500,1,1,1993,4,2,19,12,5,8,0,16,7,7
120501,1,1,1993,0,0,0,19,0,10,0,0,0,0
120501,2,1,1993,0,0,0,0,0,0,0,0,0,0
120502,1,1,1993,11,11,11,11,11,11,11,11,11,11
120503,1,1,1993,0,0,0,0,0,0,0,0,0,0
120503,2,1,1993,0,0,0,0,0,0,0,0,0,0
120504,0,1,1993,0,0,0,0,0,0,0,0,0,0
120504,1,1,1993,12,12,12,12,12,12,12,12,12,12
120505,0,1,1993,17,17,17,17,17,17,17,17,17,17
120505,1,1,1993,0,0,0,0,0,0,0,0,0,0
120506,0,1,1993,0,0,0,0,0,0,0,0,0,0
120506,1,1,1993,19,19,19,19,19,19,19,19,19,19
120507,1,1,1993,2,2,2,2,2,2,2,2,2,2
120508,0,1,1993,32,32,32,32,32,32,32,32,32,32
120508,1,1,1993,0,0,0,0,0,0,0,0,0,0
120509,1,1,1993,0,0,0,0,0,0,0,0,0,0
120509,2,1,1993,0,0,0,0,0,0,0,0,0,0
120509,3,1,1993,0,0,0,0,0,0,0,0,0,0
120509,4,1,1993,0,0,0,0,0,0,0,0,0,0
120510,1,1,1993,0,0,0,0,6,0,0,0,0,0
120510,2,1,1993,0,0,0,0,0,0,0,0,0,0
120511,1,1,1993,0,0,0,0,0,0,0,0,0,0
120511,2,1,1993,0,4,0,0,0,0,0,0,0,0
120512,1,1,1993,0,0,0,0,0,0,0,0,0,0
120513,1,1,1993,26,26,26,26,26,26,26,26,26,26
120513,2,1,1993,0,32,0,0,0,0,0,0,0,0
120514,1,1,1993,30,30,30,30,30,30,30,30,30,30
120514,2,1,1993,0,0,0,0,0,0,0,0,0,0
120515,1,1,1993,0,0,0,0,0,0,0,0,0,0
120515,2,1,1993,0,0,0,0,0,0,0,0,0,0
120516,0,1,1993,0,0,0,0,0,0,0,0,0,0
120516,1,1,1993,0,0,0,0,0,0,0,0,0,0
120517,0,1,1993,0,0,0,0,0,0,0,0,0,0
120517,1,1,1993,0,0,0,0,13,0,0,0,0,0
120518,1,1,1993,0,0,0,0,0,0,0,0,0,0
120519,0,1,1993,19,19,19,19,19,19,19,19,19,19
120519,2,1,1993,0,0,0,0,0,0,0,0,0,0
120520,1,1,1993,0,0,0,0,0,0,0,0,0,0
120520,2,1,1993,0,0,0,0,0,0,0,0,0,0
120521,1,1,1993,10,10,10,10,10,10,10,10,10,10
120523,1,1,1993,0,0,0,0,0,0,0,0,0,0
120523,2,1,1993,0,0,0,0,0,0,0,0,0,0
120524,1,1,1993,0,0,0,0,0,0,0,0,0,0
120524,2,1,1993,0,0,0,0,0,0,0,0,0,0
120525,1,1,1993,0,0,0,0,0,0,0,0,0,0
120525,2,1,1993,0,0,0,18,0,0,0,0,0,0
120526,0,1,1993,0,0,0,35,0,0,0,0,0,0
120526,1,1,1993,20,13,30,11,18,11,22,18,0,13
120527,1,1,1993,7,7,7,7,7,7,7,7,7,7
120528,1,1,1993,7,11,10,41,26,3,21,14,12,10
120529,1,1,1993,0,0,0,0,0,0,0,0,0,0
120530,0,1,1993,0,0,0,0,0,0,0,0,0,0
120530,1,1,1993,0,0,0,0,0,0,0,0,0,0
120531,1,1,1993,12,12,12,12,12,12,12,12,12,12
120531,2,1,1993,0,0,17,0,0,0,0,0,0,0
120532,1,1,1993,0,0,0,0,0,0,0,0,0,0
120533,1,1,1993,0,0,0,0,0,0,0,0,0,0
120533,2,1,1993,0,0,0,0,0,0,0,0,0,0
120534,1,1,1993,0,0,0,0,0,0,0,0,0,0
120534,2,1,1993,0,0,0,0,0,0,0,0,0,0
120535,0,1,1993,0,0,0,18,29,0,0,24,0,0
120535,1,1,1993,0,0,0,0,0,0,0,0,0,0
120536,0,1,1993,0,0,0,0,0,0,0,0,0,0
120536,1,1,1993,0,0,0,0,0,0,0,0,0,0
120537,1,1,1993,0,0,0,0,0,13,0,0,0,0
120539,1,1,1993,0,0,0,0,0,0,0,0,0,0
120539,2,1,1993,0,0,0,0,0,0,0,0,0,0
120540,1,1,1993,0,0,0,0,0,0,0,0,0,0
120540,2,1,1993,0,0,0,0,0,0,0,0,0,0
120540,3,1,1993,6,0,0,0,0,0,0,0,0,0
120541,1,1,1993,31,31,31,31,31,31,31,31,31,31
120541,2,1,1993,0,0,0,0,0,0,0,0,0,0
120542,1,1,1993,24,24,24,24,24,24,24,24,24,24
120542,2,1,1993,0,0,0,0,0,0,0,0,0,0
120543,1,1,1993,0,0,0,0,0,0,0,0,0,0
120543,2,1,1993,0,0,0,0,0,0,0,0,0,0
120544,1,1,1993,9,9,9,9,9,9,9,9,9,9
120545,1,1,1993,0,0,0,0,0,0,0,0,0,0
120545,2,1,1993,6,6,6,6,6,6,6,6,6,6
120546,0,1,1993,17,17,17,17,17,17,17,17,17,17
120546,1,1,1993,0,0,0,0,0,0,0,0,0,0
120547,1,1,1993,13,13,13,13,13,13,13,13,13,13
120547,2,1,1993,0,0,0,0,0,0,0,0,0,0
120548,1,1,1993,12,12,12,12,12,12,12,12,12,12
120549,1,1,1993,36,36,36,36,36,36,36,36,36,36
120550,1,1,1993,0,0,0,0,0,0,0,0,0,0
120551,1,1,1993,0,0,0,0,0,0,0,0,0,0
120551,2,1,1993,0,6,0,0,0,0,0,0,0,0
120552,1,1,1993,35,35,35,35,35,35,35,35,35,35
120553,0,1,1993,22,22,22,22,22,22,22,22,22,22
120553,1,1,1993,0,0,0,0,0,0,0,0,0,0
120554,0,1,1993,26,26,26,26,26,26,26,26,26,26
120554,1,1,1993,0,0,0,0,0,0,0,0,0,0
120555,1,1,1993,0,0,0,0,0,0,0,0,9,0
120555,2,1,1993,0,0,0,0,0,0,0,0,0,0
120556,1,1,1993,0,0,0,0,0,0,0,0,0,0
120556,2,1,1993,0,0,0,0,0,0,0,0,0,0
120557,1,1,1993,0,0,0,0,0,0,0,0,0,0
120557,2,1,1993,0,0,0,0,0,0,12,0,0,21
120557,3,1,1993,0,16,0,0,0,23,0,0,0,0
120558,1,1,1993,16,16,16,16,16,16,16,16,16,16
120559,1,1,1993,18,18,18,18,18,18,18,18,18,18
120559,2,1,1993,0,0,0,0,0,0,0,0,0,0
120559,3,1,1993,0,0,0,0,0,0,0,0,19,0
120560,1,1,1993,11,11,11,11,11,11,11,11,11,11
120561,1,1,1993,0,0,0,0,0,0,0,0,0,0
120561,2,1,1993,0,0,0,0,0,0,0,0,0,0
120562,1,1,1993,27,27,27,27,27,27,27,27,27,27
120562,2,1,1993,0,0,0,0,0,0,0,0,0,0
120563,0,1,1993,0,0,0,0,0,0,0,0,0,0
120563,1,1,1993,5,5,5,5,5,5,5,5,5,5
120564,1,1,1993,18,18,18,18,18,18,18,18,18,18
120564,2,1,1993,15,9,3,38,0,15,8,14,8,14
120565,1,1,1993,0,0,0,0,0,0,0,0,0,0
120565,2,1,1993,0,0,0,0,0,0,0,0,0,0
120566,1,1,1993,0,0,0,0,0,0,0,0,0,0
120567,1,1,1993,0,0,0,0,0,0,0,0,0,0
120567,2,1,1993,0,0,0,0,0,0,0,0,0,0
120567,3,1,1993,0,0,0,0,0,0,0,0,0,0
120568,1,1,1993,15,15,15,15,15,15,15,15,15,15
120568,2,1,1993,0,0,0,0,0,0,0,0,0,0
120569,1,1,1993,0,0,13,0,0,0,0,0,5,0
120569,2,1,1993,0,0,0,0,0,0,5,0,0,0
120570,1,1,1993,19,19,19,19,19,19,19,19,19,19
120571,1,1,1993,21,21,21,21,21,21,21,21,21,21
120572,1,1,1993,0,0,0,0,0,0,0,0,0,0
120572,2,1,1993,0,0,0,0,0,0,0,0,0,0
120573,1,1,1993,14,11,12,7,4,8,13,19,16,8
120574,1,1,1993,0,0,0,0,0,0,0,0,0,0
120574,2,1,1993,0,0,0,0,0,0,0,0,0,0
120575,1,1,1993,0,0,0,0,0,0,0,0,0,0
120575,2,1,1993,0,0,0,0,0,0,0,0,0,16
120576,1,1,1993,0,0,0,0,0,0,0,0,0,0
120576,2,1,1993,3,0,17,9,0,6,0,0,0,0
120577,0,1,1993,0,0,0,0,0,0,0,0,0,0
120577,1,1,1993,0,0,0,0,0,0,0,0,0,0
120578,0,1,1993,0,0,0,0,0,36,0,0,0,0
120578,1,1,1993,7,0,0,0,0,2,0,0,0,0
120579,1,1,1993,13,9,12,21,4,17,11,18,21,17
120580,1,1,1993,0,0,0,0,0,0,0,0,0,0
120580,2,1,1993,6,6,6,6,6,6,6,6,6,6
120581,0,1,1993,0,0,0,0,19,0,13,0,9,0
120581,1,1,1993,18,18,18,18,18,18,18,18,18,18
120582,1,1,1993,18,18,18,18,18,18,18,18,18,18
120583,1,1,1993,0,0,0,0,0,0,0,0,0,0
120583,2,1,1993,0,0,0,0,0,0,0,0,0,0
120584,1,1,1993,0,0,0,0,0,0,0,0,0,0
120585,1,1,1993,0,0,0,0,0,0,0,0,0,0
120586,1,1,1993,5,5,5,5,5,5,5,5,5,5
120587,1,1,1993,0,0,0,0,0,0,0,0,0,0
120588,1,1,1993,0,0,0,0,0,0,0,0,0,0
120588,2,1,1993,0,0,0,0,0,0,0,0,0,0
120590,1,1,1993,12,12,12,12,12,12,12,12,12,12
120590,2,1,1993,0,0,0,35,0,0,26,0,0,0
120591,1,1,1993,3,3,3,3,3,3,3,3,3,3
120591,2,1,1993,0,0,0,0,0,0,0,0,0,0
120592,1,1,1993,0,0,0,0,0,0,0,0,0,0
120593,1,1,1993,15,15,15,15,15,15,15,15,15,15
120593,2,1,1993,9,0,0,0,0,0,0,0,0,0
120594,1,1,1993,0,0,0,0,0,0,0,0,0,0
120594,2,1,1993,0,0,0,0,0,0,0,0,5,0
120595,1,1,1993,0,0,0,0,0,0,0,0,0,0
120596,1,1,1993,0,0,0,0,0,0,0,0,0,0
120596,2,1,1993,0,0,0,0,0,8,0,5,0,0
120597,1,1,1993,0,0,0,0,0,0,2,0,0,0
120598,0,1,1993,0,0,0,0,0,0,0,0,0,0
120598,1,1,1993,0,0,0,0,0,0,0,0,0,0
120599,1,1,1993,0,0,0,0,0,0,0,0,0,0
120600,1,1,1993,0,0,0,0,0,0,0,0,0,0
120600,2,1,1993,0,0,0,0,0,0,0,0,0,0
120601,1,1,1993,0,0,0,0,0,0,0,0,0,0
120601,2,1,1993,0,0,0,0,0,0,0,0,0,0
120602,0,1,1993,7,7,7,7,7,7,7,7,7,7
120602,1,1,1993,18,18,18,18,18,18,18,18,18,18
120603,0,1,1993,0,0,0,0,0,0,0,0,0,0
120603,1,1,1993,0,0,0,0,0,0,0,0,0,0
120604,1,1,1993,17,17,17,17,17,17,17,17,17,17
120605,0,1,1993,0,0,0,0,0,0,0,0,0,0
120605,1,1,1993,0,0,0,0,0,0,0,0,0,0
120606,0,1,1993,0,15,24,23,24,13,12,8,5,37
120606,0,2,1993,0,0,0,11,9,15,0,0,6,0
120606,1,1,1993,29,0,0,0,0,0,0,0,0,12
120607,1,1,1993,0,0,0,0,0,0,0,0,0,0
120607,2,1,1993,19,19,19,19,19,19,19,19,19,19
120608,0,1,1993,0,0,0,0,0,0,0,0,0,0
120608,1,1,1993,0,0,0,0,0,0,0,0,0,0
120609,0,1,1993,0,0,0,0,0,0,0,0,0,0
120609,1,1,1993,0,0,0,0,0,0,0,0,0,0
120610,1,1,1993,0,0,0,0,0,0,0,0,0,0
120610,2,1,1993,0,0,0,0,0,0,0,0,0,0
120610,3,1,1993,0,0,0,0,0,0,0,0,0,0
120610,4,1,1993,0,0,0,0,32,0,0,0,0,0
120610,5,1,1993,0,0,0,6,0,0,0,0,0,0
120610,6,1,1993,0,0,0,0,0,0,0,0,0,0
120610,7,1,1993,0,0,0,0,0,0,0,0,13,0
120611,0,1,1993,16,16,16,16,16,16,16,16,16,16
120611,1,1,1993,6,0,29,0,0,0,0,0,0,0
120612,1,1,1993,13,13,13,13,13,13,13,13,13,13
120613,0,1,1993,24,37,27,25,12,0,0,0,22,0
120613,0,2,1993,25,0,10,19,17,0,22,11,11,16
120613,1,1,1993,23,23,23,23,23,23,23,23,23,23
120615,1,1,1993,0,0,0,0,0,0,0,0,0,0
120615,2,1,1993,0,0,0,0,0,0,12,0,4,0
120615,3,1,1993,0,14,0,0,0,0,0,0,4,0
120616,1,1,1993,15,15,15,15,15,15,15,15,15,15
120616,2,1,1993,0,0,0,0,0,0,0,0,0,0
120617,1,1,1993,0,11,0,0,0,0,0,0,0,0
120617,2,1,1993,0,0,0,0,0,0,0,0,0,0
120618,1,1,1993,0,0,0,0,0,0,0,0,0,0
120618,2,1,1993,6,6,6,6,6,6,6,6,6,6
120619,1,1,1993,22,22,22,22,22,22,22,22,22,22
120620,1,1,1993,16,16,16,16,16,16,16,16,16,16
120621,1,1,1993,18,18,18,18,18,18,18,18,18,18
120621,2,1,1993,0,0,0,0,0,0,0,0,0,0
120622,1,1,1993,0,0,0,0,0,0,0,0,0,0
120622,2,1,1993,0,0,0,0,0,0,0,0,0,0
120623,0,1,1993,0,0,0,0,0,16,0,0,0,0
120623,1,1,1993,0,0,0,0,0,0,0,0,0,0
120624,1,1,1993,17,0,0,0,0,0,0,0,0,0
120625,1,1,1993,13,13,13,13,13,13,13,13,13,13
120625,2,1,1993,0,0,0,13,4,0,0,0,0,0
120626,0,1,1993,0,0,0,0,0,0,0,0,0,0
120626,1,1,1993,0,0,0,0,0,0,0,0,0,0
120627,1,1,1993,0,0,0,0,0,0,0,0,0,0
120627,2,1,1993,18,18,18,18,18,18,18,18,18,18
120628,1,1,1993,0,0,0,0,0,0,0,0,0,0
120629,1,1,1993,0,19,9,0,0,0,4,9,0,0
120629,2,1,1993,0,0,0,0,0,0,0,0,0,0
120630,0,1,1993,0,0,0,0,0,0,0,0,0,0
120630,1,1,1993,0,0,0,0,0,0,0,0,0,0
120631,1,1,1993,0,0,0,0,0,0,0,0,0,0
120632,0,1,1993,13,13,13,13,13,13,13,13,13,13
120632,1,1,1993,13,13,13,13,13,13,13,13,13,13
120633,1,1,1993,0,0,0,0,0,0,0,0,0,0
120634,1,1,1993,0,0,0,0,0,0,0,0,0,0
120635,1,1,1993,0,0,0,0,0,0,0,0,0,0
120636,1,1,1993,0,0,0,0,0,0,0,0,0,0
120637,1,1,1993,0,0,0,0,0,0,0,0,0,0
120637,2,1,1993,0,0,0,0,7,19,0,0,0,0
120638,1,1,1993,19,19,19,19,19,19,19,19,19,19
120638,2,1,1993,12,12,12,12,12,12,12,12,12,12
120639,1,1,1993,0,22,0,11,0,0,0,0,0,0
120640,0,1,1993,0,10,0,0,26,0,0,0,10,0
120640,1,1,1993,0,15,0,0,0,0,13,0,10,23
120641,1,1,1993,0,0,23,30,3,9,0,13,18,11
120642,1,1,1993,5,5,5,5,5,5,5,5,5,5
120643,1,1,1993,0,0,0,0,0,0,7,0,0,6
120643,2,1,1993,0,0,0,0,0,0,0,0,0,0
120644,1,1,1993,0,0,0,0,0,0,0,0,0,0
120645,0,1,1993,0,27,0,0,0,22,31,33,2,22
120645,1,1,1993,0,0,18,0,0,0,0,0,0,0
120646,1,1,1993,0,0,0,0,0,0,0,0,0,0
120647,1,1,1993,24,24,24,24,24,24,24,24,24,24
120649,1,1,1993,18,18,18,18,18,18,18,18,18,18
120649,2,1,1993,0,0,0,0,0,0,0,0,0,0
120650,1,1,1993,0,0,0,0,0,0,0,0,0,0
120651,1,1,1993,0,0,0,0,0,0,0,0,15,0
120651,2,1,1993,0,0,0,0,0,0,0,0,0,0
120651,3,1,1993,15,0,0,0,0,0,0,0,0,0
120652,1,1,1993,0,0,0,0,0,0,0,0,0,3
120653,1,1,1993,0,0,0,0,0,0,0,0,0,0
120653,2,1,1993,0,0,0,0,0,0,0,0,0,0
120654,1,1,1993,0,0,0,0,0,0,0,0,0,0
120655,1,1,1993,0,0,0,0,0,0,0,0,0,0
120655,2,1,1993,0,0,0,0,0,0,0,0,0,0
120656,1,1,1993,33,33,33,33,33,33,33,33,33,33
120658,1,1,1993,0,0,0,0,0,0,0,0,0,0
120658,2,1,1993,0,0,0,0,0,0,0,0,0,0
120659,0,1,1993,0,6,13,15,0,0,0,0,0,0
120659,1,1,1993,0,0,0,0,0,0,0,0,0,0
120660,1,1,1993,25,25,25,25,25,25,25,25,25,25
120660,2,1,1993,0,0,0,0,0,0,0,0,0,0
120660,3,1,1993,0,0,0,0,0,0,0,0,0,0
120662,1,1,1993,0,0,0,0,0,0,0,27,0,0
120662,2,1,1993,0,0,0,0,0,0,0,0,0,0
120663,1,1,1993,8,8,8,8,8,8,8,8,8,8
120664,1,1,1993,0,0,0,0,0,0,0,0,0,0
120664,2,1,1993,0,0,0,0,0,0,0,0,0,0
120665,1,1,1993,11,11,11,11,11,11,11,11,11,11
120666,1,1,1993,0,0,0,0,0,0,0,0,0,0
120666,2,1,1993,0,0,0,0,0,0,0,0,0,0
120667,1,1,1993,10,21,7,15,11,17,8,6,15,14
120667,2,1,1993,25,25,25,25,25,25,25,25,25,25
120668,0,1,1993,10,25,29,12,0,34,14,0,14,28
120668,1,1,1993,0,0,7,0,0,0,0,0,0,0
120669,0,1,1993,19,0,0,28,23,0,21,9,17,23
120669,1,1,1993,0,0,0,0,0,0,0,0,0,0
120670,1,1,1993,0,0,0,0,0,0,0,0,0,0
120670,2,1,1993,0,0,0,3,0,0,0,0,0,0
120671,1,1,1993,26,26,26,26,26,26,26,26,26,26
120672,1,1,1993,0,0,0,0,0,0,0,0,0,0
120672,2,1,1993,0,0,0,0,0,0,0,0,28,0
120673,1,1,1993,27,27,27,27,27,27,27,27,27,27
120674,1,1,1993,13,13,13,13,13,13,13,13,13,13
120675,1,1,1993,0,0,0,0,0,0,0,0,0,0
120675,2,1,1993,10,5,0,0,0,0,23,0,0,0
120676,1,1,1993,0,0,0,0,0,0,0,0,0,0
120676,2,1,1993,0,0,0,0,0,0,0,0,0,0
120677,1,1,1993,0,0,0,0,0,0,0,0,0,0
120677,2,1,1993,0,0,0,0,14,0,0,0,0,24
120678,1,1,1993,19,19,19,19,19,19,19,19,19,19
120678,2,1,1993,20,20,20,20,20,20,20,20,20,20
120679,1,1,1993,0,0,0,0,0,0,0,0,0,0
120680,1,1,1993,0,0,0,0,0,0,0,0,0,0
120681,1,1,1993,0,0,0,0,0,0,0,0,0,0
120681,2,1,1993,0,0,0,0,0,0,0,0,0,0
120682,1,1,1993,0,0,0,0,0,0,0,0,0,0
120683,1,1,1993,0,0,0,0,0,0,0,0,0,0
120683,2,1,1993,0,0,0,0,0,0,0,0,0,0
120684,1,1,1993,7,7,7,7,7,7,7,7,7,7
120685,0,1,1993,11,11,11,11,11,11,11,11,11,11
120685,1,1,1993,4,4,4,4,4,4,4,4,4,4
120687,1,1,1993,10,10,10,10,10,10,10,10,10,10
120687,2,1,1993,13,13,13,13,13,13,13,13,13,13
120688,1,1,1993,17,17,17,17,17,17,17,17,17,17
120689,1,1,1993,0,0,0,0,0,0,0,0,0,0
120689,2,1,1993,0,0,0,0,0,0,0,0,0,0
120690,1,1,1993,30,30,30,30,30,30,30,30,30,30
120690,2,1,1993,0,0,0,0,0,0,0,0,0,0
120691,1,1,1993,0,0,0,0,0,0,0,0,0,0
120691,2,1,1993,0,0,0,0,0,0,0,0,0,0
120692,0,1,1993,0,0,0,0,0,0,0,0,0,0
120692,1,1,1993,0,0,0,0,0,0,0,0,0,0
120693,1,1,1993,0,0,0,0,0,0,0,0,0,0
120693,2,1,1993,0,0,18,8,0,0,0,0,0,0
120693,3,1,1993,0,0,0,0,0,0,0,0,0,0
120694,1,1,1993,19,12,19,21,13,0,25,12,24,6
120694,2,1,1993,0,0,0,0,0,0,17,0,7,0
120695,1,1,1993,36,26,26,17,16,35,14,0,41,31
120696,1,1,1993,0,0,0,0,0,0,0,0,0,0
120696,2,1,1993,0,0,0,0,0,0,0,0,0,0