ST_CASE,VEH_NO,PER_NO,YEAR,P1,P2,P3,P4,P5,P6,P7,P8,P9,P10
121199,2,1,1993,0,0,0,0,0,0,0,0,0,0
121199,3,1,1993,0,0,0,20,19,9,20,0,11,0
121200,1,1,1993,0,0,0,0,0,22,0,0,0,0
121200,2,1,1993,0,0,0,0,0,0,0,0,0,0
121200,3,1,1993,0,0,0,0,0,0,0,0,0,0
121200,4,1,1993,0,0,0,0,0,0,0,0,0,0
121200,5,1,1993,0,0,0,0,0,0,0,0,0,0
121201,1,1,1993,31,31,31,31,31,31,31,31,31,31
121201,2,1,1993,0,0,0,0,0,0,0,0,0,0
121202,0,1,1993,0,0,0,0,0,0,0,0,0,0
121202,1,1,1993,0,0,0,0,0,0,0,0,0,0
121203,1,1,1993,0,0,0,0,0,0,0,0,0,0
121204,0,1,1993,44,44,44,44,44,44,44,44,44,44
121204,1,1,1993,0,0,0,0,0,0,0,0,0,0
121205,1,1,1993,0,6,0,0,0,0,0,0,0,0
121205,2,1,1993,0,0,0,0,0,0,0,0,0,0
121206,1,1,1993,13,13,13,13,13,13,13,13,13,13
121207,0,1,1993,16,0,0,14,0,0,29,16,0,0
121207,1,1,1993,0,0,0,0,0,0,0,0,0,0
121208,1,1,1993,0,0,0,0,0,0,0,0,0,0
121208,2,1,1993,0,0,0,0,0,0,0,0,0,0
121208,3,1,1993,0,0,0,0,0,0,0,0,0,0
121209,1,1,1993,0,0,0,0,0,0,0,0,0,0
121209,2,1,1993,0,0,0,0,0,0,0,0,0,0
121210,1,1,1993,0,0,0,0,0,0,0,0,0,0
121211,0,1,1993,0,0,0,0,0,0,0,0,0,0
121211,1,1,1993,0,0,0,0,0,0,0,0,0,0
121212,0,1,1993,0,0,0,0,0,0,0,0,0,0
121212,1,1,1993,0,0,0,0,0,0,0,0,0,0
121213,1,1,1993,15,15,15,15,15,15,15,15,15,15
121213,2,1,1993,0,9,0,0,0,22,0,0,0,0
121214,1,1,1993,11,11,11,11,11,11,11,11,11,11
121215,1,1,1993,17,17,17,17,17,17,17,17,17,17
121216,1,1,1993,0,0,0,0,0,0,0,0,0,0
121216,2,1,1993,0,0,0,0,0,0,0,0,0,0
121217,1,1,1993,0,0,0,0,0,0,0,0,0,0
121217,2,1,1993,0,0,0,0,0,0,0,0,0,0
121218,1,1,1993,0,0,0,0,0,0,0,0,0,0
121218,2,1,1993,0,0,0,0,0,0,0,0,0,0
121219,1,1,1993,0,0,0,0,0,0,0,0,0,0
121220,0,1,1993,0,16,15,9,27,0,34,14,0,22
121220,1,1,1993,0,0,0,0,0,0,0,0,0,0
121221,1,1,1993,0,0,0,0,0,0,0,0,0,0
121221,2,1,1993,0,0,0,0,0,0,0,0,0,0
121222,1,1,1993,21,21,21,21,21,21,21,21,21,21
121223,1,1,1993,3,3,3,3,3,3,3,3,3,3
121223,2,1,1993,0,6,0,0,0,0,0,0,14,0
121224,1,1,1993,9,0,0,0,0,0,0,0,0,0
121224,2,1,1993,0,0,0,0,0,0,0,0,0,0
121225,1,1,1993,10,10,10,10,10,10,10,10,10,10
121226,1,1,1993,0,0,0,0,0,0,12,0,0,0
121226,2,1,1993,0,0,0,0,0,0,0,0,0,0
121227,1,1,1993,9,9,9,9,9,9,9,9,9,9
121228,1,1,1993,0,0,0,0,0,0,0,0,0,0
121229,0,1,1993,15,15,15,15,15,15,15,15,15,15
121229,1,1,1993,0,0,0,0,0,0,0,0,0,0
121230,1,1,1993,0,0,0,0,0,0,0,0,0,0
121230,2,1,1993,0,0,0,0,0,0,0,0,0,0
121231,1,1,1993,0,0,0,0,0,0,0,0,0,0
121231,2,1,1993,0,0,0,0,0,0,0,0,0,0
121231,3,1,1993,21,0,0,0,0,0,0,0,0,0
121232,0,1,1993,18,18,18,18,18,18,18,18,18,18
121232,1,1,1993,0,0,0,0,0,0,0,0,0,0
121233,1,1,1993,0,0,0,0,0,0,0,0,0,0
121233,2,1,1993,0,0,0,0,0,0,0,0,0,0
121234,1,1,1993,0,0,0,0,10,0,0,0,0,0
121234,2,1,1993,0,0,0,0,0,0,0,0,0,0
121235,0,1,1993,29,29,29,29,29,29,29,29,29,29
121235,1,1,1993,11,0,0,0,0,0,18,6,0,0
121236,1,1,1993,0,0,0,0,0,0,0,0,0,0
121236,2,1,1993,0,0,0,15,0,0,0,0,0,0
121236,3,1,1993,0,0,0,0,0,0,0,0,0,0
121237,1,1,1993,6,6,6,6,6,6,6,6,6,6
121237,2,1,1993,7,7,7,7,7,7,7,7,7,7
121238,0,1,1993,6,12,12,0,27,0,0,0,0,12
121238,1,1,1993,0,0,0,0,0,0,0,0,0,0
121239,1,1,1993,21,21,21,21,21,21,21,21,21,21
121240,1,1,1993,8,8,8,8,8,8,8,8,8,8
121241,1,1,1993,30,30,30,30,30,30,30,30,30,30
121242,0,1,1993,25,19,35,29,17,24,0,24,0,14
121242,0,2,1993,36,36,36,36,36,36,36,36,36,36
121242,1,1,1993,0,0,0,0,11,0,0,0,0,0
121243,0,1,1993,36,36,36,36,36,36,36,36,36,36
121243,1,1,1993,0,0,0,0,0,0,0,0,0,0
121244,1,1,1993,12,12,12,12,12,12,12,12,12,12
121244,2,1,1993,15,15,15,15,15,15,15,15,15,15
121245,1,1,1993,0,0,0,0,0,0,0,0,0,0
121245,2,1,1993,0,0,0,0,0,0,0,0,0,0
121245,3,1,1993,0,0,0,0,0,0,0,0,0,0
121246,1,1,1993,0,0,0,0,0,0,0,0,0,0
121246,2,1,1993,0,19,0,0,0,0,0,0,0,0
121247,0,1,1993,0,0,28,21,19,13,0,0,0,0
121247,1,1,1993,0,16,0,0,0,0,0,0,0,0
121248,1,1,1993,0,0,0,0,0,0,0,0,0,0
121249,0,1,1993,25,25,25,25,25,25,25,25,25,25
121249,1,1,1993,0,0,0,0,4,0,0,0,0,0
121250,1,1,1993,39,30,11,32,25,22,21,32,11,19
121251,0,1,1993,26,26,26,26,26,26,26,26,26,26
121251,1,1,1993,10,0,0,0,0,0,0,0,0,13
121252,1,1,1993,18,18,18,18,18,18,18,18,18,18
121252,2,1,1993,0,0,0,0,0,0,0,0,19,0
121253,1,1,1993,0,0,0,0,0,0,0,0,0,0
121254,1,1,1993,0,0,0,0,0,0,0,0,0,0
121254,2,1,1993,0,0,0,0,0,0,0,0,0,0
121255,1,1,1993,0,0,0,0,0,0,0,0,0,0
121255,2,1,1993,0,0,0,0,0,0,0,0,0,0
121256,1,1,1993,13,13,13,13,13,13,13,13,13,13
121257,1,1,1993,0,0,0,0,0,0,0,0,0,0
121257,2,1,1993,0,0,0,0,0,0,0,0,0,0
121258,0,1,1993,23,23,23,23,23,23,23,23,23,23
121258,1,1,1993,0,0,0,0,0,0,0,0,0,12
121259,1,1,1993,0,0,0,0,0,0,0,0,0,0
121260,1,1,1993,0,11,0,8,5,0,0,0,8,12
121260,2,1,1993,0,0,12,0,0,5,0,0,0,0
121261,1,1,1993,0,0,0,0,0,0,0,0,0,0
121261,2,1,1993,0,0,0,0,0,0,0,0,0,0
121261,3,1,1993,0,0,0,0,0,0,0,0,0,0
121262,1,1,1993,0,0,0,0,0,0,0,0,0,0
121263,0,1,1993,4,4,4,4,4,4,4,4,4,4
121263,1,1,1993,0,0,0,6,0,15,0,0,0,0
121263,2,1,1993,0,0,0,0,0,0,0,0,0,0
121263,3,1,1993,5,32,11,16,7,0,0,6,0,27
121264,1,1,1993,0,0,0,0,0,0,0,0,0,0
121264,2,1,1993,0,0,0,0,0,0,0,0,0,0
121265,0,1,1993,0,0,0,0,0,0,0,0,0,0
121265,1,1,1993,0,0,0,0,0,0,0,0,0,0
121266,1,1,1993,0,0,0,0,0,0,0,0,0,0
121267,1,1,1993,22,22,22,22,22,22,22,22,22,22
121268,1,1,1993,0,0,0,0,0,0,0,0,0,0
121268,2,1,1993,0,0,0,0,0,0,0,0,0,0
121268,3,1,1993,0,0,0,0,0,0,0,0,0,0
121269,0,1,1993,0,0,0,0,0,0,0,0,0,0
121269,1,1,1993,26,0,0,5,0,17,0,10,3,3
121270,1,1,1993,0,0,0,0,0,0,0,0,0,0
121271,1,1,1993,9,9,9,9,9,9,9,9,9,9
121272,0,1,1993,0,0,0,0,0,0,0,0,0,0
121272,1,1,1993,19,19,19,19,19,19,19,19,19,19
121273,1,1,1993,0,0,0,0,0,0,0,0,0,0
121274,0,1,1993,0,0,0,0,0,0,0,0,0,0
121274,1,1,1993,0,0,0,0,0,0,0,0,0,0
121274,2,1,1993,0,0,0,0,0,0,0,0,0,0
121274,3,1,1993,0,17,0,15,19,0,4,6,13,0
121275,1,1,1993,4,4,4,4,4,4,4,4,4,4
121276,1,1,1993,24,24,24,24,24,24,24,24,24,24
121277,1,1,1993,23,23,23,23,23,23,23,23,23,23
121278,1,1,1993,0,0,0,0,0,0,0,13,12,0
121278,2,1,1993,21,21,21,21,21,21,21,21,21,21
121279,1,1,1993,0,0,0,0,0,0,0,0,0,0
121279,2,1,1993,0,0,0,0,0,0,0,0,0,0
121279,3,1,1993,0,0,0,0,0,0,0,0,0,0
121279,4,1,1993,14,0,0,0,0,0,0,0,0,0
121279,5,1,1993,0,0,0,0,0,0,0,0,0,0
121279,6,1,1993,0,0,0,0,0,0,0,0,0,0
121279,7,1,1993,0,0,0,0,0,0,0,0,0,0
121280,1,1,1993,12,12,12,12,12,12,12,12,12,12
121281,1,1,1993,0,0,0,0,0,0,0,0,0,0
121281,2,1,1993,0,0,0,0,0,0,0,0,0,0
121282,0,1,1993,0,0,0,0,0,0,0,0,0,0
121282,1,1,1993,0,0,0,0,0,0,0,0,0,0
121283,1,1,1993,15,15,15,15,15,15,15,15,15,15
121283,2,1,1993,0,0,0,0,0,0,0,0,0,0
121284,1,1,1993,19,19,19,19,19,19,19,19,19,19
121285,0,1,1993,0,0,0,0,0,0,0,0,0,0
121285,0,2,1993,17,0,0,0,9,15,12,0,0,10
121285,0,3,1993,0,0,0,0,0,33,0,13,0,0
121285,1,1,1993,0,0,0,0,0,0,0,0,0,0
121286,1,1,1993,0,0,0,0,0,0,0,0,0,0
121287,1,1,1993,0,0,0,0,0,0,0,0,0,0
121287,2,1,1993,0,0,0,0,0,0,0,0,0,0
121288,1,1,1993,8,8,8,8,8,8,8,8,8,8
121288,2,1,1993,0,0,0,0,0,0,0,0,0,0
121289,1,1,1993,0,0,0,0,10,0,0,0,0,0
121290,1,1,1993,0,0,0,0,0,0,0,0,0,0
121290,2,1,1993,0,0,0,0,0,0,0,0,0,0
121291,1,1,1993,0,0,0,0,0,0,0,0,0,0
121292,1,1,1993,26,26,26,26,26,26,26,26,26,26
121292,2,1,1993,0,0,0,0,13,0,0,0,0,0
121293,1,1,1993,0,0,0,0,0,0,0,0,0,0
121293,2,1,1993,0,0,0,0,0,0,0,0,0,0
121294,1,1,1993,0,0,0,0,0,0,0,0,0,0
121294,2,1,1993,0,0,0,0,0,0,0,0,0,0
121295,1,1,1993,19,19,19,19,19,19,19,19,19,19
121296,0,1,1993,0,0,0,0,0,0,0,0,0,15
121296,1,1,1993,0,0,0,0,0,0,0,0,0,0
121297,1,1,1993,30,30,30,30,30,30,30,30,30,30
121297,2,1,1993,0,0,0,0,0,0,0,0,0,0
121297,3,1,1993,0,0,0,19,0,0,0,0,8,0
121298,0,1,1993,22,22,22,22,22,22,22,22,22,22
121298,1,1,1993,0,0,0,0,0,0,0,0,0,0
121299,1,1,1993,29,29,29,29,29,29,29,29,29,29
121300,1,1,1993,0,0,0,0,0,0,0,0,0,0
121300,2,1,1993,0,0,0,0,0,0,0,0,0,0
121301,1,1,1993,27,27,27,27,27,27,27,27,27,27
121302,1,1,1993,0,0,0,0,0,0,0,0,0,0
121303,1,1,1993,0,0,0,0,0,0,0,0,0,0
121303,2,1,1993,0,0,0,0,0,0,0,0,0,0
121304,0,1,1993,0,0,0,0,0,0,0,0,0,0
121304,1,1,1993,0,0,0,0,0,0,0,0,0,0
121305,1,1,1993,0,0,0,0,0,0,0,0,0,0
121305,2,1,1993,0,0,0,0,0,0,0,0,0,0
121306,0,1,1993,0,0,0,24,26,0,27,0,0,25
121306,1,1,1993,0,0,0,0,0,0,0,0,0,0
121307,1,1,1993,0,0,0,0,0,0,0,0,0,0
121308,0,1,1993,11,11,11,11,11,11,11,11,11,11
121308,1,1,1993,9,9,9,9,9,9,9,9,9,9
121309,1,1,1993,0,0,0,0,0,0,0,0,0,0
121309,2,1,1993,0,0,0,0,0,0,0,0,0,0
121309,3,1,1993,0,0,0,0,0,0,0,0,0,0
121310,1,1,1993,0,0,0,0,0,0,0,0,0,0
121310,2,1,1993,0,0,0,0,0,0,0,0,0,0
121311,1,1,1993,22,34,0,4,18,11,10,17,14,13
121311,2,1,1993,9,10,20,7,18,11,19,14,15,14
121314,1,1,1993,20,20,20,20,20,20,20,20,20,20
121315,1,1,1993,20,20,20,20,20,20,20,20,20,20
121316,0,1,1993,0,0,0,0,0,0,0,0,0,0
121316,1,1,1993,0,0,0,0,0,0,14,0,0,0
121317,1,1,1993,0,0,0,0,0,0,0,0,0,0
121317,2,1,1993,11,11,11,11,11,11,11,11,11,11
121318,1,1,1993,0,0,0,0,0,0,0,0,0,0
121318,2,1,1993,0,0,0,0,0,0,0,0,0,0
121319,1,1,1993,0,0,0,0,0,0,0,0,0,0
121320,0,1,1993,14,14,14,14,14,14,14,14,14,14
121320,1,1,1993,0,0,0,0,0,0,0,0,0,0
121321,1,1,1993,9,9,9,9,9,9,9,9,9,9
121322,0,1,1993,0,0,0,0,0,0,0,0,0,0
121322,1,1,1993,0,0,0,0,0,0,0,0,0,0
121323,1,1,1993,0,0,0,0,0,0,0,0,0,0
121323,2,1,1993,0,0,0,0,21,0,0,0,0,0
121324,1,1,1993,0,0,0,6,0,0,0,0,0,0
121324,2,1,1993,0,0,0,0,0,0,0,0,0,4
121325,1,1,1993,0,0,0,0,0,0,0,0,0,0
121326,1,1,1993,0,0,0,0,0,0,0,0,0,0
121327,1,1,1993,15,15,15,15,15,15,15,15,15,15
121327,2,1,1993,0,0,0,0,0,0,0,0,0,0
121328,1,1,1993,17,0,8,0,12,11,23,18,29,0
121329,1,1,1993,9,9,9,9,9,9,9,9,9,9
121329,2,1,1993,0,0,0,0,0,0,0,0,0,0
121329,3,1,1993,0,0,29,0,0,0,0,0,0,0
121330,0,1,1993,14,14,14,14,14,14,14,14,14,14
121330,2,1,1993,2,2,2,2,2,2,2,2,2,2
121330,3,1,1993,0,0,0,0,0,0,0,0,0,0
121330,4,1,1993,0,0,0,0,0,0,0,0,0,0
121331,1,1,1993,0,0,0,0,0,0,0,0,16,0
121332,0,1,1993,0,0,0,0,0,0,0,25,0,0
121332,1,1,1993,0,0,0,0,0,0,0,0,0,0
121333,1,1,1993,0,0,0,0,0,0,0,0,0,0
121333,2,1,1993,0,0,0,0,0,0,0,0,0,0
121334,1,1,1993,0,0,0,0,0,0,0,0,0,0
121334,2,1,1993,0,0,0,0,0,0,0,0,0,0
121335,0,1,1993,0,0,0,0,0,0,0,0,0,0
121335,1,1,1993,19,12,0,12,0,29,13,11,15,17
121336,0,1,1993,24,0,18,0,0,40,20,0,14,0
121336,1,1,1993,0,0,0,0,0,0,0,0,0,0
121337,0,1,1993,0,0,24,0,6,9,16,14,15,0
121337,1,1,1993,0,0,0,0,0,0,0,0,0,0
121338,0,1,1993,0,0,0,0,0,0,0,0,0,0
121338,1,1,1993,0,0,0,0,0,0,0,0,0,0
121339,0,1,1993,0,0,0,0,0,0,0,26,0,0
121339,1,1,1993,0,0,0,0,0,0,0,0,0,0
121340,0,1,1993,5,5,5,5,5,5,5,5,5,5
121340,1,1,1993,0,0,13,0,0,17,0,0,0,0
121341,1,1,1993,10,10,10,10,10,10,10,10,10,10
121342,0,1,1993,0,0,0,0,0,0,0,0,0,0
121342,1,1,1993,0,0,0,0,0,0,0,0,0,0
121343,1,1,1993,0,0,0,0,0,0,0,0,0,0
121343,2,1,1993,0,0,0,0,0,3,0,0,0,0
121344,1,1,1993,0,0,0,0,0,0,0,0,0,0
121344,2,1,1993,0,0,0,0,0,0,0,0,0,0
121345,1,1,1993,12,7,0,0,0,0,0,0,0,0
121345,2,1,1993,0,0,0,0,0,0,0,0,0,0
121345,3,1,1993,0,9,0,0,0,0,0,0,0,0
121346,0,1,1993,0,0,0,0,0,0,0,0,0,0
121346,1,1,1993,0,0,0,0,0,0,0,0,0,0
121347,1,1,1993,21,0,0,0,0,0,0,0,0,0
121348,0,1,1993,25,25,25,25,25,25,25,25,25,25
121348,1,1,1993,0,0,0,0,0,0,0,0,0,0
121349,1,1,1993,0,0,0,0,0,0,0,0,0,0
121349,2,1,1993,9,9,9,9,9,9,9,9,9,9
121350,1,1,1993,0,0,0,0,0,0,0,0,0,0
121350,2,1,1993,0,0,13,11,0,0,0,0,0,0
121350,3,1,1993,0,0,0,0,0,0,0,0,0,0
121351,1,1,1993,0,0,0,0,0,0,0,0,0,0
121351,2,1,1993,0,0,0,0,0,0,0,12,0,0
121352,1,1,1993,25,23,19,8,11,11,23,13,11,18
121353,1,1,1993,19,19,19,19,19,19,19,19,19,19
121354,0,1,1993,26,26,26,26,26,26,26,26,26,26
121354,1,1,1993,0,0,17,8,22,8,0,0,0,5
121355,1,1,1993,19,19,19,19,19,19,19,19,19,19
121357,1,1,1993,3,3,3,3,3,3,3,3,3,3
121358,1,1,1993,29,29,29,29,29,29,29,29,29,29
121359,1,1,1993,16,16,16,16,16,16,16,16,16,16
121359,2,1,1993,0,0,0,0,0,0,0,0,0,0
121360,1,1,1993,0,0,0,0,0,0,0,0,0,0
121360,2,1,1993,0,0,0,0,0,0,0,0,0,0
121361,1,1,1993,16,16,16,16,16,16,16,16,16,16
121362,1,1,1993,18,18,18,18,18,18,18,18,18,18
121363,1,1,1993,0,0,0,0,12,0,0,0,0,0
121363,2,1,1993,0,0,0,0,0,0,0,0,0,0
121364,1,1,1993,5,5,5,5,5,5,5,5,5,5
121365,1,1,1993,16,16,16,16,16,16,16,16,16,16
121366,1,1,1993,14,14,14,14,14,14,14,14,14,14
121367,0,1,1993,0,9,27,0,12,0,21,31,13,26
121367,1,1,1993,0,11,13,0,10,18,22,0,0,10
121368,0,1,1993,0,0,0,0,0,0,0,0,0,7
121368,1,1,1993,0,0,0,0,0,0,0,0,0,0
121369,0,1,1993,0,25,22,0,0,0,0,19,3,39
121369,0,2,1993,0,0,0,0,0,0,0,0,0,0
121369,1,1,1993,22,13,19,25,16,10,16,8,22,13
121370,1,1,1993,19,0,17,10,0,16,16,16,19,0
121371,1,1,1993,0,0,0,0,0,0,0,0,0,0
121372,1,1,1993,0,0,0,0,0,0,0,0,0,0
121372,2,1,1993,0,0,0,0,0,0,0,0,0,0
121373,1,1,1993,0,0,0,0,0,0,0,0,20,0
121374,1,1,1993,0,0,0,0,0,0,0,0,0,0
121375,1,1,1993,0,0,0,0,0,12,0,0,0,0
121375,2,1,1993,0,0,0,0,0,0,0,0,0,0
121376,1,1,1993,12,12,12,12,12,12,12,12,12,12
121377,1,1,1993,0,0,0,0,0,0,0,0,0,0
121377,2,1,1993,0,0,0,19,0,0,0,0,0,0
121378,1,1,1993,0,0,0,0,0,0,0,0,0,0
121378,2,1,1993,0,0,0,0,0,0,0,0,0,0
121379,1,1,1993,22,16,0,0,11,0,14,17,19,19
121380,1,1,1993,0,30,0,0,0,0,0,0,0,0
121381,1,1,1993,0,0,0,0,0,0,0,21,0,0
121381,2,1,1993,0,0,0,29,0,0,0,0,0,0
121382,1,1,1993,0,15,0,0,14,17,16,19,18,0
121383,1,1,1993,27,27,27,27,27,27,27,27,27,27
121384,1,1,1993,0,0,0,0,0,0,0,0,0,0
121384,2,1,1993,0,0,0,0,0,0,0,0,0,0
121385,1,1,1993,0,0,0,0,0,0,0,0,0,0
121386,1,1,1993,21,21,21,21,21,21,21,21,21,21
121387,0,1,1993,12,12,12,12,12,12,12,12,12,12
121387,1,1,1993,0,0,0,9,0,0,0,0,0,0
121388,1,1,1993,0,0,0,0,0,0,0,0,0,0
121388,2,1,1993,0,0,0,0,0,0,0,0,0,0
121389,1,1,1993,0,0,0,0,0,0,0,0,0,0
121389,2,1,1993,0,0,0,0,0,0,0,0,0,0
121390,1,1,1993,0,0,0,0,0,0,0,0,0,0
121390,2,1,1993,0,0,0,0,13,0,0,0,0,0
121391,1,1,1993,0,0,0,25,0,0,0,0,0,0
121392,1,1,1993,26,26,26,26,26,26,26,26,26,26
121392,2,1,1993,0,0,0,0,0,0,0,0,0,0
121393,1,1,1993,0,0,0,0,0,0,0,0,0,0
121394,1,1,1993,0,0,0,0,0,0,0,0,0,0
121394,2,1,1993,0,0,0,10,0,0,0,0,0,0
121395,1,1,1993,0,0,0,0,0,0,0,0,0,0
121395,2,1,1993,0,0,0,0,0,0,0,0,0,0
121396,1,1,1993,0,0,0,0,0,0,0,0,0,0
121396,2,1,1993,0,0,0,0,0,0,0,0,0,0
121397,1,1,1993,11,11,11,11,11,11,11,11,11,11
121397,2,1,1993,9,9,9,9,9,9,9,9,9,9
121398,1,1,1993,0,0,0,0,6,0,0,0,0,0
121398,2,1,1993,0,0,0,14,0,0,4,0,11,0
121399,0,1,1993,0,0,0,0,0,0,0,0,0,0
121399,1,1,1993,20,20,20,20,20,20,20,20,20,20
121400,1,1,1993,0,24,14,0,12,14,13,0,0,0
121400,2,1,1993,0,0,0,14,0,0,0,0,0,0
121401,1,1,1993,0,0,0,0,0,0,0,0,0,0
121401,2,1,1993,0,0,0,0,0,0,0,0,0,0
121402,1,1,1993,19,19,19,19,19,19,19,19,19,19
121402,2,1,1993,0,0,0,0,0,0,0,0,0,0
121403,1,1,1993,0,0,0,0,0,0,0,0,0,0
121404,1,1,1993,0,0,0,0,0,0,0,0,0,0
121405,1,1,1993,6,4,8,11,10,23,26,7,22,15
121405,2,1,1993,0,0,0,0,0,0,0,0,0,0
121407,1,1,1993,18,18,18,18,18,18,18,18,18,18
121407,2,1,1993,0,0,0,0,0,0,0,0,0,0
121408,1,1,1993,47,47,47,47,47,47,47,47,47,47
121409,1,1,1993,0,0,0,0,0,0,0,0,0,0
121409,2,1,1993,13,0,5,9,3,0,7,5,0,0
121410,0,1,1993,0,0,0,0,0,0,0,0,0,0
121410,1,1,1993,0,0,0,0,0,0,0,0,0,0
121410,2,1,1993,0,32,0,0,0,0,0,0,0,0
121411,1,1,1993,27,27,27,27,27,27,27,27,27,27
121411,2,1,1993,0,0,0,0,0,0,0,0,0,0
121412,1,1,1993,2,2,2,2,2,2,2,2,2,2
121413,0,1,1993,0,0,0,0,0,0,0,0,0,0
121413,1,1,1993,0,0,0,0,0,0,0,0,0,0
121414,1,1,1993,0,0,0,0,0,0,0,0,0,0
121415,1,1,1993,13,0,0,8,0,0,0,4,0,0
121415,2,1,1993,0,0,9,0,0,0,0,0,0,0
121416,1,1,1993,0,0,0,0,0,0,0,0,14,0
121417,1,1,1993,31,31,31,31,31,31,31,31,31,31
121417,2,1,1993,0,0,0,14,21,0,9,0,0,0
121418,1,1,1993,0,0,0,0,0,0,0,0,0,0
121419,1,1,1993,0,0,0,0,0,0,0,0,0,0
121419,2,1,1993,0,0,8,0,0,9,0,0,0,0
121420,1,1,1993,0,20,0,0,0,0,0,0,28,0
121420,2,1,1993,0,0,0,0,0,0,0,0,0,0
121420,3,1,1993,0,0,0,0,0,0,0,0,0,0
121421,0,1,1993,0,0,24,0,19,0,0,0,35,11
121421,1,1,1993,20,0,0,0,0,17,0,0,10,9
121422,1,1,1993,0,0,0,0,0,0,0,0,0,0
121422,2,1,1993,0,18,0,0,0,10,0,0,0,0
121423,1,1,1993,19,19,19,19,19,19,19,19,19,19
121424,1,1,1993,0,0,0,0,0,0,0,0,0,0
121424,2,1,1993,0,0,0,0,0,0,0,0,0,0
121425,1,1,1993,0,0,0,0,0,0,0,0,0,0
121425,2,1,1993,0,0,0,0,0,0,0,0,0,0
121426,1,1,1993,0,0,0,0,0,0,0,0,0,0
121426,2,1,1993,0,0,0,0,0,0,0,0,0,0
121427,1,1,1993,0,0,0,0,0,0,0,0,0,0
121428,1,1,1993,0,0,0,0,0,0,0,0,0,0
121428,2,1,1993,0,0,0,0,0,0,0,0,0,0
121428,3,1,1993,0,0,0,0,0,0,0,0,0,0
121429,1,1,1993,23,23,23,23,23,23,23,23,23,23
121430,1,1,1993,0,0,0,2,8,0,0,0,0,0
121431,0,1,1993,0,0,0,0,0,0,0,0,0,0
121431,1,1,1993,0,0,0,0,0,0,0,0,0,0
121432,1,1,1993,0,0,0,0,0,0,0,0,0,0
121432,2,1,1993,0,0,0,0,0,0,0,0,0,0
121433,1,1,1993,2,2,2,2,2,2,2,2,2,2
121434,1,1,1993,11,11,11,11,11,11,11,11,11,11
121434,2,1,1993,0,0,0,0,0,0,0,0,0,0
121435,0,1,1993,0,0,0,0,0,0,0,0,0,0
121435,1,1,1993,5,0,0,0,0,0,0,0,0,0
121436,2,1,1993,0,0,0,0,0,0,0,0,0,0
121436,3,1,1993,0,0,0,0,0,0,0,0,0,0
121436,4,1,1993,0,0,0,0,0,0,0,0,0,0
121437,1,1,1993,0,0,0,0,0,0,0,0,0,0
121437,2,1,1993,0,0,0,0,0,0,0,0,0,0
121438,1,1,1993,0,0,0,2,0,0,0,0,0,0
121438,2,1,1993,0,0,0,0,0,0,0,0,0,0
121439,0,1,1993,17,16,6,26,15,23,35,18,0,8
121439,1,1,1993,0,0,0,0,0,0,0,0,0,0
121440,1,1,1993,0,0,0,0,0,0,0,0,0,0
121440,2,1,1993,9,9,9,9,9,9,9,9,9,9
121441,1,1,1993,0,0,0,0,0,0,0,0,0,0
121441,2,1,1993,0,0,0,0,0,0,0,0,0,0
121441,3,1,1993,0,0,0,0,0,0,0,0,0,0
121442,0,1,1993,0,0,0,0,0,0,0,0,0,0
121442,1,1,1993,0,0,6,0,9,11,16,0,0,14
121443,1,1,1993,0,0,0,0,0,0,0,0,0,0
121443,2,1,1993,0,0,0,0,0,0,0,0,0,0
121444,1,1,1993,0,0,0,0,0,0,0,0,0,0
121445,1,1,1993,13,13,13,13,13,13,13,13,13,13
121446,1,1,1993,16,0,18,0,0,22,0,36,20,28
121446,2,1,1993,0,0,0,0,0,0,0,0,0,0
121447,1,1,1993,0,0,0,0,5,0,0,0,0,0
121447,2,1,1993,0,0,0,0,0,0,0,0,0,0
121447,3,1,1993,0,0,0,0,0,0,0,0,0,0
121448,1,1,1993,0,0,0,0,0,0,0,0,0,0
121448,2,1,1993,0,0,0,0,0,0,0,0,0,0
121449,1,1,1993,0,0,0,0,0,0,0,0,0,0
121449,2,1,1993,17,17,17,17,17,17,17,17,17,17
121450,1,1,1993,0,0,0,0,0,0,0,0,0,0
121451,1,1,1993,0,0,32,0,20,0,0,0,0,0
121451,2,1,1993,0,14,0,20,0,0,8,9,0,0
121452,1,1,1993,25,25,25,25,25,25,25,25,25,25
121452,2,1,1993,5,5,5,5,5,5,5,5,5,5
121453,0,1,1993,37,37,37,37,37,37,37,37,37,37
121453,1,1,1993,0,0,0,0,0,0,0,0,0,0
121453,2,1,1993,0,0,0,0,0,0,0,0,0,0
121454,1,1,1993,0,0,0,0,0,0,0,0,0,0
121454,2,1,1993,0,0,0,0,0,0,0,0,0,0
121454,3,1,1993,0,0,0,0,0,0,0,0,0,0
121454,4,1,1993,0,0,0,0,0,0,0,0,0,0
121454,5,1,1993,0,0,0,0,0,0,0,0,0,0
121455,1,1,1993,0,0,0,0,0,0,0,0,0,0
121455,2,1,1993,0,0,0,0,0,0,0,0,0,0
121456,1,1,1993,0,13,0,0,0,0,16,11,7,0
121457,1,1,1993,19,19,19,19,19,19,19,19,19,19
121458,1,1,1993,13,13,13,13,13,13,13,13,13,13