ST_CASE,VEH_NO,PER_NO,YEAR,P1,P2,P3,P4,P5,P6,P7,P8,P9,P10
121726,1,1,1993,0,0,0,0,0,0,0,0,0,0
121726,2,1,1993,0,0,0,0,0,0,0,0,0,0
121726,3,1,1993,0,0,0,0,0,0,0,0,0,0
121727,1,1,1993,0,0,0,0,0,0,0,0,0,0
121727,2,1,1993,0,0,0,0,0,0,0,0,0,0
121727,3,1,1993,0,0,0,0,0,0,0,0,0,0
121728,0,1,1993,27,15,39,21,32,13,6,10,26,20
121728,1,1,1993,0,16,0,0,27,0,8,0,24,0
121729,0,1,1993,16,24,29,41,0,0,10,0,0,0
121729,1,1,1993,0,0,0,0,0,0,0,0,0,0
121730,1,1,1993,0,0,0,0,0,0,0,0,0,0
121730,2,1,1993,0,0,0,0,0,0,0,0,0,0
121731,3,1,1993,18,12,19,32,16,30,14,0,18,9
121732,1,1,1993,28,28,28,28,28,28,28,28,28,28
121733,1,1,1993,0,0,0,0,0,0,0,0,0,0
121733,2,1,1993,0,0,0,0,0,0,0,0,0,0
121734,0,1,1993,0,0,0,0,0,0,0,0,0,0
121734,1,1,1993,0,0,0,0,0,0,0,0,0,0
121735,1,1,1993,0,0,0,0,0,0,0,0,0,0
121736,1,1,1993,6,20,9,9,3,15,13,28,12,9
121737,0,1,1993,42,42,42,42,42,42,42,42,42,42
121737,1,1,1993,0,22,16,8,0,0,0,0,0,0
121738,1,1,1993,0,0,0,0,0,0,0,0,0,0
121738,2,1,1993,0,0,0,0,0,0,0,0,0,0
121739,1,1,1993,14,10,26,25,31,0,31,39,14,19
121740,1,1,1993,13,13,13,13,13,13,13,13,13,13
121741,1,1,1993,22,22,22,22,22,22,22,22,22,22
121741,2,1,1993,0,0,0,20,0,0,0,0,0,3
121742,0,1,1993,0,0,0,17,0,0,0,0,0,0
121742,1,1,1993,0,0,0,0,0,0,0,0,0,0
121743,1,1,1993,21,21,21,21,21,21,21,21,21,21
121744,1,1,1993,0,9,0,0,0,0,0,0,0,0
121744,2,1,1993,0,0,0,0,0,0,0,0,0,0
121745,1,1,1993,1,1,1,1,1,1,1,1,1,1
121745,2,1,1993,0,0,0,0,0,0,0,0,0,0
121746,1,1,1993,0,0,0,0,0,0,0,0,0,0
121746,2,1,1993,0,0,0,0,0,0,0,0,0,0
121746,3,1,1993,0,0,0,0,0,0,0,0,0,0
121746,4,1,1993,0,0,0,0,0,0,0,0,0,0
121747,1,1,1993,0,0,0,0,0,0,0,0,0,0
121747,2,1,1993,0,0,0,0,0,0,0,0,0,0
121748,1,1,1993,0,0,0,0,0,0,0,0,0,0
121748,2,1,1993,4,4,4,4,4,4,4,4,4,4
121749,0,1,1993,0,0,0,0,0,0,0,0,0,0
121749,1,1,1993,0,14,0,0,0,0,0,0,0,0
121750,1,1,1993,14,0,0,26,0,0,0,0,0,0
121750,2,1,1993,0,0,0,0,0,0,0,0,0,0
121751,1,1,1993,0,3,0,0,0,0,0,0,0,0
121752,0,1,1993,10,17,0,0,35,0,34,0,0,0
121752,1,1,1993,0,0,0,0,0,0,0,0,0,0
121753,1,1,1993,3,0,6,1,0,0,0,0,0,0
121754,0,1,1993,18,18,18,18,18,18,18,18,18,18
121754,1,1,1993,0,0,31,2,9,10,9,16,20,0
121755,0,1,1993,0,0,0,0,0,0,0,0,0,0
121755,1,1,1993,14,0,0,0,0,0,3,0,9,0
121756,0,1,1993,0,0,36,0,0,0,0,0,0,0
121756,1,1,1993,0,0,0,0,0,0,0,0,0,0
121757,1,1,1993,2,31,0,6,0,0,0,0,0,0
121757,2,1,1993,12,0,0,0,17,0,13,17,0,0
121758,0,1,1993,0,0,0,0,0,0,27,37,0,0
121758,1,1,1993,0,0,0,0,0,14,0,0,0,19
121759,0,1,1993,0,0,0,0,0,0,0,0,0,0
121759,1,1,1993,0,0,0,0,0,0,0,0,0,0
121760,1,1,1993,0,0,0,0,0,0,0,0,0,0
121760,2,1,1993,0,0,0,0,0,0,0,0,0,0
121761,0,1,1993,0,0,0,0,0,0,0,0,0,0
121761,1,1,1993,0,0,0,0,0,0,0,0,0,0
121761,2,1,1993,0,0,0,0,0,0,0,0,0,0
121762,1,1,1993,0,0,0,0,0,0,0,0,0,0
121762,2,1,1993,0,0,0,0,0,15,0,0,0,0
121762,3,1,1993,0,0,0,0,0,0,0,0,0,0
121762,4,1,1993,0,0,0,0,0,0,0,0,0,0
121762,5,1,1993,0,0,0,0,0,11,0,0,0,0
121764,1,1,1993,26,26,26,26,26,26,26,26,26,26
121764,2,1,1993,0,0,0,0,0,0,0,0,0,0
121765,0,1,1993,32,0,0,21,0,20,0,42,0,0
121765,1,1,1993,0,0,0,0,0,0,0,0,0,0
121767,1,1,1993,0,0,0,0,0,0,0,0,0,0
121767,2,1,1993,0,0,0,0,0,0,0,0,0,0
121768,1,1,1993,0,0,0,0,0,0,0,0,0,0
121769,1,1,1993,22,22,22,22,22,22,22,22,22,22
121770,1,1,1993,12,12,12,12,12,12,12,12,12,12
121770,2,1,1993,0,0,26,0,0,0,0,0,0,27
121770,3,1,1993,0,0,0,0,16,0,0,0,0,0
121771,1,1,1993,21,21,21,21,21,21,21,21,21,21
121771,2,1,1993,0,0,8,7,0,0,0,0,0,0
121772,1,1,1993,0,0,0,0,0,0,0,0,0,0
121772,2,1,1993,0,0,0,0,0,0,0,0,0,0
121773,1,1,1993,0,0,0,0,0,0,0,0,0,0
121774,0,1,1993,24,24,24,24,24,24,24,24,24,24
121774,1,1,1993,0,0,0,23,22,0,0,0,16,31
121775,1,1,1993,23,23,23,23,23,23,23,23,23,23
121776,1,1,1993,0,0,0,0,0,0,0,0,0,0
121776,2,1,1993,0,0,0,0,0,0,0,0,0,0
121776,3,1,1993,0,0,0,0,0,3,0,0,0,0
121776,4,1,1993,0,0,0,0,0,0,0,0,0,0
121777,1,1,1993,0,0,0,0,0,0,0,0,0,0
121777,2,1,1993,0,0,0,0,0,0,0,0,0,0
121778,1,1,1993,0,0,0,0,0,0,0,0,0,0
121779,1,1,1993,0,0,0,0,0,0,0,0,0,0
121779,2,1,1993,0,0,0,0,0,0,0,0,0,0
121780,0,1,1993,0,0,0,0,0,0,0,0,0,0
121780,1,1,1993,0,0,0,0,0,0,0,0,0,0
121780,2,1,1993,0,0,0,0,0,0,0,0,0,0
121781,1,1,1993,0,0,0,0,0,0,0,0,0,0
121781,2,1,1993,0,0,0,0,0,0,0,0,0,0
121782,1,1,1993,0,0,0,0,0,0,0,0,0,0
121782,2,1,1993,0,0,0,0,0,0,0,0,0,0
121783,0,1,1993,0,0,0,0,0,0,0,0,9,0
121783,1,1,1993,0,0,0,0,0,0,0,0,0,0
121784,1,1,1993,0,0,10,0,0,0,0,0,0,0
121784,2,1,1993,0,0,14,0,0,8,0,12,0,0
121785,1,1,1993,30,9,10,0,3,27,9,0,0,12
121786,1,1,1993,10,15,17,15,2,0,12,9,18,8
121786,2,1,1993,0,0,0,0,19,0,0,0,15,0
121787,1,1,1993,0,0,0,0,0,0,0,0,0,0
121787,2,1,1993,0,0,0,0,0,0,0,0,0,0
121788,1,1,1993,10,10,10,10,10,10,10,10,10,10
121789,0,1,1993,25,0,14,4,16,28,23,25,17,25
121789,1,1,1993,0,0,0,0,0,0,0,0,0,0
121790,1,1,1993,0,0,0,0,0,0,0,0,0,0
121790,2,1,1993,0,0,0,0,0,0,0,0,0,0
121791,1,1,1993,0,5,0,0,0,0,0,0,0,0
121791,2,1,1993,0,0,0,0,0,0,0,0,0,0
121792,1,1,1993,0,0,0,0,0,0,0,0,0,0
121793,1,1,1993,26,26,26,26,26,26,26,26,26,26
121793,2,1,1993,0,0,0,0,0,0,0,0,0,0
121794,1,1,1993,0,0,0,0,0,0,0,0,0,0
121795,1,1,1993,0,0,0,0,0,0,0,0,0,0
121796,1,1,1993,0,0,0,0,0,0,0,0,0,0
121797,1,1,1993,0,0,0,0,0,0,0,0,0,0
121797,2,1,1993,0,0,0,0,0,0,4,0,0,0
121798,0,1,1993,15,15,15,15,15,15,15,15,15,15
121798,1,1,1993,0,0,0,0,0,0,0,0,0,0
121799,1,1,1993,0,0,0,0,0,0,0,0,0,0
121800,1,1,1993,0,0,0,0,0,0,0,0,0,0
121800,2,1,1993,0,0,0,0,0,0,0,0,0,0
121801,0,1,1993,0,0,0,0,0,0,0,0,0,0
121801,1,1,1993,0,0,0,0,0,0,0,0,0,0
121802,1,1,1993,0,0,0,0,0,0,0,0,0,0
121802,2,1,1993,0,0,0,0,0,0,0,0,0,0
121803,1,1,1993,0,0,0,0,0,0,0,0,0,0
121804,1,1,1993,0,11,0,10,23,16,0,0,0,0
121805,0,1,1993,0,0,0,0,0,0,0,0,0,0
121805,1,1,1993,0,0,0,0,0,0,14,0,0,0
121806,1,1,1993,0,0,0,0,0,0,0,0,0,0
121806,2,1,1993,0,0,0,0,0,0,0,0,0,0
121807,1,1,1993,0,0,0,0,0,0,0,0,0,0
121807,2,1,1993,0,0,0,0,0,0,0,0,0,0
121808,1,1,1993,16,16,16,16,16,16,16,16,16,16
121809,1,1,1993,0,0,0,0,0,0,0,0,0,0
121809,2,1,1993,0,0,0,0,0,0,0,0,0,0
121810,1,1,1993,23,23,23,23,23,23,23,23,23,23
121811,1,1,1993,10,10,10,10,10,10,10,10,10,10
121811,2,1,1993,8,8,8,8,8,8,8,8,8,8
121811,3,1,1993,0,0,0,11,0,0,0,0,0,4
121812,1,1,1993,0,0,0,0,0,0,0,0,0,0
121812,2,1,1993,0,0,0,0,0,0,0,0,0,0
121813,0,1,1993,29,29,29,29,29,29,29,29,29,29
121813,1,1,1993,0,0,0,0,0,0,0,0,0,0
121814,1,1,1993,16,16,16,16,16,16,16,16,16,16
121815,1,1,1993,7,0,0,0,0,0,0,0,0,0
121815,2,1,1993,0,0,0,8,0,0,0,0,0,0
121815,3,1,1993,0,0,0,0,0,0,0,0,0,0
121816,0,1,1993,0,0,0,0,0,0,0,0,0,0
121816,1,1,1993,0,0,0,0,0,0,0,0,0,0
121817,1,1,1993,0,0,0,10,0,0,0,0,0,0
121817,2,1,1993,0,0,0,0,0,0,0,0,0,0
121818,0,1,1993,0,29,0,0,0,0,20,8,0,0
121818,1,1,1993,0,5,0,0,4,0,0,0,0,0
121818,2,1,1993,0,16,0,4,0,0,0,0,0,0
121819,1,1,1993,0,0,0,0,0,0,0,0,0,0
121819,2,1,1993,0,0,0,0,0,0,0,0,0,0
121820,1,1,1993,0,0,0,0,0,0,0,0,0,0
121820,2,1,1993,0,0,0,0,0,0,0,0,0,0
121821,1,1,1993,0,0,0,0,0,0,0,0,0,0
121821,2,1,1993,0,0,0,0,0,0,0,0,0,0
121822,0,1,1993,36,0,0,0,19,17,0,9,0,18
121822,1,1,1993,0,0,0,0,0,0,0,0,0,0
121823,0,1,1993,20,11,9,0,0,0,14,25,0,24
121823,1,1,1993,0,0,0,0,2,0,0,0,0,0
121824,0,1,1993,0,0,0,0,0,0,0,0,0,0
121824,1,1,1993,0,0,0,0,0,0,0,0,0,0
121825,0,1,1993,0,0,0,0,16,0,0,0,0,0
121825,1,1,1993,0,0,0,0,0,0,0,0,0,4
121826,1,1,1993,0,0,0,0,0,0,0,0,0,0
121826,2,1,1993,0,0,0,0,0,0,0,0,0,0
121827,0,1,1993,0,0,0,0,0,0,0,0,0,0
121827,1,1,1993,0,0,0,0,0,0,0,0,0,0
121828,1,1,1993,0,0,0,0,0,0,0,0,0,0
121829,1,1,1993,13,13,13,13,13,13,13,13,13,13
121830,1,1,1993,0,0,0,0,0,0,0,0,0,0
121830,2,1,1993,0,0,0,0,0,0,0,0,0,0
121830,3,1,1993,0,0,0,0,0,0,0,0,0,0
121830,4,1,1993,0,0,0,0,0,0,0,0,0,0
121831,1,1,1993,0,0,0,0,0,0,0,0,0,0
121831,2,1,1993,0,0,0,0,0,0,0,0,0,0
121832,1,1,1993,0,0,0,0,0,0,0,0,0,0
121832,2,1,1993,0,0,0,0,0,0,0,0,0,0
121832,3,1,1993,0,0,0,0,0,0,0,0,0,0
121833,1,1,1993,29,29,29,29,29,29,29,29,29,29
121833,2,1,1993,0,0,0,0,0,0,0,0,0,0
121834,1,1,1993,0,0,0,0,0,0,0,0,0,0
121834,2,1,1993,0,0,0,0,0,0,0,0,0,0
121835,1,1,1993,0,15,0,24,24,9,8,15,24,0
121835,2,1,1993,18,0,0,0,0,0,0,0,0,0
121835,3,1,1993,0,0,15,0,0,0,0,0,22,0
121835,4,1,1993,0,0,0,0,0,0,0,0,0,0
121836,1,1,1993,0,0,0,0,0,0,0,0,0,0
121837,1,1,1993,0,0,15,0,0,7,0,0,0,13
121838,1,1,1993,0,0,0,0,0,0,0,0,0,0
121838,2,1,1993,0,8,0,0,0,0,0,0,0,0
121839,0,1,1993,34,17,22,24,37,13,0,46,33,22
121839,1,1,1993,14,14,14,14,14,14,14,14,14,14
121840,0,1,1993,0,0,0,0,0,0,0,0,0,0
121840,1,1,1993,0,0,0,0,0,0,0,0,0,0
121841,1,1,1993,0,0,0,0,0,0,0,0,0,0
121841,2,1,1993,0,0,0,0,0,0,0,0,0,0
121842,1,1,1993,13,8,14,17,2,9,10,9,0,20
121842,2,1,1993,0,15,7,14,0,9,25,21,7,20
121843,1,1,1993,0,0,0,0,0,0,0,0,0,0
121843,2,1,1993,0,0,0,0,0,0,0,0,0,0
121845,0,1,1993,14,19,0,0,11,24,17,0,28,0
121845,1,1,1993,28,0,0,0,0,0,0,0,0,0
121846,1,1,1993,7,7,14,22,20,3,9,5,12,13
121847,1,1,1993,0,0,0,0,0,0,0,0,0,0
121847,2,1,1993,0,0,0,0,0,0,0,0,0,0
121848,1,1,1993,0,0,0,0,0,0,0,0,0,0
121849,1,1,1993,0,0,0,0,0,0,0,0,0,0
121849,2,1,1993,0,0,0,0,0,0,0,0,0,0
121849,3,1,1993,0,0,0,0,0,0,0,0,0,0
121850,1,1,1993,15,15,15,15,15,15,15,15,15,15
121851,1,1,1993,11,11,11,11,11,11,11,11,11,11
121852,0,1,1993,0,0,0,0,0,0,0,0,0,0
121852,1,1,1993,0,0,0,0,0,0,0,0,0,0
121853,1,1,1993,0,0,0,0,0,5,0,9,19,0
121854,1,1,1993,28,28,28,28,28,28,28,28,28,28
121855,0,1,1993,0,0,0,0,0,0,0,0,0,0
121855,1,1,1993,0,0,0,0,0,0,0,0,0,0
121856,1,1,1993,26,12,21,14,21,18,14,11,11,17
121857,1,1,1993,0,16,0,0,0,0,0,5,0,0
121857,2,1,1993,0,0,0,0,0,0,0,0,0,0
121857,3,1,1993,0,0,0,0,0,0,0,0,0,0
121857,4,1,1993,0,0,0,0,0,0,0,0,0,0
121858,1,1,1993,0,12,0,0,0,0,0,0,0,0
121859,1,1,1993,0,0,0,0,0,0,0,0,0,0
121859,2,1,1993,0,0,0,0,0,0,0,0,0,0
121860,0,1,1993,0,0,0,0,0,0,0,0,0,0
121860,1,1,1993,0,0,0,0,0,0,0,0,0,0
121860,4,1,1993,0,0,0,0,0,0,0,0,0,0
121860,5,1,1993,0,0,0,0,0,0,0,0,0,0
121861,0,1,1993,25,20,29,0,37,11,26,22,10,0
121861,1,1,1993,0,0,0,0,0,0,31,0,0,15
121862,1,1,1993,0,0,0,0,0,0,0,0,0,0
121862,2,1,1993,0,0,0,0,0,12,0,0,0,0
121862,3,1,1993,0,2,0,0,0,0,0,0,0,0
121862,4,1,1993,0,0,0,0,0,0,0,0,0,0
121863,1,1,1993,14,14,14,14,14,14,14,14,14,14
121864,1,1,1993,0,0,0,0,0,0,0,0,0,0
121864,2,1,1993,0,0,0,0,0,14,0,9,0,0
121865,1,1,1993,16,16,16,16,16,16,16,16,16,16
121866,0,1,1993,0,0,0,0,0,0,0,0,0,0
121866,1,1,1993,0,0,0,0,0,0,0,0,0,0
121867,1,1,1993,31,31,31,31,31,31,31,31,31,31
121868,1,1,1993,16,16,16,16,16,16,16,16,16,16
121869,1,1,1993,16,16,16,16,16,16,16,16,16,16
121870,1,1,1993,22,22,22,22,22,22,22,22,22,22
121871,0,1,1993,18,18,18,18,18,18,18,18,18,18
121871,1,1,1993,0,0,0,0,0,0,0,0,0,0
121872,1,1,1993,24,24,24,24,24,24,24,24,24,24
121873,1,1,1993,24,24,24,24,24,24,24,24,24,24
121873,2,1,1993,0,0,0,0,0,0,0,0,0,0
121874,1,1,1993,0,0,0,0,0,0,0,0,0,0
121875,1,1,1993,0,0,0,0,0,15,0,0,0,0
121875,2,1,1993,0,0,0,0,0,7,0,0,0,0
121876,0,1,1993,0,0,0,0,0,0,0,0,0,0
121876,1,1,1993,0,0,0,0,0,0,0,0,0,0
121877,0,1,1993,0,0,0,19,26,29,0,0,0,0
121877,1,1,1993,0,0,0,0,0,0,0,0,0,0
121879,1,1,1993,4,4,4,4,4,4,4,4,4,4
121879,2,1,1993,0,0,0,0,0,0,0,0,0,0
121880,0,1,1993,0,27,0,20,0,30,0,0,7,16
121880,1,1,1993,0,0,0,0,0,0,0,0,0,0
121881,1,1,1993,0,0,0,0,6,0,0,0,0,0
121882,1,1,1993,0,0,0,0,0,0,0,0,0,0
121882,2,1,1993,0,0,0,0,0,0,0,0,0,0
121883,0,1,1993,15,15,15,15,15,15,15,15,15,15
121883,1,1,1993,0,0,0,0,0,0,0,0,0,0
121884,0,1,1993,0,0,0,0,0,0,12,10,18,0
121884,0,2,1993,0,0,0,0,0,0,0,0,0,0
121884,1,1,1993,0,0,0,0,0,0,0,0,0,0
121884,2,1,1993,13,0,0,9,9,12,10,0,23,13
121885,0,1,1993,0,0,0,0,0,0,0,0,0,0
121885,1,1,1993,0,0,0,0,0,0,0,0,0,0
121886,1,1,1993,0,0,0,0,0,0,0,0,0,0
121886,2,1,1993,0,0,0,0,0,6,0,0,0,0
121887,1,1,1993,0,0,0,0,0,0,0,0,0,0
121887,2,1,1993,0,0,0,0,0,0,0,0,0,0
121888,1,1,1993,26,0,16,0,0,20,8,16,12,0
121888,2,1,1993,0,0,0,0,0,0,0,0,0,0
121889,0,1,1993,0,0,0,0,0,0,32,25,0,0
121889,1,1,1993,4,0,13,6,19,17,0,0,0,0
121890,1,1,1993,0,0,0,0,0,0,0,0,0,0
121890,2,1,1993,0,0,0,0,0,0,0,0,0,0
121890,3,1,1993,0,0,0,0,0,0,0,0,0,0
121891,1,1,1993,6,6,6,6,6,6,6,6,6,6
121891,2,1,1993,18,18,18,18,18,18,18,18,18,18
121892,1,1,1993,20,20,20,20,20,20,20,20,20,20
121892,2,1,1993,0,0,0,0,0,0,0,0,0,0
121893,1,1,1993,0,0,0,0,0,0,0,0,0,0
121893,2,1,1993,0,0,0,0,0,0,0,0,0,0
121894,1,1,1993,0,0,0,0,0,0,0,0,0,0
121894,2,1,1993,0,0,0,0,0,0,0,0,0,0
121895,1,1,1993,23,23,23,23,23,23,23,23,23,23
121896,0,1,1993,0,0,0,0,0,0,0,0,0,0
121896,1,1,1993,0,0,0,0,0,0,0,0,0,0
121897,1,1,1993,12,12,12,12,12,12,12,12,12,12
121898,1,1,1993,0,0,0,0,0,0,0,0,0,0
121898,2,1,1993,0,0,0,0,0,0,0,0,0,0
121899,1,1,1993,0,0,0,0,0,2,0,0,0,0
121900,1,1,1993,0,0,0,0,0,0,0,0,0,0
121900,2,1,1993,26,0,0,9,0,0,0,0,0,0
121901,1,1,1993,28,11,23,25,18,15,9,7,6,11
121901,2,1,1993,0,0,0,0,0,0,0,0,0,0
121902,1,1,1993,11,0,0,0,0,0,0,0,0,0
121902,2,1,1993,0,0,0,0,0,0,0,0,0,0
121903,1,1,1993,0,0,0,0,0,0,0,0,0,0
121903,2,1,1993,0,0,0,0,0,0,0,0,0,0
121904,0,1,1993,0,0,7,0,0,0,0,0,0,0
121904,1,1,1993,0,0,0,0,0,0,0,0,0,0
121905,0,1,1993,26,11,11,4,15,35,22,9,34,35
121905,1,1,1993,12,0,0,0,0,9,4,18,13,0
121906,0,1,1993,11,11,11,11,11,11,11,11,11,11
121906,1,1,1993,16,0,0,0,9,0,6,0,18,4
121907,1,1,1993,0,0,0,0,0,0,0,0,0,0
121907,2,1,1993,0,0,0,0,0,0,0,17,0,0
121908,1,1,1993,0,0,0,0,0,0,12,0,0,0
121909,1,1,1993,0,0,0,0,0,0,0,0,0,0
121909,2,1,1993,0,0,0,0,0,0,0,0,0,0
121910,1,1,1993,0,0,0,0,0,0,0,0,0,0
121910,2,1,1993,13,21,41,13,27,23,21,31,29,16
121911,1,1,1993,0,0,0,0,0,0,0,0,0,0
121911,2,1,1993,0,0,0,0,0,4,0,0,0,0
121912,1,1,1993,18,18,18,18,18,18,18,18,18,18
121913,1,1,1993,0,0,0,0,0,0,16,0,0,24
121913,2,1,1993,0,0,0,0,0,12,0,0,0,11
121914,1,1,1993,19,19,19,19,19,19,19,19,19,19
121915,1,1,1993,10,10,10,10,10,10,10,10,10,10
121915,2,1,1993,8,26,11,13,0,0,0,11,21,13
121916,1,1,1993,12,9,8,10,0,16,17,15,25,19
121917,0,1,1993,44,32,19,0,14,0,0,33,21,0
121917,1,1,1993,10,0,0,0,0,0,0,0,0,0
121918,0,1,1993,11,11,11,11,11,11,11,11,11,11
121918,1,1,1993,3,0,0,0,9,0,0,0,0,4
121919,0,1,1993,20,20,20,20,20,20,20,20,20,20
121919,1,1,1993,0,0,0,0,0,0,0,0,0,0
121920,0,1,1993,22,15,14,38,14,25,11,28,34,12
121920,1,1,1993,0,0,0,0,0,0,0,0,0,0
121921,1,1,1993,19,19,19,19,19,19,19,19,19,19
121922,1,1,1993,0,0,0,0,0,0,0,0,0,0
121922,2,1,1993,0,0,0,0,0,0,0,0,0,0
121923,0,1,1993,31,0,0,0,14,0,22,19,12,7
121923,1,1,1993,0,0,0,0,0,0,0,0,0,0
121924,1,1,1993,0,0,0,0,0,0,0,0,0,0
121924,2,1,1993,0,0,0,0,0,0,0,0,0,0
121924,3,1,1993,0,0,0,0,0,0,0,0,0,0
121925,1,1,1993,8,8,8,8,8,8,8,8,8,8
121925,2,1,1993,0,0,0,0,0,0,0,0,0,0
121926,1,1,1993,0,0,0,0,0,0,0,0,0,0
121926,2,1,1993,0,0,0,0,0,0,0,0,0,0
121927,1,1,1993,0,0,0,0,0,0,0,0,0,0
121927,2,1,1993,0,0,0,0,0,0,0,0,0,0
121928,1,1,1993,0,0,0,0,0,0,0,0,0,0
121928,2,1,1993,0,0,0,0,0,0,0,0,0,0
121929,1,1,1993,35,4,8,10,18,12,5,22,11,24
121930,0,1,1993,0,0,0,0,0,0,12,0,0,0
121930,1,1,1993,0,0,0,0,0,0,0,0,0,0
121931,1,1,1993,7,7,7,7,7,7,7,7,7,7
121932,1,1,1993,0,0,0,0,0,13,0,13,0,15
121933,1,1,1993,0,0,0,0,0,0,0,0,0,0
121934,0,1,1993,24,24,24,24,24,24,24,24,24,24
121934,1,1,1993,0,0,14,0,0,0,0,0,0,0
121934,2,1,1993,0,0,0,0,0,0,0,0,0,0
121935,1,1,1993,19,19,19,19,19,19,19,19,19,19
121936,1,1,1993,21,21,21,21,21,21,21,21,21,21
121937,1,1,1993,0,0,0,0,0,0,0,0,0,0
121938,1,1,1993,8,0,0,0,0,0,0,0,0,0
121938,2,1,1993,0,0,0,0,0,0,0,0,0,0
121939,1,1,1993,0,0,0,0,0,0,0,0,0,0
121939,2,1,1993,0,0,0,0,0,0,0,0,0,0
121940,1,1,1993,32,32,32,32,32,32,32,32,32,32
121940,2,1,1993,0,0,0,0,0,0,0,0,0,0
121941,1,1,1993,2,2,2,2,2,2,2,2,2,2
121942,1,1,1993,42,8,10,23,29,13,29,26,26,8
121944,0,1,1993,7,7,7,7,7,7,7,7,7,7
121944,1,1,1993,24,24,24,24,24,24,24,24,24,24
121945,1,1,1993,0,0,0,0,0,0,0,0,0,0
121945,2,1,1993,0,0,0,0,0,0,0,0,6,0
121946,0,1,1993,0,0,0,0,0,0,0,0,0,0
121946,1,1,1993,0,0,0,5,0,0,0,0,0,0
121947,0,1,1993,21,0,0,0,0,0,0,0,0,0
121947,1,1,1993,0,0,0,0,0,0,0,0,0,0
121948,0,1,1993,33,33,33,33,33,33,33,33,33,33
121948,0,2,1993,46,12,15,11,25,32,4,27,14,0
121948,1,1,1993,8,0,0,0,0,13,7,0,6,6
121950,1,1,1993,0,0,0,0,0,0,0,0,0,0
121951,1,1,1993,0,0,0,0,0,0,0,0,0,0
121951,2,1,1993,0,0,0,0,0,0,0,0,0,0
121952,1,1,1993,0,0,0,0,0,0,0,0,0,0
121953,1,1,1993,0,0,6,0,0,0,13,0,0,0
121953,2,1,1993,13,15,0,0,0,6,0,0,0,0
121954,1,1,1993,0,0,0,0,0,0,0,0,0,0
121954,2,1,1993,0,0,0,0,0,0,0,0,0,0
121955,1,1,1993,7,8,0,5,0,16,6,26,0,21
121955,2,1,1993,14,9,9,17,22,19,23,16,17,0
121956,1,1,1993,0,0,0,0,0,0,0,0,0,0
121957,0,1,1993,0,0,0,0,0,0,0,0,0,0
121957,1,1,1993,0,0,0,0,0,0,0,0,0,0
121958,1,1,1993,0,0,0,0,0,0,0,0,0,0
121959,0,1,1993,32,28,10,27,19,26,0,6,22,0
121959,1,1,1993,0,0,0,0,8,0,0,0,0,0
121961,1,1,1993,34,34,34,34,34,34,34,34,34,34
121962,1,1,1993,0,0,0,31,0,0,0,0,0,0
121962,2,1,1993,0,0,0,0,0,0,0,0,0,0
121962,3,1,1993,0,0,0,0,0,0,0,0,0,0
121963,1,1,1993,0,0,0,0,0,0,0,0,0,0
121965,1,1,1993,0,0,0,0,0,0,0,0,0,0
121965,2,1,1993,0,0,0,0,0,0,0,0,0,0
121965,3,1,1993,0,0,0,0,0,0,0,0,0,0
121965,4,1,1993,0,0,0,0,0,0,0,0,0,0
121966,0,1,1993,28,28,28,28,28,28,28,28,28,28
121966,1,1,1993,0,0,0,0,0,0,0,0,0,0
121967,1,1,1993,0,0,0,0,0,0,0,0,0,0
121968,1,1,1993,0,0,0,0,0,0,0,0,0,0
121968,2,1,1993,0,0,0,0,0,0,0,0,0,0
121969,0,1,1993,0,0,24,42,32,24,32,8,20,0
121969,0,2,1993,0,0,0,18,0,33,24,16,0,0
121969,1,1,1993,7,13,7,20,10,10,14,21,4,15
121969,2,1,1993,22,0,0,31,23,11,0,0,14,0
121969,3,1,1993,0,0,0,0,0,0,0,0,0,0
121970,1,1,1993,15,15,15,15,15,15,15,15,15,15
121971,0,1,1993,0,0,0,0,0,0,0,0,0,0
121971,1,1,1993,0,0,0,0,0,0,0,0,0,0
121972,1,1,1993,23,23,23,23,23,23,23,23,23,23
121972,2,1,1993,0,0,0,0,0,0,0,0,0,0
121973,1,1,1993,22,22,22,22,22,22,22,22,22,22
121974,0,1,1993,0,0,0,0,0,0,0,0,0,0
121974,1,1,1993,0,0,0,0,0,0,0,0,0,0
121975,1,1,1993,0,0,0,0,0,0,0,0,0,0
121975,2,1,1993,0,0,0,0,0,0,0,0,0,0
121976,1,1,1993,0,0,0,0,5,0,0,0,0,0
121978,1,1,1993,8,7,0,0,16,0,0,0,9,19
121979,0,1,1993,0,0,0,0,0,0,0,0,0,0
121979,1,1,1993,0,0,0,0,0,0,0,0,0,0
121980,1,1,1993,0,0,0,0,0,0,0,0,0,0
121980,2,1,1993,0,0,0,0,0,0,0,0,0,11
121981,1,1,1993,14,4,9,14,25,13,39,26,14,8
121982,0,1,1993,22,22,22,22,22,22,22,22,22,22
121982,0,2,1993,8,15,26,30,0,24,0,17,33,18
121982,1,1,1993,0,0,0,0,0,0,0,0,0,0
121982,2,1,1993,0,0,0,0,14,0,0,0,0,0
121983,1,1,1993,20,0,0,0,0,0,0,0,0,0
121984,1,1,1993,0,0,0,0,0,0,0,0,0,0
121984,2,1,1993,0,0,0,0,0,0,0,0,0,0