ST_CASE,VEH_NO,PER_NO,YEAR,P1,P2,P3,P4,P5,P6,P7,P8,P9,P10
121985,1,1,1993,9,9,9,9,9,9,9,9,9,9
121986,1,1,1993,0,0,0,0,0,0,0,0,28,0
121986,2,1,1993,0,0,0,0,0,0,0,0,0,0
121987,0,1,1993,0,0,16,10,0,10,9,38,34,24
121987,1,1,1993,0,0,0,0,23,0,0,0,0,0
121988,1,1,1993,0,0,11,0,0,0,0,0,0,0
121988,2,1,1993,0,0,0,0,0,23,0,0,0,0
121989,1,1,1993,0,0,0,0,0,0,0,0,0,0
121990,0,1,1993,0,0,0,0,23,23,0,0,0,0
121990,1,1,1993,0,0,0,0,0,0,0,0,0,0
121991,1,1,1993,14,12,26,24,5,20,27,16,19,16
121991,2,1,1993,12,6,4,13,10,11,10,7,5,5
121992,1,1,1993,0,12,0,16,0,0,12,18,0,0
121992,2,1,1993,11,12,25,0,13,35,20,22,0,19
121993,1,1,1993,42,42,42,42,42,42,42,42,42,42
121994,0,1,1993,0,0,0,0,0,0,0,0,0,0
121994,1,1,1993,0,0,0,0,0,0,0,0,0,0
121995,1,1,1993,0,0,0,0,0,0,0,10,0,0
121995,2,1,1993,11,5,13,11,17,11,37,7,12,21
121996,1,1,1993,0,0,0,0,0,0,0,0,0,0
121996,2,1,1993,10,10,10,10,10,10,10,10,10,10
121997,1,1,1993,0,0,0,0,0,0,0,0,0,0
121997,2,1,1993,0,0,0,0,0,0,0,0,0,0
121998,1,1,1993,0,0,0,0,0,9,0,0,0,0
121999,1,1,1993,0,19,9,22,16,0,25,0,12,10
122000,0,1,1993,26,26,26,26,26,26,26,26,26,26
122000,1,1,1993,0,0,0,0,0,0,0,0,0,0
122001,0,1,1993,0,0,0,12,0,0,0,3,0,0
122001,0,2,1993,0,0,0,0,0,0,0,0,0,0
122001,1,1,1993,0,0,0,0,0,0,0,0,0,0
122002,1,1,1993,8,8,8,8,8,8,8,8,8,8
122003,0,1,1993,0,0,0,0,0,0,0,0,0,0
122003,1,1,1993,0,0,0,0,0,0,0,0,0,0
122004,0,1,1993,0,0,0,0,0,0,0,0,0,0
122004,1,1,1993,0,0,0,0,0,0,0,0,0,0
122005,1,1,1993,10,10,10,10,10,10,10,10,10,10
122005,2,1,1993,0,0,0,0,0,0,0,0,0,0
122006,0,1,1993,0,0,0,0,0,0,0,0,0,0
122006,1,1,1993,5,5,5,5,5,5,5,5,5,5
122007,0,1,1993,0,0,0,0,0,0,0,0,0,0
122007,0,2,1993,0,0,0,0,0,0,0,0,0,0
122007,1,1,1993,0,0,0,0,0,0,0,0,0,0
122008,0,1,1993,0,0,22,21,20,6,26,0,34,21
122008,1,1,1993,20,28,28,0,23,3,4,17,20,16
122009,1,1,1993,0,0,0,0,0,0,0,0,0,0
122009,2,1,1993,0,0,0,0,0,0,0,0,0,0
122010,1,1,1993,0,0,0,0,0,0,0,0,0,0
122011,1,1,1993,0,0,0,0,0,0,0,0,0,0
122011,2,1,1993,0,0,0,0,0,0,0,0,0,0
122012,1,1,1993,0,10,23,0,0,0,18,0,20,28
122013,1,1,1993,29,29,29,29,29,29,29,29,29,29
122014,0,1,1993,0,0,0,18,0,0,0,0,0,0
122014,1,1,1993,0,0,0,0,0,0,0,0,0,0
122015,1,1,1993,0,0,0,0,0,0,0,0,0,0
122016,1,1,1993,0,0,0,0,0,0,0,0,0,0
122016,2,1,1993,0,0,0,0,0,0,0,0,0,0
122017,1,1,1993,0,0,0,0,0,0,0,0,0,0
122017,2,1,1993,0,0,0,0,0,0,0,0,0,0
122018,1,1,1993,0,0,0,0,0,0,0,0,0,0
122019,1,1,1993,0,0,21,0,0,27,0,20,9,0
122020,0,1,1993,14,14,14,14,14,14,14,14,14,14
122020,1,1,1993,0,0,0,0,18,0,0,0,0,0
122021,1,1,1993,10,0,0,0,0,0,0,0,0,0
122021,2,1,1993,0,0,0,0,0,0,0,0,0,0
122022,1,1,1993,0,0,0,0,0,0,0,0,0,0
122023,1,1,1993,0,0,0,0,0,0,0,0,0,0
122023,2,1,1993,0,0,0,0,0,0,0,0,0,0
122024,1,1,1993,14,14,14,14,14,14,14,14,14,14
122024,2,1,1993,0,0,0,0,0,0,0,0,0,0
122025,1,1,1993,29,29,29,29,29,29,29,29,29,29
122026,1,1,1993,0,0,0,0,0,0,0,0,0,0
122026,2,1,1993,8,8,8,8,8,8,8,8,8,8
122027,0,1,1993,22,22,22,22,22,22,22,22,22,22
122027,1,1,1993,0,4,0,0,0,0,0,0,0,0
122028,1,1,1993,14,14,14,14,14,14,14,14,14,14
122029,0,1,1993,16,0,29,13,0,0,0,0,0,0
122029,0,2,1993,0,26,0,0,0,48,0,0,0,19
122029,1,1,1993,16,8,0,0,0,0,9,0,8,0
122029,2,1,1993,0,0,0,0,0,0,0,0,0,0
122030,1,1,1993,27,27,27,27,27,27,27,27,27,27
122030,2,1,1993,0,0,0,0,0,0,0,0,0,0
122031,0,1,1993,5,44,21,4,18,25,9,13,7,20
122031,1,1,1993,0,0,0,0,0,0,0,0,0,0
122032,1,1,1993,5,5,5,5,5,5,5,5,5,5
122032,2,1,1993,0,0,0,0,0,0,0,0,0,0
122032,3,1,1993,0,0,0,0,0,0,0,0,0,0
122033,1,1,1993,0,0,0,0,0,0,0,0,0,0
122033,2,1,1993,0,0,0,0,0,0,0,0,0,0
122034,0,1,1993,21,21,21,21,21,21,21,21,21,21
122034,1,1,1993,0,16,14,0,7,15,17,0,0,13
122035,1,1,1993,15,20,3,6,13,18,13,22,8,18
122035,2,1,1993,0,0,0,0,0,0,0,0,0,0
122036,1,1,1993,0,0,0,0,0,0,0,0,0,0
122036,2,1,1993,15,0,0,0,0,0,0,0,0,0
122037,1,1,1993,0,0,0,0,0,0,0,0,0,0
122037,2,1,1993,0,0,0,0,0,0,0,0,0,0
122038,1,1,1993,19,19,19,19,19,19,19,19,19,19
122039,1,1,1993,0,0,0,0,0,0,0,0,0,0
122039,2,1,1993,0,0,0,0,0,0,0,0,0,0
122039,3,1,1993,0,0,0,0,0,0,0,0,0,0
122039,4,1,1993,0,0,4,0,0,0,0,0,0,0
122040,1,1,1993,0,0,0,0,0,0,13,0,0,0
122040,2,1,1993,0,0,0,0,0,0,0,0,0,0
122041,1,1,1993,0,0,0,0,0,0,0,0,0,0
122041,2,1,1993,0,0,0,0,0,0,0,0,0,0
122042,1,1,1993,18,0,0,0,20,0,22,21,14,33
122043,0,1,1993,30,21,36,0,22,27,0,42,38,0
122043,1,1,1993,0,17,13,0,20,6,20,7,14,0
122044,1,1,1993,0,0,0,0,0,0,0,0,0,0
122045,0,1,1993,0,0,0,0,0,0,0,0,0,0
122045,1,1,1993,0,0,0,0,0,0,0,0,0,0
122045,2,1,1993,0,0,0,0,0,0,0,0,0,0
122045,3,1,1993,0,0,0,0,0,0,0,0,0,0
122045,4,1,1993,6,0,0,0,0,0,0,31,0,0
122045,5,1,1993,0,0,0,0,0,0,0,0,0,0
122045,6,1,1993,0,0,0,0,0,0,0,21,0,0
122046,1,1,1993,22,22,22,22,22,22,22,22,22,22
122047,1,1,1993,0,0,0,0,0,0,0,0,0,0
122047,2,1,1993,0,0,0,0,0,0,0,0,0,0
122048,1,1,1993,0,0,0,0,0,0,0,0,0,0
122048,2,1,1993,0,0,0,0,0,0,0,0,0,0
122049,1,1,1993,0,0,0,0,0,0,0,0,0,0
122050,1,1,1993,0,0,0,0,0,0,0,0,0,0
122050,2,1,1993,0,0,0,0,0,0,0,0,0,0
122050,3,1,1993,0,0,0,0,0,0,0,0,0,0
122050,4,1,1993,0,0,0,0,0,0,0,0,0,0
122050,5,1,1993,0,0,0,0,0,0,0,0,0,0
122050,6,1,1993,0,0,0,0,0,0,0,0,0,0
122050,7,1,1993,0,0,0,0,0,0,0,0,0,0
122051,1,1,1993,17,17,17,17,17,17,17,17,17,17
122051,2,1,1993,0,0,0,0,0,8,0,0,0,0
122052,1,1,1993,29,29,29,29,29,29,29,29,29,29
122053,1,1,1993,0,0,0,0,0,0,0,0,16,0
122053,2,1,1993,0,0,0,0,0,0,0,0,0,0
122054,0,1,1993,23,23,23,23,23,23,23,23,23,23
122054,1,1,1993,0,8,0,0,0,0,16,13,20,3
122055,1,1,1993,19,19,19,19,19,19,19,19,19,19
122056,0,1,1993,22,4,11,15,39,22,22,14,20,14
122056,1,1,1993,4,0,0,0,0,0,0,0,0,0
122057,1,1,1993,0,0,0,0,0,0,0,0,0,0
122057,2,1,1993,0,0,0,0,0,0,0,0,0,0
122058,1,1,1993,0,0,16,0,0,25,15,0,0,0
122059,0,1,1993,19,19,19,19,19,19,19,19,19,19
122059,1,1,1993,0,0,0,0,0,0,0,0,0,0
122060,1,1,1993,0,0,0,0,0,0,0,0,0,0
122060,2,1,1993,0,0,0,0,0,0,0,0,0,0
122061,0,1,1993,12,0,31,19,0,33,0,13,0,0
122061,1,1,1993,18,12,7,0,17,0,17,0,0,22
122062,1,1,1993,22,30,15,24,0,27,8,6,23,32
122063,1,1,1993,15,21,24,21,16,7,16,23,18,6
122063,2,1,1993,0,0,0,0,0,0,0,0,0,0
122064,1,1,1993,20,20,20,20,20,20,20,20,20,20
122065,1,1,1993,0,0,0,0,0,0,0,0,0,0
122066,1,1,1993,0,0,0,0,0,0,0,0,0,0
122066,2,1,1993,0,0,0,0,0,0,0,0,0,0
122067,1,1,1993,0,0,0,0,0,0,0,0,0,0
122067,2,1,1993,0,0,0,0,0,0,0,0,0,0
122068,1,1,1993,0,0,0,0,0,0,0,0,0,0
122068,2,1,1993,12,12,12,12,12,12,12,12,12,12
122069,1,1,1993,18,18,18,18,18,18,18,18,18,18
122070,1,1,1993,20,5,0,7,0,14,0,0,27,6
122071,1,1,1993,0,0,0,0,0,0,0,0,0,0
122071,2,1,1993,0,0,0,0,0,0,0,0,0,0
122072,1,1,1993,0,0,0,0,0,0,0,0,0,0
122072,2,1,1993,0,0,0,0,0,0,0,0,0,0
122073,1,1,1993,20,20,20,20,20,20,20,20,20,20
122074,1,1,1993,16,16,16,16,16,16,16,16,16,16
122074,2,1,1993,2,2,2,2,2,2,2,2,2,2
122075,0,1,1993,0,0,0,0,0,0,0,0,0,0
122075,1,1,1993,20,20,20,20,20,20,20,20,20,20
122076,1,1,1993,0,0,0,11,0,0,0,0,0,0
122076,2,1,1993,0,0,0,0,0,0,0,0,0,0
122076,3,1,1993,0,0,0,0,0,0,0,0,0,0
122077,1,1,1993,0,0,0,0,0,0,0,0,0,0
122077,2,1,1993,0,0,0,0,0,0,0,0,0,0
122077,3,1,1993,0,0,0,0,0,0,0,0,0,0
122077,4,1,1993,6,17,3,20,10,3,3,21,8,6
122078,1,1,1993,14,14,14,14,14,14,14,14,14,14
122078,2,1,1993,0,0,0,0,0,8,0,0,0,0
122078,3,1,1993,0,0,0,0,0,0,0,0,0,0
122079,1,1,1993,0,0,0,0,0,0,0,0,0,0
122079,2,1,1993,0,0,0,0,0,9,0,0,0,0
122080,1,1,1993,0,0,0,0,0,0,0,0,0,0
122080,2,1,1993,0,0,0,0,0,0,0,0,0,0
122081,1,1,1993,20,0,19,0,0,10,0,0,0,0
122082,1,1,1993,0,0,0,0,0,0,0,0,0,0
122082,2,1,1993,0,0,0,0,0,0,0,0,0,0
122083,1,1,1993,0,0,24,0,0,18,19,0,0,0
122083,2,1,1993,0,0,0,7,0,3,0,0,0,0
122084,1,1,1993,0,0,0,0,0,0,0,0,0,0
122084,2,1,1993,0,0,0,0,16,0,0,16,0,0
122085,1,1,1993,0,0,0,0,0,0,0,0,0,0
122085,2,1,1993,0,0,0,0,0,0,0,0,0,0
122086,0,1,1993,13,13,13,13,13,13,13,13,13,13
122086,1,1,1993,0,0,0,0,0,0,0,0,0,0
122087,1,1,1993,20,20,20,20,20,20,20,20,20,20
122088,1,1,1993,23,23,23,23,23,23,23,23,23,23
122089,1,1,1993,12,12,12,12,12,12,12,12,12,12
122089,2,1,1993,0,0,0,0,0,0,0,0,0,0
122090,1,1,1993,0,0,0,0,0,0,0,0,0,0
122090,2,1,1993,0,0,0,0,0,0,0,0,0,0
122091,0,1,1993,0,0,0,0,0,0,0,0,0,0
122091,1,1,1993,0,0,0,0,0,0,0,0,0,0
122092,1,1,1993,16,16,16,16,16,16,16,16,16,16
122093,1,1,1993,2,2,2,2,2,2,2,2,2,2
122094,1,1,1993,9,8,8,18,21,12,12,15,0,11
122095,1,1,1993,0,0,0,0,0,0,0,0,0,0
122095,2,1,1993,0,0,0,0,0,0,0,0,0,0
122096,1,1,1993,0,0,0,0,0,0,0,0,0,0
122096,2,1,1993,0,0,0,0,0,0,0,0,0,0
122097,1,1,1993,0,14,0,0,17,0,0,14,0,0
122097,2,1,1993,0,0,0,0,0,0,0,0,0,0
122098,1,1,1993,0,0,0,0,0,0,0,0,0,0
122098,2,1,1993,0,0,0,0,0,0,0,0,0,0
122098,3,1,1993,0,0,0,0,0,0,0,0,0,0
122099,1,1,1993,0,0,0,0,0,0,0,0,0,0
122099,2,1,1993,0,0,0,0,0,0,0,0,0,0
122099,3,1,1993,0,0,0,0,0,0,0,0,0,0
122100,1,1,1993,0,0,0,0,0,0,0,6,0,0
122100,2,1,1993,0,0,0,0,0,0,0,0,0,0
122102,1,1,1993,0,0,0,0,0,0,0,0,0,0
122102,2,1,1993,0,0,0,0,0,0,0,0,0,0
122103,1,1,1993,22,22,22,22,22,22,22,22,22,22
122104,1,1,1993,0,0,0,0,0,0,0,0,0,0
122104,2,1,1993,0,0,0,0,0,0,0,0,0,0
122105,1,1,1993,6,6,6,6,6,6,6,6,6,6
122105,2,1,1993,0,0,0,8,0,0,0,0,0,0
122105,3,1,1993,8,8,8,8,8,8,8,8,8,8
122106,1,1,1993,23,23,23,23,23,23,23,23,23,23
122107,1,1,1993,25,25,25,25,25,25,25,25,25,25
122108,1,1,1993,13,13,13,13,13,13,13,13,13,13
122109,1,1,1993,0,0,26,0,0,0,0,0,0,0
122109,2,1,1993,25,8,7,14,32,21,22,16,16,35
122110,1,1,1993,0,0,0,0,0,0,0,0,0,0
122110,2,1,1993,0,0,0,0,0,0,0,0,0,0
122111,1,1,1993,0,0,0,0,0,0,0,0,0,0
122111,2,1,1993,0,0,0,0,0,0,0,0,0,0
122112,1,1,1993,0,0,0,0,0,0,0,0,0,0
122113,1,1,1993,0,0,0,31,0,0,0,0,0,0
122113,2,1,1993,0,0,0,0,0,0,0,0,0,0
122114,1,1,1993,0,0,0,0,0,0,0,0,0,0
122115,1,1,1993,3,3,3,3,3,3,3,3,3,3
122115,2,1,1993,0,0,0,0,0,0,0,0,0,0
122116,1,1,1993,0,0,0,0,0,0,0,0,0,0
122116,2,1,1993,0,0,0,0,0,0,0,0,0,0
122117,1,1,1993,29,29,29,29,29,29,29,29,29,29
122118,1,1,1993,0,0,0,0,0,0,0,0,0,0
122118,2,1,1993,0,0,0,0,0,0,0,0,0,0
122118,3,1,1993,0,0,0,0,0,0,0,10,0,0
122118,4,1,1993,0,0,0,0,0,0,0,0,0,0
122119,0,1,1993,0,0,0,0,0,0,0,0,0,0
122119,1,1,1993,0,0,0,0,0,0,0,0,0,0
122120,0,1,1993,0,5,0,0,0,11,0,11,0,0
122120,1,1,1993,0,0,25,20,5,0,0,0,9,0
122121,1,1,1993,0,0,0,0,0,0,0,0,0,0
122121,2,1,1993,0,0,0,0,0,0,0,0,0,0
122122,0,1,1993,15,15,15,15,15,15,15,15,15,15
122122,1,1,1993,0,0,0,0,0,0,0,0,0,0
122123,0,1,1993,0,0,0,0,21,0,0,0,0,0
122123,1,1,1993,0,6,4,11,17,0,13,18,10,13
122124,0,1,1993,15,34,0,0,30,7,12,30,26,14
122124,1,1,1993,22,11,14,10,0,11,13,34,4,30
122124,2,1,1993,14,11,16,18,10,15,9,14,25,20
122125,1,1,1993,14,0,18,15,12,10,15,0,30,14
122126,0,1,1993,3,3,3,3,3,3,3,3,3,3
122126,1,1,1993,0,0,0,0,0,0,0,0,0,0
122127,1,1,1993,0,0,0,0,0,0,0,0,0,0
122127,2,1,1993,0,0,0,0,0,0,0,0,0,0
122128,1,1,1993,0,0,0,0,0,0,0,0,0,0
122128,2,1,1993,0,0,0,0,0,0,0,0,0,0
122129,1,1,1993,0,0,0,0,0,0,0,0,0,0
122129,2,1,1993,0,0,0,0,0,0,0,0,0,0
122130,1,1,1993,0,0,0,0,0,0,0,0,0,0
122130,2,1,1993,0,0,0,0,0,0,0,0,0,0
122131,1,1,1993,13,13,13,13,13,13,13,13,13,13
122132,1,1,1993,18,18,18,18,18,18,18,18,18,18
122133,0,1,1993,0,0,0,0,0,18,15,0,0,0
122133,1,1,1993,0,8,0,0,0,9,0,0,0,0
122134,1,1,1993,0,0,0,0,0,0,0,0,0,0
122134,2,1,1993,0,0,0,0,0,0,0,0,0,0
122135,1,1,1993,33,33,33,33,33,33,33,33,33,33
122136,1,1,1993,0,0,0,0,0,0,0,0,0,0
122136,2,1,1993,0,0,0,0,0,0,0,0,0,0
122137,1,1,1993,0,0,0,0,0,0,0,0,0,0
122138,1,1,1993,0,0,0,0,0,0,0,0,0,0
122138,2,1,1993,0,0,0,0,0,0,0,0,0,0
122139,0,1,1993,0,0,0,0,0,0,0,0,0,0
122139,1,1,1993,0,7,0,0,0,0,0,6,0,0
122139,2,1,1993,0,0,0,0,0,0,0,0,0,0
122140,1,1,1993,0,0,0,0,0,0,0,0,0,0
122140,2,1,1993,16,0,0,23,0,23,0,0,0,0
122141,1,1,1993,0,0,0,0,0,0,0,0,0,0
122141,2,1,1993,0,0,0,0,0,0,0,0,0,0
122142,0,1,1993,0,0,0,0,0,0,0,0,0,0
122142,1,1,1993,0,0,0,0,0,0,0,0,0,0
122143,1,1,1993,0,0,0,0,0,0,0,0,0,0
122143,2,1,1993,0,0,0,0,0,0,0,0,0,0
122144,1,1,1993,0,0,0,0,0,0,0,0,0,0
122145,1,1,1993,0,0,0,0,0,0,0,0,0,0
122145,2,1,1993,0,0,0,0,0,0,0,0,0,0
122146,1,1,1993,16,16,16,16,16,16,16,16,16,16
122147,1,1,1993,0,0,0,0,0,0,0,0,0,0
122147,2,1,1993,0,0,0,0,0,0,0,0,0,0
122148,1,1,1993,5,5,5,5,5,5,5,5,5,5
122148,2,1,1993,0,0,0,0,0,0,0,0,0,0
122148,3,1,1993,0,0,0,0,0,0,0,0,0,0
122149,0,1,1993,0,0,0,0,0,0,0,0,0,0
122149,1,1,1993,0,0,0,12,0,0,0,0,18,0
122150,1,1,1993,0,0,0,0,0,0,0,0,0,0
122150,2,1,1993,0,0,0,0,0,0,0,0,0,0
122151,1,1,1993,32,32,32,32,32,32,32,32,32,32
122152,1,1,1993,5,5,5,5,5,5,5,5,5,5
122152,2,1,1993,0,0,0,0,0,0,0,0,0,0
122153,0,1,1993,15,15,15,15,15,15,15,15,15,15
122153,1,1,1993,0,0,0,0,19,0,0,25,0,0
122154,1,1,1993,0,13,0,0,0,0,0,0,0,0
122155,1,1,1993,0,0,0,0,0,0,0,0,0,0
122155,2,1,1993,19,17,22,5,13,10,19,0,0,9
122156,1,1,1993,18,13,18,10,9,11,8,20,12,7
122157,0,1,1993,0,0,15,0,0,0,0,11,17,0
122157,1,1,1993,0,0,0,0,0,0,0,0,0,0
122157,2,1,1993,0,0,0,0,0,0,0,0,0,0
122158,1,1,1993,8,0,0,0,0,0,0,0,0,0
122158,2,1,1993,0,18,0,0,0,0,0,0,0,0
122159,0,1,1993,19,0,23,21,13,7,39,13,23,8
122159,1,1,1993,0,0,0,0,0,0,0,0,0,0
122160,1,1,1993,19,19,19,19,19,19,19,19,19,19
122161,1,1,1993,0,0,11,17,0,0,0,0,19,0
122161,2,1,1993,0,0,0,0,0,0,0,0,0,0
122162,0,1,1993,0,0,0,0,0,0,0,0,0,0
122162,1,1,1993,7,13,0,25,0,0,0,0,0,0
122163,0,1,1993,0,0,0,0,0,0,0,0,0,0
122163,1,1,1993,0,0,0,0,0,0,0,0,0,0
122164,1,1,1993,41,41,41,41,41,41,41,41,41,41
122164,2,1,1993,0,0,0,0,0,0,0,0,0,0
122165,1,1,1993,0,0,0,0,0,0,0,0,0,0
122165,2,1,1993,0,0,0,0,0,0,0,0,0,0
122167,1,1,1993,0,0,0,0,0,0,0,0,0,0
122167,2,1,1993,0,0,0,0,0,0,0,0,0,0
122168,1,1,1993,26,26,26,26,26,26,26,26,26,26
122169,0,1,1993,23,23,23,23,23,23,23,23,23,23
122169,1,1,1993,3,3,3,3,3,3,3,3,3,3
122170,0,1,1993,0,8,0,0,0,0,0,0,11,0
122170,1,1,1993,31,0,0,0,0,0,14,0,16,0
122171,0,1,1993,24,24,24,24,24,24,24,24,24,24
122171,1,1,1993,0,0,0,0,0,0,0,0,8,0
122172,1,1,1993,16,10,14,5,12,13,20,23,14,11
122172,2,1,1993,0,0,0,0,0,27,0,0,0,0
122173,0,1,1993,0,0,0,0,0,0,0,0,0,0
122173,1,1,1993,0,0,26,0,0,0,0,0,0,0
122174,1,1,1993,0,0,0,0,0,0,0,0,0,0
122174,2,1,1993,0,0,0,0,0,0,0,0,0,0
122175,1,1,1993,0,0,0,0,0,0,0,0,0,0
122176,1,1,1993,0,0,0,0,0,0,0,0,0,0
122176,2,1,1993,0,0,0,0,0,0,0,0,0,0
122177,1,1,1993,17,17,17,17,17,17,17,17,17,17
122178,1,1,1993,7,7,7,7,7,7,7,7,7,7
122178,2,1,1993,0,0,0,0,0,0,0,0,0,0
122179,1,1,1993,0,0,0,0,0,0,0,0,0,0
122179,2,1,1993,0,0,0,0,0,0,0,0,0,0
122180,1,1,1993,26,26,26,26,26,26,26,26,26,26
122181,1,1,1993,0,0,0,0,0,0,0,0,0,0
122181,2,1,1993,0,0,0,0,0,0,0,0,0,0
122182,0,1,1993,9,0,0,32,17,0,0,0,0,0
122182,1,1,1993,0,0,0,0,0,0,0,0,0,0
122183,0,1,1993,0,0,18,0,14,0,38,0,0,0
122183,1,1,1993,0,6,0,0,0,0,0,0,10,0
122184,1,1,1993,33,33,33,33,33,33,33,33,33,33
122185,1,1,1993,0,0,0,0,0,0,0,0,0,0
122185,2,1,1993,0,0,0,0,0,0,0,0,0,0
122185,3,1,1993,0,0,0,0,0,0,0,0,0,0
122186,1,1,1993,0,0,0,0,0,0,0,0,0,0
122187,1,1,1993,0,0,0,0,0,0,0,0,0,0
122187,2,1,1993,0,0,0,0,0,0,0,0,0,0
122188,1,1,1993,0,0,0,0,0,0,0,0,0,0
122189,1,1,1993,6,6,6,6,6,6,6,6,6,6
122189,2,1,1993,6,0,0,0,0,0,0,0,0,0
122190,0,1,1993,40,40,40,40,40,40,40,40,40,40
122190,1,1,1993,0,0,0,0,0,0,0,0,0,0
122191,0,1,1993,0,0,0,0,0,0,0,0,0,0
122191,1,1,1993,4,0,9,19,0,20,0,0,0,0
122192,1,1,1993,0,0,0,0,0,0,0,0,0,0
122192,2,1,1993,0,0,0,0,0,0,0,0,0,0
122193,1,1,1993,0,0,0,0,0,0,0,0,0,0
122193,2,1,1993,0,0,0,0,0,12,0,0,24,0
122193,3,1,1993,0,0,0,0,0,0,0,0,0,0
122193,4,1,1993,0,0,0,0,0,0,0,0,0,0
122194,1,1,1993,0,0,0,0,0,0,0,0,0,0
122194,2,1,1993,0,0,0,0,0,0,0,0,0,0
122194,3,1,1993,0,0,0,0,0,0,0,0,0,0
122195,0,1,1993,0,0,0,0,0,0,0,0,0,0
122195,1,1,1993,22,0,9,2,0,0,0,12,15,6
122196,1,1,1993,0,0,0,0,0,0,0,0,0,0
122197,0,1,1993,31,0,0,0,0,23,0,15,0,0
122197,1,1,1993,0,0,0,0,0,0,0,5,0,0
122198,0,1,1993,0,0,0,0,0,0,0,0,0,0
122198,1,1,1993,0,0,20,0,0,6,0,0,3,0
122199,1,1,1993,0,0,0,0,0,0,0,0,0,0
122200,1,1,1993,0,0,0,0,0,0,0,0,0,0
122201,0,1,1993,0,9,0,0,0,0,0,0,0,0
122201,1,1,1993,0,0,0,0,0,0,0,0,0,0
122202,0,1,1993,0,0,0,0,0,0,0,0,0,0
122202,0,2,1993,24,0,24,21,13,9,0,0,15,0
122202,1,1,1993,0,0,0,0,0,0,0,0,0,0
122203,1,1,1993,0,0,0,0,0,0,0,0,0,0
122204,1,1,1993,17,16,15,22,18,9,19,0,0,22
122205,1,1,1993,5,12,12,0,0,0,0,0,0,15
122206,1,1,1993,0,0,0,0,0,0,0,0,0,0
122206,2,1,1993,0,0,0,0,0,0,0,0,0,0
122207,0,1,1993,0,0,0,0,0,0,0,0,0,0
122207,1,1,1993,0,0,0,0,0,0,0,0,0,0
122208,1,1,1993,0,0,0,0,0,0,4,0,0,0
122208,2,1,1993,0,0,0,0,0,0,0,0,0,0
122208,3,1,1993,0,0,0,0,0,0,11,0,0,0
122209,1,1,1993,18,18,18,18,18,18,18,18,18,18
122209,2,1,1993,0,0,0,0,0,6,0,0,0,0
122210,0,1,1993,22,22,22,22,22,22,22,22,22,22
122210,1,1,1993,27,27,27,27,27,27,27,27,27,27
122211,1,1,1993,14,14,14,14,14,14,14,14,14,14
122212,0,1,1993,43,16,19,12,7,15,10,33,22,13
122212,1,1,1993,0,0,0,0,0,0,9,19,0,0
122212,2,1,1993,0,0,0,0,0,0,0,0,0,0
122213,1,1,1993,14,14,0,0,0,22,0,14,0,0
122213,2,1,1993,0,0,0,0,0,0,0,0,0,0
122214,1,1,1993,0,0,0,0,0,0,0,0,0,0
122214,2,1,1993,0,0,0,0,0,0,0,0,0,0
122215,0,1,1993,18,18,18,18,18,18,18,18,18,18
122215,1,1,1993,0,0,14,9,10,0,14,0,5,0
122216,1,1,1993,27,27,27,27,27,27,27,27,27,27
122216,2,1,1993,0,0,0,0,0,0,0,0,0,0
122217,0,1,1993,0,0,0,0,0,0,0,0,0,0
122217,1,1,1993,0,0,0,0,0,0,0,0,0,0
122218,1,1,1993,0,0,0,0,0,0,0,0,0,0
122218,2,1,1993,0,0,27,0,0,0,0,0,0,0
122219,1,1,1993,25,7,0,6,16,20,16,20,24,27
122219,2,1,1993,22,6,23,10,22,12,32,14,5,13
122219,3,1,1993,0,0,0,0,0,0,0,0,0,0
122220,1,1,1993,31,31,31,31,31,31,31,31,31,31
122221,0,1,1993,0,0,0,0,0,0,0,0,17,0
122221,1,1,1993,0,0,0,0,0,0,0,0,0,0
122222,1,1,1993,24,24,24,24,24,24,24,24,24,24
122223,0,1,1993,0,0,0,0,0,0,0,0,0,0
122223,1,1,1993,0,0,0,0,0,0,0,0,0,0
122224,0,1,1993,18,26,12,17,46,13,14,14,18,22
122224,1,1,1993,0,29,0,0,0,0,14,9,11,0
122226,0,1,1993,0,0,0,0,0,0,0,0,0,0
122226,1,1,1993,0,0,0,0,0,0,0,0,0,0
122227,1,1,1993,12,12,12,12,12,12,12,12,12,12
122227,2,1,1993,0,0,0,0,0,0,0,0,0,0
122228,0,1,1993,0,0,0,0,0,0,0,0,0,0
122228,1,1,1993,0,0,0,0,0,0,0,0,0,0
122229,1,1,1993,22,22,22,22,22,22,22,22,22,22
122229,2,1,1993,0,0,0,0,0,0,0,0,0,0
122229,3,1,1993,0,0,0,0,0,0,0,0,0,0
122230,1,1,1993,0,0,0,0,0,0,0,0,0,0
122231,1,1,1993,27,27,27,27,27,27,27,27,27,27
122232,1,1,1993,18,13,0,18,14,33,27,29,10,28
122232,2,1,1993,27,13,8,18,10,4,11,3,10,0
122233,1,1,1993,0,0,0,0,0,0,0,0,0,0
122234,1,1,1993,29,29,29,29,29,29,29,29,29,29
122235,1,1,1993,0,0,0,3,0,22,0,0,0,0