ST_CASE,VEH_NO,PER_NO,YEAR,P1,P2,P3,P4,P5,P6,P7,P8,P9,P10
122235,2,1,1993,0,0,0,8,0,0,0,0,0,0
122236,1,1,1993,27,27,27,27,27,27,27,27,27,27
122237,1,1,1993,0,0,0,0,0,0,0,0,0,0
122237,2,1,1993,0,0,0,0,0,0,0,0,0,0
122238,0,1,1993,17,21,0,0,27,0,28,40,0,0
122238,1,1,1993,7,0,0,0,0,0,0,0,0,0
122239,1,1,1993,16,10,2,20,20,18,13,16,4,16
122239,2,1,1993,14,0,0,14,16,14,0,21,12,0
122240,1,1,1993,26,9,28,15,23,28,12,15,23,28
122240,2,1,1993,0,0,0,0,0,0,0,0,0,0
122241,1,1,1993,0,0,0,0,0,0,0,0,0,0
122241,2,1,1993,0,0,0,0,0,0,0,0,0,0
122242,1,1,1993,21,24,18,25,30,30,27,15,25,26
122242,2,1,1993,0,8,14,9,15,7,22,15,22,19
122243,1,1,1993,17,17,17,17,17,17,17,17,17,17
122243,2,1,1993,17,17,17,17,17,17,17,17,17,17
122244,1,1,1993,11,30,16,20,12,0,17,14,0,0
122245,0,1,1993,0,0,0,0,0,0,0,0,0,0
122245,1,1,1993,0,0,0,0,0,0,0,0,0,0
122246,0,1,1993,26,15,24,12,12,11,19,23,26,20
122246,1,1,1993,0,0,0,0,0,0,0,0,0,0
122247,0,1,1993,0,0,0,0,0,0,0,0,0,0
122247,1,1,1993,0,0,0,0,0,0,0,0,0,0
122248,1,1,1993,0,0,0,0,0,0,10,0,0,0
122249,1,1,1993,0,0,0,0,0,0,0,0,0,0
122249,2,1,1993,0,0,0,0,0,0,0,12,0,0
122250,0,1,1993,15,15,15,15,15,15,15,15,15,15
122250,1,1,1993,10,10,10,10,10,10,10,10,10,10
122251,1,1,1993,0,8,0,0,0,0,0,0,0,0
122251,2,1,1993,0,0,0,0,0,0,0,0,0,0
122252,0,1,1993,10,10,0,16,3,0,18,21,26,33
122252,1,1,1993,0,0,0,0,0,0,0,0,0,0
122253,0,1,1993,0,0,0,0,0,0,36,0,0,0
122253,1,1,1993,0,0,0,0,0,0,0,0,0,0
122254,0,1,1993,0,0,0,0,0,0,0,0,17,0
122254,0,2,1993,13,10,0,20,0,34,26,25,0,0
122254,1,1,1993,0,0,0,0,0,0,0,0,0,0
122255,1,1,1993,0,0,0,0,0,0,0,0,0,0
122255,2,1,1993,0,0,0,0,0,0,0,0,0,0
122256,1,1,1993,0,0,5,0,0,0,0,0,0,0
122256,2,1,1993,0,0,0,0,0,0,0,0,0,0
122257,0,1,1993,0,0,0,0,0,0,0,0,0,0
122257,1,1,1993,0,0,0,0,0,0,0,0,0,0
122258,1,1,1993,0,0,0,0,0,0,0,0,0,0
122258,2,1,1993,0,0,0,0,0,0,0,0,0,0
122258,3,1,1993,0,0,0,0,0,0,0,0,0,0
122259,1,1,1993,14,14,14,14,14,14,14,14,14,14
122260,1,1,1993,14,0,0,6,12,0,0,0,20,18
122260,2,1,1993,0,0,0,0,0,0,0,0,0,0
122261,1,1,1993,0,0,0,0,0,0,0,0,0,0
122262,1,1,1993,16,10,5,14,28,19,16,18,13,13
122262,2,1,1993,15,21,18,18,0,3,0,9,13,31
122263,1,1,1993,0,0,0,0,0,0,0,0,0,0
122263,2,1,1993,0,0,0,0,0,0,0,0,0,0
122264,1,1,1993,0,0,0,0,0,0,0,0,0,0
122264,2,1,1993,0,0,0,0,0,0,0,0,0,0
122265,1,1,1993,0,0,0,0,12,0,0,0,0,0
122265,2,1,1993,0,0,0,0,0,0,0,0,0,0
122266,1,1,1993,0,0,0,0,0,0,0,0,0,0
122266,2,1,1993,0,0,0,0,0,0,0,0,0,0
122267,0,1,1993,0,15,0,0,16,0,0,0,20,0
122267,1,1,1993,0,0,17,0,0,8,15,0,0,4
122268,0,1,1993,0,0,0,0,0,0,0,0,0,0
122268,1,1,1993,0,0,0,0,0,0,0,0,0,0
122269,1,1,1993,0,0,0,0,0,0,0,0,0,0
122269,2,1,1993,0,0,0,0,0,0,0,0,0,0
122269,3,1,1993,0,0,0,0,0,0,0,0,0,0
122270,1,1,1993,17,17,17,17,17,17,17,17,17,17
122271,1,1,1993,0,0,0,0,0,0,0,0,0,0
122271,2,1,1993,0,0,0,0,0,0,0,0,0,0
122272,1,1,1993,0,12,12,0,21,0,15,15,0,0
122272,2,1,1993,0,5,0,0,0,0,10,0,0,0
122273,0,1,1993,0,0,0,0,0,0,0,0,0,0
122273,1,1,1993,0,0,0,0,0,0,0,0,0,0
122274,1,1,1993,0,0,0,0,0,0,0,0,0,0
122274,2,1,1993,0,0,0,0,0,0,0,0,0,0
122274,3,1,1993,0,0,0,0,0,0,0,0,0,0
122275,1,1,1993,14,0,0,0,0,0,0,0,0,0
122275,2,1,1993,0,0,0,0,0,0,0,0,0,0
122276,1,1,1993,0,0,0,0,0,10,0,0,27,0
122276,2,1,1993,15,20,38,19,10,5,17,15,30,7
122277,1,1,1993,0,17,0,0,0,0,0,0,0,0
122277,2,1,1993,0,0,0,0,0,0,0,0,0,0
122278,0,1,1993,0,0,0,0,0,0,0,0,0,0
122278,1,1,1993,0,0,0,0,0,0,0,0,0,0
122279,1,1,1993,0,0,0,0,0,0,0,0,0,0
122279,2,1,1993,0,0,0,0,0,0,0,0,0,0
122280,1,1,1993,14,14,14,14,14,14,14,14,14,14
122281,1,1,1993,0,0,0,0,0,0,0,0,0,0
122281,2,1,1993,0,0,6,10,8,15,0,8,11,26
122282,1,1,1993,20,20,20,20,20,20,20,20,20,20
122282,2,1,1993,15,0,0,0,0,0,0,0,0,0
122283,0,1,1993,0,0,0,0,0,0,0,0,0,0
122283,1,1,1993,0,0,0,0,0,0,0,0,0,0
122284,1,1,1993,32,32,32,32,32,32,32,32,32,32
122285,0,1,1993,0,0,0,0,0,0,0,0,0,0
122285,1,1,1993,0,0,0,0,0,0,0,0,0,0
122286,1,1,1993,0,0,0,0,0,0,0,0,0,0
122286,2,1,1993,0,0,0,0,0,0,0,0,0,0
122286,3,1,1993,0,0,0,0,0,0,0,0,0,0
122287,0,1,1993,0,0,0,0,0,0,0,0,0,0
122287,1,1,1993,23,9,7,4,25,24,14,8,11,0
122288,1,1,1993,0,0,0,0,0,0,0,0,0,0
122288,2,1,1993,0,0,0,0,0,0,0,0,0,0
122289,1,1,1993,0,0,0,0,0,0,0,0,0,0
122289,2,1,1993,0,0,0,0,0,0,0,0,0,0
122290,0,1,1993,39,28,24,9,20,22,15,15,15,12
122290,1,1,1993,0,0,0,0,0,0,0,0,0,0
122290,2,1,1993,0,0,0,0,0,0,0,0,0,0
122292,1,1,1993,0,0,0,0,0,0,0,0,0,0
122292,2,1,1993,0,0,0,0,0,0,0,0,0,0
122293,1,1,1993,0,0,0,0,0,0,0,0,0,0
122293,2,1,1993,0,0,0,0,0,0,0,0,0,0
122294,0,1,1993,0,0,0,0,0,0,0,0,0,0
122294,1,1,1993,0,0,0,0,0,0,0,0,0,0
122295,1,1,1993,0,0,0,0,0,0,0,0,0,0
122295,2,1,1993,0,0,0,0,0,0,0,19,0,0
122296,0,1,1993,11,0,0,32,20,25,0,22,26,0
122296,1,1,1993,13,11,14,10,14,11,20,31,11,15
122297,1,1,1993,0,0,0,0,0,0,0,0,0,0
122297,2,1,1993,0,4,0,0,0,0,0,0,0,0
122298,0,1,1993,0,0,0,0,0,0,7,0,0,0
122298,1,1,1993,0,0,0,0,0,0,0,0,0,0
122299,0,1,1993,0,0,0,0,0,0,0,0,0,0
122299,1,1,1993,0,0,11,0,0,0,0,0,0,0
122300,0,1,1993,0,0,0,0,0,0,0,0,0,0
122300,1,1,1993,0,0,0,0,0,0,0,0,0,0
122301,1,1,1993,0,0,0,0,0,0,0,0,0,0
122301,2,1,1993,0,0,0,0,0,0,0,0,16,0
122302,0,1,1993,20,20,20,20,20,20,20,20,20,20
122302,1,1,1993,0,0,0,0,0,0,0,0,0,0
122303,1,1,1993,0,0,0,0,0,0,0,0,0,0
122303,2,1,1993,0,0,0,0,0,0,0,0,0,0
122304,1,1,1993,0,0,0,0,0,0,0,0,0,0
122304,2,1,1993,0,0,0,0,0,0,0,0,0,0
122305,1,1,1993,0,0,0,0,7,13,0,10,0,5
122306,1,1,1993,0,0,0,0,0,0,0,0,0,0
122306,2,1,1993,0,0,0,0,0,21,0,0,0,0
122306,3,1,1993,0,0,0,0,0,0,0,0,0,0
122307,0,1,1993,25,22,18,6,0,15,0,14,10,0
122307,1,1,1993,0,0,0,0,0,0,0,0,0,0
122308,1,1,1993,0,0,0,0,0,0,0,32,0,50
122309,1,1,1993,0,0,0,0,0,12,0,0,0,0
122309,2,1,1993,0,0,0,0,0,0,0,0,0,0
122310,1,1,1993,0,0,0,0,0,0,0,0,0,0
122310,2,1,1993,0,0,0,0,0,0,0,0,0,0
122311,1,1,1993,0,0,0,0,0,0,0,0,0,0
122312,1,1,1993,0,0,0,0,13,0,0,0,0,0
122312,2,1,1993,0,0,0,0,0,0,0,0,0,0
122313,1,1,1993,17,17,17,17,17,17,17,17,17,17
122314,1,1,1993,16,16,16,16,16,16,16,16,16,16
122315,1,1,1993,0,0,0,0,0,0,0,0,0,0
122315,2,1,1993,7,7,7,7,7,7,7,7,7,7
122316,1,1,1993,0,0,0,0,0,0,0,0,0,0
122317,1,1,1993,0,0,0,0,0,0,0,0,0,0
122317,2,1,1993,0,0,0,0,0,0,0,0,0,0
122318,1,1,1993,21,8,15,27,6,25,32,23,10,33
122319,1,1,1993,0,0,0,0,0,0,0,0,0,0
122319,2,1,1993,0,0,0,0,0,0,0,0,0,0
122319,3,1,1993,0,0,0,0,0,0,0,0,0,0
122319,4,1,1993,0,0,0,0,0,0,0,0,0,0
122320,1,1,1993,17,17,17,17,17,17,17,17,17,17
122321,0,1,1993,0,0,0,0,0,0,0,0,0,0
122321,1,1,1993,0,0,0,0,0,0,0,3,0,0
122322,0,1,1993,0,0,0,0,0,0,0,0,0,0
122322,1,1,1993,0,0,0,0,0,0,0,0,0,0
122323,1,1,1993,0,0,0,0,0,0,0,0,0,0
122323,2,1,1993,0,0,0,0,0,0,0,0,0,0
122324,1,1,1993,19,15,23,18,0,0,22,3,0,0
122325,0,1,1993,0,0,0,0,0,0,0,0,0,0
122325,0,2,1993,0,0,0,0,0,0,0,0,0,0
122325,1,1,1993,0,0,0,6,0,0,0,0,0,0
122326,1,1,1993,24,24,24,24,24,24,24,24,24,24
122326,2,1,1993,0,0,0,0,0,0,0,0,0,0
122327,0,1,1993,30,22,17,36,31,38,53,18,27,14
122327,1,1,1993,0,0,0,15,0,12,0,0,8,0
122328,0,1,1993,11,0,0,10,0,0,0,0,20,0
122328,1,1,1993,0,12,0,15,27,0,24,21,26,8
122329,1,1,1993,0,12,0,26,0,0,0,0,0,0
122330,1,1,1993,0,0,0,0,0,0,0,0,13,0
122330,2,1,1993,0,0,0,0,0,0,0,0,0,0
122330,3,1,1993,0,0,0,0,0,0,0,0,0,0
122330,4,1,1993,0,0,0,0,0,0,0,0,0,0
122330,5,1,1993,0,0,0,0,0,0,0,0,0,0
122331,1,1,1993,0,0,0,0,23,0,0,0,0,0
122332,1,1,1993,0,5,0,0,27,0,16,0,0,0
122332,2,1,1993,0,0,0,0,7,0,0,0,0,0
122333,0,1,1993,0,0,0,0,0,0,0,0,0,0
122333,1,1,1993,3,0,0,30,4,11,0,16,0,16
122334,1,1,1993,0,0,0,0,0,0,0,0,0,0
122334,2,1,1993,0,0,0,0,0,0,0,0,0,0
122335,0,1,1993,0,0,0,0,0,0,0,0,0,0
122335,1,1,1993,0,0,0,0,0,0,0,9,0,0
122335,2,1,1993,0,0,0,0,0,0,0,0,0,0
122336,1,1,1993,0,0,0,0,0,0,0,0,0,5
122336,2,1,1993,0,10,0,0,0,0,0,0,0,0
122337,0,1,1993,0,0,15,0,0,0,0,0,0,9
122337,1,1,1993,0,0,0,0,0,0,0,0,0,0
122338,1,1,1993,0,0,0,0,0,0,0,2,0,14
122338,2,1,1993,0,34,0,0,25,3,11,0,15,11
122338,3,1,1993,0,8,0,15,14,0,0,0,0,0
122339,1,1,1993,0,0,0,0,0,0,0,0,0,0
122339,2,1,1993,0,0,0,0,0,0,0,0,0,0
122340,0,1,1993,0,0,0,0,0,0,0,0,0,0
122340,0,2,1993,0,0,0,0,10,0,0,0,0,0
122340,1,1,1993,0,0,0,0,0,0,0,0,0,0
122341,0,1,1993,0,0,0,0,0,0,0,0,0,0
122341,1,1,1993,0,0,0,0,0,0,0,0,0,6
122342,0,1,1993,37,37,37,37,37,37,37,37,37,37
122342,1,1,1993,0,0,0,0,0,0,0,0,0,0
122343,1,1,1993,0,0,3,0,0,0,5,0,0,0
122343,2,1,1993,0,0,0,0,0,0,93,0,0,0
122344,1,1,1993,24,24,0,10,0,0,0,18,0,0
122344,2,1,1993,0,0,0,0,0,0,0,0,0,0
122345,1,1,1993,27,29,27,16,25,13,21,24,10,14
122345,2,1,1993,15,8,0,19,3,4,21,13,14,0
122345,3,1,1993,0,0,0,0,0,0,0,0,0,0
122346,1,1,1993,13,0,0,0,0,0,0,0,0,0
122347,0,1,1993,0,0,0,0,0,0,0,9,12,18
122347,1,1,1993,0,0,0,0,0,0,0,0,0,12
122348,1,1,1993,0,0,0,0,0,0,0,0,0,0
122348,2,1,1993,0,0,0,0,0,0,0,0,0,0
122349,1,1,1993,13,13,13,13,13,13,13,13,13,13
122350,0,1,1993,0,0,0,0,0,0,0,0,0,0
122350,1,1,1993,0,0,0,0,0,0,0,0,0,0
122351,0,1,1993,0,0,0,0,0,0,0,0,0,0
122351,1,1,1993,0,0,0,0,0,0,0,0,0,0
122352,1,1,1993,28,28,28,28,28,28,28,28,28,28
122352,2,1,1993,23,23,17,19,20,24,19,26,13,34
122353,1,1,1993,0,0,21,0,0,0,0,0,0,0
122353,2,1,1993,0,0,0,0,0,0,0,8,0,0
122353,3,1,1993,0,0,4,26,0,0,11,0,0,0
122354,1,1,1993,0,0,0,0,0,12,0,0,0,0
122354,2,1,1993,0,0,0,0,0,0,0,0,0,0
122354,3,1,1993,0,0,0,0,0,0,0,0,0,0
122355,0,1,1993,0,0,0,0,0,0,0,0,0,0
122355,1,1,1993,0,0,0,0,0,0,0,0,0,0
122356,1,1,1993,0,0,0,0,0,0,0,0,0,0
122356,2,1,1993,0,0,0,0,0,0,0,0,0,0
122357,1,1,1993,11,11,11,11,11,11,11,11,11,11
122359,1,1,1993,0,0,0,0,0,0,0,0,0,0
122359,2,1,1993,0,0,0,0,0,0,0,0,0,0
122359,3,1,1993,0,0,0,0,0,0,0,0,0,10
122360,1,1,1993,0,0,0,0,0,0,0,0,0,0
122361,1,1,1993,0,0,0,0,0,0,0,0,0,0
122361,2,1,1993,0,0,0,0,0,0,0,0,0,0
122362,0,1,1993,0,0,0,0,0,0,0,0,0,0
122362,1,1,1993,0,0,0,0,7,0,0,0,0,0
122363,1,1,1993,0,0,0,0,0,0,0,0,0,0
122363,2,1,1993,0,0,0,0,0,0,0,0,0,0
122363,3,1,1993,0,0,0,0,0,0,0,0,0,0
122364,1,1,1993,0,0,0,0,0,0,0,0,0,0
122365,1,1,1993,28,28,28,28,28,28,28,28,28,28
122366,0,1,1993,21,21,21,21,21,21,21,21,21,21
122366,1,1,1993,0,0,0,0,0,0,0,0,0,0
122367,1,1,1993,22,0,0,0,0,11,13,0,0,22
122368,1,1,1993,0,14,7,0,0,0,0,0,14,9
122368,2,1,1993,0,0,0,0,0,0,0,0,0,0
122369,1,1,1993,0,24,0,0,0,0,0,0,0,0
122370,0,1,1993,0,9,0,0,25,0,0,0,0,31
122370,1,1,1993,0,0,0,0,14,0,0,0,0,0
122371,1,1,1993,0,0,0,0,0,0,15,0,0,13
122372,1,1,1993,0,0,0,0,0,0,0,0,0,0
122372,2,1,1993,0,0,0,0,0,0,0,0,0,0
122373,1,1,1993,0,0,0,0,0,0,0,0,0,0
122374,1,1,1993,0,0,0,0,22,27,0,0,17,0
122375,1,1,1993,0,0,0,0,0,0,0,0,0,0
122376,1,1,1993,0,0,0,0,0,0,0,0,0,0
122376,2,1,1993,27,27,27,27,27,27,27,27,27,27
122377,1,1,1993,0,0,0,0,0,0,0,0,0,0
122378,1,1,1993,0,0,0,0,0,0,0,0,0,0
122378,2,1,1993,0,0,0,0,0,0,0,0,0,0
122380,1,1,1993,0,0,0,0,0,0,0,0,0,0
122380,2,1,1993,0,0,0,0,0,0,0,0,0,0
122381,1,1,1993,0,0,0,0,0,0,0,0,0,0
122382,1,1,1993,24,27,16,21,12,17,17,0,23,24
122383,1,1,1993,0,0,0,0,0,0,0,0,0,0
122384,0,1,1993,0,0,0,0,0,0,0,0,0,0
122384,1,1,1993,0,0,0,0,13,0,0,0,0,0
122385,1,1,1993,27,27,27,27,27,27,27,27,27,27
122386,1,1,1993,0,0,0,0,0,0,0,0,0,0
122387,1,1,1993,13,0,0,19,0,3,0,0,0,17
122388,1,1,1993,0,0,0,0,0,0,0,0,0,6
122388,2,1,1993,0,5,0,0,0,0,0,0,0,0
122389,1,1,1993,0,0,0,0,0,0,0,0,0,0
122390,0,1,1993,10,10,10,10,10,10,10,10,10,10
122390,1,1,1993,0,0,0,0,0,0,0,0,0,0
122390,2,1,1993,0,0,0,0,0,0,0,0,0,0
122391,1,1,1993,12,11,5,12,20,9,6,14,14,6
122391,2,1,1993,29,29,7,27,15,16,16,20,23,19
122392,1,1,1993,0,0,0,0,0,0,0,0,0,0
122393,1,1,1993,14,14,14,14,14,14,14,14,14,14
122393,2,1,1993,0,0,0,0,0,0,0,0,12,23
122394,0,1,1993,28,0,0,0,15,0,0,0,12,0
122394,1,1,1993,14,0,0,0,0,0,0,0,0,0
122395,1,1,1993,0,0,0,0,0,0,0,0,0,0
122395,2,1,1993,0,0,0,0,0,0,0,0,0,0
122395,3,1,1993,0,0,0,0,0,0,0,0,0,0
122396,1,1,1993,0,0,0,0,0,0,0,0,0,0
122396,2,1,1993,0,0,0,0,0,0,0,0,0,0
122397,0,1,1993,0,0,0,0,0,0,0,0,0,0
122397,1,1,1993,0,0,0,0,0,0,0,0,0,0
122398,1,1,1993,23,23,23,23,23,23,23,23,23,23
122398,2,1,1993,0,0,0,0,0,0,0,0,0,0
122398,3,1,1993,0,0,0,0,0,0,0,0,0,7
122399,1,1,1993,0,0,0,0,0,0,0,0,0,0
122399,2,1,1993,0,0,0,0,0,0,0,0,3,0
122400,1,1,1993,23,23,23,23,23,23,23,23,23,23
122401,0,1,1993,0,0,0,0,0,0,0,0,0,0
122401,1,1,1993,0,11,15,11,0,10,15,19,0,12
122402,1,1,1993,14,14,14,14,14,14,14,14,14,14
122403,0,1,1993,0,0,0,0,0,0,0,0,0,12
122403,1,1,1993,0,0,0,0,0,0,0,0,0,0
122404,1,1,1993,17,17,17,17,17,17,17,17,17,17
122405,1,1,1993,0,0,0,0,0,0,18,0,0,0
122406,0,1,1993,0,0,0,0,0,17,0,18,0,13
122406,1,1,1993,0,0,0,0,0,0,0,0,0,0
122407,0,1,1993,25,25,25,25,25,25,25,25,25,25
122407,1,1,1993,0,0,0,0,0,0,0,0,0,23
122408,1,1,1993,0,0,0,0,0,0,0,0,0,0
122408,2,1,1993,0,0,0,0,0,0,0,0,0,0
122409,0,1,1993,0,0,0,0,0,0,0,0,0,0
122409,1,1,1993,0,0,0,29,0,0,0,0,0,0
122410,1,1,1993,22,29,17,20,14,10,15,19,11,28
122411,1,1,1993,0,0,0,0,0,0,0,0,0,0
122411,2,1,1993,0,0,0,0,0,0,0,0,0,0
122412,1,1,1993,0,11,11,0,0,0,0,17,0,0
122412,2,1,1993,0,0,0,0,0,0,13,0,0,0
122413,0,1,1993,0,0,0,0,0,0,0,31,0,0
122413,1,1,1993,11,12,20,34,17,20,15,0,9,6
122413,2,1,1993,24,0,0,0,0,0,0,0,0,0
122414,1,1,1993,0,0,0,0,0,0,0,0,0,0
122414,2,1,1993,0,0,0,0,0,0,0,0,0,0
122415,1,1,1993,0,0,0,0,0,0,0,0,0,0
122415,2,1,1993,0,0,0,0,0,0,0,0,0,0
122415,3,1,1993,0,0,0,0,0,0,0,0,0,0
122416,1,1,1993,0,0,0,0,0,0,0,0,0,0
122416,2,1,1993,0,0,0,0,0,0,0,0,0,0
122417,1,1,1993,0,0,0,0,0,0,0,0,19,0
122417,2,1,1993,0,0,0,0,0,0,0,0,0,0
122418,0,1,1993,24,14,0,8,6,0,31,35,3,8
122418,1,1,1993,0,0,0,0,0,0,0,0,0,0
122418,2,1,1993,0,0,0,0,0,0,0,0,0,0
122419,1,1,1993,0,0,0,0,0,0,0,0,0,0
122419,2,1,1993,0,0,0,0,0,0,0,0,0,0
122419,3,1,1993,0,0,0,0,0,0,0,0,0,0
122420,1,1,1993,0,0,0,0,0,0,0,0,0,0
122421,0,1,1993,0,0,0,0,0,0,0,0,0,0
122421,1,1,1993,0,0,0,0,0,0,0,0,0,0
122422,1,1,1993,0,4,0,0,14,7,0,0,0,0
122422,2,1,1993,0,0,0,0,0,0,0,0,0,0
122423,1,1,1993,0,0,0,0,0,0,0,0,0,0
122423,2,1,1993,0,0,0,0,0,0,0,0,0,0
122424,0,1,1993,25,29,0,10,0,33,6,0,14,22
122424,0,2,1993,0,0,0,0,0,0,0,11,0,0
122424,0,3,1993,19,19,36,40,0,0,17,38,0,0
122424,1,1,1993,8,0,0,0,0,0,0,0,0,0
122426,1,1,1993,0,0,0,0,0,13,7,0,0,0
122426,2,1,1993,0,0,0,0,0,0,0,0,0,0
122426,3,1,1993,0,0,0,0,0,0,0,0,0,0
122427,1,1,1993,0,0,0,0,0,0,0,14,0,0
122427,2,1,1993,20,9,0,0,0,15,0,9,0,3
122428,1,1,1993,0,0,0,0,0,0,0,0,0,0
122428,2,1,1993,0,0,0,0,0,0,0,0,0,0
122429,1,1,1993,0,0,0,0,0,0,0,0,0,0
122429,2,1,1993,0,0,0,0,0,0,0,0,0,0
122430,1,1,1993,12,12,12,12,12,12,12,12,12,12
122431,0,1,1993,0,0,0,0,0,0,0,0,0,0
122431,1,1,1993,0,0,0,0,0,0,0,0,0,0
122432,0,1,1993,0,0,25,0,0,0,33,7,0,0
122432,1,1,1993,0,0,0,0,0,0,0,0,0,0
122433,0,1,1993,0,0,0,0,0,0,0,15,18,0
122433,1,1,1993,0,0,0,0,0,0,0,0,0,0
122434,1,1,1993,0,0,0,0,0,0,0,0,0,0
122434,2,1,1993,0,0,0,0,0,0,0,0,0,0
122435,1,1,1993,0,0,0,0,0,0,0,0,0,0
122435,2,1,1993,0,0,0,0,0,0,0,0,0,0
122436,1,1,1993,0,0,0,0,0,0,0,0,0,0
122436,2,1,1993,0,0,0,0,0,0,0,0,0,0
122437,0,1,1993,0,0,0,0,0,0,0,0,0,0
122437,1,1,1993,0,0,0,0,0,0,0,0,0,0
122438,0,1,1993,0,0,0,0,43,0,32,0,35,0
122438,1,1,1993,0,0,0,0,0,0,0,0,0,0
122439,1,1,1993,23,23,23,23,23,23,23,23,23,23
122440,1,1,1993,0,0,0,0,16,0,0,0,10,14
122440,2,1,1993,15,7,0,0,0,0,12,13,12,11
122441,1,1,1993,0,0,0,10,0,0,0,0,0,16
130001,1,1,1993,27,27,27,27,27,27,27,27,27,27
130002,1,1,1993,39,39,39,39,39,39,39,39,39,39
130002,2,1,1993,0,0,0,0,0,0,0,0,0,0
130003,1,1,1993,0,0,0,0,0,0,0,0,0,0
130004,0,1,1993,2,2,2,2,2,2,2,2,2,2
130004,1,1,1993,0,6,11,14,19,14,11,14,20,8
130005,1,1,1993,23,23,23,23,23,23,23,23,23,23
130006,1,1,1993,20,20,20,20,20,20,20,20,20,20
130007,1,1,1993,26,26,26,26,26,26,26,26,26,26
130009,1,1,1993,0,0,0,0,0,0,0,0,0,0
130009,2,1,1993,0,0,0,0,0,0,0,0,0,0
130010,1,1,1993,0,0,0,0,0,0,0,0,0,0
130010,2,1,1993,0,0,0,0,0,0,0,0,0,0
130011,1,1,1993,25,25,25,25,25,25,25,25,25,25
130012,1,1,1993,36,36,36,36,36,36,36,36,36,36
130012,2,1,1993,0,0,0,0,0,0,0,0,0,0
130013,1,1,1993,0,0,0,5,0,0,0,0,0,0
130013,2,1,1993,0,0,0,0,0,0,0,0,0,0
130014,1,1,1993,0,0,0,0,0,0,0,0,0,0
130014,2,1,1993,0,0,0,0,0,0,0,0,0,0
130014,3,1,1993,0,0,0,0,0,0,0,0,0,0
130014,4,1,1993,0,0,0,0,0,0,0,0,0,0
130015,1,1,1993,0,0,0,0,0,0,0,0,0,0
130015,2,1,1993,0,0,0,0,0,0,0,0,0,0
130016,1,1,1993,0,0,0,0,0,0,0,0,0,0
130016,2,1,1993,0,0,0,0,0,0,0,0,0,0
130017,1,1,1993,0,0,0,0,0,0,0,0,0,0
130018,1,1,1993,0,0,0,0,0,0,0,0,0,0
130018,2,1,1993,0,0,0,0,0,0,0,0,0,0
130019,1,1,1993,0,0,0,0,0,0,0,0,0,0
130019,2,1,1993,0,0,0,0,0,0,0,0,0,0
130020,1,1,1993,0,0,0,0,0,0,0,0,0,0
130020,2,1,1993,0,0,0,0,0,0,0,0,0,0
130021,1,1,1993,0,0,0,0,0,0,0,0,0,0
130022,1,1,1993,0,0,0,17,0,0,0,19,0,0
130023,0,1,1993,36,36,36,36,36,36,36,36,36,36
130023,1,1,1993,0,0,0,0,0,0,0,0,0,0
130024,1,1,1993,23,23,23,23,23,23,23,23,23,23
130025,1,1,1993,6,6,6,6,6,6,6,6,6,6
130025,2,1,1993,5,5,5,5,5,5,5,5,5,5
130025,3,1,1993,4,4,4,4,4,4,4,4,4,4
130025,4,1,1993,0,0,0,0,0,0,0,0,0,0
130026,1,1,1993,0,0,0,0,0,0,0,0,0,0
130026,2,1,1993,0,0,0,0,0,0,0,0,0,0
130027,1,1,1993,0,0,0,0,0,0,0,0,0,0
130028,1,1,1993,0,0,0,0,0,0,0,0,0,0
130028,2,1,1993,0,0,0,0,0,0,0,0,0,0
130029,1,1,1993,0,0,0,0,0,0,0,0,0,0
130030,1,1,1993,21,8,18,25,15,17,17,12,6,0
130031,1,1,1993,7,7,7,7,7,7,7,7,7,7
130032,1,1,1993,0,0,0,0,0,0,0,0,0,0
130032,2,1,1993,0,0,0,0,0,0,0,0,0,0
130033,1,1,1993,0,0,0,0,0,0,0,0,0,0
130033,2,1,1993,0,0,0,0,0,0,0,0,0,0
130034,1,1,1993,0,0,0,0,0,0,0,0,0,0
130034,2,1,1993,0,0,0,0,0,0,0,0,0,0
130035,1,1,1993,0,0,0,0,0,0,0,0,0,0
130036,1,1,1993,0,0,0,0,0,0,0,0,0,0
130036,2,1,1993,0,0,0,0,0,0,0,0,0,0
130037,1,1,1993,0,0,0,0,0,0,0,0,0,0
130037,2,1,1993,0,0,0,0,0,0,0,0,0,0
130038,0,1,1993,24,24,24,24,24,24,24,24,24,24
130038,1,1,1993,8,8,8,8,8,8,8,8,8,8
130039,1,1,1993,0,0,0,0,0,0,0,0,0,0
130040,1,1,1993,35,35,35,35,35,35,35,35,35,35
130040,2,1,1993,0,0,0,0,0,0,0,0,0,0
130040,3,1,1993,3,3,3,3,3,3,3,3,3,3
130041,1,1,1993,0,0,0,0,0,0,0,0,0,0
130041,2,1,1993,0,0,0,0,0,0,0,0,0,0
130043,1,1,1993,5,5,5,5,5,5,5,5,5,5
130043,2,1,1993,0,0,0,0,0,0,0,0,0,0
130044,1,1,1993,0,0,0,0,0,0,0,0,0,0
130045,1,1,1993,0,0,0,0,0,0,0,0,0,0
130045,2,1,1993,0,0,0,0,0,0,0,0,0,0
130046,1,1,1993,0,0,0,0,0,0,0,0,0,0
130047,1,1,1993,33,33,33,33,33,33,33,33,33,33
130048,1,1,1993,41,41,41,41,41,41,41,41,41,41
130049,1,1,1993,0,0,0,0,0,0,0,0,0,0
130049,2,1,1993,0,0,0,0,0,0,0,0,0,0
130050,1,1,1993,26,26,26,26,26,26,26,26,26,26