ST_CASE,VEH_NO,PER_NO,YEAR,P1,P2,P3,P4,P5,P6,P7,P8,P9,P10
130051,1,1,1993,16,9,19,0,19,0,24,6,15,0
130052,0,1,1993,0,0,0,0,0,0,0,0,0,0
130052,1,1,1993,0,0,0,0,0,0,0,0,0,0
130053,0,1,1993,0,0,0,0,0,0,0,0,0,0
130053,0,2,1993,25,19,14,29,17,18,24,5,0,0
130053,1,1,1993,0,0,0,0,0,0,0,0,0,0
130054,1,1,1993,0,0,0,0,0,0,0,0,0,0
130055,1,1,1993,0,0,0,0,0,0,0,0,0,0
130055,2,1,1993,0,0,0,0,0,0,0,0,0,0
130056,1,1,1993,19,19,19,19,19,19,19,19,19,19
130057,1,1,1993,0,0,0,0,0,0,8,0,0,6
130057,2,1,1993,0,0,0,24,0,25,0,11,0,0
130058,1,1,1993,0,0,0,0,0,0,0,0,0,0
130059,1,1,1993,33,33,33,33,33,33,33,33,33,33
130060,1,1,1993,15,15,15,15,15,15,15,15,15,15
130061,1,1,1993,0,0,0,0,0,0,0,0,0,0
130061,2,1,1993,0,0,0,0,0,0,0,0,0,0
130062,1,1,1993,17,17,17,17,17,17,17,17,17,17
130062,2,1,1993,0,0,0,0,0,0,0,0,0,0
130063,1,1,1993,0,0,0,0,0,0,0,0,0,0
130064,1,1,1993,11,20,20,18,18,25,30,28,36,20
130065,1,1,1993,0,18,13,5,10,5,9,18,12,11
130065,2,1,1993,0,0,0,0,0,0,0,0,0,0
130066,1,1,1993,0,0,0,0,0,14,0,0,0,0
130066,2,1,1993,0,0,0,0,0,0,0,0,0,0
130067,1,1,1993,0,17,22,28,19,0,0,15,19,0
130068,0,1,1993,24,24,24,24,24,24,24,24,24,24
130068,1,1,1993,0,0,0,0,0,0,0,0,0,0
130069,1,1,1993,0,0,0,0,0,0,0,0,0,0
130069,2,1,1993,0,0,0,0,0,0,0,0,0,0
130070,1,1,1993,7,7,7,7,7,7,7,7,7,7
130071,0,1,1993,0,0,0,0,0,0,0,0,0,0
130071,1,1,1993,9,9,9,9,9,9,9,9,9,9
130071,2,1,1993,0,0,6,0,20,0,0,0,0,0
130072,1,1,1993,0,0,0,0,0,0,0,0,0,0
130073,0,1,1993,27,13,24,12,12,21,21,23,20,29
130073,1,1,1993,0,0,0,0,0,0,0,0,0,0
130073,2,1,1993,0,0,0,0,0,0,0,0,0,0
130074,1,1,1993,0,0,0,0,0,0,0,0,0,0
130074,2,1,1993,0,0,0,0,0,0,0,0,0,0
130074,3,1,1993,0,0,0,0,0,0,0,0,0,0
130074,4,1,1993,0,0,0,0,0,0,0,0,0,0
130075,1,1,1993,0,0,0,0,0,0,0,0,0,0
130075,2,1,1993,0,0,0,0,0,0,0,0,0,0
130076,1,1,1993,0,10,10,5,19,25,0,9,0,0
130076,2,1,1993,0,0,23,0,0,0,0,0,0,0
130077,1,1,1993,21,21,21,21,21,21,21,21,21,21
130077,2,1,1993,0,0,0,0,0,0,0,0,0,0
130078,0,1,1993,24,0,0,0,0,0,35,17,19,0
130078,0,2,1993,0,0,18,0,0,28,9,29,0,30
130078,1,1,1993,0,0,0,0,0,0,0,0,0,0
130079,0,1,1993,0,0,0,0,0,0,0,0,0,0
130079,1,1,1993,0,0,0,0,0,0,0,0,0,0
130080,0,1,1993,0,0,0,0,0,0,0,0,0,0
130080,1,1,1993,0,0,0,0,0,0,0,0,0,0
130081,1,1,1993,18,18,18,18,18,18,18,18,18,18
130082,1,1,1993,0,0,0,0,0,0,0,0,0,0
130083,1,1,1993,14,14,14,14,14,14,14,14,14,14
130084,1,1,1993,0,0,0,31,0,28,12,12,0,28
130085,1,1,1993,0,0,0,0,0,0,0,0,0,0
130085,2,1,1993,36,36,36,36,36,36,36,36,36,36
130086,1,1,1993,0,27,0,0,0,0,0,0,0,0
130087,1,1,1993,14,14,14,14,14,14,14,14,14,14
130088,1,1,1993,0,0,0,0,0,0,0,0,0,0
130088,2,1,1993,0,0,0,0,0,0,0,0,0,0
130089,1,1,1993,26,0,0,0,0,11,0,13,14,0
130090,0,1,1993,0,0,0,0,0,0,0,0,0,0
130090,1,1,1993,0,13,0,0,0,0,0,0,0,0
130091,1,1,1993,30,30,30,30,30,30,30,30,30,30
130092,1,1,1993,25,25,25,25,25,25,25,25,25,25
130094,1,1,1993,5,5,5,5,5,5,5,5,5,5
130095,0,1,1993,24,24,24,24,24,24,24,24,24,24
130095,1,1,1993,0,0,0,0,0,0,0,0,0,0
130096,1,1,1993,0,0,0,0,0,0,0,0,0,0
130097,1,1,1993,25,25,25,25,25,25,25,25,25,25
130098,1,1,1993,0,0,0,0,0,0,0,0,0,0
130098,2,1,1993,0,0,0,0,0,0,0,0,0,0
130099,1,1,1993,10,10,10,10,10,10,10,10,10,10
130100,1,1,1993,0,0,0,0,0,0,0,0,0,0
130101,1,1,1993,0,0,0,0,0,0,0,0,0,0
130101,2,1,1993,0,0,0,0,0,0,0,0,0,0
130102,0,1,1993,16,16,16,16,16,16,16,16,16,16
130102,1,1,1993,0,0,0,0,0,0,0,0,0,0
130103,1,1,1993,16,16,16,16,16,16,16,16,16,16
130103,2,1,1993,0,0,0,0,0,0,0,0,0,0
130104,1,1,1993,0,0,0,0,0,0,0,0,0,0
130105,1,1,1993,13,13,13,13,13,13,13,13,13,13
130107,0,1,1993,0,0,0,0,0,0,0,0,0,0
130107,1,1,1993,0,0,0,0,0,0,0,0,0,0
130108,1,1,1993,0,0,0,0,0,0,0,0,0,0
130109,0,1,1993,0,0,0,0,0,0,0,0,0,0
130109,1,1,1993,0,0,0,0,0,0,0,0,0,0
130110,1,1,1993,7,7,7,7,7,7,7,7,7,7
130110,2,1,1993,0,0,0,0,0,0,0,0,0,0
130111,0,1,1993,0,0,0,0,0,0,0,0,0,0
130111,1,1,1993,9,0,0,0,0,0,0,0,0,0
130112,1,1,1993,0,0,0,0,0,0,0,0,0,0
130112,2,1,1993,0,0,0,0,0,0,0,0,0,0
130113,1,1,1993,0,0,0,0,0,0,0,0,0,0
130113,2,1,1993,0,0,0,0,0,0,0,0,0,0
130114,1,1,1993,0,0,0,0,0,0,0,0,0,0
130115,1,1,1993,0,0,0,0,0,0,0,0,0,0
130116,1,1,1993,0,0,0,0,0,0,0,0,0,0
130118,1,1,1993,0,0,0,0,0,0,0,0,0,0
130119,1,1,1993,18,18,18,18,18,18,18,18,18,18
130120,1,1,1993,0,0,0,0,0,0,0,0,0,0
130120,2,1,1993,0,0,0,0,0,0,0,0,0,0
130121,1,1,1993,0,0,0,0,0,0,0,0,0,0
130121,2,1,1993,0,0,0,0,0,0,0,0,0,0
130122,1,1,1993,0,0,0,0,0,0,0,0,0,0
130123,0,1,1993,16,16,16,16,16,16,16,16,16,16
130123,1,1,1993,0,0,0,0,0,0,0,0,0,0
130124,1,1,1993,0,0,0,0,0,0,0,0,0,0
130125,1,1,1993,0,0,0,0,0,0,0,0,0,0
130125,2,1,1993,0,0,0,0,0,0,0,0,0,0
130126,0,1,1993,20,0,0,10,21,12,0,28,0,22
130126,1,1,1993,0,0,0,0,0,0,0,0,0,0
130127,0,1,1993,0,25,8,0,0,0,27,16,0,17
130127,1,1,1993,0,0,0,0,0,0,0,0,0,0
130128,1,1,1993,21,15,0,14,0,0,0,0,0,18
130129,1,1,1993,20,20,20,20,20,20,20,20,20,20
130129,2,1,1993,0,0,0,0,0,0,0,0,0,0
130130,1,1,1993,0,0,0,0,0,0,0,0,0,0
130131,1,1,1993,0,0,0,0,0,0,0,0,0,0
130132,1,1,1993,26,26,26,26,26,26,26,26,26,26
130132,2,1,1993,0,0,0,0,0,0,0,0,0,0
130133,1,1,1993,0,0,0,0,0,0,0,0,0,0
130133,2,1,1993,0,0,0,0,0,0,0,0,0,0
130134,2,1,1993,0,0,0,0,0,0,0,0,0,0
130135,1,1,1993,0,0,0,0,0,0,0,0,0,0
130135,2,1,1993,0,0,0,0,0,0,0,0,0,0
130137,1,1,1993,0,0,0,0,18,0,0,0,0,0
130138,1,1,1993,15,15,15,15,15,15,15,15,15,15
130139,1,1,1993,0,0,0,0,0,0,0,0,0,0
130139,2,1,1993,0,0,0,0,0,0,0,0,0,0
130140,0,1,1993,11,0,0,0,0,0,0,0,0,0
130140,1,1,1993,0,0,0,0,0,0,0,0,0,0
130140,2,1,1993,0,0,0,0,0,0,0,0,0,0
130140,3,1,1993,0,17,0,0,0,0,0,0,0,0
130141,1,1,1993,0,0,0,17,2,0,0,0,0,0
130141,2,1,1993,0,0,0,0,0,0,0,7,0,0
130142,1,1,1993,0,0,0,0,0,0,0,0,0,0
130142,2,1,1993,0,0,0,0,0,0,0,0,0,0
130143,1,1,1993,0,0,0,0,0,0,0,0,0,0
130144,1,1,1993,35,35,35,35,35,35,35,35,35,35
130145,1,1,1993,0,0,0,0,0,0,0,0,0,0
130145,2,1,1993,0,0,0,0,0,15,0,0,0,0
130146,1,1,1993,0,0,0,0,0,0,0,0,0,0
130147,1,1,1993,2,2,2,2,2,2,2,2,2,2
130147,2,1,1993,0,0,12,0,0,0,0,0,0,0
130148,1,1,1993,23,8,21,16,37,14,0,0,13,0
130149,1,1,1993,0,0,0,0,0,0,0,0,0,0
130149,2,1,1993,0,0,0,0,0,0,0,0,0,0
130150,0,1,1993,0,0,0,0,0,0,0,0,0,0
130150,1,1,1993,0,0,0,0,0,0,0,0,0,0
130151,1,1,1993,0,0,0,0,0,0,0,0,0,0
130151,2,1,1993,0,0,0,0,0,0,0,0,0,0
130152,1,1,1993,0,0,0,0,0,0,0,0,0,0
130154,0,1,1993,0,32,0,13,0,0,0,17,30,0
130154,1,1,1993,0,0,0,0,0,0,0,0,0,0
130155,1,1,1993,0,0,0,0,0,0,0,0,0,0
130155,2,1,1993,0,0,0,0,0,0,0,0,0,0
130155,3,1,1993,0,0,0,0,0,0,0,0,0,0
130156,1,1,1993,0,0,0,0,0,0,0,0,0,0
130156,2,1,1993,0,0,0,0,0,0,0,0,0,0
130157,0,1,1993,0,0,0,0,0,0,0,0,0,0
130157,1,1,1993,0,0,0,0,0,0,0,0,0,0
130157,2,1,1993,0,0,0,0,0,0,0,0,0,0
130159,1,1,1993,24,24,24,24,24,24,24,24,24,24
130160,1,1,1993,0,0,0,9,0,0,0,0,0,0
130160,2,1,1993,0,14,0,17,0,0,0,0,0,0
130161,1,1,1993,0,10,0,0,0,0,0,0,0,0
130161,2,1,1993,0,0,0,0,0,0,0,0,0,0
130161,3,1,1993,0,0,0,0,8,0,0,0,0,0
130162,0,1,1993,0,0,0,0,0,0,0,0,0,0
130162,1,1,1993,0,0,0,0,0,0,0,0,0,0
130163,0,1,1993,34,34,34,34,34,34,34,34,34,34
130163,1,1,1993,0,0,0,0,0,0,0,0,0,0
130164,1,1,1993,23,23,23,23,23,23,23,23,23,23
130165,1,1,1993,22,22,22,22,22,22,22,22,22,22
130166,1,1,1993,3,3,3,3,3,3,3,3,3,3
130167,1,1,1993,0,0,0,0,0,0,0,0,0,0
130167,2,1,1993,0,0,0,0,0,0,0,0,0,0
130167,3,1,1993,0,0,0,0,0,0,0,0,0,0
130168,1,1,1993,0,0,0,0,0,0,0,0,0,0
130168,2,1,1993,0,0,0,0,0,0,0,0,0,0
130169,1,1,1993,0,0,0,0,0,0,0,0,0,0
130170,1,1,1993,0,0,0,0,0,0,0,0,0,0
130171,1,1,1993,0,0,0,0,0,0,0,0,0,0
130171,2,1,1993,0,0,0,0,0,0,0,0,0,0
130172,0,1,1993,25,25,25,25,25,25,25,25,25,25
130172,1,1,1993,0,0,0,0,0,0,13,0,0,0
130173,1,1,1993,0,22,10,10,30,4,21,23,6,14
130174,1,1,1993,0,0,0,0,0,0,0,0,0,0
130174,2,1,1993,0,0,0,0,0,0,0,0,0,0
130175,1,1,1993,0,0,0,0,0,0,0,0,0,0
130175,2,1,1993,0,0,0,0,0,0,0,0,0,0
130176,1,1,1993,0,0,0,0,0,0,0,0,0,0
130177,1,1,1993,15,0,0,0,19,0,0,0,0,0
130178,1,1,1993,0,0,0,0,0,0,0,0,0,0
130178,2,1,1993,0,0,0,0,0,0,0,0,0,0
130179,1,1,1993,0,0,0,0,0,0,0,0,0,0
130179,2,1,1993,0,0,0,0,0,0,0,0,0,0
130180,1,1,1993,0,0,0,0,0,0,0,0,0,0
130180,2,1,1993,0,0,0,0,0,0,0,0,0,0
130181,1,1,1993,21,21,21,21,21,21,21,21,21,21
130182,1,1,1993,21,21,21,21,21,21,21,21,21,21
130183,1,1,1993,19,19,19,19,19,19,19,19,19,19
130183,2,1,1993,0,0,0,0,0,0,0,0,0,0
130184,1,1,1993,0,0,0,0,0,0,0,0,0,0
130185,0,1,1993,0,22,24,33,12,14,0,19,2,18
130185,1,1,1993,9,16,14,12,10,0,6,15,4,12
130186,0,1,1993,32,32,32,32,32,32,32,32,32,32
130186,1,1,1993,0,0,0,0,0,0,0,0,0,0
130187,0,1,1993,0,0,0,0,0,0,0,0,0,0
130187,1,1,1993,7,7,7,7,7,7,7,7,7,7
130188,1,1,1993,0,0,0,0,0,0,0,0,0,0
130188,2,1,1993,0,0,0,0,0,0,0,0,0,0
130189,1,1,1993,0,0,0,0,0,0,0,0,0,0
130190,1,1,1993,0,0,0,0,0,0,0,0,0,21
130191,1,1,1993,0,0,0,0,0,0,0,0,0,0
130192,1,1,1993,0,0,0,0,0,0,0,0,0,0
130192,2,1,1993,0,0,0,0,0,0,0,0,0,0
130193,0,1,1993,15,23,0,0,0,0,18,13,0,0
130193,1,1,1993,6,6,6,6,6,6,6,6,6,6
130194,1,1,1993,18,18,18,18,18,18,18,18,18,18
130195,0,1,1993,7,22,0,0,0,0,26,29,46,0
130195,1,1,1993,0,0,0,0,0,0,0,0,0,0
130196,1,1,1993,9,9,9,9,9,9,9,9,9,9
130196,2,1,1993,0,0,0,0,0,0,0,0,0,0
130197,0,1,1993,0,0,0,0,0,0,0,0,0,0
130197,0,2,1993,14,20,6,34,5,0,23,0,23,23
130197,1,1,1993,0,0,0,0,0,0,0,0,0,0
130198,1,1,1993,0,0,0,0,0,0,0,0,0,0
130199,1,1,1993,0,0,0,0,0,0,0,0,0,0
130200,1,1,1993,0,0,0,0,12,0,0,0,0,0
130200,2,1,1993,0,0,0,0,0,0,0,0,0,9
130201,1,1,1993,18,2,20,26,10,28,23,21,22,20
130202,1,1,1993,0,18,0,0,0,0,0,0,0,0
130202,2,1,1993,0,0,0,0,0,0,0,0,0,0
130202,3,1,1993,0,0,0,0,0,0,0,0,0,0
130203,1,1,1993,0,0,0,0,0,0,0,0,0,0
130203,2,1,1993,0,0,0,0,0,0,0,0,0,6
130204,0,1,1993,17,29,0,16,17,21,21,0,13,17
130204,1,1,1993,0,0,0,5,0,0,0,0,0,0
130205,1,1,1993,0,0,0,0,0,0,0,0,0,0
130205,2,1,1993,0,0,0,9,0,0,0,0,0,0
130206,0,1,1993,0,0,0,0,0,0,0,0,0,0
130206,1,1,1993,27,27,27,27,27,27,27,27,27,27
130208,1,1,1993,0,0,0,0,0,0,0,0,0,0
130208,2,1,1993,0,0,0,0,0,0,0,0,0,0
130209,1,1,1993,0,29,32,19,14,11,7,19,11,12
130211,0,1,1993,0,0,42,18,11,0,20,0,0,13
130211,1,1,1993,0,0,0,0,0,0,0,0,0,0
130212,1,1,1993,0,0,0,0,0,0,0,0,0,0
130213,1,1,1993,0,0,0,0,0,0,0,0,0,0
130214,1,1,1993,1,1,1,1,1,1,1,1,1,1
130214,2,1,1993,0,0,0,0,0,0,0,0,0,0
130215,0,1,1993,0,15,13,24,0,0,0,10,5,0
130215,1,1,1993,0,0,0,0,0,0,0,0,0,0
130216,1,1,1993,0,0,0,0,0,0,0,25,0,0
130216,2,1,1993,0,0,0,0,0,0,0,0,0,0
130216,3,1,1993,0,0,0,0,0,0,0,0,0,0
130217,0,1,1993,0,0,0,0,0,0,0,0,0,0
130217,1,1,1993,0,0,0,0,0,0,0,0,0,0
130218,1,1,1993,0,0,0,13,14,15,0,0,15,0
130218,2,1,1993,0,27,0,10,21,0,0,12,0,0
130219,0,1,1993,6,6,6,6,6,6,6,6,6,6
130220,1,1,1993,0,0,0,0,0,0,0,0,0,0
130220,2,1,1993,0,0,0,0,0,0,0,0,0,0
130221,1,1,1993,25,25,25,25,25,25,25,25,25,25
130222,1,1,1993,40,40,40,40,40,40,40,40,40,40
130223,1,1,1993,18,18,18,18,18,18,18,18,18,18
130223,2,1,1993,0,0,0,0,0,0,0,0,0,0
130224,1,1,1993,0,0,0,0,0,0,0,0,0,0
130224,2,1,1993,0,0,0,0,0,0,0,0,0,0
130225,1,1,1993,0,12,0,0,0,9,10,0,0,10
130226,1,1,1993,0,0,0,0,0,0,0,0,0,0
130226,2,1,1993,0,0,0,0,0,0,0,0,0,0
130227,1,1,1993,0,0,0,0,0,0,0,0,0,0
130227,2,1,1993,0,0,0,7,0,0,0,0,0,0
130228,1,1,1993,19,19,19,19,19,19,19,19,19,19
130229,1,1,1993,0,0,0,0,0,0,0,0,0,0
130229,2,1,1993,19,0,25,0,0,0,0,0,0,0
130230,1,1,1993,15,0,6,13,15,8,17,18,17,8
130231,0,1,1993,0,0,0,4,18,31,13,27,0,25
130231,1,1,1993,0,0,0,0,0,0,0,0,0,0
130232,1,1,1993,13,13,13,13,13,13,13,13,13,13
130233,1,1,1993,12,12,12,12,12,12,12,12,12,12
130234,1,1,1993,19,19,19,19,19,19,19,19,19,19
130235,1,1,1993,0,0,0,0,0,0,0,0,0,0
130235,2,1,1993,0,0,0,0,0,0,0,0,0,0
130236,1,1,1993,0,0,0,0,0,0,0,0,0,0
130236,2,1,1993,0,0,0,0,0,0,0,0,0,0
130237,0,1,1993,0,0,0,19,0,0,0,0,0,0
130237,1,1,1993,0,0,0,0,0,0,0,0,0,0
130237,2,1,1993,0,0,0,0,0,0,0,0,0,0
130237,3,1,1993,0,0,0,0,0,0,0,0,0,0
130237,4,1,1993,0,0,0,0,0,0,0,0,0,0
130237,5,1,1993,0,0,0,0,0,0,0,0,0,0
130237,6,1,1993,0,0,0,0,0,0,0,0,0,0
130238,1,1,1993,0,0,0,0,0,0,0,0,0,0
130238,2,1,1993,0,0,0,0,0,0,0,0,0,0
130239,1,1,1993,0,0,0,0,0,0,0,0,0,0
130239,2,1,1993,0,0,0,0,0,0,0,0,0,0
130239,3,1,1993,0,0,0,0,0,0,0,0,0,0
130240,1,1,1993,0,0,0,0,0,0,0,0,0,0
130240,2,1,1993,0,0,0,0,0,0,0,0,0,0
130241,1,1,1993,0,0,0,0,0,0,0,0,0,0
130241,2,1,1993,0,0,0,0,0,0,0,0,0,0
130242,1,1,1993,0,0,0,0,0,0,0,0,0,0
130242,2,1,1993,0,0,0,0,0,0,0,0,0,0
130243,1,1,1993,0,0,0,0,0,0,0,0,0,0
130243,2,1,1993,0,0,0,0,0,0,0,0,0,0
130244,1,1,1993,0,0,0,0,0,0,0,0,0,0
130244,2,1,1993,0,0,0,0,0,0,0,0,0,0
130245,1,1,1993,0,0,0,0,0,0,0,0,0,0
130245,2,1,1993,9,9,9,9,9,9,9,9,9,9
130245,3,1,1993,0,0,0,0,0,0,0,0,0,0
130246,0,1,1993,0,0,22,18,9,0,0,32,12,24
130246,0,2,1993,0,0,0,0,0,0,0,0,0,0
130246,1,1,1993,7,7,7,7,7,7,7,7,7,7
130247,1,1,1993,0,0,0,0,0,0,0,0,0,0
130247,2,1,1993,0,0,0,0,0,0,0,0,0,0
130248,1,1,1993,21,21,21,21,21,21,21,21,21,21
130248,2,1,1993,0,0,0,0,0,0,0,0,0,0
130249,1,1,1993,0,0,0,15,0,0,0,0,0,0
130250,0,1,1993,33,33,33,33,33,33,33,33,33,33
130250,1,1,1993,0,0,0,0,0,0,0,0,0,0
130250,2,1,1993,0,0,0,0,0,0,9,0,0,0
130250,3,1,1993,0,0,0,0,0,0,0,0,0,0
130251,1,1,1993,0,0,0,0,0,0,0,0,0,0
130251,2,1,1993,0,0,0,0,0,0,0,0,0,0
130252,1,1,1993,15,15,15,15,15,15,15,15,15,15
130252,2,1,1993,0,0,0,0,0,0,0,0,0,0
130252,3,1,1993,0,0,0,0,0,19,0,0,0,0
130253,1,1,1993,0,0,0,0,0,0,0,0,0,0
130253,2,1,1993,0,0,0,0,0,0,0,0,0,11
130254,1,1,1993,0,0,0,0,0,0,0,0,0,0
130255,1,1,1993,14,14,14,14,14,14,14,14,14,14
130256,1,1,1993,0,0,0,0,0,0,0,0,0,0
130256,2,1,1993,0,0,0,0,0,0,0,0,0,0
130257,1,1,1993,0,0,0,0,0,0,0,0,0,0
130258,1,1,1993,0,0,0,0,0,0,0,0,0,0
130258,2,1,1993,0,0,0,0,0,0,0,0,0,0
130259,1,1,1993,0,0,0,0,0,0,0,0,0,0
130259,2,1,1993,1,1,1,1,1,1,1,1,1,1
130261,1,1,1993,21,21,21,21,21,21,21,21,21,21
130261,2,1,1993,4,4,4,4,4,4,4,4,4,4
130262,0,1,1993,9,43,9,0,0,16,25,22,18,26
130262,1,1,1993,0,0,15,0,6,0,0,0,0,0
130262,2,1,1993,11,0,22,0,0,0,0,0,14,0
130263,1,1,1993,0,0,0,0,0,0,0,0,0,0
130264,1,1,1993,0,0,0,0,0,0,0,0,0,0
130264,2,1,1993,0,0,0,0,0,0,0,0,0,0
130265,1,1,1993,0,0,0,0,0,0,0,0,0,0
130265,2,1,1993,0,0,0,0,0,0,0,0,0,0
130266,1,1,1993,0,0,0,0,0,0,0,0,0,0
130267,0,1,1993,0,0,0,0,0,0,0,0,0,0
130267,0,2,1993,0,0,0,0,0,0,0,0,0,0
130267,1,1,1993,0,0,0,0,0,0,0,0,0,0
130268,1,1,1993,6,6,6,6,6,6,6,6,6,6
130269,0,1,1993,0,0,0,0,0,0,0,0,0,0
130269,1,1,1993,0,0,0,0,0,0,0,0,0,0
130269,2,1,1993,0,0,0,0,0,0,0,0,0,0
130271,1,1,1993,0,0,0,0,0,0,0,0,0,0
130271,2,1,1993,0,0,0,0,0,0,0,0,0,0
130272,1,1,1993,0,0,0,0,0,0,0,0,0,0
130272,2,1,1993,0,0,0,0,0,0,0,0,0,0
130273,1,1,1993,0,0,0,0,0,0,0,0,0,0
130273,2,1,1993,0,0,0,0,0,0,0,0,0,0
130273,3,1,1993,0,0,0,0,0,0,0,0,0,0
130274,1,1,1993,0,0,0,0,0,0,0,0,0,0
130274,2,1,1993,0,0,0,0,0,0,0,0,0,0
130275,1,1,1993,0,4,0,0,0,0,0,0,0,0
130275,2,1,1993,0,0,0,0,0,0,0,0,0,0
130275,3,1,1993,0,0,0,0,0,0,0,0,0,0
130276,1,1,1993,7,7,7,7,7,7,7,7,7,7
130277,1,1,1993,24,24,24,24,24,24,24,24,24,24
130278,1,1,1993,24,24,24,24,24,24,24,24,24,24
130279,1,1,1993,0,0,0,17,0,0,0,21,13,0
130279,2,1,1993,14,14,14,14,14,14,14,14,14,14
130280,1,1,1993,12,12,12,12,12,12,12,12,12,12
130281,1,1,1993,8,8,8,8,8,8,8,8,8,8
130282,1,1,1993,0,0,0,0,0,0,0,0,0,0
130282,2,1,1993,0,0,0,0,0,0,0,0,0,0
130283,1,1,1993,0,0,0,0,0,0,0,0,0,0
130284,1,1,1993,0,0,0,0,0,0,0,0,0,0
130284,2,1,1993,0,0,0,0,0,0,0,0,0,0
130285,1,1,1993,37,37,37,37,37,37,37,37,37,37
130286,0,1,1993,0,0,0,0,0,0,0,0,0,0
130286,1,1,1993,0,0,0,0,0,0,0,0,0,0
130287,1,1,1993,15,15,15,15,15,15,15,15,15,15
130288,1,1,1993,0,0,17,23,30,22,16,13,21,21
130289,1,1,1993,0,0,0,0,0,0,0,0,0,0
130289,2,1,1993,0,0,0,0,0,0,0,0,0,0
130290,1,1,1993,15,0,0,15,19,0,0,29,0,0
130292,1,1,1993,0,0,0,0,0,0,0,0,0,0
130293,1,1,1993,0,0,0,0,0,0,0,0,0,0
130293,2,1,1993,0,0,0,0,0,0,0,0,0,0
130294,1,1,1993,0,0,0,0,0,0,0,0,0,0
130295,1,1,1993,0,0,0,0,0,0,0,0,0,0
130295,2,1,1993,16,16,16,16,16,16,16,16,16,16
130295,3,1,1993,0,0,0,0,0,0,0,0,0,0
130296,0,1,1993,12,33,28,30,20,40,28,28,18,39
130296,1,1,1993,0,0,0,0,0,0,0,0,0,0
130297,1,1,1993,0,0,0,0,0,0,0,0,0,0
130297,2,1,1993,0,0,0,0,0,0,0,0,0,0
130298,1,1,1993,0,0,0,0,0,0,0,0,0,0
130298,2,1,1993,0,0,0,0,0,0,0,0,0,0
130299,1,1,1993,0,0,0,0,0,0,0,0,0,0
130299,2,1,1993,0,0,0,0,0,0,0,0,0,0
130300,1,1,1993,0,0,0,0,0,0,0,0,0,0
130300,2,1,1993,0,0,0,0,0,0,0,0,0,0
130301,1,1,1993,22,22,22,22,22,22,22,22,22,22
130302,1,1,1993,0,0,0,0,0,0,0,0,0,0
130302,2,1,1993,0,0,0,0,0,0,0,0,0,0
130303,1,1,1993,0,0,0,0,0,0,0,0,0,0
130304,0,1,1993,33,33,33,33,33,33,33,33,33,33
130304,1,1,1993,0,0,0,0,0,0,0,0,0,0
130305,1,1,1993,30,9,22,18,21,20,14,22,38,0
130306,1,1,1993,0,0,0,0,0,0,0,0,0,0
130307,1,1,1993,0,0,0,0,0,0,0,0,0,0
130308,1,1,1993,0,0,0,0,0,0,0,0,0,0
130308,2,1,1993,0,0,0,0,0,0,0,0,0,0
130309,1,1,1993,14,15,20,9,12,10,11,14,0,14
130309,2,1,1993,0,0,0,0,0,0,0,0,0,0
130310,1,1,1993,0,0,0,0,0,0,0,0,0,0
130310,2,1,1993,0,0,0,0,0,0,0,0,0,0
130310,3,1,1993,0,0,0,0,0,0,0,0,0,0
130311,1,1,1993,0,0,0,0,0,0,0,0,0,0
130311,2,1,1993,0,0,0,0,0,0,0,0,0,0
130312,1,1,1993,0,0,0,0,0,0,0,0,0,0
130313,1,1,1993,9,9,9,9,9,9,9,9,9,9
130314,1,1,1993,0,0,0,0,0,0,0,0,0,0
130314,2,1,1993,0,0,0,0,0,0,0,0,0,0
130315,1,1,1993,14,14,14,14,14,14,14,14,14,14
130315,2,1,1993,0,0,0,0,0,0,0,0,0,0
130316,1,1,1993,0,0,0,0,0,0,0,0,0,0
130316,2,1,1993,0,0,0,0,12,0,0,0,0,0
130316,3,1,1993,0,0,0,0,0,0,0,0,0,0
130316,4,1,1993,0,0,0,0,0,0,0,0,0,0
130316,5,1,1993,0,0,0,0,0,0,0,0,0,0
130317,1,1,1993,0,0,0,0,0,0,0,0,0,0
130317,2,1,1993,0,0,0,0,0,0,0,0,0,0
130318,1,1,1993,25,25,25,25,25,25,25,25,25,25
130319,1,1,1993,0,0,0,0,0,0,0,0,0,0
130319,2,1,1993,0,0,0,0,0,20,0,0,0,0
130320,1,1,1993,23,14,19,16,0,0,9,0,19,0
130320,2,1,1993,0,0,0,0,0,0,0,0,0,0
130321,1,1,1993,0,0,0,0,13,8,11,0,0,0
130321,2,1,1993,16,0,0,0,0,0,0,9,0,0
130322,1,1,1993,6,6,6,6,6,6,6,6,6,6
130323,1,1,1993,33,33,33,33,33,33,33,33,33,33
130324,1,1,1993,0,0,0,0,0,0,0,0,0,0
130324,2,1,1993,0,0,0,0,0,0,0,0,0,0
130324,3,1,1993,0,0,0,0,0,0,0,0,0,0
130325,1,1,1993,0,0,0,3,0,0,0,0,0,0
130326,1,1,1993,0,0,0,0,0,0,0,0,0,0
130326,2,1,1993,1,1,1,1,1,1,1,1,1,1
130327,1,1,1993,0,0,0,0,0,0,0,0,0,0
130327,2,1,1993,0,0,17,0,0,0,33,0,0,21
130328,0,1,1993,0,0,0,0,0,0,0,0,0,0
130328,1,1,1993,0,0,0,0,0,0,0,0,0,0
130328,2,1,1993,0,0,0,0,0,0,0,0,0,0
130329,1,1,1993,0,0,0,0,0,0,0,0,0,0