ST_CASE,VEH_NO,PER_NO,YEAR,P1,P2,P3,P4,P5,P6,P7,P8,P9,P10
130330,1,1,1993,0,0,0,0,0,0,0,0,0,0
130330,2,1,1993,0,0,0,0,0,0,0,31,0,0
130331,1,1,1993,0,0,0,0,0,0,0,0,0,0
130333,1,1,1993,20,20,20,20,20,20,20,20,20,20
130334,1,1,1993,0,16,0,0,0,0,0,8,0,0
130334,2,1,1993,0,0,0,0,0,0,0,0,2,0
130335,1,1,1993,17,17,17,17,17,17,17,17,17,17
130336,1,1,1993,0,0,0,0,0,0,0,0,0,0
130336,2,1,1993,13,13,13,13,13,13,13,13,13,13
130337,1,1,1993,0,0,0,0,0,0,0,0,0,0
130338,1,1,1993,0,0,0,0,0,0,0,0,0,0
130339,1,1,1993,4,4,4,4,4,4,4,4,4,4
130340,1,1,1993,0,0,0,0,0,0,0,0,0,0
130340,2,1,1993,0,0,0,0,0,0,0,0,0,0
130340,3,1,1993,0,0,0,0,0,0,0,0,0,0
130341,1,1,1993,0,0,0,0,0,0,0,0,0,0
130341,2,1,1993,0,0,0,0,0,0,0,0,0,0
130342,1,1,1993,6,6,6,6,6,6,6,6,6,6
130343,1,1,1993,0,0,0,0,0,0,0,0,0,0
130343,2,1,1993,0,0,0,0,0,0,0,0,0,0
130343,3,1,1993,0,0,0,0,0,0,0,0,0,0
130344,1,1,1993,0,0,0,0,0,0,0,0,0,0
130344,2,1,1993,0,0,0,0,0,0,0,0,0,0
130345,1,1,1993,5,5,5,5,5,5,5,5,5,5
130347,1,1,1993,30,30,30,30,30,30,30,30,30,30
130348,1,1,1993,0,0,0,0,0,0,0,0,0,0
130348,2,1,1993,0,0,0,0,0,0,0,0,0,0
130349,1,1,1993,0,17,38,38,28,10,24,29,20,25
130350,1,1,1993,14,14,14,14,14,14,14,14,14,14
130351,1,1,1993,0,0,0,0,0,0,0,0,0,0
130352,1,1,1993,14,0,27,9,20,23,20,0,11,0
130353,1,1,1993,0,0,0,0,0,0,0,0,0,0
130354,1,1,1993,25,25,25,25,25,25,25,25,25,25
130355,1,1,1993,0,0,0,0,0,0,0,0,0,0
130356,0,1,1993,0,0,12,0,0,18,30,0,17,30
130356,1,1,1993,0,0,0,0,0,0,0,0,0,0
130357,1,1,1993,0,0,0,0,0,0,0,0,0,0
130357,2,1,1993,0,0,0,0,0,0,0,0,0,0
130358,0,1,1993,0,11,20,17,12,19,24,0,0,32
130358,1,1,1993,0,0,0,0,0,0,0,0,0,0
130359,1,1,1993,0,0,0,0,0,0,0,0,0,0
130359,2,1,1993,0,0,0,0,0,0,0,0,0,0
130360,0,1,1993,1,1,1,1,1,1,1,1,1,1
130360,0,2,1993,0,0,0,0,0,0,0,0,0,0
130360,1,1,1993,0,0,0,0,0,0,0,0,0,0
130361,1,1,1993,20,12,19,31,30,11,4,0,24,44
130362,1,1,1993,17,0,0,0,0,16,0,7,8,14
130363,0,1,1993,0,0,0,0,0,0,0,0,0,0
130363,1,1,1993,0,0,0,0,0,0,0,0,0,0
130364,1,1,1993,21,21,21,21,21,21,21,21,21,21
130365,1,1,1993,20,30,15,7,0,26,0,14,18,28
130366,1,1,1993,8,8,8,8,8,8,8,8,8,8
130366,2,1,1993,0,0,0,0,0,0,0,0,0,0
130367,1,1,1993,0,0,0,0,0,0,0,0,0,0
130368,1,1,1993,0,0,0,0,0,0,0,0,0,0
130368,2,1,1993,0,0,0,0,0,0,0,0,0,0
130369,1,1,1993,25,25,25,25,25,25,25,25,25,25
130370,0,1,1993,0,0,0,0,0,0,0,0,0,0
130370,1,1,1993,0,0,0,0,0,0,0,0,0,0
130371,0,1,1993,0,0,0,0,0,0,0,0,0,0
130371,1,1,1993,0,0,0,0,0,0,0,0,0,0
130372,0,1,1993,0,0,0,0,0,0,0,0,0,0
130372,1,1,1993,0,0,0,0,0,0,0,0,0,0
130373,1,1,1993,0,0,0,0,0,9,0,0,14,0
130373,2,1,1993,0,0,0,0,0,0,0,0,0,0
130374,1,1,1993,0,0,0,0,0,0,0,0,0,0
130374,2,1,1993,0,0,0,0,0,0,0,0,0,0
130375,1,1,1993,0,0,0,0,0,0,0,0,0,0
130375,2,1,1993,0,0,0,0,0,0,0,0,0,0
130375,3,1,1993,0,0,0,0,0,0,0,0,0,0
130376,0,1,1993,0,0,0,0,0,0,0,0,0,0
130376,1,1,1993,0,0,0,0,0,0,0,0,0,0
130378,1,1,1993,19,19,19,19,19,19,19,19,19,19
130379,1,1,1993,13,13,13,13,13,13,13,13,13,13
130379,2,1,1993,0,0,0,0,0,0,0,0,0,0
130380,1,1,1993,0,0,0,0,0,0,0,0,0,0
130380,2,1,1993,0,0,0,0,0,0,0,0,0,0
130380,3,1,1993,0,0,0,0,0,0,0,0,0,0
130381,1,1,1993,0,0,0,0,0,0,0,0,0,0
130381,2,1,1993,0,0,0,0,0,0,0,0,0,0
130382,1,1,1993,8,8,8,8,8,8,8,8,8,8
130383,1,1,1993,0,0,0,0,0,0,0,0,0,0
130384,1,1,1993,0,0,0,0,0,0,0,0,0,0
130384,2,1,1993,0,0,0,0,0,0,0,0,0,0
130385,0,1,1993,0,16,0,0,0,0,12,13,0,41
130385,1,1,1993,23,23,23,23,23,23,23,23,23,23
130386,1,1,1993,16,0,0,0,0,0,0,0,0,0
130387,1,1,1993,34,0,0,0,0,0,0,0,0,25
130388,0,1,1993,6,6,6,6,6,6,6,6,6,6
130388,1,1,1993,0,0,0,0,0,0,0,0,0,0
130389,1,1,1993,35,18,14,12,0,16,14,13,26,12
130389,2,1,1993,0,0,13,0,0,6,0,0,0,0
130390,0,1,1993,0,0,0,0,0,0,0,0,0,0
130390,1,1,1993,0,0,0,0,0,0,0,0,0,0
130391,1,1,1993,0,0,0,0,0,0,0,0,0,0
130391,2,1,1993,14,14,14,14,14,14,14,14,14,14
130392,1,1,1993,0,0,0,0,0,0,0,0,0,0
130392,2,1,1993,0,34,0,0,0,0,0,7,22,0
130393,1,1,1993,19,20,0,0,24,0,37,0,18,0
130394,0,1,1993,0,32,0,0,0,0,0,0,25,22
130394,1,1,1993,0,0,0,0,0,0,0,0,0,0
130395,1,1,1993,0,0,0,0,0,0,0,0,0,0
130395,2,1,1993,0,0,0,0,0,0,0,0,0,0
130395,3,1,1993,0,0,0,0,0,0,0,0,0,0
130396,1,1,1993,6,0,26,0,13,0,0,0,10,11
130396,2,1,1993,2,2,2,2,2,2,2,2,2,2
130397,1,1,1993,19,19,19,19,19,19,19,19,19,19
130398,1,1,1993,0,0,0,0,0,0,0,0,0,0
130398,2,1,1993,0,0,0,0,0,0,0,0,0,0
130399,1,1,1993,0,0,0,0,0,0,0,0,0,0
130400,0,1,1993,21,15,20,18,14,39,20,17,7,40
130400,1,1,1993,0,0,0,0,0,0,0,0,0,0
130401,1,1,1993,0,0,0,0,0,0,0,0,0,0
130401,2,1,1993,0,0,0,0,0,0,0,0,0,0
130402,1,1,1993,0,0,0,0,0,0,0,0,0,0
130402,2,1,1993,0,0,0,0,0,0,0,0,0,0
130403,1,1,1993,0,0,0,0,0,0,0,0,0,0
130403,2,1,1993,0,0,0,0,0,0,0,0,0,0
130403,3,1,1993,0,0,0,11,0,0,0,0,0,0
130403,4,1,1993,0,0,0,0,0,0,0,0,0,0
130403,5,1,1993,0,0,0,0,0,0,0,0,0,0
130404,1,1,1993,0,0,0,0,0,0,0,0,0,0
130405,1,1,1993,0,0,0,0,0,0,0,0,0,0
130405,2,1,1993,0,0,0,0,0,0,0,0,0,0
130406,0,1,1993,0,0,0,16,0,0,0,0,0,15
130406,1,1,1993,20,11,13,27,23,18,18,0,28,9
130407,1,1,1993,17,0,10,25,0,0,0,27,0,24
130408,1,1,1993,0,0,0,0,0,0,0,0,0,0
130408,2,1,1993,0,0,0,0,0,0,0,0,0,0
130408,3,1,1993,0,0,0,0,0,0,0,0,0,0
130409,1,1,1993,0,0,0,0,0,0,0,0,0,0
130409,2,1,1993,0,0,0,0,0,0,0,0,0,0
130410,1,1,1993,32,32,32,32,32,32,32,32,32,32
130411,1,1,1993,0,0,0,0,0,0,0,0,0,0
130411,2,1,1993,0,0,0,0,0,0,0,0,0,0
130412,1,1,1993,0,0,0,0,0,0,0,0,0,0
130412,2,1,1993,14,14,14,14,14,14,14,14,14,14
130413,0,1,1993,13,15,0,24,0,0,17,20,0,0
130413,1,1,1993,0,0,0,0,0,0,0,0,0,0
130414,1,1,1993,0,0,0,0,0,0,0,0,0,0
130415,1,1,1993,0,0,0,0,0,0,0,0,0,0
130416,1,1,1993,0,0,0,0,0,0,0,0,0,0
130417,1,1,1993,0,0,0,0,0,0,0,0,0,0
130418,1,1,1993,13,13,13,13,13,13,13,13,13,13
130419,1,1,1993,0,0,20,23,14,0,0,22,0,18
130420,1,1,1993,0,0,0,0,0,0,0,0,0,0
130420,2,1,1993,0,0,0,0,0,0,0,0,0,0
130421,1,1,1993,0,0,0,0,0,0,0,0,0,0
130421,2,1,1993,0,0,0,0,0,0,0,0,0,0
130422,1,1,1993,0,0,0,0,0,0,0,0,0,0
130422,2,1,1993,0,0,0,0,0,0,0,0,0,0
130423,1,1,1993,0,0,0,0,0,0,0,0,0,0
130423,2,1,1993,0,0,0,0,0,0,0,0,0,0
130424,1,1,1993,21,21,21,21,21,21,21,21,21,21
130425,1,1,1993,0,0,0,0,0,0,0,0,0,0
130425,2,1,1993,0,0,0,0,0,0,0,0,0,0
130426,1,1,1993,12,0,0,0,0,0,0,0,0,0
130427,1,1,1993,0,0,0,0,0,0,0,0,0,0
130428,1,1,1993,0,0,0,0,0,0,0,0,0,0
130428,2,1,1993,0,0,0,0,0,0,0,0,0,0
130429,1,1,1993,8,8,8,8,8,8,8,8,8,8
130430,1,1,1993,0,0,0,0,0,0,0,0,0,0
130430,2,1,1993,0,0,0,0,0,0,0,0,0,0
130431,1,1,1993,0,0,0,0,0,0,0,0,0,0
130431,2,1,1993,0,0,0,0,0,0,0,0,0,0
130433,1,1,1993,0,0,0,0,0,0,0,0,0,0
130434,0,1,1993,0,0,0,0,0,0,0,0,0,0
130434,1,1,1993,0,0,0,0,0,0,0,0,0,0
130435,1,1,1993,0,0,0,0,0,0,0,0,0,0
130436,1,1,1993,0,0,0,0,0,0,0,0,0,0
130436,2,1,1993,0,0,0,0,0,0,0,0,0,0
130437,1,1,1993,0,0,0,0,0,0,0,0,0,0
130437,2,1,1993,0,18,0,0,0,0,0,0,0,0
130438,1,1,1993,21,21,21,21,21,21,21,21,21,21
130439,1,1,1993,0,0,0,0,0,0,0,0,0,0
130439,2,1,1993,0,0,0,0,0,0,0,0,0,0
130439,3,1,1993,0,0,0,0,0,0,0,0,0,0
130440,1,1,1993,0,0,0,0,0,0,0,0,0,0
130441,1,1,1993,0,0,0,0,0,0,0,0,0,0
130442,1,1,1993,0,0,0,0,0,0,0,0,0,0
130443,1,1,1993,22,22,22,22,22,22,22,22,22,22
130444,1,1,1993,0,0,0,0,0,0,0,0,0,0
130444,2,1,1993,0,0,0,0,0,0,0,0,0,0
130444,3,1,1993,7,7,7,7,7,7,7,7,7,7
130445,1,1,1993,19,8,12,6,7,21,0,20,6,16
130446,1,1,1993,0,0,12,0,0,0,0,0,0,0
130447,1,1,1993,22,22,22,22,22,22,22,22,22,22
130448,0,1,1993,0,0,0,0,0,0,0,0,0,0
130448,1,1,1993,0,0,0,0,0,0,0,0,0,0
130449,1,1,1993,0,0,0,0,0,0,0,0,0,0
130450,1,1,1993,20,20,20,20,20,20,20,20,20,20
130451,0,1,1993,0,0,0,0,0,0,0,0,0,0
130451,1,1,1993,0,0,0,0,10,0,0,14,0,0
130452,1,1,1993,20,20,20,20,20,20,20,20,20,20
130453,1,1,1993,9,0,34,0,0,0,0,7,25,28
130453,2,1,1993,10,11,17,25,18,15,12,0,20,13
130454,0,1,1993,0,0,0,0,0,0,0,0,0,0
130454,1,1,1993,0,0,0,0,0,0,0,0,0,0
130455,1,1,1993,0,0,0,0,0,0,0,0,0,0
130455,2,1,1993,0,0,0,0,0,0,0,0,0,0
130456,0,1,1993,0,0,0,0,0,0,0,0,0,0
130456,0,2,1993,0,0,0,0,0,10,43,23,14,0
130456,1,1,1993,0,0,0,0,0,0,0,0,0,0
130457,1,1,1993,19,19,19,19,19,19,19,19,19,19
130458,0,1,1993,2,2,2,2,2,2,2,2,2,2
130458,1,1,1993,0,0,0,0,0,0,0,0,0,0
130459,1,1,1993,0,0,0,0,0,0,0,0,0,0
130460,1,1,1993,5,0,24,30,9,0,31,22,0,12
130461,1,1,1993,0,0,0,0,0,0,0,0,0,0
130462,1,1,1993,0,0,0,0,0,0,0,0,0,0
130462,2,1,1993,0,0,0,0,0,0,0,0,0,0
130464,1,1,1993,24,18,26,17,11,10,23,22,22,4
130465,0,1,1993,37,13,15,19,33,10,10,16,26,21
130465,1,1,1993,8,8,8,8,8,8,8,8,8,8
130466,1,1,1993,0,0,0,0,0,0,0,0,0,0
130466,2,1,1993,26,26,26,26,26,26,26,26,26,26
130467,1,1,1993,0,0,0,0,0,0,0,0,0,0
130468,1,1,1993,11,11,11,11,11,11,11,11,11,11
130469,0,1,1993,41,41,41,41,41,41,41,41,41,41
130469,1,1,1993,0,0,0,0,0,0,0,0,0,0
130471,1,1,1993,0,0,0,0,0,0,0,0,0,0
130472,1,1,1993,0,0,0,0,0,0,0,0,0,0
130472,2,1,1993,0,0,0,0,0,0,0,0,0,0
130473,1,1,1993,19,19,19,19,19,19,19,19,19,19
130474,1,1,1993,11,11,11,11,11,11,11,11,11,11
130474,2,1,1993,0,0,13,14,28,17,13,17,23,17
130474,3,1,1993,0,0,0,0,19,0,0,0,0,0
130475,1,1,1993,0,0,0,0,0,0,0,0,0,0
130475,2,1,1993,0,0,0,0,0,0,0,0,0,0
130476,0,1,1993,0,0,0,0,0,0,0,0,0,0
130476,1,1,1993,0,0,0,0,0,0,0,0,0,0
130477,1,1,1993,0,0,0,0,0,0,0,0,0,0
130477,2,1,1993,0,0,0,0,0,0,0,0,0,0
130478,1,1,1993,0,0,0,0,0,0,0,0,0,0
130478,2,1,1993,0,0,0,0,0,0,0,0,0,0
130478,3,1,1993,0,0,0,0,0,0,0,0,0,0
130479,1,1,1993,11,11,11,11,11,11,11,11,11,11
130479,2,1,1993,0,0,0,0,0,0,0,0,0,0
130480,1,1,1993,9,9,9,9,9,9,9,9,9,9
130481,1,1,1993,13,13,13,13,13,13,13,13,13,13
130482,1,1,1993,0,0,0,0,0,0,0,0,0,0
130482,2,1,1993,0,0,0,0,0,0,0,0,0,0
130483,1,1,1993,0,0,0,0,0,0,0,0,0,0
130483,2,1,1993,0,0,0,0,0,0,0,0,0,0
130484,1,1,1993,0,0,0,0,0,0,0,0,0,0
130485,0,1,1993,0,0,0,0,0,0,0,0,0,0
130485,1,1,1993,0,0,0,0,0,0,0,0,0,0
130486,1,1,1993,0,0,0,0,0,0,0,0,0,0
130486,2,1,1993,0,0,0,0,0,0,0,0,0,0
130487,0,1,1993,18,18,18,18,18,18,18,18,18,18
130487,1,1,1993,0,0,0,0,0,0,0,0,0,0
130488,1,1,1993,29,29,29,29,29,29,29,29,29,29
130489,1,1,1993,22,34,16,10,0,19,14,13,8,0
130490,1,1,1993,0,0,0,0,0,0,0,0,0,0
130491,1,1,1993,23,23,23,23,23,23,23,23,23,23
130492,0,1,1993,24,24,24,24,24,24,24,24,24,24
130492,1,1,1993,20,0,17,11,0,22,11,0,12,8
130493,1,1,1993,17,17,17,17,17,17,17,17,17,17
130493,2,1,1993,0,0,0,0,0,0,0,8,15,17
130494,0,1,1993,32,32,32,32,32,32,32,32,32,32
130494,1,1,1993,14,14,14,14,14,14,14,14,14,14
130495,0,1,1993,0,0,0,0,0,0,0,0,0,0
130495,1,1,1993,0,0,0,0,0,0,0,0,0,0
130496,1,1,1993,0,0,0,0,0,0,0,0,0,0
130497,1,1,1993,0,0,0,0,0,0,0,0,0,0
130497,2,1,1993,0,0,0,0,0,4,0,0,0,0
130498,0,1,1993,34,34,34,34,34,34,34,34,34,34
130498,1,1,1993,0,0,0,0,0,0,0,0,0,0
130500,1,1,1993,0,0,22,19,9,12,0,0,14,0
130501,1,1,1993,0,0,0,0,0,0,0,0,0,0
130502,1,1,1993,0,0,0,0,0,0,0,0,0,0
130502,2,1,1993,0,0,0,0,0,0,0,0,0,12
130502,3,1,1993,0,0,0,0,0,0,0,0,0,2
130503,1,1,1993,10,10,10,10,10,10,10,10,10,10
130503,2,1,1993,0,0,0,0,0,0,0,0,0,0
130504,0,1,1993,38,30,34,10,34,37,0,24,16,16
130504,1,1,1993,14,14,14,14,14,14,14,14,14,14
130504,2,1,1993,0,0,0,0,0,0,0,0,0,0
130505,1,1,1993,0,0,0,0,0,0,0,0,0,0
130505,2,1,1993,0,0,0,0,0,0,0,0,0,0
130505,3,1,1993,0,0,0,0,0,0,0,0,0,0
130506,1,1,1993,0,0,0,0,0,0,0,0,0,0
130506,2,1,1993,0,0,0,0,0,0,0,0,0,0
130507,1,1,1993,0,0,0,0,0,0,0,0,0,0
130507,2,1,1993,0,0,0,0,0,0,0,0,0,0
130508,1,1,1993,0,0,0,0,0,0,0,0,0,0
130508,2,1,1993,0,0,0,0,14,19,0,0,0,0
130509,1,1,1993,14,14,14,14,14,14,14,14,14,14
130510,1,1,1993,0,0,0,0,0,0,0,0,0,0
130510,2,1,1993,0,0,0,0,0,0,0,0,0,0
130511,1,1,1993,7,7,7,7,7,7,7,7,7,7
130511,2,1,1993,0,0,0,0,0,0,0,0,0,0
130513,1,1,1993,0,0,0,0,0,0,0,0,0,0
130514,0,1,1993,0,0,0,0,0,0,0,0,0,0
130514,1,1,1993,24,24,24,24,24,24,24,24,24,24
130515,0,1,1993,0,0,0,0,0,0,0,0,0,0
130515,1,1,1993,7,7,7,7,7,7,7,7,7,7
130516,1,1,1993,2,2,2,2,2,2,2,2,2,2
130516,2,1,1993,0,0,0,0,0,0,0,0,0,0
130517,1,1,1993,0,0,0,0,0,0,0,0,0,0
130517,2,1,1993,0,0,0,0,0,0,0,0,0,0
130518,1,1,1993,22,22,22,22,22,22,22,22,22,22
130519,1,1,1993,0,0,0,0,0,0,0,0,0,0
130519,2,1,1993,0,0,0,0,0,0,0,0,0,0
130520,1,1,1993,0,0,0,0,0,0,0,0,0,0
130521,0,1,1993,25,25,25,25,25,25,25,25,25,25
130521,1,1,1993,0,0,0,0,0,0,0,0,0,0
130522,1,1,1993,0,11,0,0,0,0,0,0,0,0
130522,2,1,1993,0,0,0,0,0,0,0,0,0,0
130523,1,1,1993,0,0,0,0,0,0,0,0,0,0
130524,1,1,1993,0,0,0,0,0,0,15,0,0,0
130524,2,1,1993,0,0,0,0,0,0,0,0,0,0
130525,1,1,1993,0,0,0,0,0,0,9,0,15,0
130526,1,1,1993,30,30,30,30,30,30,30,30,30,30
130527,1,1,1993,0,0,4,0,10,0,17,0,0,5
130527,2,1,1993,24,24,24,24,24,24,24,24,24,24
130528,1,1,1993,22,8,0,11,13,11,25,11,10,6
130528,2,1,1993,28,2,4,15,8,24,18,11,25,8
130528,3,1,1993,0,0,0,0,0,0,0,0,0,0
130528,4,1,1993,15,0,0,0,0,0,0,0,0,3
130528,5,1,1993,0,0,0,0,0,0,0,0,0,0
130528,6,1,1993,0,0,0,0,0,0,0,0,0,0
130529,1,1,1993,15,20,0,0,0,0,0,0,0,0
130529,2,1,1993,0,0,0,0,0,0,0,0,0,0
130530,0,1,1993,0,0,0,0,0,0,0,0,0,0
130530,1,1,1993,0,0,0,0,0,0,0,0,0,0
130531,1,1,1993,4,0,0,0,0,0,0,0,0,0
130531,2,1,1993,0,0,0,0,0,0,0,0,0,0
130531,3,1,1993,0,0,0,0,0,0,0,0,0,0
130531,4,1,1993,0,0,0,0,0,0,0,0,0,0
130532,0,1,1993,10,10,10,10,10,10,10,10,10,10
130532,1,1,1993,11,11,11,11,11,11,11,11,11,11
130533,1,1,1993,0,0,0,0,0,0,0,0,0,0
130534,1,1,1993,0,0,0,0,0,0,0,0,0,0
130535,1,1,1993,0,0,0,0,0,0,0,0,0,0
130535,2,1,1993,0,0,0,0,0,0,0,0,0,0
130536,1,1,1993,0,0,0,0,0,0,0,0,0,0
130537,1,1,1993,0,0,0,8,0,0,0,0,0,24
130538,1,1,1993,0,0,0,0,0,0,0,0,0,0
130538,2,1,1993,0,0,0,0,0,0,0,0,0,0
130539,1,1,1993,10,10,10,10,10,10,10,10,10,10
130540,1,1,1993,22,22,22,22,22,22,22,22,22,22
130540,2,1,1993,0,0,0,0,0,0,0,0,0,0
130541,0,1,1993,26,26,26,26,26,26,26,26,26,26
130541,1,1,1993,0,0,0,0,0,0,0,0,0,0
130542,0,1,1993,0,20,0,0,21,0,32,20,13,0
130542,0,2,1993,20,35,18,18,20,12,19,6,17,0
130542,1,1,1993,10,10,10,10,10,10,10,10,10,10
130543,1,1,1993,10,10,10,10,10,10,10,10,10,10
130544,1,1,1993,20,20,20,20,20,20,20,20,20,20
130545,0,1,1993,15,0,0,0,0,0,0,0,0,0
130545,0,2,1993,0,0,0,22,20,15,9,14,0,14
130545,2,1,1993,0,0,0,0,0,0,0,0,0,0
130546,1,1,1993,16,16,16,16,16,16,16,16,16,16
130546,2,1,1993,0,0,0,0,0,0,0,0,0,0
130546,3,1,1993,0,0,0,0,0,0,0,0,0,0
130547,1,1,1993,0,0,0,0,0,0,0,0,0,0
130547,2,1,1993,0,0,0,0,0,0,0,0,0,0
130548,1,1,1993,0,0,0,0,0,0,0,0,0,0
130548,2,1,1993,0,0,0,0,0,0,0,0,0,0
130549,1,1,1993,30,30,30,30,30,30,30,30,30,30
130550,1,1,1993,0,0,0,0,0,0,0,0,0,0
130550,2,1,1993,0,0,0,0,0,0,0,0,0,0
130551,0,1,1993,12,12,12,12,12,12,12,12,12,12
130551,1,1,1993,3,3,3,3,3,3,3,3,3,3
130552,1,1,1993,0,0,0,0,0,0,0,0,0,0
130552,2,1,1993,0,0,0,0,0,0,0,0,0,0
130552,3,1,1993,0,0,0,0,0,0,0,0,0,0
130552,4,1,1993,0,0,0,0,0,0,0,0,0,0
130553,1,1,1993,6,0,0,0,0,0,0,0,16,0
130554,1,1,1993,0,0,0,0,8,0,0,0,0,0
130554,2,1,1993,0,0,0,0,0,0,0,0,0,0
130555,1,1,1993,0,0,0,0,0,0,0,0,0,0
130556,1,1,1993,30,30,30,30,30,30,30,30,30,30
130557,1,1,1993,0,0,0,0,0,0,21,0,0,7
130558,1,1,1993,6,6,6,6,6,6,6,6,6,6
130558,2,1,1993,0,0,0,0,6,0,0,9,0,0
130558,3,1,1993,0,0,0,0,0,0,0,0,0,0
130559,1,1,1993,0,0,0,0,0,0,0,0,0,0
130559,2,1,1993,0,0,0,0,0,0,0,0,0,0
130560,0,1,1993,0,0,0,0,0,0,0,22,0,0
130560,1,1,1993,0,0,0,0,0,0,0,0,0,0
130561,0,1,1993,0,0,16,0,0,0,0,7,0,0
130561,1,1,1993,0,0,0,0,0,0,0,0,0,0
130562,1,1,1993,0,0,0,0,0,0,0,0,0,0
130562,2,1,1993,0,0,0,0,0,0,0,0,0,0
130563,1,1,1993,17,17,17,17,17,17,17,17,17,17
130564,1,1,1993,0,0,0,0,0,0,0,0,0,0
130564,2,1,1993,0,0,0,0,0,0,9,0,0,0
130564,3,1,1993,0,0,0,0,0,0,0,0,0,0
130565,1,1,1993,0,0,0,0,0,0,0,0,0,0
130565,2,1,1993,0,0,0,0,0,0,0,0,0,0
130566,0,1,1993,17,17,30,22,19,32,26,10,24,0
130566,1,1,1993,0,0,0,0,0,0,0,0,0,0
130568,0,1,1993,11,40,25,15,18,13,15,17,21,14
130568,1,1,1993,0,0,0,0,0,0,0,0,0,0
130569,0,1,1993,0,0,0,0,0,0,0,0,0,0
130569,1,1,1993,0,0,0,0,0,0,0,0,0,0
130570,1,1,1993,0,0,0,0,0,0,0,0,0,0
130571,1,1,1993,0,0,0,0,0,0,0,0,0,0
130571,2,1,1993,0,0,0,0,0,0,0,0,0,0
130572,1,1,1993,0,0,0,0,0,0,0,0,0,0
130572,2,1,1993,0,0,0,0,0,0,0,0,0,0
130573,1,1,1993,7,7,7,7,7,7,7,7,7,7
130573,2,1,1993,22,22,22,22,22,22,22,22,22,22
130574,1,1,1993,0,0,0,0,0,0,0,0,0,0
130574,2,1,1993,0,0,0,0,0,0,0,0,0,0
130575,1,1,1993,0,0,0,0,0,0,0,0,0,0
130576,1,1,1993,0,0,0,0,0,0,0,0,0,0
130576,2,1,1993,0,14,9,0,0,0,0,0,0,0
130577,1,1,1993,12,12,12,12,12,12,12,12,12,12
130577,2,1,1993,0,0,0,0,0,0,0,0,0,0
130578,0,1,1993,0,0,0,0,0,0,0,0,0,0
130578,1,1,1993,0,0,0,0,0,0,0,0,6,0
130579,1,1,1993,0,0,0,0,0,0,0,0,0,0
130579,2,1,1993,0,0,0,0,0,0,0,0,0,0
130580,1,1,1993,0,0,0,0,0,0,0,0,0,0
130580,2,1,1993,6,0,0,0,0,0,0,0,0,0
130581,1,1,1993,0,0,12,38,0,28,16,0,13,13
130582,1,1,1993,0,0,0,0,0,0,0,0,0,0
130582,2,1,1993,0,0,0,0,0,0,0,0,14,0
130583,1,1,1993,11,8,28,11,31,16,9,7,32,23
130584,1,1,1993,0,0,0,0,0,0,0,0,0,0
130585,1,1,1993,27,27,27,27,27,27,27,27,27,27
130586,1,1,1993,0,0,0,0,0,0,0,0,0,0
130586,2,1,1993,3,3,3,3,3,3,3,3,3,3
130587,1,1,1993,0,0,0,0,0,0,0,0,0,0
130587,2,1,1993,0,0,0,0,0,0,0,0,0,0
130588,1,1,1993,36,36,36,36,36,36,36,36,36,36
130588,2,1,1993,0,0,0,0,0,0,0,0,0,0
130589,1,1,1993,13,13,13,13,13,13,13,13,13,13
130590,1,1,1993,0,0,0,0,0,0,0,0,0,0
130591,0,1,1993,0,0,0,39,0,0,0,15,0,16
130591,1,1,1993,0,0,15,0,0,0,0,0,0,0
130591,2,1,1993,0,0,0,0,0,0,0,0,0,0
130592,1,1,1993,0,0,0,0,0,0,0,0,0,0
130593,1,1,1993,0,0,0,0,0,0,0,0,0,0
130593,2,1,1993,0,0,0,0,0,0,0,0,0,0
130594,1,1,1993,0,0,0,0,0,0,0,0,0,0
130595,1,1,1993,0,0,0,0,0,0,0,0,0,0
130595,2,1,1993,0,0,0,0,0,0,0,0,0,0
130596,1,1,1993,0,0,0,0,0,0,0,0,0,0
130596,2,1,1993,0,0,0,0,0,0,0,0,0,0
130597,1,1,1993,0,0,27,0,0,7,0,0,0,0
130598,1,1,1993,0,0,0,0,0,0,0,0,0,0
130598,2,1,1993,0,0,0,0,0,0,0,0,0,0
130598,3,1,1993,0,0,0,0,0,0,0,0,0,0
130598,4,1,1993,0,0,0,0,0,0,0,0,0,0
130599,1,1,1993,26,26,26,26,26,26,26,26,26,26
130600,1,1,1993,0,0,0,0,0,0,0,0,0,0
130601,0,1,1993,0,0,0,0,0,0,0,0,0,0
130601,1,1,1993,0,0,20,0,0,0,5,0,17,20
130601,2,1,1993,0,0,0,0,12,0,0,0,20,9
130602,0,1,1993,0,0,0,0,0,0,0,0,0,0
130602,1,1,1993,0,0,0,0,0,0,0,0,0,0
130603,1,1,1993,0,0,0,0,0,0,0,0,0,0
130604,1,1,1993,0,0,0,0,0,0,0,0,0,0
130605,1,1,1993,0,0,0,0,0,0,0,0,0,0
130606,1,1,1993,25,25,25,25,25,25,25,25,25,25
130607,1,1,1993,11,0,0,17,0,0,0,0,0,0
130607,2,1,1993,0,0,0,0,0,0,0,0,0,0
130608,1,1,1993,23,23,23,23,23,23,23,23,23,23
130609,1,1,1993,29,29,29,29,29,29,29,29,29,29