ST_CASE,VEH_NO,PER_NO,YEAR,P1,P2,P3,P4,P5,P6,P7,P8,P9,P10
130610,1,1,1993,20,20,20,20,20,20,20,20,20,20
130610,2,1,1993,0,0,0,0,0,0,0,0,0,0
130611,1,1,1993,21,21,21,21,21,21,21,21,21,21
130612,1,1,1993,36,0,8,19,29,17,17,12,5,9
130612,2,1,1993,0,0,0,0,0,0,0,0,0,0
130613,1,1,1993,0,0,0,0,0,0,0,0,0,0
130613,2,1,1993,0,0,0,0,0,0,0,0,0,0
130613,3,1,1993,0,0,0,0,0,0,0,0,0,0
130614,1,1,1993,0,0,0,0,11,0,0,0,0,0
130614,2,1,1993,0,21,0,0,0,0,0,0,0,0
130615,1,1,1993,0,0,0,0,0,0,0,0,0,0
130616,0,1,1993,0,0,0,0,0,0,0,0,0,0
130616,1,1,1993,0,0,0,0,0,0,0,0,0,0
130617,1,1,1993,0,0,0,0,0,0,0,0,0,0
130617,2,1,1993,0,0,12,0,0,20,0,0,0,0
130618,1,1,1993,0,0,0,0,0,0,0,0,0,0
130618,2,1,1993,0,0,0,0,0,0,0,0,0,0
130619,0,1,1993,37,0,23,0,24,14,23,28,28,0
130619,0,2,1993,6,20,10,16,4,13,16,0,18,10
130619,1,1,1993,0,0,0,0,0,0,0,0,0,0
130620,1,1,1993,0,0,0,0,0,0,0,0,0,0
130620,2,1,1993,13,13,13,13,13,13,13,13,13,13
130621,1,1,1993,0,0,0,0,0,0,0,0,0,0
130621,2,1,1993,0,0,0,7,0,0,0,0,0,0
130622,1,1,1993,0,0,0,0,0,0,0,0,0,0
130623,0,1,1993,0,0,0,0,0,0,0,0,0,0
130623,1,1,1993,0,0,0,0,0,0,0,0,0,0
130624,1,1,1993,24,24,24,24,24,24,24,24,24,24
130625,1,1,1993,0,20,0,0,0,0,0,0,0,0
130625,2,1,1993,3,3,3,3,3,3,3,3,3,3
130626,1,1,1993,0,0,0,0,0,0,0,0,0,0
130626,2,1,1993,0,11,0,16,8,55,0,0,0,21
130626,3,1,1993,6,4,0,0,0,0,0,0,0,0
130627,1,1,1993,0,0,0,0,0,0,0,0,0,0
130628,1,1,1993,21,21,21,21,21,21,21,21,21,21
130629,1,1,1993,0,0,0,0,0,0,0,0,0,0
130630,1,1,1993,25,25,25,25,25,25,25,25,25,25
130631,1,1,1993,18,18,18,18,18,18,18,18,18,18
130631,2,1,1993,0,0,0,0,0,0,0,0,0,0
130632,1,1,1993,21,21,21,21,21,21,21,21,21,21
130633,1,1,1993,0,0,0,0,0,0,0,0,0,0
130634,1,1,1993,21,21,21,21,21,21,21,21,21,21
130635,1,1,1993,19,19,19,19,19,19,19,19,19,19
130636,1,1,1993,16,16,16,16,16,16,16,16,16,16
130638,1,1,1993,18,18,18,18,18,18,18,18,18,18
130638,2,1,1993,0,0,0,0,0,0,0,0,0,0
130638,3,1,1993,0,0,0,0,0,0,0,0,0,0
130639,1,1,1993,12,12,12,12,12,12,12,12,12,12
130640,1,1,1993,0,0,0,0,0,0,0,0,0,0
130641,1,1,1993,0,0,0,0,0,0,0,0,0,0
130641,2,1,1993,0,0,0,0,0,0,0,0,0,0
130642,1,1,1993,0,0,0,0,0,0,0,0,0,0
130643,1,1,1993,0,0,0,0,0,0,0,0,0,0
130643,2,1,1993,3,3,3,3,3,3,3,3,3,3
130644,1,1,1993,0,0,0,0,0,0,0,0,0,0
130644,2,1,1993,0,0,0,0,0,0,0,0,0,0
130644,3,1,1993,0,0,0,0,0,0,0,0,0,0
130645,1,1,1993,0,0,0,0,0,0,0,0,0,0
130645,2,1,1993,0,0,0,0,0,0,0,0,0,0
130646,1,1,1993,0,0,0,0,0,0,0,0,0,0
130646,2,1,1993,0,0,0,0,0,0,0,0,0,0
130647,1,1,1993,0,0,0,0,0,0,0,0,0,0
130648,1,1,1993,0,0,0,0,0,0,0,0,0,0
130649,0,1,1993,0,0,0,0,0,0,0,0,0,0
130649,1,1,1993,2,2,2,2,2,2,2,2,2,2
130650,0,1,1993,0,0,0,0,0,0,0,0,0,0
130650,1,1,1993,0,0,0,0,0,0,0,0,0,0
130650,2,1,1993,0,0,0,0,0,0,0,0,0,0
130651,1,1,1993,0,0,0,0,0,0,0,0,0,0
130652,1,1,1993,0,0,0,0,0,0,0,0,0,0
130653,1,1,1993,15,15,15,15,15,15,15,15,15,15
130653,2,1,1993,23,7,0,0,9,6,17,0,0,7
130654,1,1,1993,15,15,15,15,15,15,15,15,15,15
130655,1,1,1993,8,8,8,8,8,8,8,8,8,8
130656,1,1,1993,16,16,16,16,16,16,16,16,16,16
130657,1,1,1993,20,20,20,20,20,20,20,20,20,20
130658,1,1,1993,0,0,0,0,0,0,0,0,0,0
130658,2,1,1993,0,0,0,0,0,0,0,0,0,0
130659,1,1,1993,9,9,9,9,9,9,9,9,9,9
130660,1,1,1993,19,19,19,19,19,19,19,19,19,19
130661,0,1,1993,9,0,33,19,17,0,10,29,0,0
130661,1,1,1993,0,0,0,0,0,0,0,0,0,0
130662,1,1,1993,0,0,0,0,0,0,0,0,0,0
130662,2,1,1993,0,0,0,0,0,0,0,0,0,0
130663,1,1,1993,17,17,17,17,17,17,17,17,17,17
130664,1,1,1993,11,11,11,11,11,11,11,11,11,11
130665,1,1,1993,12,12,12,12,12,12,12,12,12,12
130666,1,1,1993,0,0,0,0,0,0,0,0,0,0
130666,2,1,1993,0,0,0,0,0,0,0,0,0,0
130667,1,1,1993,0,0,0,0,0,0,0,0,0,0
130668,1,1,1993,25,25,25,25,25,25,25,25,25,25
130669,0,1,1993,0,0,0,0,0,0,0,0,0,0
130669,1,1,1993,0,0,0,0,0,0,0,0,0,0
130670,1,1,1993,0,0,0,0,0,0,0,0,0,0
130671,0,1,1993,0,11,16,15,17,22,11,12,24,37
130671,1,1,1993,0,0,0,0,0,0,0,0,0,0
130672,1,1,1993,0,0,0,0,0,0,0,0,0,0
130672,2,1,1993,16,16,16,16,16,16,16,16,16,16
130673,0,1,1993,0,0,0,0,0,0,0,0,0,0
130673,1,1,1993,0,0,0,0,0,0,0,0,0,0
130674,1,1,1993,0,0,0,0,0,0,0,0,0,0
130675,1,1,1993,0,0,0,0,0,0,0,0,0,0
130675,2,1,1993,0,0,0,0,0,0,0,0,0,0
130676,1,1,1993,9,9,9,9,9,9,9,9,9,9
130678,1,1,1993,27,27,27,27,27,27,27,27,27,27
130679,1,1,1993,0,0,0,13,0,0,24,0,0,0
130679,2,1,1993,0,0,0,0,0,0,0,0,0,0
130681,1,1,1993,0,0,0,0,0,0,0,0,3,0
130681,2,1,1993,0,0,0,0,0,0,0,0,0,0
130682,1,1,1993,0,0,0,0,0,0,0,0,0,0
130682,2,1,1993,0,0,0,0,0,0,0,0,0,0
130682,3,1,1993,0,0,0,0,0,0,0,0,0,0
130683,1,1,1993,0,0,0,0,0,0,0,0,0,0
130684,1,1,1993,0,0,0,0,0,0,0,0,0,0
130684,2,1,1993,0,0,0,0,0,0,0,0,0,0
130684,3,1,1993,0,0,0,0,0,0,0,0,0,0
130685,1,1,1993,0,0,0,0,0,0,0,0,0,0
130685,2,1,1993,0,0,0,0,0,0,0,0,0,0
130686,0,1,1993,0,0,0,0,0,0,0,0,0,0
130686,1,1,1993,0,0,0,0,0,0,0,0,0,0
130687,0,1,1993,38,38,38,38,38,38,38,38,38,38
130687,1,1,1993,0,0,0,0,0,0,0,0,0,0
130688,1,1,1993,27,27,5,0,14,0,18,25,26,16
130689,1,1,1993,23,23,23,23,23,23,23,23,23,23
130690,1,1,1993,0,0,0,0,0,0,0,0,0,0
130692,1,1,1993,0,0,0,0,0,0,0,0,0,0
130692,2,1,1993,0,0,0,0,0,0,21,0,4,0
130693,1,1,1993,0,0,0,0,0,0,0,0,0,0
130694,1,1,1993,15,15,15,15,15,15,15,15,15,15
130694,2,1,1993,0,0,0,0,0,0,0,0,0,0
130695,1,1,1993,0,0,0,0,0,0,0,0,0,0
130696,1,1,1993,20,20,20,20,20,20,20,20,20,20
130697,1,1,1993,0,0,0,0,0,0,0,0,0,0
130697,2,1,1993,0,0,0,0,0,0,0,0,0,0
130698,1,1,1993,0,0,0,0,0,0,0,0,0,0
130699,1,1,1993,1,1,1,1,1,1,1,1,1,1
130700,1,1,1993,27,27,27,27,27,27,27,27,27,27
130702,1,1,1993,0,9,0,0,18,0,0,0,0,0
130702,2,1,1993,0,0,0,0,0,0,0,0,0,0
130703,1,1,1993,0,0,0,0,0,0,0,0,0,0
130703,2,1,1993,0,0,0,0,0,0,0,0,0,0
130704,1,1,1993,0,0,0,0,0,0,0,0,0,0
130704,2,1,1993,0,0,0,0,0,0,0,0,0,0
130705,1,1,1993,17,17,17,17,17,17,17,17,17,17
130707,1,1,1993,0,0,0,0,0,0,0,0,0,0
130707,2,1,1993,0,0,7,0,0,0,0,0,0,0
130708,1,1,1993,0,0,0,0,0,0,0,15,0,0
130709,1,1,1993,6,6,6,6,6,6,6,6,6,6
130709,2,1,1993,0,0,0,0,0,0,0,0,0,0
130710,1,1,1993,10,10,10,10,10,10,10,10,10,10
130711,1,1,1993,0,0,0,0,0,0,0,0,0,0
130713,1,1,1993,0,0,0,10,0,0,17,0,0,0
130713,2,1,1993,0,0,0,0,0,0,0,0,0,0
130714,1,1,1993,0,0,0,0,0,0,0,0,0,0
130715,1,1,1993,0,0,0,0,0,0,0,0,0,0
130716,1,1,1993,1,1,1,1,1,1,1,1,1,1
130716,2,1,1993,0,0,0,0,0,0,0,0,0,0
130717,1,1,1993,0,0,0,0,0,0,0,0,0,0
130719,1,1,1993,0,0,0,0,0,0,0,0,0,0
130720,1,1,1993,0,0,0,0,0,0,0,0,0,0
130720,2,1,1993,0,0,0,0,0,0,0,0,0,0
130721,1,1,1993,0,0,0,0,0,0,0,0,0,0
130721,2,1,1993,0,0,0,0,0,0,0,0,0,0
130722,1,1,1993,11,11,11,11,11,11,11,11,11,11
130723,1,1,1993,0,0,0,0,0,0,0,0,0,0
130723,2,1,1993,0,0,0,0,0,0,2,0,9,0
130723,3,1,1993,0,0,0,0,0,0,0,0,0,0
130724,1,1,1993,0,0,0,0,0,0,0,0,0,0
130724,2,1,1993,0,0,0,0,0,0,0,0,0,0
130725,1,1,1993,0,0,0,0,0,0,0,0,0,0
130725,2,1,1993,0,0,0,0,0,0,0,0,0,0
130725,3,1,1993,0,0,0,0,0,0,0,0,0,0
130726,1,1,1993,0,0,0,0,0,0,0,0,0,0
130726,2,1,1993,0,0,0,0,0,0,0,0,0,0
130727,0,1,1993,25,25,25,25,25,25,25,25,25,25
130727,1,1,1993,0,0,0,0,0,0,0,0,0,0
130728,1,1,1993,19,19,19,19,19,19,19,19,19,19
130729,1,1,1993,7,7,7,7,7,7,7,7,7,7
130730,1,1,1993,0,0,0,0,0,0,0,0,0,0
130730,2,1,1993,0,0,0,0,0,0,0,0,0,0
130731,1,1,1993,0,0,0,0,0,0,0,0,0,18
130731,2,1,1993,0,0,0,0,0,0,0,0,0,0
130732,1,1,1993,0,0,0,0,0,0,0,0,0,0
130732,2,1,1993,0,19,0,0,0,0,0,0,0,0
130732,3,1,1993,0,0,0,0,0,0,0,0,0,0
130733,1,1,1993,0,0,0,0,0,0,0,0,0,0
130733,2,1,1993,0,0,0,0,0,0,0,0,0,0
130734,0,1,1993,2,2,2,2,2,2,2,2,2,2
130734,1,1,1993,0,0,0,0,0,0,0,0,0,0
130735,1,1,1993,13,13,13,13,13,13,13,13,13,13
130735,2,1,1993,0,0,0,0,0,0,0,0,0,0
130736,1,1,1993,0,0,0,0,0,0,0,0,0,0
130737,1,1,1993,16,16,16,16,16,16,16,16,16,16
130738,1,1,1993,12,12,12,12,12,12,12,12,12,12
130739,1,1,1993,0,0,0,0,0,0,0,0,0,0
130739,2,1,1993,0,0,0,0,0,0,0,0,0,0
130740,1,1,1993,19,10,12,8,17,22,21,0,5,9
130740,2,1,1993,4,4,4,4,4,4,4,4,4,4
130741,0,1,1993,0,15,36,24,0,34,13,15,0,12
130741,1,1,1993,27,27,27,27,27,27,27,27,27,27
130742,1,1,1993,0,0,0,0,0,0,0,0,0,0
130742,2,1,1993,0,0,0,0,0,0,0,0,0,0
130743,1,1,1993,0,0,0,0,0,0,0,0,0,0
130744,1,1,1993,67,67,67,67,67,67,67,67,67,67
130745,1,1,1993,0,0,0,0,0,0,0,0,0,0
130745,2,1,1993,0,0,0,0,0,0,0,0,0,0
130745,3,1,1993,0,0,0,0,0,0,0,0,0,0
130745,4,1,1993,0,0,0,0,0,0,0,0,0,0
130746,0,1,1993,18,18,18,18,18,18,18,18,18,18
130746,1,1,1993,0,0,0,0,0,0,0,0,0,0
130747,1,1,1993,17,17,17,17,17,17,17,17,17,17
130748,1,1,1993,0,0,0,0,0,0,0,0,0,0
130748,2,1,1993,44,44,44,44,44,44,44,44,44,44
130749,1,1,1993,11,11,11,11,11,11,11,11,11,11
130749,2,1,1993,0,0,0,0,0,0,0,0,0,0
130750,0,1,1993,0,0,0,0,0,0,0,0,0,0
130750,0,2,1993,0,0,32,0,33,0,0,0,0,0
130750,1,1,1993,0,0,0,0,0,0,0,0,0,0
130751,1,1,1993,0,0,0,0,0,0,0,0,0,0
130751,2,1,1993,1,1,1,1,1,1,1,1,1,1
130752,1,1,1993,0,0,0,0,0,0,0,0,0,0
130752,2,1,1993,0,0,0,0,0,0,0,0,0,0
130753,1,1,1993,0,0,0,0,0,0,0,0,0,0
130754,1,1,1993,22,22,22,22,22,22,22,22,22,22
130755,1,1,1993,15,0,0,0,18,0,0,29,0,0
130756,1,1,1993,0,0,0,0,0,0,0,0,0,0
130757,1,1,1993,0,0,0,0,0,0,0,0,0,0
130758,1,1,1993,0,0,0,0,0,18,0,0,0,0
130758,2,1,1993,0,0,0,0,0,0,0,0,0,0
130759,1,1,1993,0,0,0,0,0,0,0,0,0,0
130759,2,1,1993,0,0,0,0,0,0,0,0,0,0
130759,3,1,1993,0,0,0,0,0,0,0,0,0,0
130760,1,1,1993,0,0,0,0,0,0,0,0,0,0
130760,2,1,1993,0,0,0,0,0,0,0,0,0,0
130761,1,1,1993,0,0,0,0,0,0,0,0,0,0
130761,2,1,1993,0,0,0,0,0,0,0,0,0,0
130762,1,1,1993,50,50,50,50,50,50,50,50,50,50
130763,1,1,1993,0,0,0,0,0,0,0,0,0,0
130764,1,1,1993,0,0,0,0,0,0,25,0,0,0
130764,2,1,1993,0,0,2,0,0,0,0,0,0,0
130764,3,1,1993,0,0,0,0,0,0,0,0,0,0
130765,1,1,1993,0,0,0,0,0,0,0,0,0,0
130766,1,1,1993,0,0,0,0,0,0,0,0,0,0
130766,2,1,1993,0,0,0,0,0,0,0,0,0,0
130767,0,1,1993,7,7,7,7,7,7,7,7,7,7
130767,1,1,1993,9,9,9,9,9,9,9,9,9,9
130768,1,1,1993,0,0,0,0,0,0,0,0,0,0
130768,2,1,1993,0,0,0,0,0,0,0,0,0,0
130769,1,1,1993,18,18,18,18,18,18,18,18,18,18
130770,1,1,1993,0,0,0,0,0,0,0,0,0,0
130771,1,1,1993,6,6,6,6,6,6,6,6,6,6
130772,1,1,1993,26,26,26,26,26,26,26,26,26,26
130773,1,1,1993,14,14,14,14,14,14,14,14,14,14
130774,1,1,1993,25,27,16,5,18,21,0,10,26,24
130775,1,1,1993,0,0,0,0,0,0,0,0,0,0
130775,2,1,1993,0,0,0,0,0,0,0,0,0,0
130776,1,1,1993,0,0,0,0,0,0,0,0,0,0
130777,1,1,1993,0,0,0,0,0,0,0,0,0,0
130778,1,1,1993,0,0,0,0,0,0,0,0,0,0
130778,2,1,1993,0,0,0,0,0,0,0,0,0,0
130780,1,1,1993,0,0,0,0,0,0,0,0,0,0
130780,2,1,1993,0,0,0,0,0,0,0,0,0,0
130781,1,1,1993,0,0,0,0,0,0,0,0,0,0
130781,2,1,1993,0,0,0,0,0,0,0,0,0,0
130782,1,1,1993,0,0,0,0,0,0,0,0,0,0
130782,2,1,1993,0,0,0,0,0,0,0,0,0,0
130783,1,1,1993,0,0,0,0,0,0,0,0,0,0
130784,1,1,1993,0,0,0,0,0,0,0,0,0,0
130784,2,1,1993,0,0,0,0,0,0,0,0,0,0
130785,1,1,1993,35,35,35,35,35,35,35,35,35,35
130786,1,1,1993,18,18,18,18,18,18,18,18,18,18
130787,1,1,1993,13,13,13,13,13,13,13,13,13,13
130788,1,1,1993,0,0,0,0,0,0,0,0,0,0
130788,2,1,1993,0,0,0,0,0,0,0,0,0,0
130788,3,1,1993,0,0,0,0,0,0,0,0,0,0
130789,1,1,1993,29,29,29,29,29,29,29,29,29,29
130789,2,1,1993,0,0,0,0,0,0,0,0,0,0
130790,1,1,1993,0,0,0,0,0,0,0,0,0,0
130791,1,1,1993,0,0,0,0,0,0,0,0,0,0
130791,2,1,1993,0,0,0,0,0,0,0,0,0,0
130792,1,1,1993,10,19,18,26,13,0,29,24,22,22
130793,1,1,1993,0,0,0,0,0,0,0,0,0,0
130793,2,1,1993,0,0,0,0,0,0,0,0,0,0
130794,0,1,1993,0,0,0,0,0,0,0,0,0,0
130794,1,1,1993,0,0,0,0,0,0,0,0,0,0
130795,1,1,1993,0,0,0,0,0,0,0,0,0,0
130795,2,1,1993,0,0,0,0,0,0,0,0,0,0
130797,0,1,1993,0,0,0,0,0,0,0,0,0,0
130797,1,1,1993,0,0,0,0,0,0,0,0,0,0
130798,1,1,1993,0,0,0,0,0,0,0,0,0,0
130799,1,1,1993,0,0,0,0,0,0,0,0,0,0
130799,2,1,1993,0,0,0,0,0,0,0,0,0,0
130800,1,1,1993,9,9,9,9,9,9,9,9,9,9
130802,1,1,1993,13,15,23,23,7,18,24,31,13,16
130804,1,1,1993,11,31,30,16,14,21,21,11,5,4
130805,1,1,1993,0,0,0,0,0,0,0,0,0,0
130806,1,1,1993,27,27,27,27,27,27,27,27,27,27
130807,1,1,1993,0,0,0,0,0,0,0,0,0,0
130807,2,1,1993,0,0,0,0,0,0,0,0,0,0
130808,1,1,1993,0,0,0,0,0,0,0,0,0,0
130808,2,1,1993,0,0,0,0,0,0,0,0,0,0
130809,1,1,1993,0,0,0,0,0,0,0,0,0,0
130810,0,1,1993,0,0,0,0,0,0,0,0,0,0
130810,1,1,1993,0,0,0,0,0,0,0,0,0,0
130811,1,1,1993,0,0,0,0,0,0,0,0,0,0
130812,0,1,1993,0,0,0,0,0,0,0,0,0,0
130812,1,1,1993,0,0,0,0,0,0,0,0,0,0
130813,0,1,1993,0,0,0,0,0,0,0,0,0,0
130813,1,1,1993,0,0,0,0,0,0,0,0,0,0
130815,1,1,1993,0,0,0,0,0,0,0,0,0,0
130815,2,1,1993,0,0,0,0,0,0,0,0,0,0
130815,3,1,1993,0,0,0,0,0,0,0,0,0,0
130816,1,1,1993,0,0,0,0,0,0,0,0,0,0
130817,1,1,1993,0,0,0,0,0,0,0,0,0,0
130817,2,1,1993,0,0,0,0,0,0,6,0,0,0
130819,1,1,1993,0,0,0,0,0,0,0,0,0,0
130819,2,1,1993,0,0,0,0,0,0,0,0,0,0
130820,1,1,1993,0,0,0,0,0,0,0,0,0,0
130820,2,1,1993,0,0,0,0,0,0,0,0,0,0
130821,1,1,1993,24,24,24,24,24,24,24,24,24,24
130822,1,1,1993,8,8,8,8,8,8,8,8,8,8
130822,2,1,1993,9,0,0,0,0,0,0,0,0,0
130822,3,1,1993,0,0,0,0,0,0,0,0,0,0
130823,1,1,1993,0,0,0,0,0,0,0,0,0,0
130823,2,1,1993,0,0,0,0,0,0,0,0,0,0
130824,1,1,1993,0,0,0,0,0,0,0,0,0,0
130824,2,1,1993,0,0,0,0,0,0,0,0,0,0
130825,1,1,1993,0,0,0,0,0,0,0,6,0,0
130826,1,1,1993,0,0,0,0,0,0,0,0,0,0
130827,0,1,1993,0,0,0,0,0,0,0,0,0,0
130827,1,1,1993,0,0,0,0,0,0,0,2,0,0
130828,0,1,1993,23,23,23,23,23,23,23,23,23,23
130828,1,1,1993,20,0,0,11,0,0,11,0,0,14
130829,1,1,1993,22,11,0,7,15,0,0,14,4,16
130831,2,1,1993,0,0,0,0,0,0,0,0,8,28
130831,3,1,1993,0,0,0,0,0,0,0,0,0,0
130832,1,1,1993,0,0,0,0,0,0,0,0,0,0
130833,1,1,1993,0,0,0,0,0,0,0,0,0,0
130834,1,1,1993,0,0,20,0,0,0,0,0,0,0
130834,2,1,1993,0,0,0,0,0,0,0,0,0,0
130835,1,1,1993,0,0,0,0,0,0,0,6,0,0
130835,2,1,1993,0,0,0,0,0,0,0,0,0,0
130836,1,1,1993,0,0,0,0,0,9,0,0,0,0
130836,2,1,1993,0,0,0,0,0,0,0,32,0,0
130837,1,1,1993,0,0,0,0,0,0,0,0,0,28
130837,2,1,1993,0,0,0,0,0,0,0,0,0,0
130838,1,1,1993,0,0,0,0,0,0,0,0,0,0
130838,2,1,1993,0,0,0,0,0,0,0,0,0,0
130839,0,1,1993,12,12,12,12,12,12,12,12,12,12
130839,0,2,1993,8,8,8,8,8,8,8,8,8,8
130839,0,3,1993,6,6,6,6,6,6,6,6,6,6
130839,1,1,1993,0,0,0,0,0,0,0,0,0,0
130840,1,1,1993,0,0,0,0,0,0,0,0,0,0
130840,2,1,1993,0,0,0,0,0,0,0,0,0,0
130841,1,1,1993,0,0,23,7,0,0,12,0,0,0
130842,0,1,1993,12,23,30,0,16,8,0,11,0,8
130842,1,1,1993,0,0,0,0,0,0,0,0,0,0
130843,1,1,1993,0,0,0,0,21,17,21,10,9,10
130843,2,1,1993,2,2,2,2,2,2,2,2,2,2
130844,1,1,1993,0,0,0,0,0,0,10,0,0,0
130844,2,1,1993,0,0,0,0,0,0,0,0,0,0
130845,1,1,1993,0,0,0,0,0,0,0,0,0,0
130845,2,1,1993,0,0,0,0,0,0,0,0,0,0
130845,3,1,1993,0,0,0,0,0,0,0,0,0,0
130846,1,1,1993,0,0,0,0,0,0,0,0,0,0
130846,2,1,1993,0,0,0,0,0,0,0,0,0,0
130847,1,1,1993,0,16,0,16,15,0,19,23,0,12
130847,2,1,1993,0,0,0,0,0,0,0,0,0,0
130848,1,1,1993,0,0,0,0,0,0,0,0,0,0
130849,0,1,1993,0,0,0,0,0,0,0,0,0,0
130849,1,1,1993,0,0,0,0,0,0,0,0,0,0
130850,1,1,1993,0,0,0,0,0,0,0,0,0,0
130851,1,1,1993,0,0,0,0,0,0,0,0,0,0
130851,2,1,1993,0,0,0,0,0,0,0,0,0,0
130852,0,1,1993,0,0,18,0,0,0,0,16,0,0
130852,1,1,1993,0,0,0,0,0,0,0,0,0,0
130853,1,1,1993,0,0,0,0,0,0,16,19,0,8
130854,0,1,1993,0,0,0,0,0,0,0,0,0,0
130854,1,1,1993,12,12,12,12,12,12,12,12,12,12
130855,1,1,1993,25,25,25,25,25,25,25,25,25,25
130856,1,1,1993,14,4,7,17,19,16,0,0,7,5
130857,1,1,1993,0,0,0,0,0,0,0,0,0,0
130858,1,1,1993,0,0,0,0,0,0,0,0,0,0
130858,2,1,1993,0,0,0,0,0,0,0,0,0,0
130859,1,1,1993,30,30,30,30,30,30,30,30,30,30
130860,1,1,1993,0,0,0,0,0,0,0,0,0,0
130860,2,1,1993,0,0,0,0,0,0,0,0,0,0
130861,1,1,1993,0,0,0,0,0,0,0,0,0,0
130861,2,1,1993,0,0,0,0,0,0,0,0,0,0
130862,1,1,1993,22,22,22,22,22,22,22,22,22,22
130863,1,1,1993,0,0,0,0,0,8,0,0,23,0
130864,1,1,1993,0,0,0,0,0,0,0,0,0,0
130865,1,1,1993,0,0,0,0,0,0,0,0,0,0
130865,2,1,1993,0,0,0,0,0,0,0,0,0,0
130866,1,1,1993,0,0,0,0,0,0,0,0,0,0
130866,2,1,1993,0,0,0,0,0,0,0,0,0,0
130867,1,1,1993,0,0,0,0,0,0,0,0,0,0
130869,1,1,1993,0,0,0,0,0,0,0,0,0,0
130869,2,1,1993,0,0,0,0,0,0,0,0,0,0
130870,1,1,1993,0,0,0,0,0,0,0,0,0,0
130870,2,1,1993,0,0,0,0,0,0,0,0,0,0
130871,1,1,1993,0,0,0,0,0,0,0,0,0,0
130873,1,1,1993,0,0,0,0,0,0,0,0,0,0
130873,2,1,1993,0,0,0,0,0,0,0,0,0,0
130874,1,1,1993,12,19,10,14,0,0,11,0,0,11
130875,1,1,1993,0,18,0,13,0,0,0,0,10,0
130875,2,1,1993,0,2,0,13,17,0,15,8,0,0
130876,1,1,1993,0,0,0,0,0,0,0,0,0,0
130876,2,1,1993,0,0,0,0,0,0,0,0,0,0
130877,0,1,1993,0,0,0,0,0,0,0,0,0,0
130877,1,1,1993,9,9,9,9,9,9,9,9,9,9
130878,1,1,1993,16,16,16,16,16,16,16,16,16,16
130879,1,1,1993,0,0,0,0,0,0,0,0,0,0
130880,1,1,1993,28,28,28,28,28,28,28,28,28,28
130880,2,1,1993,0,0,0,0,0,0,0,0,0,0
130881,1,1,1993,7,7,7,7,7,7,7,7,7,7
130881,2,1,1993,0,0,0,0,0,0,0,0,0,0
130881,3,1,1993,0,0,0,0,0,0,0,0,0,0
130882,1,1,1993,0,0,31,16,16,8,10,16,3,23
130882,2,1,1993,0,0,0,0,0,0,0,0,7,0
130882,3,1,1993,0,16,19,4,0,0,10,0,0,0
130882,4,1,1993,0,0,0,11,0,0,6,0,0,0
130882,5,1,1993,0,0,0,0,0,0,0,5,0,0
130884,0,1,1993,14,14,14,14,14,14,14,14,14,14
130884,1,1,1993,0,0,0,0,0,0,0,0,0,0
130885,0,1,1993,0,0,0,0,0,0,0,0,0,0
130885,1,1,1993,0,0,0,0,0,0,0,0,0,0
130886,0,1,1993,24,24,24,24,24,24,24,24,24,24
130886,1,1,1993,8,7,0,0,0,0,0,0,0,0
130887,1,1,1993,10,10,10,10,10,10,10,10,10,10
130887,2,1,1993,25,25,25,25,25,25,25,25,25,25
130888,1,1,1993,0,0,0,0,0,0,0,0,0,0
130888,2,1,1993,10,0,0,0,0,0,0,0,0,0
130888,3,1,1993,0,0,0,0,0,0,0,0,0,0
130889,1,1,1993,0,0,0,0,0,0,0,0,0,0
130890,1,1,1993,0,0,0,0,0,0,0,0,0,0
130891,1,1,1993,34,34,34,34,34,34,34,34,34,34
130892,1,1,1993,0,0,0,0,0,0,0,0,0,0
130893,1,1,1993,10,10,10,10,10,10,10,10,10,10
130894,1,1,1993,0,0,0,0,0,0,0,0,0,0
130894,2,1,1993,0,0,0,0,0,0,0,0,0,0
130895,1,1,1993,13,13,13,13,13,13,13,13,13,13
130896,1,1,1993,1,1,1,1,1,1,1,1,1,1
130897,1,1,1993,0,0,0,0,0,0,0,0,0,0
130898,1,1,1993,18,18,18,18,18,18,18,18,18,18
130899,0,1,1993,25,25,25,25,25,25,25,25,25,25
130899,1,1,1993,0,0,0,0,0,0,0,0,0,0
130900,0,1,1993,0,0,0,0,0,0,0,0,0,0
130900,0,2,1993,0,0,0,0,0,0,0,0,0,0
130900,0,3,1993,0,0,0,0,0,0,0,0,0,0
130900,1,1,1993,13,13,13,13,13,13,13,13,13,13
130901,1,1,1993,10,10,10,10,10,10,10,10,10,10
130901,2,1,1993,0,0,0,0,0,0,0,0,0,0
130902,1,1,1993,0,0,0,0,0,0,0,0,0,0
130903,0,1,1993,35,35,35,35,35,35,35,35,35,35
130903,1,1,1993,14,14,14,14,14,14,14,14,14,14
130904,1,1,1993,0,15,26,17,16,8,21,12,5,12
130905,1,1,1993,23,23,23,23,23,23,23,23,23,23
130906,1,1,1993,0,0,0,0,0,0,0,0,0,0
130906,2,1,1993,0,0,0,0,0,0,0,0,0,0
130907,1,1,1993,0,0,0,0,0,0,0,0,0,0
130907,2,1,1993,0,0,0,0,0,0,0,0,0,0
130908,1,1,1993,0,0,0,0,0,0,0,0,0,0
130909,1,1,1993,0,0,0,0,0,0,0,0,0,0