ST_CASE,VEH_NO,PER_NO,YEAR,P1,P2,P3,P4,P5,P6,P7,P8,P9,P10
131185,1,1,1993,30,30,30,30,30,30,30,30,30,30
131185,2,1,1993,0,0,0,0,0,0,0,0,0,0
131187,1,1,1993,0,0,0,0,0,0,0,0,0,0
131187,2,1,1993,0,0,0,0,0,0,0,0,0,0
131188,1,1,1993,23,0,17,27,19,14,26,0,30,27
131189,1,1,1993,0,21,19,14,19,16,17,4,15,8
131190,1,1,1993,19,0,7,12,10,8,16,14,5,9
131191,1,1,1993,0,0,0,0,0,0,0,0,0,0
131192,1,1,1993,15,15,15,15,15,15,15,15,15,15
131193,0,1,1993,0,14,0,0,0,0,0,0,0,0
131193,1,1,1993,0,0,0,0,0,0,0,0,0,0
131194,1,1,1993,0,0,0,0,0,0,0,0,0,0
131194,2,1,1993,0,0,0,32,0,0,0,0,0,6
131195,1,1,1993,0,0,0,0,0,0,0,0,0,0
131196,1,1,1993,0,0,0,0,0,0,0,0,0,0
131196,2,1,1993,0,0,0,0,0,0,0,0,0,0
131197,1,1,1993,0,0,0,0,0,0,0,0,0,0
131198,1,1,1993,0,0,0,0,0,0,0,0,0,0
131198,2,1,1993,0,0,0,0,0,0,0,0,0,0
131199,1,1,1993,9,9,9,9,9,9,9,9,9,9
131200,1,1,1993,0,0,0,0,0,0,0,0,0,0
131201,1,1,1993,9,6,22,10,0,15,21,19,6,18
131202,1,1,1993,24,24,24,24,24,24,24,24,24,24
131203,1,1,1993,0,0,19,0,24,30,0,0,9,0
131204,1,1,1993,5,5,5,5,5,5,5,5,5,5
131205,0,1,1993,0,0,0,0,0,0,0,0,0,0
131205,2,1,1993,0,0,0,0,0,0,0,0,0,0
131206,0,1,1993,0,0,0,0,0,0,0,0,0,0
131206,1,1,1993,0,0,0,0,0,0,0,0,0,0
131207,1,1,1993,0,0,0,0,0,0,0,0,0,0
131207,2,1,1993,0,0,0,0,0,0,0,0,0,0
131208,1,1,1993,0,0,0,0,0,0,0,0,0,0
131209,0,1,1993,0,0,0,0,0,0,0,0,0,0
131209,1,1,1993,0,0,0,0,0,0,0,0,0,0
131210,0,1,1993,35,35,35,35,35,35,35,35,35,35
131210,1,1,1993,0,0,0,0,0,0,0,0,0,0
131211,2,1,1993,0,0,0,0,0,0,0,0,0,0
131212,1,1,1993,0,0,0,0,0,0,0,0,0,0
131213,1,1,1993,0,0,0,0,0,0,0,0,0,0
131214,1,1,1993,0,0,0,0,0,0,0,0,0,0
131214,2,1,1993,0,0,0,0,0,0,0,0,0,0
131215,1,1,1993,0,0,0,3,0,0,0,0,0,0
131216,1,1,1993,13,0,0,0,7,0,0,0,0,0
131217,1,1,1993,0,0,0,0,0,0,0,0,0,0
131217,2,1,1993,0,0,0,0,0,0,0,0,0,0
131218,1,1,1993,0,0,0,0,0,0,0,0,0,0
131219,1,1,1993,0,0,0,0,0,0,0,0,0,0
131219,2,1,1993,0,0,0,0,0,0,0,0,0,0
131220,1,1,1993,0,0,0,0,0,0,0,0,0,0
131221,0,1,1993,0,0,0,0,0,0,0,0,0,0
131221,0,2,1993,0,0,26,29,0,12,21,20,8,12
131221,1,1,1993,0,0,0,0,0,0,0,0,0,14
131222,1,1,1993,0,0,0,0,0,0,0,0,0,12
131222,2,1,1993,0,0,0,0,0,0,0,0,0,0
131223,1,1,1993,0,0,0,0,0,22,0,0,0,19
131223,2,1,1993,0,0,0,0,0,0,0,0,0,0
131224,1,1,1993,12,0,0,7,0,18,0,0,9,0
131226,1,1,1993,0,0,0,0,0,0,0,0,0,0
131226,2,1,1993,0,0,0,0,0,0,0,0,0,0
131227,1,1,1993,0,0,0,0,0,0,0,0,0,0
131227,2,1,1993,0,0,0,0,0,0,0,0,0,3
131228,1,1,1993,0,0,0,19,4,10,25,17,0,0
131229,1,1,1993,20,20,20,20,20,20,20,20,20,20
131230,0,1,1993,0,0,0,0,0,0,0,0,0,0
131230,1,1,1993,25,11,0,23,3,0,0,0,13,0
131231,1,1,1993,0,0,0,0,0,0,0,0,0,0
131232,1,1,1993,0,0,0,9,0,0,0,0,0,0
131233,1,1,1993,0,0,0,0,0,0,0,0,0,0
131234,1,1,1993,0,0,0,0,0,0,0,0,0,0
131235,0,1,1993,25,25,25,25,25,25,25,25,25,25
131235,1,1,1993,0,0,10,0,25,0,0,11,0,0
131236,0,1,1993,0,0,0,0,0,20,0,0,0,12
131236,1,1,1993,0,0,0,0,0,0,0,0,0,0
131237,1,1,1993,0,0,0,0,0,0,0,0,0,0
131237,2,1,1993,0,0,0,0,0,0,0,0,0,0
131238,0,1,1993,0,0,0,0,0,0,0,0,0,0
131238,1,1,1993,0,0,0,0,10,0,0,0,0,0
131239,1,1,1993,0,0,0,0,0,0,0,0,0,0
131239,2,1,1993,18,18,18,18,18,18,18,18,18,18
131240,1,1,1993,27,0,17,9,10,19,19,6,27,33
131241,1,1,1993,0,0,0,0,0,0,0,0,0,0
131242,1,1,1993,15,29,0,0,0,19,6,12,30,25
131243,1,1,1993,0,0,0,0,0,16,0,0,0,23
131244,1,1,1993,0,0,0,0,0,0,0,0,0,0
131244,2,1,1993,0,0,0,0,0,0,0,0,0,0
131246,1,1,1993,0,0,0,0,0,0,0,0,0,0
131246,2,1,1993,0,0,0,0,0,0,0,0,0,0
131247,0,1,1993,0,0,0,0,0,0,0,0,0,0
131247,1,1,1993,0,13,0,0,0,0,0,0,0,0
131248,1,1,1993,0,0,0,0,0,0,0,0,0,0
131248,2,1,1993,0,0,0,0,0,0,0,0,0,0
131249,1,1,1993,0,7,15,0,0,0,0,0,6,0
131250,1,1,1993,0,0,0,0,0,0,0,0,0,0
131250,2,1,1993,0,0,0,0,0,0,0,0,0,0
131251,1,1,1993,16,16,16,16,16,16,16,16,16,16
131252,1,1,1993,13,13,13,13,13,13,13,13,13,13
131252,2,1,1993,0,0,0,0,0,0,0,0,0,0
131252,3,1,1993,0,0,0,0,0,0,0,0,0,0
131253,1,1,1993,0,0,0,0,0,0,0,0,0,0
131253,2,1,1993,0,0,0,0,0,0,0,0,0,0
131254,1,1,1993,12,12,12,12,12,12,12,12,12,12
131254,2,1,1993,0,0,0,0,0,0,0,0,0,0
131255,1,1,1993,11,11,11,11,11,11,11,11,11,11
131256,0,1,1993,15,15,15,15,15,15,15,15,15,15
131256,1,1,1993,2,2,2,2,2,2,2,2,2,2
131257,1,1,1993,0,0,0,0,0,0,0,0,0,0
131258,1,1,1993,0,0,0,0,0,0,0,0,0,0
131258,2,1,1993,0,0,0,0,0,0,0,0,0,0
131259,1,1,1993,0,0,0,0,0,0,0,0,0,0
131259,2,1,1993,0,0,0,0,0,0,0,0,0,0
131259,3,1,1993,0,0,0,0,0,0,0,0,0,0
131260,0,1,1993,7,7,7,7,7,7,7,7,7,7
131260,1,1,1993,34,34,34,34,34,34,34,34,34,34
131261,1,1,1993,0,0,0,0,0,0,0,0,0,0
131261,2,1,1993,0,0,0,0,0,0,0,0,0,0
131263,0,1,1993,13,13,13,13,13,13,13,13,13,13
131263,1,1,1993,0,0,0,0,0,0,0,0,0,0
131264,1,1,1993,3,3,3,3,3,3,3,3,3,3
131264,2,1,1993,0,0,0,0,0,0,0,0,0,0
131265,0,1,1993,24,21,16,15,0,8,22,21,18,0
131265,1,1,1993,12,7,15,0,0,9,0,0,9,0
131266,0,1,1993,0,0,0,0,0,0,0,0,0,0
131266,1,1,1993,0,0,0,0,0,0,0,0,0,0
131267,0,1,1993,18,18,0,8,29,24,24,39,42,11
131267,1,1,1993,0,0,0,0,0,0,0,0,0,0
131268,1,1,1993,8,8,8,8,8,8,8,8,8,8
131269,1,1,1993,16,0,4,0,0,0,0,0,0,0
131270,1,1,1993,0,0,0,0,0,0,0,0,0,0
131271,1,1,1993,27,22,20,0,0,0,0,0,0,17
131271,2,1,1993,0,0,0,0,0,0,0,42,16,0
131272,1,1,1993,0,0,0,0,0,0,0,0,0,0
131272,2,1,1993,0,0,27,0,0,0,0,0,0,0
131273,1,1,1993,0,0,0,0,0,0,10,17,0,0
131274,0,1,1993,34,34,34,34,34,34,34,34,34,34
131274,1,1,1993,5,5,5,5,5,5,5,5,5,5
131275,1,1,1993,0,0,0,0,0,0,0,0,0,0
131276,1,1,1993,0,0,0,0,0,0,0,0,0,0
131277,1,1,1993,0,0,0,0,0,0,0,0,0,0
131277,2,1,1993,0,0,0,0,0,0,0,0,2,0
131278,1,1,1993,0,0,0,0,0,0,0,0,0,0
131278,2,1,1993,0,0,0,0,0,0,0,0,0,0
131279,0,1,1993,0,0,0,15,41,0,18,0,0,0
131279,1,1,1993,0,25,0,0,0,0,0,0,9,0
131280,1,1,1993,27,11,20,0,13,7,29,16,0,0
131281,1,1,1993,7,7,7,7,7,7,7,7,7,7
131281,2,1,1993,25,0,0,0,15,32,16,16,0,0
131282,1,1,1993,0,0,0,0,0,0,0,0,0,0
131282,2,1,1993,0,0,5,0,0,0,0,0,0,0
131283,1,1,1993,0,0,0,14,0,0,0,0,0,0
131283,2,1,1993,0,0,0,0,0,0,0,0,0,0
131284,1,1,1993,0,0,23,0,0,0,17,0,0,15
131285,1,1,1993,13,13,13,13,13,13,13,13,13,13
131286,0,1,1993,23,23,23,23,23,23,23,23,23,23
131286,1,1,1993,0,0,0,0,0,0,0,0,0,0
131287,1,1,1993,0,0,0,0,0,0,0,0,0,0
131288,1,1,1993,0,0,0,0,0,0,0,0,0,0
131288,2,1,1993,0,0,0,0,0,0,0,0,0,0
131289,1,1,1993,9,9,9,9,9,9,9,9,9,9
131290,1,1,1993,0,0,0,0,0,0,0,0,0,0
131290,2,1,1993,0,0,0,0,0,0,0,0,0,0
131291,1,1,1993,0,0,0,0,0,0,0,0,0,0
131291,2,1,1993,0,15,0,0,0,0,0,0,0,0
131292,1,1,1993,0,0,0,0,0,0,0,0,0,0
131293,1,1,1993,0,0,14,0,0,0,0,0,0,0
131293,2,1,1993,0,0,0,0,0,0,0,0,0,0
131294,0,1,1993,0,0,0,0,0,0,0,0,0,0
131294,1,1,1993,0,0,0,0,0,0,0,0,0,0
131294,2,1,1993,0,0,0,0,0,0,0,0,0,0
131296,0,1,1993,21,21,21,21,21,21,21,21,21,21
131296,1,1,1993,0,0,0,0,0,0,0,0,0,0
131297,1,1,1993,15,15,15,15,15,15,15,15,15,15
131298,1,1,1993,20,20,20,20,20,20,20,20,20,20
131299,0,1,1993,23,23,23,23,23,23,23,23,23,23
131299,1,1,1993,0,0,0,0,0,0,0,0,0,0
131300,1,1,1993,0,0,0,0,0,0,14,0,0,0
131301,1,1,1993,20,0,0,19,0,0,0,24,0,0
131301,2,1,1993,0,0,0,0,0,0,0,6,0,0
131301,3,1,1993,0,0,0,0,0,0,0,0,0,0
131302,1,1,1993,10,10,10,10,10,10,10,10,10,10
131302,2,1,1993,0,0,0,0,0,0,0,0,0,0
131304,0,1,1993,0,0,0,0,0,0,0,0,0,0
131304,0,2,1993,0,0,0,0,0,0,0,0,0,0
131304,1,1,1993,0,0,0,0,0,0,0,0,0,0
131305,1,1,1993,14,14,14,14,14,14,14,14,14,14
131306,1,1,1993,1,1,1,1,1,1,1,1,1,1
131306,2,1,1993,0,0,0,0,0,0,0,0,0,0
150002,1,1,1993,11,11,11,11,11,11,11,11,11,11
150002,2,1,1993,0,0,0,0,0,0,0,0,0,0
150003,0,1,1993,0,0,0,0,0,0,0,0,0,0
150003,1,1,1993,0,0,0,0,0,0,0,12,0,0
150004,0,1,1993,0,0,0,0,0,0,0,0,0,0
150004,1,1,1993,0,0,0,0,0,0,0,0,0,0
150005,1,1,1993,0,0,0,0,0,0,0,0,0,0
150005,2,1,1993,13,13,13,13,13,13,13,13,13,13
150006,0,1,1993,0,0,0,0,0,0,0,0,0,0
150006,1,1,1993,0,0,21,0,0,0,0,0,14,0
150007,1,1,1993,0,0,0,0,0,15,13,16,0,0
150008,1,1,1993,22,22,22,22,22,22,22,22,22,22
150008,2,1,1993,9,9,9,9,9,9,9,9,9,9
150008,3,1,1993,0,0,0,0,0,0,0,0,0,0
150009,1,1,1993,0,0,0,0,0,0,0,0,0,0
150009,2,1,1993,0,0,0,0,0,0,0,0,0,0
150010,0,1,1993,18,18,18,18,18,18,18,18,18,18
150010,1,1,1993,12,9,34,12,13,6,9,8,27,15
150011,1,1,1993,0,0,0,0,0,0,0,0,0,0
150011,2,1,1993,0,0,0,0,0,0,0,0,0,0
150012,1,1,1993,16,16,16,16,16,16,16,16,16,16
150013,0,1,1993,0,0,0,0,0,0,0,0,0,0
150013,1,1,1993,0,0,0,0,0,0,0,0,0,0
150014,1,1,1993,0,0,0,0,0,0,0,0,0,0
150014,2,1,1993,0,0,0,0,0,0,0,0,0,0
150015,0,1,1993,0,0,0,0,0,0,0,0,0,0
150015,1,1,1993,0,0,0,0,0,0,0,0,0,0
150016,1,1,1993,10,10,10,10,10,10,10,10,10,10
150017,1,1,1993,0,0,0,0,0,0,0,0,0,0
150017,2,1,1993,3,3,3,3,3,3,3,3,3,3
150018,1,1,1993,0,0,0,0,0,0,0,0,0,0
150018,2,1,1993,0,0,0,0,0,0,0,0,0,0
150019,1,1,1993,23,23,23,23,23,23,23,23,23,23
150019,2,1,1993,2,2,2,2,2,2,2,2,2,2
150020,1,1,1993,0,0,0,0,0,0,0,0,0,0
150021,1,1,1993,3,3,3,3,3,3,3,3,3,3
150021,2,1,1993,0,0,0,0,0,0,0,0,0,0
150022,1,1,1993,14,14,14,14,14,14,14,14,14,14
150023,0,1,1993,33,33,33,33,33,33,33,33,33,33
150023,1,1,1993,16,16,16,16,16,16,16,16,16,16
150024,1,1,1993,0,0,0,0,0,0,0,0,0,0
150024,2,1,1993,18,18,18,18,18,18,18,18,18,18
150025,1,1,1993,0,0,0,0,0,0,0,0,0,0
150026,1,1,1993,0,0,0,0,0,0,0,0,0,0
150026,2,1,1993,0,0,0,0,0,0,0,0,0,0
150027,0,1,1993,0,0,0,0,0,0,0,0,0,0
150027,1,1,1993,0,0,0,0,0,0,0,0,0,0
150028,1,1,1993,23,13,15,18,18,23,8,0,3,4
150029,0,1,1993,0,0,0,0,0,0,0,0,0,0
150029,1,1,1993,0,0,0,0,0,0,0,0,0,0
150030,1,1,1993,0,0,0,0,0,0,0,0,0,0
150031,1,1,1993,0,0,0,0,0,0,0,0,0,0
150031,2,1,1993,0,0,0,0,0,0,0,0,0,0
150032,1,1,1993,18,18,18,18,18,18,18,18,18,18
150033,1,1,1993,0,8,21,9,3,8,0,8,7,6
150033,2,1,1993,11,11,11,11,11,11,11,11,11,11
150034,1,1,1993,21,21,21,21,21,21,21,21,21,21
150035,1,1,1993,0,0,0,0,0,0,0,0,0,0
150036,1,1,1993,0,5,0,0,0,0,0,0,0,0
150036,2,1,1993,0,0,0,0,0,0,0,0,0,0
150037,1,1,1993,11,11,11,11,11,11,11,11,11,11
150038,1,1,1993,0,9,0,0,0,0,0,0,0,0
150040,1,1,1993,10,10,10,10,10,10,10,10,10,10
150041,1,1,1993,6,6,6,6,6,6,6,6,6,6
150042,1,1,1993,0,0,0,0,0,0,0,0,0,0
150042,2,1,1993,0,0,0,0,0,0,0,0,0,0
150042,3,1,1993,0,0,0,0,0,0,0,0,0,0
150043,0,1,1993,0,0,0,0,0,0,0,0,0,0
150043,1,1,1993,0,0,0,0,0,0,0,0,0,0
150045,0,1,1993,0,0,0,0,0,0,0,0,0,0
150045,1,1,1993,0,0,0,0,0,0,0,0,0,0
150046,1,1,1993,0,0,0,0,0,0,0,0,0,0
150046,2,1,1993,0,0,0,0,0,0,0,0,0,0
150047,1,1,1993,26,26,26,26,26,26,26,26,26,26
150047,2,1,1993,16,16,16,16,16,16,16,16,16,16
150048,1,1,1993,0,0,0,0,0,0,0,0,0,0
150048,2,1,1993,0,0,0,0,0,0,0,0,0,0
150049,1,1,1993,8,8,8,8,8,8,8,8,8,8
150050,1,1,1993,11,11,11,11,11,11,11,11,11,11
150051,1,1,1993,22,22,22,22,22,22,22,22,22,22
150053,1,1,1993,0,0,0,0,0,0,0,0,0,0
150054,1,1,1993,6,6,6,6,6,6,6,6,6,6
150055,1,1,1993,20,20,20,20,20,20,20,20,20,20
150056,1,1,1993,13,13,13,13,13,13,13,13,13,13
150057,1,1,1993,20,20,20,20,20,20,20,20,20,20
150058,1,1,1993,28,28,28,28,28,28,28,28,28,28
150058,2,1,1993,0,0,0,0,0,0,0,0,0,0
150058,3,1,1993,0,0,0,0,0,0,0,0,0,0
150059,1,1,1993,7,7,7,7,7,7,7,7,7,7
150060,1,1,1993,16,16,16,16,16,16,16,16,16,16
150061,1,1,1993,15,22,7,13,17,8,9,19,20,9
150061,2,1,1993,7,7,7,7,7,7,7,7,7,7
150062,1,1,1993,0,0,0,0,0,0,0,0,0,0
150063,1,1,1993,0,0,0,0,0,0,0,0,0,0
150063,2,1,1993,0,0,0,0,0,0,0,0,0,0
150063,3,1,1993,0,0,0,0,0,0,0,0,0,0
150064,1,1,1993,2,2,2,2,2,2,2,2,2,2
150065,1,1,1993,22,22,22,22,22,22,22,22,22,22
150066,1,1,1993,7,0,0,0,0,0,0,0,0,0
150066,2,1,1993,20,11,0,0,0,19,21,14,29,0
150067,1,1,1993,1,1,1,1,1,1,1,1,1,1
150067,2,1,1993,0,0,0,0,0,0,0,0,0,0
150068,1,1,1993,14,14,14,14,14,14,14,14,14,14
150068,2,1,1993,0,0,0,0,0,0,0,0,0,0
150069,1,1,1993,11,11,11,11,11,11,11,11,11,11
150070,1,1,1993,11,11,11,11,11,11,11,11,11,11
150070,2,1,1993,0,0,0,0,0,0,0,0,0,0
150071,1,1,1993,0,0,0,0,0,0,0,0,0,0
150072,0,1,1993,0,0,0,0,0,0,0,0,0,0
150072,1,1,1993,0,0,0,0,0,0,0,0,0,0
150073,1,1,1993,18,18,18,18,18,18,18,18,18,18
150074,0,1,1993,0,0,0,0,0,0,0,0,0,0
150074,1,1,1993,0,0,0,0,0,0,0,0,0,0
150075,1,1,1993,20,20,20,20,20,20,20,20,20,20
150076,0,1,1993,4,4,4,4,4,4,4,4,4,4
150076,1,1,1993,0,0,12,0,0,0,0,0,0,0
150077,1,1,1993,17,17,17,17,17,17,17,17,17,17
150079,1,1,1993,29,29,29,29,29,29,29,29,29,29
150079,2,1,1993,0,0,0,0,0,0,0,0,0,0
150080,1,1,1993,3,3,3,3,3,3,3,3,3,3
150080,2,1,1993,0,0,0,0,0,0,0,0,0,0
150081,1,1,1993,4,4,4,4,4,4,4,4,4,4
150082,1,1,1993,2,2,2,2,2,2,2,2,2,2
150083,1,1,1993,0,0,0,0,0,0,0,0,0,0
150083,2,1,1993,0,0,0,0,0,0,0,0,0,0
150084,1,1,1993,0,0,0,0,0,0,0,0,0,0
150085,1,1,1993,23,23,23,23,23,23,23,23,23,23
150086,1,1,1993,7,7,7,7,7,7,7,7,7,7
150086,2,1,1993,0,0,0,0,0,0,0,0,0,0
150086,3,1,1993,0,0,0,0,0,0,0,0,0,0
150089,0,1,1993,25,25,25,25,25,25,25,25,25,25
150089,1,1,1993,0,0,0,0,0,0,0,0,0,0
150090,1,1,1993,0,0,0,0,0,0,0,0,0,0
150090,2,1,1993,0,0,0,0,0,0,0,0,0,0
150090,3,1,1993,0,0,0,16,0,0,0,0,0,0
150091,1,1,1993,0,0,0,0,0,0,0,0,0,0
150091,2,1,1993,0,0,0,0,0,0,0,0,0,0
150092,1,1,1993,15,15,15,15,15,15,15,15,15,15
150092,2,1,1993,0,0,0,0,0,0,0,0,0,13
150093,1,1,1993,0,0,0,0,0,0,0,0,0,22
150093,2,1,1993,21,21,21,21,21,21,21,21,21,21
150094,1,1,1993,0,0,0,0,0,0,0,0,0,0
150095,1,1,1993,22,22,22,22,22,22,22,22,22,22
150095,2,1,1993,0,0,0,0,0,0,0,0,0,0
150096,1,1,1993,15,15,15,15,15,15,15,15,15,15
150097,1,1,1993,1,1,1,1,1,1,1,1,1,1
150097,2,1,1993,18,18,18,18,18,18,18,18,18,18
150098,0,1,1993,0,0,0,0,0,0,0,0,0,0
150098,0,2,1993,0,0,0,0,0,0,0,0,0,0
150098,1,1,1993,0,0,0,0,0,0,0,0,0,0
150099,1,1,1993,26,26,26,26,26,26,26,26,26,26
150099,2,1,1993,0,0,0,0,0,0,0,0,0,0
150100,0,1,1993,0,0,0,0,0,0,0,0,0,0
150100,1,1,1993,0,0,0,0,0,0,0,0,0,0
150100,2,1,1993,0,0,9,0,10,0,0,0,0,11
150101,1,1,1993,0,0,0,0,0,0,0,0,0,0
150102,1,1,1993,0,0,0,0,0,6,0,0,0,0
150102,2,1,1993,0,0,0,0,0,0,0,0,0,0
150103,0,1,1993,0,0,0,0,0,0,0,0,0,0
150103,1,1,1993,0,0,0,0,0,0,0,0,0,0
150105,0,1,1993,8,8,8,8,8,8,8,8,8,8
150105,1,1,1993,0,0,0,0,0,0,0,0,0,0
150106,1,1,1993,0,0,0,0,0,0,0,0,0,0
150106,2,1,1993,0,0,0,0,0,0,0,0,0,0
150107,0,1,1993,12,12,12,12,12,12,12,12,12,12
150107,1,1,1993,7,7,7,7,7,7,7,7,7,7
150108,1,1,1993,16,16,16,16,16,16,16,16,16,16
150108,2,1,1993,0,0,0,0,0,0,0,0,0,0
150109,1,1,1993,0,0,0,7,0,0,0,0,0,0
150109,2,1,1993,0,0,0,0,0,0,0,0,0,0
150110,1,1,1993,0,0,0,0,0,0,0,0,0,0
150111,0,1,1993,0,0,0,0,0,0,0,0,0,0
150111,1,1,1993,0,0,0,0,0,0,0,0,0,0
150112,1,1,1993,0,0,0,0,0,0,0,0,0,0
150112,2,1,1993,0,0,0,0,0,7,0,0,0,0
150113,1,1,1993,0,0,0,0,0,0,0,0,0,0
150114,0,1,1993,0,0,0,0,0,0,0,0,0,0
150114,1,1,1993,0,17,0,0,0,4,0,0,0,0
150114,2,1,1993,0,0,0,0,0,0,0,0,0,0
150115,1,1,1993,12,12,12,12,12,12,12,12,12,12
150116,1,1,1993,0,0,0,0,0,0,0,0,0,0
150118,1,1,1993,0,0,0,0,0,0,0,0,0,0
150119,0,1,1993,15,0,0,35,0,0,0,0,0,0
150119,1,1,1993,0,0,0,0,0,0,0,0,0,0
150120,1,1,1993,0,0,0,0,0,0,0,0,0,0
150120,2,1,1993,8,8,8,8,8,8,8,8,8,8
150121,1,1,1993,20,20,20,20,20,20,20,20,20,20
150122,0,1,1993,0,0,0,0,0,0,0,0,0,0
150122,1,1,1993,5,5,5,5,5,5,5,5,5,5
150122,3,1,1993,5,5,5,5,5,5,5,5,5,5
150123,1,1,1993,0,0,0,0,0,0,0,0,0,0
150123,2,1,1993,0,0,0,0,0,0,0,0,0,0
150124,1,1,1993,22,22,22,22,22,22,22,22,22,22
150126,1,1,1993,24,24,24,24,24,24,24,24,24,24
150126,2,1,1993,0,0,0,0,0,0,0,0,0,0
150127,1,1,1993,16,0,0,0,0,0,19,0,0,0
150127,2,1,1993,0,0,0,0,0,0,0,0,0,0
150128,1,1,1993,0,0,0,0,0,0,0,0,0,0
150128,2,1,1993,0,0,0,0,0,0,0,0,0,0
150129,1,1,1993,0,0,0,0,0,0,0,0,0,6
150129,2,1,1993,0,0,0,0,0,0,0,0,0,0
150130,1,1,1993,20,20,20,20,20,20,20,20,20,20
150130,2,1,1993,0,0,0,0,0,0,0,0,0,0
150131,1,1,1993,22,22,22,22,22,22,22,22,22,22
150132,1,1,1993,0,0,0,0,0,0,0,0,0,0
150132,2,1,1993,0,0,0,0,0,0,0,0,0,0
160001,0,1,1993,27,27,27,27,27,27,27,27,27,27
160001,1,1,1993,0,12,13,27,21,0,0,0,0,28
160002,1,1,1993,0,0,0,0,0,0,0,0,0,0
160004,1,1,1993,17,17,17,17,17,17,17,17,17,17
160006,1,1,1993,0,0,0,0,0,0,0,0,0,0
160006,2,1,1993,0,0,0,0,0,0,0,0,0,12
160008,1,1,1993,20,20,20,20,20,20,20,20,20,20
160009,0,1,1993,0,0,0,0,0,0,0,0,0,0
160009,1,1,1993,0,0,0,0,0,0,0,0,0,0
160010,0,1,1993,0,0,0,0,0,0,0,0,0,0
160010,1,1,1993,0,0,0,0,0,0,0,0,0,0
160011,1,1,1993,26,26,26,26,26,26,26,26,26,26
160012,1,1,1993,0,0,4,0,0,0,0,0,0,0
160014,1,1,1993,0,0,0,0,0,0,0,0,0,0
160014,2,1,1993,0,0,0,0,0,0,0,0,0,0
160014,3,1,1993,0,0,19,0,0,0,0,0,0,0
160015,1,1,1993,0,18,16,15,18,17,9,0,0,11
160015,2,1,1993,0,0,0,0,0,0,0,0,0,0
160016,1,1,1993,0,0,0,0,0,0,0,0,0,0
160017,1,1,1993,4,13,12,24,20,12,0,10,21,28
160018,1,1,1993,28,28,28,28,28,28,28,28,28,28
160019,1,1,1993,4,0,0,0,0,0,0,0,0,0
160021,1,1,1993,0,12,4,14,23,26,16,22,9,13
160021,2,1,1993,0,6,0,12,0,0,16,0,3,13
160022,1,1,1993,13,13,13,13,13,13,13,13,13,13
160023,1,1,1993,0,0,0,0,0,0,0,0,0,0
160023,2,1,1993,0,0,0,0,0,0,0,0,0,0
160024,1,1,1993,10,0,0,0,0,0,0,0,0,0
160025,1,1,1993,0,0,0,0,0,0,0,0,0,23
160025,2,1,1993,0,0,0,0,0,0,0,0,0,0
160026,1,1,1993,0,0,15,0,13,0,0,0,0,10
160029,0,1,1993,0,0,0,0,0,0,0,0,0,0
160029,1,1,1993,0,0,0,0,0,0,0,0,0,0
160030,1,1,1993,0,0,0,0,0,0,0,0,0,0
160031,1,1,1993,9,18,10,18,7,20,23,18,3,16
160032,1,1,1993,13,0,25,8,8,26,18,16,18,25
160033,1,1,1993,0,0,0,0,14,0,0,12,0,8
160034,1,1,1993,0,0,0,0,0,0,0,0,0,0
160034,2,1,1993,0,0,0,0,0,11,0,0,0,0
160035,1,1,1993,0,0,0,0,0,0,0,0,0,0
160035,2,1,1993,0,0,0,0,0,0,0,0,0,0
160036,1,1,1993,0,0,0,0,0,0,0,0,0,24
160036,2,1,1993,0,19,0,0,0,0,0,0,0,18
160037,1,1,1993,15,38,21,38,19,35,13,26,18,13
160038,1,1,1993,0,0,0,0,0,0,0,0,0,0
160038,2,1,1993,0,0,0,0,0,0,0,0,0,0
160039,1,1,1993,0,27,18,0,0,0,0,0,0,0
160039,2,1,1993,0,23,8,7,13,21,16,19,19,6
160040,1,1,1993,0,0,0,0,0,0,0,0,0,0
160040,2,1,1993,0,0,0,0,0,0,0,0,0,0
160041,1,1,1993,0,0,0,0,0,0,0,0,0,0
160041,2,1,1993,0,0,0,0,0,0,0,0,0,0
160042,1,1,1993,14,14,14,14,14,14,14,14,14,14
160043,1,1,1993,0,20,16,0,12,28,34,22,29,15
160044,1,1,1993,0,0,0,0,0,0,0,0,0,0
160045,1,1,1993,19,0,22,0,0,0,0,7,0,8
160046,1,1,1993,0,7,0,0,0,0,0,0,0,0
160047,1,1,1993,0,0,0,0,0,0,0,0,0,0
160047,2,1,1993,0,0,0,0,0,0,0,0,0,0
160048,1,1,1993,11,14,0,0,0,16,0,0,0,0
160049,0,1,1993,30,14,0,0,11,29,27,0,0,22
160049,1,1,1993,11,0,13,0,0,13,5,11,0,0
160050,1,1,1993,0,18,20,0,29,0,0,0,0,0
160053,1,1,1993,0,0,0,0,0,0,0,0,0,0
160053,2,1,1993,0,0,0,0,0,0,0,0,0,0
160054,1,1,1993,0,21,19,13,0,11,7,23,6,12
160055,1,1,1993,14,23,15,23,18,5,7,8,0,16
160058,0,1,1993,0,0,0,0,0,0,0,0,0,0