ST_CASE,VEH_NO,PER_NO,YEAR,P1,P2,P3,P4,P5,P6,P7,P8,P9,P10
160058,1,1,1993,0,0,0,0,0,0,0,0,0,0
160059,1,1,1993,0,0,16,0,39,0,6,19,17,9
160060,0,1,1993,24,0,33,0,0,0,0,37,0,15
160060,1,1,1993,0,0,0,0,9,0,0,0,0,0
160061,1,1,1993,2,2,2,2,2,2,2,2,2,2
160062,1,1,1993,0,0,13,0,0,0,6,0,0,0
160062,2,1,1993,9,0,0,0,0,0,0,0,0,0
160063,1,1,1993,0,16,0,0,0,0,0,0,0,0
160063,2,1,1993,0,0,0,0,0,0,0,0,0,0
160063,3,1,1993,0,0,0,0,0,0,0,0,0,0
160064,1,2,1993,0,20,19,25,29,33,9,29,22,23
160065,1,1,1993,16,16,16,16,16,16,16,16,16,16
160066,1,1,1993,0,0,0,0,0,0,0,0,0,0
160066,2,1,1993,0,0,0,0,0,0,0,0,0,0
160067,1,1,1993,6,6,6,6,6,6,6,6,6,6
160067,2,1,1993,2,0,0,4,0,0,12,18,0,0
160068,0,1,1993,0,0,0,0,0,0,15,13,0,46
160068,1,1,1993,13,34,11,15,24,8,4,13,8,0
160069,1,1,1993,0,0,0,0,0,0,0,0,0,0
160069,2,2,1993,0,0,0,0,0,0,0,0,0,0
160070,1,1,1993,0,20,0,0,0,0,0,0,6,21
160070,2,1,1993,0,0,0,0,0,0,0,0,0,0
160071,1,1,1993,13,6,18,0,0,0,4,15,25,0
160072,1,1,1993,29,29,29,29,29,29,29,29,29,29
160073,1,1,1993,2,0,0,19,0,15,13,0,0,12
160073,2,1,1993,11,3,0,0,0,0,0,0,0,0
160074,1,1,1993,5,9,16,15,10,21,0,12,28,0
160075,1,1,1993,0,0,0,0,0,0,0,15,0,10
160076,1,1,1993,23,17,25,16,0,15,13,16,0,32
160077,1,1,1993,8,8,8,8,8,8,8,8,8,8
160078,1,1,1993,0,0,0,0,0,0,0,0,0,0
160078,2,1,1993,8,8,8,8,8,8,8,8,8,8
160079,1,1,1993,0,0,26,0,2,0,0,0,0,22
160080,1,1,1993,24,24,24,24,24,24,24,24,24,24
160081,1,1,1993,15,15,15,15,15,15,15,15,15,15
160082,1,1,1993,26,26,26,26,26,26,26,26,26,26
160083,1,1,1993,0,0,0,0,0,0,0,0,0,0
160085,1,1,1993,0,0,13,5,0,0,0,0,0,0
160086,1,1,1993,0,10,0,0,0,0,0,0,8,10
160087,1,1,1993,0,0,0,0,0,0,0,0,0,0
160089,1,1,1993,0,0,0,0,0,0,18,0,10,0
160090,1,1,1993,0,0,0,0,0,0,0,0,0,0
160090,2,1,1993,0,3,0,0,0,0,0,0,5,0
160091,1,3,1993,12,16,16,0,14,3,12,22,0,8
160092,1,1,1993,0,0,0,0,0,0,0,0,0,0
160092,2,1,1993,0,0,0,0,0,0,0,0,0,0
160093,1,1,1993,0,0,0,0,0,0,0,0,0,0
160094,1,1,1993,31,31,31,31,31,31,31,31,31,31
160095,1,1,1993,12,12,12,12,12,12,12,12,12,12
160096,1,1,1993,0,0,0,0,0,27,7,0,17,0
160097,1,1,1993,6,6,6,6,6,6,6,6,6,6
160097,2,1,1993,0,0,0,0,0,0,0,0,0,0
160098,1,1,1993,0,0,0,0,0,0,0,0,0,0
160099,1,1,1993,0,0,0,7,0,15,0,0,41,0
160099,2,1,1993,15,15,15,15,15,15,15,15,15,15
160099,3,1,1993,0,0,0,0,0,0,0,0,0,0
160100,1,1,1993,7,0,0,0,0,0,0,0,0,0
160100,2,1,1993,0,0,0,0,0,0,0,0,0,0
160106,1,1,1993,0,0,0,0,0,0,0,0,0,0
160107,1,1,1993,0,6,0,0,0,2,0,12,0,0
160108,1,1,1993,0,0,0,0,0,0,0,0,0,0
160109,1,1,1993,0,0,0,0,0,0,0,0,0,0
160110,1,1,1993,10,16,0,28,7,5,9,10,10,0
160112,1,1,1993,18,13,13,24,0,0,0,0,14,0
160114,1,1,1993,22,22,22,22,22,22,22,22,22,22
160115,1,1,1993,16,16,16,16,16,16,16,16,16,16
160116,1,1,1993,0,0,0,0,0,0,0,0,0,0
160118,1,1,1993,0,0,0,0,0,0,0,0,0,0
160119,1,1,1993,16,15,0,19,0,0,0,0,0,0
160119,2,1,1993,0,0,15,0,0,0,0,0,0,0
160120,1,1,1993,0,0,8,0,0,0,0,0,0,0
160122,1,1,1993,13,0,0,0,0,0,0,0,0,0
160123,1,1,1993,0,0,0,0,0,0,0,0,0,0
160123,2,1,1993,0,23,6,12,0,0,20,0,19,13
160124,1,1,1993,0,0,0,0,0,0,0,0,0,0
160124,2,1,1993,0,0,0,0,0,0,0,0,0,0
160125,1,1,1993,0,0,0,0,0,27,14,0,0,22
160126,1,1,1993,18,18,18,18,18,18,18,18,18,18
160127,1,1,1993,0,0,0,0,0,6,0,21,0,0
160127,2,1,1993,0,0,0,0,0,0,0,0,0,0
160128,1,1,1993,0,0,0,0,0,0,0,0,0,0
160128,2,1,1993,0,0,0,0,0,0,0,0,0,0
160129,1,1,1993,0,25,0,0,0,0,0,0,0,11
160131,1,1,1993,0,0,0,0,0,0,0,0,0,0
160131,2,1,1993,0,0,0,0,8,0,0,0,23,0
160132,1,1,1993,23,23,23,23,23,23,23,23,23,23
160132,2,1,1993,0,0,0,0,0,0,0,0,0,0
160134,1,1,1993,25,16,6,16,19,14,27,0,19,10
160135,1,1,1993,10,10,10,10,10,10,10,10,10,10
160136,1,1,1993,0,0,0,0,0,0,0,0,0,0
160136,2,1,1993,16,16,16,16,16,16,16,16,16,16
160137,1,1,1993,0,7,0,6,0,16,0,30,16,0
160138,1,1,1993,7,34,27,13,9,7,30,20,20,22
160141,1,1,1993,14,14,14,14,14,14,14,14,14,14
160142,1,1,1993,0,0,0,0,0,0,0,0,0,16
160143,1,1,1993,0,0,0,0,0,0,10,0,0,0
160143,2,1,1993,0,0,0,0,16,0,0,0,0,0
160143,3,1,1993,0,0,0,0,0,0,0,0,0,0
160145,1,1,1993,0,0,0,6,0,0,7,12,0,0
160145,2,1,1993,9,9,9,9,9,9,9,9,9,9
160146,1,1,1993,0,0,0,0,0,0,0,22,0,0
160147,1,1,1993,0,0,40,0,22,0,0,0,0,7
160148,1,1,1993,0,12,19,0,0,0,0,0,0,0
160148,2,1,1993,0,0,0,13,0,0,0,0,0,0
160149,1,1,1993,9,12,4,20,12,35,23,18,27,32
160150,1,1,1993,16,16,16,16,16,16,16,16,16,16
160150,2,1,1993,0,0,0,0,0,0,0,0,0,0
160151,1,1,1993,4,0,27,0,0,14,0,14,0,0
160152,1,1,1993,0,0,0,0,0,0,0,0,0,0
160153,1,1,1993,0,16,0,15,0,0,0,0,0,31
160155,1,1,1993,0,0,0,0,0,0,0,0,0,0
160155,2,1,1993,0,30,0,9,0,0,0,0,0,0
160157,1,1,1993,24,24,24,24,24,24,24,24,24,24
160157,2,1,1993,0,0,0,0,0,0,0,0,0,0
160158,1,1,1993,0,0,0,0,0,0,0,0,0,0
160159,1,1,1993,0,0,0,0,0,0,0,0,0,0
160160,1,1,1993,16,16,16,16,16,16,16,16,16,16
160161,1,1,1993,0,0,0,0,0,0,0,0,0,0
160161,2,1,1993,0,0,0,0,0,0,0,0,0,0
160162,0,1,1993,0,0,0,0,39,0,0,0,0,24
160162,1,1,1993,0,0,0,18,0,0,0,12,0,0
160164,1,1,1993,0,0,0,0,0,0,0,0,0,0
160164,2,1,1993,0,0,0,0,0,0,0,0,0,0
160165,1,1,1993,0,0,0,0,10,0,0,0,0,0
160166,1,1,1993,0,0,0,0,0,0,0,20,4,0
160166,2,1,1993,0,0,7,0,21,0,0,0,0,0
160167,1,1,1993,13,0,0,0,0,0,0,0,0,21
160170,1,1,1993,0,0,0,0,0,0,0,0,0,0
160171,1,1,1993,0,13,16,8,40,14,18,0,24,0
160172,1,1,1993,0,0,0,24,0,0,0,20,0,0
160173,1,1,1993,36,19,33,19,21,28,14,22,24,26
160175,1,1,1993,0,0,0,0,0,0,0,0,0,0
160176,1,1,1993,0,0,26,0,0,0,0,0,0,0
160176,2,1,1993,0,0,0,0,0,0,0,0,0,0
160176,3,1,1993,0,0,0,2,0,9,0,0,0,25
160178,1,1,1993,0,0,0,0,0,0,0,0,0,0
160180,1,1,1993,20,20,20,20,20,20,20,20,20,20
160181,1,1,1993,0,0,0,0,0,0,0,0,0,0
160182,1,1,1993,0,0,0,0,0,0,0,0,0,0
160183,1,1,1993,0,0,0,0,0,0,0,0,0,0
160183,2,1,1993,0,0,0,21,14,0,0,0,0,0
160184,1,1,1993,4,11,19,27,16,10,8,4,19,10
160185,1,1,1993,0,0,0,0,0,0,0,9,14,0
160185,2,1,1993,0,0,0,0,0,0,0,0,0,0
160186,1,1,1993,9,0,0,0,0,0,0,5,0,0
160186,2,1,1993,0,0,0,22,0,16,17,0,0,0
160187,1,1,1993,0,0,0,0,0,2,0,0,0,0
160187,2,1,1993,0,5,0,20,14,0,0,0,16,0
160188,1,1,1993,0,0,0,0,0,0,0,0,0,0
160188,2,1,1993,17,0,14,0,0,0,17,0,26,0
160189,1,1,1993,0,0,0,0,0,0,0,0,0,0
160189,2,1,1993,0,0,0,0,0,0,0,7,7,0
160190,1,1,1993,0,0,0,0,0,0,0,0,0,0
160190,2,1,1993,0,0,0,0,0,0,0,0,0,0
160192,0,1,1993,25,25,25,25,25,25,25,25,25,25
160192,1,1,1993,11,11,11,11,11,11,11,11,11,11
160193,1,1,1993,0,0,0,0,0,0,0,0,0,0
160193,2,1,1993,0,0,0,0,0,0,0,0,0,0
160193,3,1,1993,0,0,0,0,0,0,13,0,0,0
160194,1,1,1993,0,0,0,3,0,0,0,13,0,0
160195,1,1,1993,13,0,0,0,20,0,0,0,17,0
160196,1,1,1993,0,0,0,0,0,0,0,0,0,0
160197,1,1,1993,0,29,16,13,10,10,11,25,20,7
160199,1,1,1993,0,0,16,2,0,0,0,0,0,0
160200,0,1,1993,0,0,16,0,0,26,0,0,27,0
160200,1,1,1993,0,0,14,0,21,0,0,27,0,0
160201,1,1,1993,0,0,0,0,0,0,0,0,0,0
160201,2,1,1993,0,0,0,0,0,0,0,0,0,0
160202,1,1,1993,27,27,27,27,27,27,27,27,27,27
160203,1,1,1993,30,30,30,30,30,30,30,30,30,30
160204,1,1,1993,20,20,20,20,20,20,20,20,20,20
160206,1,1,1993,0,0,0,0,0,0,0,0,0,0
160206,2,1,1993,0,0,0,0,0,0,0,0,0,0
160207,1,1,1993,18,16,22,21,15,13,20,11,20,10
160208,1,1,1993,15,0,0,15,15,0,6,0,0,0
160209,1,1,1993,0,0,12,0,0,8,0,0,0,0
160209,2,1,1993,0,0,0,0,0,0,0,0,0,0
160210,1,1,1993,19,19,19,19,19,19,19,19,19,19
160211,1,1,1993,0,12,21,0,19,33,17,17,21,0
160212,1,1,1993,0,10,0,38,6,15,0,26,0,0
160213,1,1,1993,0,0,0,0,0,0,0,0,0,4
160213,2,1,1993,0,0,0,0,0,0,0,0,0,0
160214,1,1,1993,12,12,12,12,12,12,12,12,12,12
160216,1,1,1993,19,19,19,19,19,19,19,19,19,19
160217,1,1,1993,0,0,0,0,0,0,0,0,0,0
160217,2,1,1993,0,0,0,0,3,28,0,0,0,0
160218,1,1,1993,0,0,0,0,0,0,0,0,0,0
160218,2,1,1993,0,0,0,0,0,0,0,0,0,0
160219,1,1,1993,37,37,37,37,37,37,37,37,37,37
160220,1,1,1993,33,33,33,33,33,33,33,33,33,33
160220,2,1,1993,0,0,0,0,0,0,0,0,0,0
160221,1,1,1993,15,21,26,18,27,16,26,9,0,25
160221,2,1,1993,0,0,18,0,0,0,0,0,0,0
160222,1,1,1993,0,0,0,0,0,0,0,0,0,0
160222,2,1,1993,0,0,0,0,11,0,12,0,23,12
160223,1,1,1993,0,0,0,0,0,0,0,0,0,0
160223,2,1,1993,0,0,0,0,0,0,5,0,0,0
160224,2,1,1993,20,14,0,17,0,16,0,16,0,0
160225,1,1,1993,17,17,17,17,17,17,17,17,17,17
160225,2,1,1993,0,0,0,0,0,0,0,0,0,0
160226,1,1,1993,0,0,0,0,0,0,0,0,0,0
160226,2,1,1993,0,0,0,0,0,0,0,0,0,0
160227,1,1,1993,15,0,0,0,20,0,0,0,0,0
160227,2,1,1993,0,0,0,12,0,0,22,0,0,0
160227,3,1,1993,0,0,0,0,0,0,0,0,0,0
160228,1,1,1993,0,13,25,31,15,11,0,19,7,0
160229,0,1,1993,27,14,24,20,20,20,34,24,27,27
160229,1,1,1993,0,27,25,0,0,8,0,11,0,0
160230,1,1,1993,19,0,9,0,0,24,17,16,24,0
160230,2,1,1993,0,0,13,8,19,0,18,9,19,0
160231,1,1,1993,0,0,0,0,0,0,0,0,0,0
160231,2,1,1993,0,0,0,0,0,0,0,0,0,0
160232,0,1,1993,0,0,0,0,0,19,0,0,0,0
160232,1,1,1993,0,0,0,0,0,0,0,0,0,0
160233,1,1,1993,0,0,0,0,0,0,0,0,0,0
160233,2,1,1993,0,0,0,0,0,0,0,0,0,15
160233,3,1,1993,0,0,0,0,0,0,0,0,0,0
160234,1,1,1993,13,13,13,13,13,13,13,13,13,13
160235,1,1,1993,0,0,0,0,0,0,0,0,0,0
160235,2,1,1993,0,0,0,0,0,0,0,0,0,0
160236,0,1,1993,0,0,0,0,0,0,0,0,0,0
160236,1,1,1993,10,18,23,17,20,5,8,13,7,11
160237,1,1,1993,0,0,0,0,0,0,0,0,0,0
160238,1,1,1993,17,17,17,17,17,17,17,17,17,17
170001,1,1,1993,12,12,12,12,12,12,12,12,12,12
170002,0,1,1993,28,28,28,28,28,28,28,28,28,28
170002,0,2,1993,23,14,0,13,16,15,8,17,9,23
170002,1,1,1993,0,0,0,0,0,0,25,0,3,25
170003,0,1,1993,24,24,24,24,24,24,24,24,24,24
170003,1,1,1993,0,0,0,0,0,0,0,0,0,0
170004,1,1,1993,0,0,0,0,0,0,0,0,0,0
170004,2,1,1993,0,12,0,0,5,0,0,0,0,0
170005,1,1,1993,0,0,0,0,0,0,0,0,0,0
170006,1,1,1993,1,1,1,1,1,1,1,1,1,1
170006,2,1,1993,0,0,4,0,0,0,0,0,13,0
170007,1,1,1993,0,0,0,0,0,0,0,0,0,0
170007,2,1,1993,0,0,0,0,0,0,0,0,0,0
170008,1,1,1993,0,0,0,0,0,0,0,0,0,0
170009,1,1,1993,0,0,0,0,0,0,0,0,0,0
170010,1,1,1993,12,12,12,12,12,12,12,12,12,12
170010,2,1,1993,0,0,0,0,0,0,0,0,0,0
170010,3,1,1993,0,0,0,0,0,0,0,0,0,0
170011,1,1,1993,0,0,0,0,0,0,0,0,0,0
170011,2,1,1993,0,0,0,0,0,0,0,0,0,0
170012,1,1,1993,27,27,27,27,27,27,27,27,27,27
170012,2,1,1993,0,0,0,0,0,0,0,0,43,0
170013,0,1,1993,0,0,0,0,0,0,0,0,0,0
170013,1,1,1993,0,0,0,0,0,0,0,0,0,0
170014,0,1,1993,0,0,0,0,0,0,0,0,0,0
170014,0,2,1993,0,0,0,0,0,0,0,0,0,0
170014,1,1,1993,0,0,0,0,0,0,0,0,0,0
170015,1,1,1993,27,27,27,27,27,27,27,27,27,27
170015,2,1,1993,0,0,0,0,0,0,0,0,0,0
170015,3,1,1993,0,0,0,0,0,5,0,0,0,0
170015,4,1,1993,0,0,0,0,0,0,0,0,0,0
170015,5,1,1993,0,0,0,0,0,0,0,0,0,0
170016,0,1,1993,0,0,0,0,0,0,0,0,0,0
170016,1,1,1993,0,0,0,0,0,0,0,0,0,0
170017,0,1,1993,0,0,0,0,0,0,0,0,0,0
170017,1,1,1993,0,0,0,0,0,0,0,0,0,0
170019,0,1,1993,0,0,0,0,0,0,0,0,0,0
170019,1,1,1993,0,0,0,0,0,0,0,0,0,0
170020,0,1,1993,34,34,34,34,34,34,34,34,34,34
170020,1,1,1993,0,0,0,0,0,0,0,0,0,0
170021,1,1,1993,0,0,0,0,0,0,0,0,0,0
170021,2,1,1993,0,0,0,0,0,0,0,0,0,0
170022,1,1,1993,12,12,12,12,12,12,12,12,12,12
170022,2,1,1993,0,0,0,0,0,0,0,0,0,0
170023,1,1,1993,0,0,0,0,0,0,0,0,0,0
170023,2,1,1993,0,0,0,0,15,0,0,0,0,0
170024,0,1,1993,0,0,0,0,0,0,0,0,0,0
170024,1,1,1993,0,0,0,0,0,0,0,0,0,0
170025,1,1,1993,26,26,26,26,26,26,26,26,26,26
170026,1,1,1993,0,0,0,0,0,0,0,0,0,0
170026,2,1,1993,0,0,0,0,0,0,0,0,0,0
170027,1,1,1993,1,1,1,1,1,1,1,1,1,1
170027,2,1,1993,0,0,0,0,0,0,0,0,0,0
170028,1,1,1993,14,14,14,14,14,14,14,14,14,14
170028,2,1,1993,0,0,0,0,0,0,0,0,0,0
170029,1,1,1993,30,30,30,30,30,30,30,30,30,30
170029,2,1,1993,0,0,0,0,0,0,0,0,0,0
170030,1,1,1993,20,20,20,20,20,20,20,20,20,20
170031,0,1,1993,12,12,12,12,12,12,12,12,12,12
170031,0,2,1993,20,9,32,0,0,17,31,15,19,0
170031,0,3,1993,0,30,14,4,0,27,9,21,7,4
170031,0,4,1993,0,19,29,15,12,6,51,25,17,0
170031,1,1,1993,12,12,12,12,12,12,12,12,12,12
170032,1,1,1993,0,0,0,0,0,0,0,0,0,0
170032,2,1,1993,0,0,0,0,0,0,0,0,0,0
170033,0,1,1993,0,0,0,0,0,0,0,0,0,0
170033,1,1,1993,0,0,0,0,0,0,0,0,0,0
170034,1,1,1993,13,13,13,13,13,13,13,13,13,13
170035,1,1,1993,15,15,15,15,15,15,15,15,15,15
170037,1,1,1993,0,0,0,0,0,0,0,0,0,0
170038,1,1,1993,5,5,5,5,5,5,5,5,5,5
170040,1,1,1993,0,0,0,0,0,0,0,0,0,0
170040,2,1,1993,0,0,0,0,0,0,0,15,0,0
170041,1,1,1993,0,0,0,0,0,0,0,0,0,0
170041,2,1,1993,0,0,0,0,0,0,0,0,0,0
170042,1,1,1993,0,0,0,0,0,0,0,0,0,0
170042,2,1,1993,0,0,0,0,0,0,0,0,0,0
170043,1,1,1993,0,0,0,0,0,0,0,0,0,0
170043,2,1,1993,0,0,0,0,0,0,0,0,0,0
170044,1,1,1993,0,0,0,0,0,0,0,0,0,0
170044,2,1,1993,0,0,0,0,0,0,0,0,0,0
170044,3,1,1993,0,0,0,0,0,0,0,0,0,0
170045,1,1,1993,0,7,0,4,0,0,0,38,0,0
170046,1,1,1993,0,0,0,0,2,0,0,0,0,0
170046,2,1,1993,0,0,0,0,0,0,0,0,0,0
170047,1,1,1993,13,13,13,13,13,13,13,13,13,13
170047,2,1,1993,0,0,0,0,0,0,0,0,0,0
170048,0,1,1993,0,0,0,0,0,0,0,0,0,0
170048,1,1,1993,0,0,0,0,0,0,0,0,0,0
170049,0,1,1993,0,0,0,0,0,0,0,12,0,0
170049,1,1,1993,0,0,0,0,0,0,0,0,0,0
170052,1,1,1993,0,10,21,0,0,0,0,0,0,0
170053,1,1,1993,3,3,3,3,3,3,3,3,3,3
170053,2,1,1993,14,14,14,14,14,14,14,14,14,14
170054,0,1,1993,0,0,0,0,0,0,0,0,0,0
170054,1,1,1993,0,0,0,0,0,0,0,0,0,0
170055,1,1,1993,22,17,14,38,18,11,6,3,11,24
170055,2,1,1993,0,0,9,0,5,0,0,0,0,9
170056,1,1,1993,0,0,0,0,0,0,0,0,0,0
170057,1,1,1993,0,0,0,0,0,0,0,0,0,0
170057,2,1,1993,0,0,0,0,0,0,0,0,0,0
170058,1,1,1993,0,0,0,0,0,0,0,0,0,0
170058,2,1,1993,0,0,0,0,0,0,0,0,0,0
170059,1,1,1993,0,0,0,0,0,0,0,0,0,0
170060,0,1,1993,24,0,0,39,0,0,0,26,18,0
170060,1,1,1993,0,0,0,0,0,0,4,12,0,0
170061,1,1,1993,18,18,18,18,18,18,18,18,18,18
170062,1,1,1993,0,0,0,0,0,0,0,0,0,0
170062,2,1,1993,0,0,0,0,0,0,0,0,0,0
170063,1,1,1993,0,0,0,0,0,0,0,0,0,0
170063,2,1,1993,0,0,0,0,0,0,0,0,0,0
170064,0,1,1993,0,0,0,0,0,0,0,0,0,0
170064,1,1,1993,0,0,0,0,0,26,0,0,0,0
170065,1,1,1993,14,14,14,14,14,14,14,14,14,14
170065,2,1,1993,0,0,0,0,0,9,0,0,0,0
170066,1,1,1993,23,23,23,23,23,23,23,23,23,23
170067,1,1,1993,29,29,29,29,29,29,29,29,29,29
170068,1,1,1993,21,21,21,21,21,21,21,21,21,21
170069,1,1,1993,19,19,19,19,19,19,19,19,19,19
170069,2,1,1993,0,0,0,0,0,0,0,0,0,0
170070,1,1,1993,1,1,1,1,1,1,1,1,1,1
170071,1,1,1993,15,15,15,15,15,15,15,15,15,15
170072,1,1,1993,19,19,19,19,19,19,19,19,19,19
170072,2,1,1993,0,0,0,0,0,0,0,0,0,0
170073,1,1,1993,25,25,25,25,25,25,25,25,25,25
170074,1,1,1993,0,0,0,0,0,0,0,0,0,0
170074,2,1,1993,0,0,0,0,0,0,0,0,0,0
170075,0,1,1993,0,0,0,0,0,0,0,0,0,0
170075,1,1,1993,0,0,0,0,0,0,0,0,0,0
170076,0,1,1993,0,0,0,0,0,0,0,0,0,0
170076,1,1,1993,0,0,0,0,0,0,0,0,0,0
170077,0,1,1993,10,12,0,0,0,0,2,0,0,0
170077,1,1,1993,0,0,0,0,0,0,0,0,0,0
170078,1,1,1993,0,0,0,0,0,0,0,0,0,0
170078,2,1,1993,7,7,7,7,7,7,7,7,7,7
170079,1,1,1993,11,11,11,11,11,11,11,11,11,11
170080,1,1,1993,0,0,0,0,0,0,0,0,0,0
170080,2,1,1993,0,0,0,0,0,0,0,0,0,0
170081,1,1,1993,28,28,28,28,28,28,28,28,28,28
170082,1,1,1993,20,20,20,20,20,20,20,20,20,20
170082,2,1,1993,0,0,0,0,0,0,0,0,0,0
170083,1,1,1993,0,0,0,0,0,0,0,0,0,0
170084,1,1,1993,0,0,0,0,0,0,0,0,0,0
170084,2,1,1993,0,0,0,0,0,0,0,0,0,0
170084,3,1,1993,0,0,0,0,0,0,0,0,0,0
170084,4,1,1993,0,0,0,0,0,0,0,0,0,0
170085,0,1,1993,25,25,25,25,25,25,25,25,25,25
170085,1,1,1993,0,0,0,0,0,0,0,0,0,0
170086,0,1,1993,0,0,0,0,0,0,0,0,0,0
170086,1,1,1993,0,0,0,0,0,0,0,0,0,0
170087,1,1,1993,3,3,3,3,3,3,3,3,3,3
170087,2,1,1993,0,0,0,0,0,0,0,0,0,0
170087,3,1,1993,0,0,0,0,0,0,0,25,0,0
170088,1,1,1993,0,0,0,0,0,0,0,0,0,0
170088,2,1,1993,0,0,0,0,0,0,0,0,0,0
170089,1,1,1993,0,0,0,0,0,0,0,0,0,0
170090,1,1,1993,13,13,13,13,13,13,13,13,13,13
170091,1,1,1993,0,0,0,0,0,0,0,0,4,0
170091,2,1,1993,1,1,1,1,1,1,1,1,1,1
170091,3,1,1993,0,4,18,0,0,0,0,0,0,0
170091,4,1,1993,0,0,0,0,0,0,0,0,0,6
170092,1,1,1993,8,8,8,8,8,8,8,8,8,8
170092,2,1,1993,0,0,0,0,0,0,0,0,0,0
170093,1,1,1993,15,15,15,15,15,15,15,15,15,15
170093,2,1,1993,0,0,0,0,0,0,0,0,0,0
170094,1,1,1993,14,14,14,14,14,14,14,14,14,14
170094,2,1,1993,0,0,0,0,0,0,0,0,0,0
170095,1,1,1993,9,9,9,9,9,9,9,9,9,9
170095,2,1,1993,0,0,0,0,0,0,0,0,0,0
170095,3,1,1993,0,0,0,0,0,0,0,0,0,0
170096,1,1,1993,0,0,0,0,0,0,15,2,0,21
170097,1,1,1993,0,0,0,0,0,0,0,0,0,0
170098,1,1,1993,16,16,16,16,16,16,16,16,16,16
170098,2,1,1993,10,10,10,10,10,10,10,10,10,10
170099,1,1,1993,0,0,0,0,0,0,0,0,0,0
170100,0,1,1993,0,0,0,0,0,0,0,0,0,0
170100,1,1,1993,0,0,0,0,0,0,0,0,0,0
170101,1,1,1993,4,4,4,4,4,4,4,4,4,4
170102,1,1,1993,20,20,20,20,20,20,20,20,20,20
170102,2,1,1993,0,0,0,0,0,0,0,0,0,0
170103,1,1,1993,21,21,21,21,21,21,21,21,21,21
170104,1,1,1993,20,20,20,20,20,20,20,20,20,20
170104,2,1,1993,0,0,0,0,0,0,0,0,0,0
170104,3,1,1993,0,0,0,0,0,0,0,0,0,0
170105,1,1,1993,0,0,0,0,12,0,21,6,0,0
170106,1,1,1993,0,0,0,0,0,0,0,0,0,0
170106,2,1,1993,0,0,0,0,0,0,0,0,0,0
170106,3,1,1993,0,0,0,0,0,0,0,0,0,0
170107,1,1,1993,15,15,15,15,15,15,15,15,15,15
170107,2,1,1993,0,0,0,0,0,0,0,0,0,0
170108,1,1,1993,12,24,8,0,13,4,4,26,13,22
170108,2,1,1993,0,0,0,0,0,0,0,0,0,0
170108,3,1,1993,0,0,0,0,0,0,0,0,0,0
170109,0,1,1993,16,0,13,27,0,18,0,0,0,0
170109,1,1,1993,0,0,0,0,0,0,0,0,0,0
170110,1,1,1993,0,0,0,0,0,0,0,0,0,0
170110,2,1,1993,0,0,0,0,0,0,0,0,0,0
170110,3,1,1993,0,0,0,0,0,0,0,0,0,0
170111,1,1,1993,8,15,20,16,6,8,8,25,0,7
170111,2,1,1993,0,0,0,0,0,0,0,0,0,0
170112,1,1,1993,0,0,0,0,0,0,0,0,0,0
170112,2,1,1993,0,0,0,0,0,0,0,0,0,0
170113,1,1,1993,0,0,0,0,0,8,0,0,0,0
170113,2,1,1993,0,0,0,0,0,0,0,14,8,0
170114,0,1,1993,0,0,0,0,0,0,0,0,0,0
170114,1,1,1993,0,0,0,0,0,0,0,0,0,0
170115,1,1,1993,0,0,0,0,0,0,0,0,0,0
170115,2,1,1993,0,0,0,0,0,0,0,0,0,0
170116,1,1,1993,0,0,0,0,0,0,0,0,0,7
170116,2,1,1993,0,0,0,0,0,0,0,0,0,0
170117,1,1,1993,0,0,0,0,0,0,0,0,0,0
170117,2,1,1993,0,0,0,0,0,0,0,0,0,0
170117,3,1,1993,0,0,0,0,0,0,0,0,0,0
170118,1,1,1993,21,21,21,21,21,21,21,21,21,21
170119,1,1,1993,21,9,15,9,15,13,15,23,6,3
170119,2,1,1993,0,0,0,0,0,0,0,0,0,0
170119,3,1,1993,0,0,23,0,11,0,0,0,32,18
170120,1,1,1993,0,0,0,0,0,0,0,0,0,0
170121,1,1,1993,11,11,11,11,11,11,11,11,11,11
170122,0,1,1993,0,0,0,0,0,0,0,0,0,0
170122,1,1,1993,0,0,0,0,0,0,0,0,0,0
170123,1,1,1993,0,0,0,0,0,0,0,0,0,0
170123,2,1,1993,0,0,0,19,0,0,0,0,0,0
170123,3,1,1993,26,0,0,0,0,0,0,0,0,0
170123,4,1,1993,0,0,0,0,0,0,0,0,0,0
170123,5,1,1993,0,0,0,0,0,0,0,0,0,0
170124,1,1,1993,34,6,0,22,22,15,0,11,17,14
170125,0,1,1993,7,7,7,7,7,7,7,7,7,7
170125,1,1,1993,0,0,0,0,0,0,0,0,0,0
170126,0,1,1993,0,0,0,0,0,0,0,0,0,0
170126,1,1,1993,0,0,0,0,0,0,0,0,0,0
170127,1,1,1993,0,0,0,0,0,0,0,0,10,0
170127,2,1,1993,0,0,0,0,0,0,0,0,0,0
170128,1,1,1993,0,0,0,0,0,0,0,0,0,0
170128,2,1,1993,0,0,0,0,0,0,0,0,0,0