ST_CASE,VEH_NO,PER_NO,YEAR,P1,P2,P3,P4,P5,P6,P7,P8,P9,P10
170129,1,1,1993,0,0,0,0,0,0,0,0,0,0
170129,2,1,1993,0,0,0,0,0,0,0,0,0,0
170130,1,1,1993,12,12,12,12,12,12,12,12,12,12
170130,2,1,1993,0,0,0,0,0,0,0,0,0,0
170131,1,1,1993,0,0,0,0,0,0,0,0,0,0
170131,2,1,1993,0,0,12,15,0,0,0,0,0,0
170132,1,1,1993,20,20,20,20,20,20,20,20,20,20
170133,1,1,1993,8,8,8,8,8,8,8,8,8,8
170133,2,1,1993,0,0,0,0,0,0,0,0,0,0
170134,0,1,1993,0,0,0,0,0,0,0,0,0,0
170134,1,1,1993,0,0,0,0,0,0,0,0,0,0
170135,1,1,1993,0,0,0,0,0,0,0,0,0,0
170135,2,1,1993,0,0,0,0,0,0,0,0,0,0
170136,0,1,1993,0,0,0,0,0,0,0,0,0,0
170136,1,1,1993,0,0,0,0,0,0,0,0,0,0
170137,1,1,1993,7,3,11,9,9,4,8,25,17,16
170137,2,1,1993,7,11,20,10,11,4,7,1,10,17
170138,0,1,1993,24,24,24,24,24,24,24,24,24,24
170138,1,1,1993,0,0,0,0,0,0,0,0,0,0
170139,1,1,1993,0,0,0,0,0,0,0,0,0,0
170139,2,1,1993,0,0,0,0,0,0,0,0,0,0
170140,1,1,1993,25,25,25,25,25,25,25,25,25,25
170141,0,1,1993,30,30,30,30,30,30,30,30,30,30
170141,1,1,1993,0,0,0,0,0,0,4,0,0,0
170142,1,1,1993,0,0,0,0,0,0,0,0,0,0
170143,1,1,1993,0,0,0,0,0,0,0,0,0,0
170143,2,1,1993,0,0,0,0,0,0,0,0,0,0
170143,3,1,1993,0,0,0,0,0,0,0,0,0,0
170144,1,1,1993,0,0,0,0,20,0,0,0,0,0
170144,2,1,1993,0,0,0,0,0,0,0,0,0,0
170145,1,1,1993,8,8,8,8,8,8,8,8,8,8
170145,2,1,1993,0,0,0,0,0,0,0,0,0,0
170145,3,1,1993,0,0,0,0,0,0,0,0,0,0
170145,4,1,1993,0,0,0,0,0,0,0,0,0,0
170146,1,1,1993,0,0,0,0,0,0,0,0,0,0
170147,1,1,1993,0,0,0,0,0,0,0,0,0,0
170147,2,1,1993,0,0,0,0,0,0,0,0,0,0
170148,0,1,1993,0,0,0,0,0,0,0,0,0,0
170148,1,1,1993,0,0,0,0,0,0,0,0,0,0
170149,0,1,1993,0,0,0,0,0,0,0,0,0,0
170149,1,1,1993,0,0,0,0,0,0,0,0,0,0
170150,0,1,1993,0,0,0,0,0,0,0,0,0,0
170150,1,1,1993,15,15,15,15,15,15,15,15,15,15
170151,1,1,1993,0,0,0,0,0,0,0,0,0,0
170152,1,1,1993,0,0,0,0,0,0,0,0,0,0
170153,1,1,1993,12,21,16,28,13,0,0,23,0,18
170154,1,1,1993,17,17,17,17,17,17,17,17,17,17
170155,1,1,1993,0,0,0,0,0,0,0,0,0,0
170155,2,1,1993,0,0,0,0,0,0,0,0,0,0
170156,1,1,1993,0,0,0,0,0,0,0,0,0,0
170157,1,1,1993,9,9,9,9,9,9,9,9,9,9
170158,1,1,1993,0,0,7,0,0,0,0,0,0,0
170158,2,1,1993,0,0,0,0,0,0,0,0,0,0
170159,0,1,1993,36,36,36,36,36,36,36,36,36,36
170159,1,1,1993,0,0,0,0,0,0,0,0,0,0
170160,0,1,1993,0,0,0,0,0,0,0,0,0,0
170160,1,1,1993,8,0,16,0,0,0,0,4,0,0
170161,0,1,1993,0,19,0,34,0,0,0,17,0,0
170161,1,1,1993,0,0,0,0,0,10,0,0,0,0
170162,1,1,1993,8,8,8,8,8,8,8,8,8,8
170163,0,1,1993,0,0,0,0,0,0,0,0,0,0
170163,1,1,1993,0,0,3,0,5,0,0,0,0,0
170164,1,1,1993,0,0,0,0,0,0,0,0,0,0
170165,0,1,1993,27,27,27,27,27,27,27,27,27,27
170165,0,2,1993,13,21,21,11,26,9,20,22,13,16
170165,1,1,1993,18,18,18,18,18,18,18,18,18,18
170166,1,1,1993,18,24,24,12,11,18,33,17,10,21
170167,0,1,1993,7,7,7,7,7,7,7,7,7,7
170167,1,1,1993,0,0,0,0,0,0,0,0,0,0
170168,1,1,1993,23,21,9,13,14,8,12,11,7,13
170169,1,1,1993,12,7,22,14,24,18,15,20,18,28
170169,2,1,1993,3,3,3,3,3,3,3,3,3,3
170170,1,1,1993,14,14,14,14,14,14,14,14,14,14
170171,1,1,1993,0,0,0,0,0,0,0,0,0,0
170171,2,1,1993,0,0,0,0,0,0,0,0,0,0
170172,1,1,1993,14,0,0,0,0,0,0,0,0,0
170172,2,1,1993,0,0,0,0,0,0,0,0,0,0
170173,1,1,1993,0,0,0,0,0,0,0,0,0,0
170173,2,1,1993,0,0,0,0,0,0,0,0,0,0
170174,1,1,1993,0,0,0,0,0,0,0,0,0,0
170174,2,1,1993,0,0,0,0,0,0,0,0,0,0
170175,1,1,1993,7,7,7,7,7,7,7,7,7,7
170176,0,1,1993,20,20,20,20,20,20,20,20,20,20
170176,1,1,1993,0,0,0,0,0,0,0,0,0,0
170177,1,1,1993,0,0,0,0,0,0,0,0,0,0
170178,1,1,1993,0,0,0,0,0,0,0,0,0,0
170178,2,1,1993,0,0,0,0,0,0,0,0,0,0
170179,1,1,1993,0,0,0,0,0,0,0,0,0,0
170179,2,1,1993,0,0,0,0,0,0,0,0,0,0
170179,3,1,1993,0,0,0,0,0,0,0,0,0,0
170180,1,1,1993,0,18,0,0,0,0,0,0,0,0
170180,2,1,1993,0,0,0,0,0,0,0,0,0,0
170180,3,1,1993,0,0,0,0,0,0,0,0,0,0
170181,1,1,1993,19,19,19,19,19,19,19,19,19,19
170182,1,1,1993,33,33,33,33,33,33,33,33,33,33
170183,1,1,1993,12,12,12,12,12,12,12,12,12,12
170184,0,1,1993,0,0,0,0,0,0,0,0,0,0
170184,1,1,1993,0,0,0,0,0,0,0,0,0,0
170185,1,1,1993,23,23,23,23,23,23,23,23,23,23
170186,1,1,1993,28,28,28,28,28,28,28,28,28,28
170187,0,1,1993,0,0,0,0,0,0,0,0,0,0
170187,1,1,1993,0,0,0,0,0,0,0,0,0,0
170188,1,1,1993,19,19,19,19,19,19,19,19,19,19
170188,2,1,1993,0,0,0,17,7,0,0,0,0,0
170189,1,1,1993,0,0,0,0,0,0,0,0,0,0
170189,2,1,1993,0,0,0,0,0,0,0,0,0,0
170190,1,1,1993,13,13,13,13,13,13,13,13,13,13
170191,1,1,1993,0,0,0,0,0,0,0,0,0,0
170191,2,1,1993,32,32,32,32,32,32,32,32,32,32
170192,1,1,1993,16,16,16,16,16,16,16,16,16,16
170193,0,1,1993,29,29,29,29,29,29,29,29,29,29
170193,1,1,1993,0,0,0,0,10,0,0,0,28,0
170194,1,1,1993,27,25,0,17,6,9,22,14,16,15
170195,0,1,1993,0,0,0,0,0,0,0,0,0,0
170195,0,2,1993,0,0,0,5,33,42,0,15,0,0
170195,1,1,1993,0,0,0,0,0,0,0,0,0,0
170196,0,1,1993,14,6,0,0,0,0,0,0,0,0
170196,1,1,1993,0,0,0,0,0,0,0,0,0,0
170197,0,1,1993,0,0,0,0,0,0,0,0,0,0
170197,1,1,1993,0,0,0,0,0,0,0,0,11,0
170198,1,1,1993,18,18,18,18,18,18,18,18,18,18
170199,1,1,1993,26,0,0,0,0,12,0,0,0,0
170200,1,1,1993,4,4,4,4,4,4,4,4,4,4
170201,0,1,1993,0,0,0,0,0,0,21,0,0,0
170201,1,1,1993,0,0,0,0,0,0,0,0,0,0
170202,1,1,1993,0,0,0,0,0,0,0,0,0,0
170202,2,1,1993,0,0,0,0,0,0,0,0,0,0
170203,1,1,1993,0,0,0,11,0,0,0,0,0,0
170203,2,1,1993,0,0,0,0,0,0,0,0,0,0
170204,0,1,1993,0,0,0,0,0,0,0,0,0,0
170204,1,1,1993,0,0,0,0,0,0,0,0,0,5
170205,1,1,1993,0,0,0,0,0,0,0,0,0,0
170205,2,1,1993,0,0,0,0,0,0,0,0,0,0
170206,1,1,1993,0,0,0,0,0,0,0,0,0,0
170206,2,1,1993,0,0,0,0,0,0,0,0,0,0
170207,1,1,1993,32,32,32,32,32,32,32,32,32,32
170207,2,1,1993,0,0,0,0,0,0,0,0,0,0
170207,3,1,1993,0,0,0,0,0,0,0,0,0,0
170208,0,1,1993,0,0,0,0,0,0,0,0,0,0
170208,1,1,1993,0,0,0,0,0,0,0,0,0,0
170209,1,1,1993,0,9,0,5,0,0,0,0,0,0
170210,1,1,1993,23,23,23,23,23,23,23,23,23,23
170210,2,1,1993,0,0,0,0,0,0,0,0,0,0
170211,1,1,1993,0,0,0,0,0,0,0,0,0,0
170212,1,1,1993,0,0,0,0,0,0,0,0,0,0
170212,2,1,1993,0,0,0,0,18,0,0,0,0,0
170213,1,1,1993,18,16,21,10,14,6,17,25,12,11
170214,1,1,1993,0,0,0,0,0,0,0,0,0,0
170214,2,1,1993,0,0,0,0,0,0,0,0,0,0
170215,0,1,1993,0,0,0,0,0,0,0,0,0,0
170215,1,1,1993,0,0,0,0,0,0,0,0,0,0
170216,0,1,1993,0,0,0,0,0,0,0,0,0,0
170216,1,1,1993,0,0,0,0,0,0,0,0,0,0
170217,1,1,1993,18,18,18,18,18,18,18,18,18,18
170218,1,1,1993,4,4,4,4,4,4,4,4,4,4
170219,0,1,1993,38,38,38,38,38,38,38,38,38,38
170219,1,1,1993,0,0,0,0,0,0,0,13,0,0
170220,1,1,1993,23,23,23,23,23,23,23,23,23,23
170221,0,1,1993,0,0,0,0,0,0,0,0,0,0
170221,1,1,1993,0,0,0,0,0,0,0,0,0,0
170222,1,1,1993,0,0,0,0,0,0,0,0,0,0
170222,2,1,1993,0,0,0,0,0,0,0,0,0,0
170224,1,1,1993,2,2,2,2,2,2,2,2,2,2
170224,2,1,1993,0,0,0,0,0,0,0,0,0,0
170225,0,1,1993,6,6,6,6,6,6,6,6,6,6
170225,1,1,1993,0,0,0,0,0,0,0,0,0,0
170227,0,1,1993,0,0,0,0,0,0,0,0,0,0
170227,1,1,1993,0,0,0,0,0,0,0,0,0,0
170228,1,1,1993,18,18,18,18,18,18,18,18,18,18
170229,1,1,1993,0,9,10,25,16,36,15,10,24,8
170229,2,1,1993,0,0,0,0,0,0,0,0,0,0
170230,0,1,1993,0,0,0,0,0,0,0,0,0,0
170230,1,1,1993,0,0,0,0,0,0,0,0,0,0
170231,1,1,1993,34,34,34,34,34,34,34,34,34,34
170231,2,1,1993,0,0,0,0,0,0,0,0,0,0
170232,0,1,1993,0,0,0,0,0,0,0,0,0,0
170232,1,1,1993,0,0,0,0,0,0,0,0,0,0
170233,1,1,1993,0,0,0,0,0,0,0,0,0,0
170233,2,1,1993,0,0,0,0,0,0,0,0,0,0
170233,3,1,1993,0,0,0,0,0,0,0,0,0,0
170234,1,1,1993,0,0,0,0,0,0,0,0,0,0
170234,2,1,1993,0,0,0,0,0,0,0,0,0,0
170235,0,1,1993,0,0,0,0,0,0,0,0,0,0
170235,1,1,1993,0,0,0,0,0,0,0,0,0,0
170236,0,1,1993,16,16,16,16,16,16,16,16,16,16
170236,1,1,1993,0,0,13,0,12,0,0,0,0,0
170237,1,1,1993,17,17,17,17,17,17,17,17,17,17
170238,1,1,1993,0,0,0,0,0,0,0,0,0,0
170238,2,1,1993,0,0,0,0,0,0,0,0,0,0
170239,1,1,1993,30,30,30,30,30,30,30,30,30,30
170240,1,1,1993,0,0,0,0,0,0,0,0,0,0
170241,1,1,1993,0,0,13,0,0,0,22,0,10,0
170242,0,1,1993,0,0,0,0,0,0,0,0,0,0
170242,1,1,1993,26,0,14,11,14,5,0,15,20,23
170243,1,1,1993,24,13,11,10,0,15,9,17,13,8
170244,1,1,1993,22,22,22,22,22,22,22,22,22,22
170245,1,1,1993,0,0,0,0,0,0,0,0,0,0
170245,2,1,1993,0,0,0,0,0,0,0,0,0,0
170246,1,1,1993,0,0,0,0,0,0,0,0,0,0
170247,1,1,1993,0,0,0,0,0,0,0,0,0,0
170247,2,1,1993,0,0,0,0,0,0,0,0,0,0
170248,1,1,1993,0,0,0,0,0,0,0,0,0,0
170248,2,1,1993,0,0,0,0,0,0,0,0,0,0
170249,1,1,1993,0,0,0,0,0,0,0,0,0,0
170249,2,1,1993,0,0,0,0,0,0,0,0,0,0
170250,1,1,1993,0,0,0,0,0,0,0,0,0,0
170251,1,1,1993,0,0,0,0,0,0,0,0,0,0
170253,1,1,1993,17,17,17,17,17,17,17,17,17,17
170254,1,1,1993,11,21,8,17,10,6,5,11,6,21
170254,2,1,1993,0,0,9,22,0,0,0,0,0,0
170255,1,1,1993,0,0,0,0,0,0,0,0,0,0
170256,1,1,1993,0,0,0,0,10,0,0,0,12,0
170257,1,1,1993,0,0,0,0,0,0,0,0,0,0
170258,1,1,1993,0,0,0,0,0,0,0,0,0,0
170258,2,1,1993,0,0,0,0,0,0,0,0,0,0
170258,3,1,1993,0,0,0,3,0,0,0,0,0,0
170259,1,1,1993,16,16,16,16,16,16,16,16,16,16
170260,1,1,1993,21,21,21,21,21,21,21,21,21,21
170260,2,1,1993,0,0,0,0,0,0,0,0,0,0
170260,3,1,1993,0,0,0,0,0,0,0,0,0,0
170261,1,1,1993,8,8,8,8,8,8,8,8,8,8
170262,1,1,1993,21,21,21,21,21,21,21,21,21,21
170262,2,1,1993,8,0,0,0,6,10,0,0,0,0
170263,1,1,1993,17,0,11,25,17,17,0,0,13,16
170264,1,1,1993,0,0,0,0,0,0,0,0,0,0
170264,2,1,1993,0,0,0,0,0,0,0,0,0,0
170265,1,1,1993,13,13,13,13,13,13,13,13,13,13
170266,1,1,1993,0,0,0,0,0,0,0,0,0,0
170266,2,1,1993,0,0,0,0,0,0,0,0,0,0
170267,1,1,1993,17,17,17,17,17,17,17,17,17,17
170267,2,1,1993,0,0,8,0,0,0,0,0,0,15
170268,1,1,1993,13,20,9,7,26,21,17,33,20,9
170268,2,1,1993,0,0,0,0,0,0,0,0,0,0
170269,1,1,1993,20,20,20,20,20,20,20,20,20,20
170270,1,1,1993,0,0,0,0,0,0,0,0,0,0
170270,2,1,1993,12,0,0,0,0,0,0,0,0,0
170271,1,1,1993,0,0,0,0,0,0,0,0,0,0
170271,2,1,1993,0,0,0,0,0,0,0,0,0,0
170273,1,1,1993,0,0,0,0,0,0,0,0,0,0
170273,2,1,1993,0,0,0,0,0,0,0,0,0,0
170274,0,1,1993,15,15,15,15,15,15,15,15,15,15
170274,1,1,1993,18,0,7,0,6,6,0,0,27,9
170275,1,1,1993,24,24,24,24,24,24,24,24,24,24
170275,2,1,1993,0,0,0,0,0,0,0,0,0,0
170276,1,1,1993,0,0,0,0,0,0,0,0,0,0
170276,2,1,1993,0,0,0,0,0,0,0,0,0,0
170277,1,1,1993,18,18,18,18,18,18,18,18,18,18
170278,0,1,1993,0,0,0,0,0,0,0,0,0,0
170278,1,1,1993,0,17,24,15,0,2,0,8,20,14
170279,0,1,1993,0,0,0,0,0,0,0,0,0,0
170279,1,1,1993,0,0,0,0,0,0,0,0,0,0
170280,1,1,1993,0,0,5,0,16,0,0,0,0,0
170280,2,1,1993,0,0,0,0,0,0,0,0,0,0
170280,3,1,1993,0,7,0,0,0,0,0,0,0,0
170281,1,1,1993,0,0,0,0,0,0,12,0,0,0
170281,2,1,1993,0,0,0,0,0,0,0,0,0,0
170282,1,1,1993,0,0,0,0,0,0,0,6,16,12
170282,2,1,1993,0,0,0,0,0,0,0,0,0,0
170283,0,1,1993,32,0,0,34,14,23,30,16,29,14
170283,1,1,1993,0,0,0,0,0,0,0,0,0,0
170284,0,1,1993,0,0,0,0,0,0,0,0,0,0
170284,1,1,1993,0,0,0,0,0,0,0,0,0,0
170285,0,1,1993,0,0,0,0,0,0,0,0,0,0
170285,1,1,1993,0,0,0,0,0,0,0,0,0,0
170286,1,1,1993,29,0,14,21,9,0,0,0,0,12
170287,0,1,1993,0,0,0,0,0,0,0,0,0,0
170287,1,1,1993,0,0,0,0,0,0,0,0,0,0
170288,1,1,1993,0,0,0,0,0,0,23,11,0,0
170289,1,1,1993,0,0,0,0,0,0,29,16,11,0
170290,1,1,1993,0,0,0,0,0,0,0,0,0,0
170290,2,1,1993,0,0,0,0,0,0,0,0,0,0
170291,1,1,1993,0,0,0,0,0,0,0,0,0,0
170292,0,1,1993,14,14,14,14,14,14,14,14,14,14
170292,1,1,1993,14,0,0,11,6,18,0,0,0,8
170293,1,1,1993,11,11,11,11,11,11,11,11,11,11
170294,1,1,1993,22,22,22,22,22,22,22,22,22,22
170295,1,1,1993,0,0,0,0,0,0,0,0,0,0
170295,2,1,1993,0,0,0,0,0,0,0,0,0,0
170296,1,1,1993,24,5,4,4,16,14,6,10,20,6
170296,2,1,1993,0,0,0,0,0,0,0,0,0,0
170297,1,1,1993,0,0,13,0,0,0,0,0,0,0
170297,2,1,1993,0,0,0,0,0,0,0,0,0,0
170298,1,1,1993,17,17,17,17,17,17,17,17,17,17
170299,1,1,1993,17,17,17,17,17,17,17,17,17,17
170300,1,1,1993,11,11,6,0,0,0,0,0,0,12
170301,1,1,1993,13,13,13,13,13,13,13,13,13,13
170301,2,1,1993,0,0,0,0,0,0,0,0,0,0
170302,1,1,1993,29,29,29,29,29,29,29,29,29,29
170303,1,1,1993,0,0,0,0,0,0,0,0,0,0
170304,1,1,1993,1,1,1,1,1,1,1,1,1,1
170305,1,1,1993,0,0,0,0,0,0,0,0,0,0
170305,2,1,1993,0,0,0,0,0,0,0,0,0,0
170306,1,1,1993,0,0,0,0,0,0,0,0,0,0
170306,2,1,1993,0,0,0,0,0,0,0,0,0,0
170307,1,1,1993,0,0,0,0,0,0,0,0,0,0
170307,2,1,1993,0,0,0,0,0,0,0,0,0,0
170308,1,1,1993,0,0,0,0,0,0,0,0,0,0
170309,1,1,1993,0,0,0,0,0,0,0,0,0,0
170309,2,1,1993,0,0,0,0,0,0,0,0,0,0
170310,1,1,1993,0,0,0,0,0,0,0,0,0,0
170311,1,1,1993,3,17,10,17,0,7,0,0,15,17
170311,2,1,1993,0,0,0,0,0,0,0,0,0,0
170311,3,1,1993,0,0,0,0,0,0,0,0,0,0
170312,1,1,1993,20,20,20,20,20,20,20,20,20,20
170313,1,1,1993,4,21,0,26,13,27,0,21,22,0
170313,2,1,1993,0,0,0,0,0,0,0,0,0,0
170314,1,1,1993,0,0,0,0,0,0,0,0,0,0
170315,1,1,1993,1,1,1,1,1,1,1,1,1,1
170315,2,1,1993,0,0,0,0,0,0,0,0,0,0
170316,1,1,1993,12,12,12,12,12,12,12,12,12,12
170317,1,1,1993,14,14,14,14,14,14,14,14,14,14
170317,2,1,1993,0,0,0,0,0,0,0,0,0,0
170318,1,1,1993,0,0,0,0,0,0,0,0,0,2
170319,0,1,1993,0,0,0,0,0,0,0,0,0,0
170319,1,1,1993,0,14,0,0,0,0,0,0,0,0
170320,1,1,1993,0,0,0,0,0,0,0,0,0,0
170320,2,1,1993,0,0,0,0,0,0,0,0,0,0
170321,1,1,1993,0,0,0,0,0,0,0,0,0,0
170321,2,1,1993,0,0,0,0,0,0,0,0,0,0
170322,0,1,1993,0,0,0,0,0,0,0,0,0,0
170322,0,2,1993,0,0,0,0,13,0,0,0,0,0
170322,1,1,1993,0,6,0,0,0,0,0,0,0,0
170323,1,1,1993,12,12,12,12,12,12,12,12,12,12
170324,1,1,1993,21,21,21,21,21,21,21,21,21,21
170325,0,1,1993,50,19,26,15,31,24,0,7,15,24
170325,1,1,1993,20,20,20,20,20,20,20,20,20,20
170325,2,1,1993,0,0,0,0,0,0,0,0,0,0
170326,0,1,1993,0,0,0,0,0,0,0,0,0,0
170326,1,1,1993,0,0,0,0,0,0,0,0,0,0
170327,1,1,1993,18,18,18,18,18,18,18,18,18,18
170328,1,1,1993,14,14,14,14,14,14,14,14,14,14
170329,1,1,1993,8,4,17,29,10,5,0,4,0,14
170329,2,1,1993,0,0,0,0,0,0,0,0,0,0
170330,1,1,1993,0,0,0,0,0,0,14,0,0,0
170330,2,1,1993,0,0,0,0,0,0,0,0,0,0
170331,0,1,1993,0,0,0,0,0,0,0,0,0,0
170331,1,1,1993,0,0,0,0,0,0,0,0,0,0
170332,1,1,1993,0,0,0,0,0,0,0,0,0,0
170333,1,1,1993,10,10,10,10,10,10,10,10,10,10
170333,2,1,1993,2,2,2,2,2,2,2,2,2,2
170334,1,1,1993,0,0,0,0,0,0,0,0,0,0
170334,2,1,1993,0,0,0,0,0,0,0,0,0,0
170335,1,1,1993,9,9,9,9,9,9,9,9,9,9
170335,2,1,1993,14,14,14,14,14,14,14,14,14,14
170336,0,1,1993,0,0,0,0,0,0,0,0,0,0
170336,1,1,1993,0,0,0,0,0,0,0,0,0,0
170337,1,1,1993,0,0,0,0,0,0,0,0,0,0
170338,0,1,1993,0,0,0,0,0,0,0,0,0,0
170338,1,1,1993,0,0,0,0,0,0,0,0,0,0
170339,0,1,1993,15,15,15,15,15,15,15,15,15,15
170339,1,1,1993,0,0,0,0,0,0,0,0,0,0
170340,1,1,1993,0,0,0,0,0,0,0,0,0,0
170340,2,1,1993,0,0,0,0,20,0,0,21,0,0
170341,1,1,1993,23,23,23,23,23,23,23,23,23,23
170342,1,1,1993,0,0,0,0,0,0,0,0,0,0
170342,2,1,1993,0,0,0,0,0,0,0,0,0,0
170343,1,1,1993,0,0,0,0,0,0,0,0,0,0
170343,2,1,1993,0,0,0,0,0,0,0,0,0,0
170344,1,1,1993,0,0,0,0,0,0,0,0,0,0
170345,1,1,1993,0,0,0,0,0,0,0,0,0,0
170346,1,1,1993,14,14,14,14,14,14,14,14,14,14
170347,1,1,1993,0,0,0,0,0,0,0,0,0,0
170348,1,1,1993,23,23,23,23,23,23,23,23,23,23
170349,1,1,1993,0,0,0,18,0,0,0,0,0,0
170349,2,1,1993,0,0,0,0,0,0,0,0,0,0
170350,1,1,1993,0,0,0,0,0,0,0,0,0,0
170350,2,1,1993,0,0,0,0,0,0,0,0,0,0
170351,1,1,1993,0,0,0,0,0,0,0,0,0,0
170351,2,1,1993,0,0,0,0,0,0,0,0,0,0
170352,1,1,1993,0,0,18,0,0,0,0,0,0,0
170352,2,1,1993,0,0,0,0,0,0,0,0,0,0
170353,1,1,1993,22,22,22,22,22,22,22,22,22,22
170354,1,1,1993,0,0,0,0,0,0,0,0,0,0
170354,2,1,1993,0,0,0,0,0,0,0,0,0,0
170355,1,1,1993,0,0,0,0,0,0,0,0,0,0
170355,2,1,1993,0,0,0,0,0,0,0,0,0,0
170356,1,1,1993,20,20,20,20,20,20,20,20,20,20
170357,1,1,1993,14,14,14,14,14,14,14,14,14,14
170357,2,1,1993,0,0,0,0,0,0,0,0,0,0
170359,1,1,1993,0,0,14,0,0,0,0,0,0,0
170359,2,1,1993,0,0,0,0,0,0,0,0,0,0
170360,1,1,1993,0,0,0,0,0,0,0,0,0,0
170360,2,1,1993,0,0,0,0,0,0,0,0,0,0
170361,1,1,1993,8,8,8,8,8,8,8,8,8,8
170362,1,1,1993,0,0,0,0,0,0,0,0,0,0
170362,2,1,1993,0,0,0,0,0,0,0,0,0,0
170363,1,1,1993,15,0,10,0,0,10,0,0,0,0
170364,1,1,1993,0,0,0,0,0,0,0,0,0,0
170365,1,1,1993,0,0,0,0,0,0,8,0,0,0
170365,2,1,1993,0,0,13,0,0,0,0,0,0,0
170366,1,1,1993,41,41,41,41,41,41,41,41,41,41
170367,1,1,1993,12,12,12,12,12,12,12,12,12,12
170368,0,1,1993,0,0,0,0,0,0,0,0,0,0
170368,0,2,1993,0,0,23,0,0,0,12,0,0,10
170368,0,3,1993,0,0,0,14,10,13,0,0,0,0
170368,1,1,1993,0,0,0,0,0,0,0,0,0,0
170368,2,1,1993,0,0,0,0,0,0,0,0,0,0
170369,0,1,1993,0,0,0,0,0,0,0,0,0,0
170369,1,1,1993,0,0,0,0,0,0,0,0,0,0
170370,1,1,1993,3,3,3,3,3,3,3,3,3,3
170371,1,1,1993,4,4,4,4,4,4,4,4,4,4
170372,0,1,1993,22,0,37,0,0,18,0,55,0,23
170372,1,1,1993,0,0,0,0,0,0,0,0,0,0
170373,1,1,1993,8,8,8,8,8,8,8,8,8,8
170373,2,1,1993,0,0,0,0,0,0,0,0,0,0
170374,1,1,1993,23,23,23,23,23,23,23,23,23,23
170375,1,1,1993,0,0,0,0,0,0,13,23,0,0
170376,1,1,1993,16,16,16,16,16,16,16,16,16,16
170377,1,1,1993,0,0,0,0,0,0,0,0,0,0
170377,2,1,1993,0,0,0,0,0,0,0,0,0,0
170378,1,1,1993,23,23,23,23,23,23,23,23,23,23
170379,1,1,1993,0,0,0,0,0,0,0,0,0,0
170380,1,1,1993,19,19,19,19,19,19,19,19,19,19
170381,1,1,1993,16,10,0,0,0,12,8,0,13,21
170382,0,1,1993,26,13,15,0,18,13,14,0,37,33
170382,1,1,1993,0,0,0,4,0,0,0,3,0,0
170383,1,1,1993,23,23,23,23,23,23,23,23,23,23
170384,1,1,1993,0,0,0,0,0,0,0,0,0,0
170384,2,1,1993,0,0,0,0,0,0,0,0,0,0
170385,1,1,1993,4,4,4,4,4,4,4,4,4,4
170386,1,1,1993,0,0,0,0,0,0,0,0,0,0
170388,1,1,1993,0,0,0,0,0,0,0,0,0,0
170388,2,1,1993,0,21,0,0,0,0,0,0,0,0
170388,3,1,1993,0,0,0,0,0,0,0,0,0,0
170389,1,1,1993,0,0,0,0,0,0,0,0,0,0
170389,2,1,1993,0,0,0,0,0,0,0,0,0,0
170390,1,1,1993,0,0,0,0,0,0,0,0,0,0
170390,2,1,1993,0,0,0,0,0,0,0,0,0,0
170391,1,1,1993,0,0,0,0,0,0,0,0,0,0
170391,2,1,1993,25,25,25,25,25,25,25,25,25,25
170391,3,1,1993,0,0,0,0,0,8,0,0,0,0
170392,0,1,1993,21,21,21,21,21,21,21,21,21,21
170392,1,1,1993,13,0,0,0,0,0,0,0,0,0
170393,1,1,1993,16,10,14,11,0,0,6,0,0,6
170394,1,1,1993,21,21,21,21,21,21,21,21,21,21
170395,1,1,1993,0,0,0,0,0,0,0,0,0,0
170396,0,1,1993,0,0,0,0,0,0,0,0,0,0
170396,1,1,1993,0,0,0,0,0,0,0,0,0,0
170397,1,1,1993,0,0,0,0,0,0,0,0,0,0
170397,2,1,1993,0,0,0,0,0,0,0,0,0,0
170398,1,1,1993,0,0,0,0,0,0,0,0,0,0
170399,1,1,1993,16,16,16,16,16,16,16,16,16,16
170399,2,1,1993,0,0,0,0,0,17,0,0,0,0
170399,3,1,1993,0,0,0,0,0,0,0,0,0,0
170400,1,1,1993,0,0,0,0,0,5,0,0,0,0
170401,1,1,1993,5,5,5,5,5,5,5,5,5,5
170401,2,1,1993,22,22,22,22,22,22,22,22,22,22
170402,1,1,1993,0,0,0,0,0,0,0,0,0,0
170403,0,1,1993,24,0,14,13,0,0,0,0,0,17
170403,1,1,1993,0,0,0,10,0,0,0,0,13,0
170404,1,1,1993,0,0,0,0,0,0,0,0,0,0
170404,2,1,1993,0,0,0,0,0,0,0,0,0,0
170405,1,1,1993,11,22,14,12,30,20,8,7,30,24
170405,2,1,1993,0,0,0,0,0,0,0,0,0,0
170405,3,1,1993,0,0,0,12,0,0,0,7,0,0
170406,1,1,1993,23,23,23,23,23,23,23,23,23,23
170408,0,1,1993,0,0,0,0,0,0,0,0,0,0
170408,1,1,1993,0,0,0,0,0,0,0,0,0,0
170410,1,1,1993,0,0,0,0,0,0,0,0,0,0
170411,1,1,1993,8,8,8,8,8,8,8,8,8,8
170411,2,1,1993,0,0,0,0,0,0,0,0,16,0