ST_CASE,VEH_NO,PER_NO,YEAR,P1,P2,P3,P4,P5,P6,P7,P8,P9,P10
170412,1,1,1993,0,0,0,0,0,0,0,0,0,0
170412,2,1,1993,0,0,0,0,0,0,0,0,0,0
170413,1,1,1993,0,0,0,0,0,0,0,0,0,0
170413,2,1,1993,0,0,0,0,0,0,0,0,0,0
170414,1,1,1993,0,0,0,6,0,0,9,0,13,0
170414,2,1,1993,0,0,0,0,0,0,0,0,0,0
170415,1,1,1993,13,13,13,13,13,13,13,13,13,13
170415,2,1,1993,0,0,0,0,0,0,0,0,0,0
170416,1,1,1993,0,0,0,0,0,0,0,5,0,15
170416,2,1,1993,0,12,0,0,0,0,0,0,0,0
170418,1,1,1993,23,5,0,7,14,18,19,13,27,6
170418,2,1,1993,0,0,0,0,0,0,0,0,0,0
170419,1,1,1993,24,24,24,24,24,24,24,24,24,24
170419,2,1,1993,1,0,0,0,0,0,0,0,0,0
170419,3,1,1993,0,0,21,0,0,0,0,0,0,0
170420,1,1,1993,29,29,29,29,29,29,29,29,29,29
170421,1,1,1993,15,15,15,15,15,15,15,15,15,15
170422,1,1,1993,0,0,0,0,14,0,0,0,0,0
170423,1,1,1993,0,19,0,0,0,7,0,0,0,0
170424,1,1,1993,11,15,22,5,10,10,14,8,15,10
170425,1,1,1993,0,0,0,0,0,0,0,0,0,0
170425,2,1,1993,0,0,0,0,0,0,0,0,0,0
170426,1,1,1993,0,0,0,0,0,0,0,0,0,0
170426,2,1,1993,0,0,0,0,0,0,0,0,0,0
170427,0,1,1993,0,0,0,27,0,0,0,0,0,0
170427,1,1,1993,0,0,0,0,0,0,0,0,0,0
170428,1,1,1993,0,0,0,0,0,0,0,0,0,0
170429,1,1,1993,30,30,30,30,30,30,30,30,30,30
170429,2,1,1993,0,0,0,0,0,0,0,0,0,13
170430,1,1,1993,23,23,23,23,23,23,23,23,23,23
170431,1,1,1993,0,0,0,0,0,0,0,0,0,0
170431,2,1,1993,0,0,0,0,0,0,0,0,0,0
170432,0,1,1993,0,0,0,0,0,0,0,0,0,0
170432,1,1,1993,0,0,0,0,0,0,0,0,0,0
170432,2,1,1993,0,0,0,0,0,0,0,0,0,0
170433,1,1,1993,0,0,0,0,0,0,0,0,0,0
170433,2,1,1993,0,0,0,0,0,0,0,0,0,0
170434,1,1,1993,0,0,0,0,0,0,0,0,0,0
170435,1,1,1993,10,10,10,10,10,10,10,10,10,10
170436,1,1,1993,0,0,7,0,9,8,0,0,31,30
170436,2,1,1993,24,24,24,24,24,24,24,24,24,24
170437,1,1,1993,0,10,9,0,0,0,0,0,0,20
170437,2,1,1993,0,0,0,0,0,0,0,0,0,0
170438,1,1,1993,0,0,0,0,0,0,0,0,0,0
170438,2,1,1993,0,0,0,0,0,0,0,0,0,0
170439,1,1,1993,23,10,16,0,0,12,22,18,3,7
170440,1,1,1993,0,0,0,0,0,0,0,0,0,0
170441,0,1,1993,0,0,0,0,0,0,0,0,0,0
170441,1,1,1993,0,0,0,0,0,0,0,0,0,0
170442,1,1,1993,0,0,0,0,0,0,0,0,0,0
170442,2,1,1993,0,0,0,0,0,0,0,0,0,0
170443,1,1,1993,0,0,0,0,0,0,0,0,0,0
170444,1,1,1993,0,0,0,0,0,0,0,0,0,0
170444,2,1,1993,0,0,0,0,0,0,0,0,0,0
170445,1,1,1993,0,0,0,0,0,0,0,0,0,0
170445,2,1,1993,0,0,0,0,0,0,0,0,0,0
170446,0,1,1993,3,3,3,3,3,3,3,3,3,3
170446,1,1,1993,0,0,0,0,0,0,0,0,0,12
170447,1,1,1993,0,0,0,26,0,0,0,0,0,0
170447,2,1,1993,0,0,0,0,0,0,0,0,0,0
170447,3,1,1993,0,0,0,0,0,0,0,0,0,0
170448,1,1,1993,19,19,19,19,19,19,19,19,19,19
170448,2,1,1993,0,0,0,0,0,0,0,0,0,0
170449,1,1,1993,0,0,0,0,0,0,0,0,0,0
170449,2,1,1993,0,0,0,0,0,0,0,0,0,0
170449,3,1,1993,0,0,0,0,0,0,0,0,0,0
170450,1,1,1993,0,0,0,0,0,0,0,0,0,0
170451,1,1,1993,0,0,0,0,0,0,0,0,0,11
170451,2,1,1993,0,0,0,0,0,0,0,0,0,0
170452,1,1,1993,0,0,0,0,0,0,0,0,0,0
170453,1,1,1993,25,25,25,25,25,25,25,25,25,25
170454,1,1,1993,4,11,8,27,0,5,0,16,5,2
170454,2,1,1993,0,0,0,0,0,0,0,0,0,0
170454,3,1,1993,0,0,0,0,0,0,0,0,0,0
170454,4,1,1993,0,0,0,0,0,0,0,0,0,0
170455,1,1,1993,0,0,0,0,0,0,0,0,0,0
170455,2,1,1993,0,0,0,0,0,0,0,0,0,0
170456,1,1,1993,6,6,6,6,6,6,6,6,6,6
170457,1,1,1993,10,10,10,10,10,10,10,10,10,10
170458,1,1,1993,0,0,0,0,0,0,0,0,0,0
170458,2,1,1993,4,0,0,0,9,0,0,0,0,0
170459,1,1,1993,0,14,0,4,0,0,0,0,11,6
170460,1,1,1993,0,0,0,0,0,0,0,0,0,0
170460,2,1,1993,7,7,7,7,7,7,7,7,7,7
170461,1,1,1993,11,6,15,0,9,0,0,0,0,0
170461,2,1,1993,0,0,0,0,0,0,0,0,0,0
170461,3,1,1993,0,0,0,0,0,0,0,0,0,0
170461,4,1,1993,0,0,0,0,0,0,0,0,0,0
170462,1,1,1993,0,3,0,13,0,0,0,0,0,11
170463,1,1,1993,0,0,0,0,0,0,0,0,0,0
170463,2,1,1993,0,0,0,0,0,0,0,0,0,0
170464,1,1,1993,10,10,10,10,10,10,10,10,10,10
170465,1,1,1993,0,12,11,16,13,15,30,13,10,8
170466,0,1,1993,0,0,0,0,0,0,0,0,0,0
170466,1,1,1993,0,0,0,0,0,0,0,0,0,0
170467,1,1,1993,17,17,17,17,17,17,17,17,17,17
170467,2,1,1993,0,0,0,0,0,0,0,0,0,0
170467,3,1,1993,0,0,31,0,0,0,0,0,0,0
170468,1,1,1993,38,23,12,14,21,7,7,26,11,7
170468,2,1,1993,6,0,0,0,0,0,0,0,0,0
170469,1,1,1993,0,0,0,0,0,0,0,0,0,0
170469,2,1,1993,0,0,0,0,0,0,0,0,0,0
170470,1,1,1993,8,11,10,12,3,20,20,8,4,17
170471,0,1,1993,0,0,0,0,0,0,0,0,0,0
170471,1,1,1993,0,0,0,0,0,0,0,0,0,0
170472,1,1,1993,0,0,0,0,0,0,0,0,0,0
170472,2,1,1993,0,0,0,0,0,0,0,0,0,0
170473,1,1,1993,19,19,19,19,19,19,19,19,19,19
170473,2,1,1993,0,0,0,0,0,0,0,0,0,0
170474,1,1,1993,0,10,0,0,0,0,0,0,0,0
170475,1,1,1993,0,0,15,6,9,9,0,21,14,8
170476,0,1,1993,0,0,0,0,0,0,0,0,0,0
170476,1,1,1993,0,0,0,0,0,0,0,0,0,0
170477,1,1,1993,0,0,0,0,0,0,0,0,0,0
170477,2,1,1993,11,0,0,0,0,0,0,20,9,0
170478,1,1,1993,11,11,11,11,11,11,11,11,11,11
170479,1,1,1993,0,0,0,0,0,0,0,0,0,0
170480,1,1,1993,0,0,0,0,0,0,0,0,0,0
170480,2,1,1993,0,0,0,0,0,0,0,0,0,0
170481,1,1,1993,0,0,0,0,0,0,0,0,0,0
170482,0,1,1993,0,0,0,0,0,0,0,0,0,0
170482,1,1,1993,0,0,0,0,0,0,0,0,12,0
170483,1,1,1993,16,25,13,20,16,21,16,18,33,14
170484,1,1,1993,17,17,17,17,17,17,17,17,17,17
170485,1,1,1993,0,0,21,0,0,19,0,0,0,0
170486,1,1,1993,27,19,3,14,0,11,16,12,4,11
170486,2,1,1993,0,0,0,0,0,0,0,0,0,0
170487,1,1,1993,6,6,6,6,6,6,6,6,6,6
170488,0,1,1993,0,0,0,0,0,0,0,0,0,0
170488,0,2,1993,0,0,0,0,0,20,0,24,12,0
170488,0,3,1993,0,17,0,15,0,22,0,15,0,0
170488,1,1,1993,21,21,21,21,21,21,21,21,21,21
170489,0,1,1993,0,0,0,0,0,0,0,0,0,0
170489,1,1,1993,0,0,0,0,0,0,0,0,0,0
170490,0,1,1993,0,0,0,0,0,0,0,0,0,0
170490,1,1,1993,22,0,17,0,0,0,20,0,0,0
170491,1,1,1993,0,0,0,0,0,0,0,0,0,0
170491,2,1,1993,0,0,0,0,0,0,0,0,0,0
170491,3,1,1993,0,0,0,0,0,0,0,0,0,0
170492,1,1,1993,0,25,0,0,0,0,0,0,0,0
170493,1,1,1993,0,0,0,0,0,0,0,0,0,0
170493,2,1,1993,0,0,0,0,0,0,0,0,0,0
170493,3,1,1993,0,0,0,0,0,0,0,0,0,0
170494,1,1,1993,0,0,0,0,0,0,0,0,0,10
170494,2,1,1993,0,0,0,0,16,0,0,0,0,0
170495,1,1,1993,13,13,13,13,13,13,13,13,13,13
170496,1,1,1993,24,27,12,15,16,15,16,21,21,12
170497,1,1,1993,14,14,14,14,14,14,14,14,14,14
170498,0,1,1993,34,34,34,34,34,34,34,34,34,34
170498,1,1,1993,3,0,0,0,5,0,0,10,0,0
170499,1,1,1993,15,15,12,10,12,3,14,7,8,16
170499,2,1,1993,0,0,0,0,0,0,0,0,0,0
170500,1,1,1993,0,0,0,0,0,0,0,0,0,0
170500,2,1,1993,0,0,0,0,0,0,0,0,0,0
170501,0,1,1993,0,0,0,0,0,0,17,0,0,0
170501,1,1,1993,0,0,0,0,0,0,0,0,0,0
170502,1,1,1993,0,0,0,0,0,0,0,0,0,0
170503,0,1,1993,25,25,25,25,25,25,25,25,25,25
170503,1,1,1993,0,0,0,0,0,0,0,0,0,0
170504,1,1,1993,23,23,23,23,23,23,23,23,23,23
170505,1,1,1993,34,34,34,34,34,34,34,34,34,34
170506,1,1,1993,26,26,26,26,26,26,26,26,26,26
170506,2,1,1993,0,0,0,0,0,0,0,0,0,0
170507,1,1,1993,0,0,0,0,0,0,0,0,0,0
170507,2,1,1993,0,0,0,0,0,0,0,0,0,0
170507,3,1,1993,0,0,0,0,0,0,0,0,0,0
170508,1,1,1993,18,18,18,18,18,18,18,18,18,18
170509,0,1,1993,28,28,28,28,28,28,28,28,28,28
170509,1,1,1993,0,0,0,0,0,0,0,0,0,9
170510,1,1,1993,22,22,22,22,22,22,22,22,22,22
170511,0,1,1993,0,0,0,0,0,0,0,0,0,0
170511,1,1,1993,10,11,12,13,13,0,18,0,2,0
170512,1,1,1993,21,21,21,21,21,21,21,21,21,21
170513,0,1,1993,0,0,0,0,0,0,0,0,0,0
170513,1,1,1993,0,0,0,0,0,0,0,0,0,0
170514,1,1,1993,24,24,24,24,24,24,24,24,24,24
170514,2,1,1993,7,0,0,0,0,13,0,0,0,0
170515,0,1,1993,17,17,17,17,17,17,17,17,17,17
170515,1,1,1993,0,24,0,0,12,0,0,3,0,0
170515,2,1,1993,0,0,0,0,0,0,0,0,0,0
170516,1,1,1993,0,0,0,0,0,0,0,0,0,0
170516,2,1,1993,0,0,0,0,0,0,0,0,0,0
170516,3,1,1993,0,0,0,0,0,0,0,0,0,0
170516,4,1,1993,0,0,0,0,0,0,0,0,0,0
170517,1,1,1993,0,0,0,0,0,0,0,0,0,0
170517,2,1,1993,0,0,0,0,0,0,0,0,0,0
170518,1,1,1993,0,0,0,0,0,0,0,0,0,0
170519,1,1,1993,0,0,0,0,0,0,0,0,0,0
170519,2,1,1993,0,0,0,0,0,0,0,0,0,0
170520,1,1,1993,0,0,0,0,0,0,0,0,0,0
170520,2,1,1993,0,0,0,18,0,0,0,0,0,0
170521,1,1,1993,0,0,0,0,0,0,0,0,0,0
170522,1,1,1993,0,0,0,0,0,0,0,0,0,0
170523,1,1,1993,0,0,0,0,0,0,0,0,0,0
170523,2,1,1993,0,0,0,0,0,0,0,0,0,0
170524,0,1,1993,0,0,0,0,15,0,18,21,0,0
170524,1,1,1993,0,0,0,0,0,0,0,0,0,0
170525,0,1,1993,0,0,0,0,0,0,0,0,0,0
170525,1,1,1993,0,0,0,0,0,4,0,0,0,0
170526,1,1,1993,7,7,7,7,7,7,7,7,7,7
170526,2,1,1993,0,0,0,0,0,0,0,0,0,0
170527,1,1,1993,0,0,6,0,0,0,0,0,0,0
170527,2,1,1993,0,0,0,0,0,0,0,0,0,0
170528,1,1,1993,0,0,0,0,0,0,0,0,0,0
170528,2,1,1993,0,0,0,0,0,0,0,0,0,0
170529,1,1,1993,0,0,0,0,0,0,0,0,0,0
170529,2,1,1993,0,0,0,0,0,0,0,0,0,0
170530,1,1,1993,15,15,15,15,15,15,15,15,15,15
170530,2,1,1993,0,30,12,7,12,2,0,11,13,0
170531,1,1,1993,0,0,0,0,0,0,0,0,0,0
170531,2,1,1993,0,0,0,0,0,0,0,0,0,0
170532,1,1,1993,0,0,0,0,0,0,0,0,0,0
170532,2,1,1993,0,0,0,0,0,0,0,0,0,0
170534,1,1,1993,11,11,11,11,11,11,11,11,11,11
170535,1,1,1993,23,23,23,23,23,23,23,23,23,23
170536,1,1,1993,24,24,24,24,24,24,24,24,24,24
170537,1,1,1993,0,0,0,0,0,0,0,0,0,0
170537,2,1,1993,0,0,0,0,0,0,0,0,0,0
170538,1,1,1993,14,14,14,14,14,14,14,14,14,14
170539,1,1,1993,12,12,12,12,12,12,12,12,12,12
170540,1,1,1993,22,22,22,22,22,22,22,22,22,22
170541,1,1,1993,17,7,30,14,18,16,12,17,22,0
170542,1,1,1993,8,8,8,8,8,8,8,8,8,8
170542,2,1,1993,0,0,0,0,0,0,0,0,0,0
170543,1,1,1993,19,19,19,19,19,19,19,19,19,19
170543,2,1,1993,0,0,0,0,0,0,0,0,0,0
170544,1,1,1993,0,0,0,0,0,0,0,0,0,0
170544,2,1,1993,0,0,0,6,0,0,0,0,0,0
170545,1,1,1993,0,0,0,0,0,0,0,0,0,0
170546,1,1,1993,0,0,0,0,0,0,0,0,0,0
170547,1,1,1993,0,0,0,0,0,0,0,0,0,0
170547,2,1,1993,0,0,0,0,0,0,0,0,0,0
170548,1,1,1993,6,4,8,9,19,2,20,21,11,13
170548,2,1,1993,0,0,0,0,0,0,0,0,0,0
170549,1,1,1993,0,22,18,22,21,0,20,0,22,7
170550,1,1,1993,0,0,0,0,0,0,0,0,0,0
170551,1,1,1993,11,11,11,11,11,11,11,11,11,11
170552,1,1,1993,0,0,0,0,0,0,0,0,0,0
170553,1,1,1993,0,0,0,0,0,0,0,0,0,0
170553,2,1,1993,0,0,0,0,0,0,0,17,0,0
170554,1,1,1993,0,0,0,0,0,0,0,0,0,0
170555,1,1,1993,22,22,22,22,22,22,22,22,22,22
170556,1,1,1993,0,0,0,0,0,0,0,0,0,0
170556,2,1,1993,0,0,0,0,0,0,0,0,0,0
170557,1,1,1993,1,1,1,1,1,1,1,1,1,1
170558,1,1,1993,3,5,11,16,19,14,3,18,0,10
170558,2,1,1993,12,21,6,19,30,13,11,16,20,13
170558,3,1,1993,0,0,10,0,0,0,13,23,31,11
170559,0,1,1993,0,0,0,0,0,0,0,0,0,0
170559,1,1,1993,0,0,0,0,0,0,0,0,0,0
170560,1,1,1993,32,32,32,32,32,32,32,32,32,32
170561,1,1,1993,0,0,0,0,0,0,0,0,0,0
170562,1,1,1993,0,0,0,0,0,0,0,0,0,0
170563,1,1,1993,0,0,0,0,0,0,0,0,0,0
170564,1,1,1993,0,0,0,0,0,0,0,0,0,0
170565,1,1,1993,0,0,0,0,0,0,0,0,0,0
170566,1,1,1993,0,0,0,0,0,0,0,0,0,0
170566,2,1,1993,0,0,0,0,0,0,0,0,0,0
170567,1,1,1993,0,0,0,0,0,0,0,0,0,0
170567,2,1,1993,0,0,0,0,0,0,0,0,0,0
170568,1,1,1993,0,0,0,0,0,0,0,0,0,0
170568,2,1,1993,0,0,0,0,0,0,0,0,0,0
170568,3,1,1993,0,0,0,0,0,0,0,0,0,0
170569,1,1,1993,0,0,0,0,0,0,0,0,0,0
170569,2,1,1993,0,0,0,0,0,0,0,0,0,0
170570,1,1,1993,14,14,14,14,14,14,14,14,14,14
170570,2,1,1993,0,0,0,0,0,0,0,0,0,0
170571,1,1,1993,0,0,9,11,0,0,4,0,28,0
170571,2,1,1993,0,0,0,0,0,0,0,0,0,18
170571,3,1,1993,0,15,20,0,0,0,9,15,3,0
170572,1,1,1993,14,14,14,14,14,14,14,14,14,14
170573,1,1,1993,0,9,0,12,0,5,22,0,16,6
170574,1,1,1993,20,20,20,20,20,20,20,20,20,20
170574,2,1,1993,0,0,0,7,0,0,0,0,0,0
170574,3,1,1993,0,0,4,0,0,0,0,0,0,0
170575,1,1,1993,27,27,27,27,27,27,27,27,27,27
170576,1,1,1993,0,21,18,18,7,11,9,18,25,18
170577,1,1,1993,0,0,0,0,0,0,0,0,0,0
170577,2,1,1993,0,0,0,0,0,0,0,0,0,0
170578,1,1,1993,0,0,0,0,0,0,0,0,0,0
170578,2,1,1993,0,0,0,0,0,0,0,0,0,0
170579,1,1,1993,0,0,0,0,0,0,0,0,0,0
170579,2,1,1993,0,0,17,0,0,0,0,0,0,15
170579,3,1,1993,0,0,0,0,0,0,0,0,0,0
170580,1,1,1993,24,24,24,24,24,24,24,24,24,24
170580,2,1,1993,0,0,0,0,4,0,0,0,0,0
170581,1,1,1993,0,0,0,0,0,0,0,0,0,0
170582,1,1,1993,33,33,33,33,33,33,33,33,33,33
170583,1,1,1993,0,0,0,0,0,0,0,0,0,0
170583,2,1,1993,25,25,25,25,25,25,25,25,25,25
170584,1,1,1993,0,0,0,0,0,0,0,0,0,0
170584,2,1,1993,0,0,0,0,0,0,0,0,0,0
170584,3,1,1993,0,0,0,0,0,0,0,0,0,0
170585,1,1,1993,1,1,1,1,1,1,1,1,1,1
170585,2,1,1993,0,0,0,0,0,0,0,0,0,0
170586,1,1,1993,0,0,0,0,0,0,0,0,0,0
170586,2,1,1993,0,0,0,0,0,0,0,0,0,0
170587,1,1,1993,0,0,0,0,0,0,0,0,0,0
170587,2,1,1993,0,0,0,0,0,0,0,0,0,0
170588,1,1,1993,0,0,15,0,0,0,0,0,0,0
170589,1,1,1993,0,0,0,0,0,0,0,0,0,0
170589,2,1,1993,0,0,0,0,0,0,0,0,0,0
170590,1,1,1993,0,0,0,0,0,0,0,0,0,0
170591,1,1,1993,0,0,0,0,0,0,0,0,0,0
170591,2,1,1993,0,0,0,0,0,0,0,0,0,0
170592,0,1,1993,11,11,11,11,11,11,11,11,11,11
170592,1,1,1993,0,0,0,0,0,0,0,0,0,0
170593,1,1,1993,0,0,0,0,0,0,0,0,0,0
170593,2,1,1993,0,6,0,0,16,0,0,5,0,0
170594,1,1,1993,0,0,0,0,0,0,0,0,0,0
170594,2,1,1993,0,0,0,0,0,0,0,0,0,0
170595,1,1,1993,21,0,0,0,13,18,0,12,18,3
170596,1,1,1993,0,0,0,0,0,0,0,0,0,0
170597,1,1,1993,0,0,0,0,0,0,0,0,0,0
170597,2,1,1993,0,0,0,0,0,0,0,0,0,0
170598,1,1,1993,0,0,0,0,0,0,0,0,0,0
170598,2,1,1993,0,0,0,0,0,0,0,0,0,0
170599,1,1,1993,27,27,27,27,27,27,27,27,27,27
170600,0,1,1993,0,0,0,0,20,12,29,0,0,0
170600,1,1,1993,0,0,0,0,0,0,0,0,0,0
170601,1,1,1993,17,17,17,17,17,17,17,17,17,17
170602,1,1,1993,4,4,4,4,4,4,4,4,4,4
170602,2,1,1993,3,3,3,3,3,3,3,3,3,3
170602,3,1,1993,0,0,0,0,0,0,0,21,0,0
170603,1,1,1993,0,0,0,0,0,0,0,0,0,0
170604,1,1,1993,18,18,18,18,18,18,18,18,18,18
170605,1,1,1993,16,16,16,16,16,16,16,16,16,16
170605,2,1,1993,10,5,0,4,13,8,11,13,22,19
170606,1,1,1993,0,0,0,0,0,6,0,0,0,0
170606,2,1,1993,1,1,1,1,1,1,1,1,1,1
170607,1,1,1993,0,0,0,0,0,0,0,0,0,0
170607,2,1,1993,0,0,0,0,0,0,0,0,0,0
170608,1,1,1993,0,0,0,0,0,0,0,0,0,0
170608,2,1,1993,0,0,0,0,0,0,0,0,0,0
170608,3,1,1993,0,0,0,0,0,0,0,0,0,0
170609,1,1,1993,0,10,0,13,6,0,8,0,0,0
170609,2,1,1993,0,0,0,0,0,0,0,0,0,0
170610,1,1,1993,0,0,0,0,0,0,0,0,0,0
170610,2,1,1993,0,0,0,15,0,0,0,0,0,0
170611,1,1,1993,0,0,0,0,0,0,0,0,0,0
170612,1,1,1993,0,0,0,0,0,0,0,0,0,0
170612,2,1,1993,0,11,0,0,0,0,0,0,0,0
170612,3,1,1993,14,37,10,32,12,0,18,18,12,4
170613,1,1,1993,0,0,0,0,0,0,0,0,0,0
170613,2,1,1993,0,0,0,0,0,0,0,17,0,0
170614,1,1,1993,16,16,16,16,16,16,16,16,16,16
170615,1,1,1993,0,0,0,0,0,0,0,0,0,0
170615,2,1,1993,0,0,0,0,0,0,0,0,0,0
170616,1,1,1993,13,13,13,13,13,13,13,13,13,13
170617,0,1,1993,0,0,0,0,0,0,0,0,0,0
170617,0,2,1993,20,0,16,0,0,14,0,11,10,0
170617,1,1,1993,0,0,0,3,0,0,0,0,0,0
170618,1,1,1993,0,0,0,0,0,0,0,0,0,0
170619,1,1,1993,0,0,0,0,0,0,0,0,0,0
170620,1,1,1993,0,0,0,0,0,0,0,0,0,0
170621,1,1,1993,0,0,0,11,2,0,0,0,0,0
170622,1,1,1993,17,17,17,17,17,17,17,17,17,17
170623,1,1,1993,0,0,0,0,0,0,0,0,0,0
170624,0,1,1993,16,16,16,16,16,16,16,16,16,16
170624,1,1,1993,0,12,13,0,20,0,0,13,0,7
170625,1,1,1993,0,0,0,0,0,0,0,0,0,0
170625,2,1,1993,0,0,0,9,0,0,0,0,0,0
170626,1,1,1993,0,0,0,0,0,0,0,0,0,0
170626,2,1,1993,0,0,0,31,2,0,0,0,0,0
170627,0,1,1993,0,0,0,0,0,0,0,0,0,0
170627,1,1,1993,0,0,0,0,0,0,0,0,0,0
170628,1,1,1993,0,0,0,0,0,0,0,0,0,0
170628,2,1,1993,0,0,0,0,0,0,0,0,0,0
170629,1,1,1993,0,3,12,8,0,0,0,31,9,20
170630,1,1,1993,0,18,0,0,0,0,0,0,0,0
170631,1,1,1993,25,25,25,25,25,25,25,25,25,25
170632,1,1,1993,0,0,0,0,0,0,0,0,0,0
170633,0,1,1993,18,18,18,18,18,18,18,18,18,18
170633,1,1,1993,0,0,0,0,0,0,0,0,0,0
170634,1,1,1993,14,14,14,14,14,14,14,14,14,14
170634,2,1,1993,13,0,0,0,0,0,0,0,0,0
170635,1,1,1993,10,10,10,10,10,10,10,10,10,10
170636,1,1,1993,0,0,0,0,0,0,0,0,0,0
170636,2,1,1993,0,0,0,0,0,0,0,0,0,0
170637,1,1,1993,0,0,0,0,0,0,0,0,0,0
170638,1,1,1993,0,0,0,0,0,0,0,0,0,0
170638,2,1,1993,0,0,0,0,0,0,0,0,0,0
170639,1,1,1993,21,21,21,21,21,21,21,21,21,21
170640,0,1,1993,0,0,0,0,0,0,0,32,0,0
170640,1,1,1993,0,0,0,0,0,0,0,0,0,2
170641,1,1,1993,24,24,24,24,24,24,24,24,24,24
170641,2,1,1993,29,0,0,0,0,17,0,16,5,19
170642,1,1,1993,11,11,11,11,11,11,11,11,11,11
170643,0,1,1993,0,0,27,0,0,0,0,19,16,21
170643,1,1,1993,9,0,10,0,0,0,0,4,0,16
170644,1,1,1993,0,0,0,0,0,0,0,0,0,0
170644,2,1,1993,0,0,0,0,0,0,0,0,0,0
170645,0,1,1993,0,0,0,0,0,0,0,0,0,0
170645,1,1,1993,0,0,0,0,0,0,0,0,0,0
170646,1,1,1993,8,8,8,8,8,8,8,8,8,8
170647,1,1,1993,24,12,19,0,16,0,0,0,5,0
170647,2,1,1993,0,0,0,15,0,0,0,0,0,7
170647,3,1,1993,0,0,0,0,4,0,0,0,0,0
170647,4,1,1993,0,0,0,0,0,0,0,0,0,0
170648,0,1,1993,2,2,2,2,2,2,2,2,2,2
170648,1,1,1993,0,0,3,0,0,0,0,0,0,4
170649,0,1,1993,0,0,0,0,0,0,0,0,0,0
170649,1,1,1993,0,0,0,0,0,0,20,0,0,8
170650,0,1,1993,0,0,0,0,0,0,0,0,0,0
170650,1,1,1993,0,0,0,18,0,0,0,0,14,0
170651,0,1,1993,0,18,0,0,0,0,6,9,15,0
170651,1,1,1993,0,0,0,0,0,0,0,0,0,0
170652,1,1,1993,0,7,0,0,0,0,0,8,0,0
170653,1,1,1993,14,14,14,14,14,14,14,14,14,14
170653,2,1,1993,0,0,15,0,0,0,0,0,0,0
170654,1,1,1993,0,0,0,0,0,0,0,0,0,0
170654,2,1,1993,0,0,0,0,0,0,0,0,0,0
170655,1,1,1993,0,0,0,0,0,0,0,0,0,0
170656,1,1,1993,15,15,15,15,15,15,15,15,15,15
170658,1,1,1993,0,0,0,17,0,10,0,0,0,0
170658,2,1,1993,0,0,0,0,0,0,0,0,0,14
170659,1,1,1993,0,0,0,0,0,0,0,0,0,0
170659,2,1,1993,0,0,0,0,0,0,0,0,0,0
170660,1,1,1993,13,15,0,6,8,17,22,11,6,12
170660,2,1,1993,0,0,0,0,0,0,0,0,0,0
170661,1,1,1993,0,0,0,0,0,0,0,0,0,0
170661,2,1,1993,0,0,0,0,0,0,0,0,0,0
170662,0,1,1993,0,0,0,0,0,0,0,0,0,0
170662,1,1,1993,0,0,7,0,0,0,0,0,0,0
170663,1,1,1993,0,0,0,0,0,0,0,0,0,0
170663,2,1,1993,0,0,0,0,0,0,15,0,0,0
170663,3,1,1993,0,0,0,0,0,0,0,0,0,0
170664,0,1,1993,15,15,15,15,15,15,15,15,15,15
170664,1,1,1993,0,0,0,0,0,0,0,0,0,0
170665,0,1,1993,0,0,0,0,0,0,0,0,0,0
170665,0,2,1993,0,0,0,0,0,0,0,0,0,0
170665,1,1,1993,0,0,0,0,0,0,0,0,0,0
170666,0,1,1993,16,16,16,16,16,16,16,16,16,16
170666,1,1,1993,0,0,0,0,0,0,9,0,0,0
170667,0,1,1993,0,0,0,0,0,0,0,0,0,0
170667,1,1,1993,26,18,9,11,12,9,17,24,12,18
170668,1,1,1993,8,8,8,8,8,8,8,8,8,8
170669,0,1,1993,0,0,0,0,8,15,0,0,0,0
170669,1,1,1993,0,0,0,0,0,0,7,0,0,0
170670,1,1,1993,0,0,0,0,0,0,0,0,0,0
170670,2,1,1993,0,0,0,0,0,0,0,0,0,0
170671,1,1,1993,22,22,22,22,22,22,22,22,22,22
170672,1,1,1993,22,22,22,22,22,22,22,22,22,22
170673,1,1,1993,18,18,18,18,18,18,18,18,18,18
170674,0,1,1993,0,0,0,0,0,0,0,0,0,0
170674,1,1,1993,12,12,12,12,12,12,12,12,12,12
170675,0,1,1993,0,0,0,0,0,0,0,0,0,0
170675,1,1,1993,0,0,0,0,0,0,0,0,0,0
170676,1,1,1993,23,23,23,23,23,23,23,23,23,23
170677,0,1,1993,43,43,43,43,43,43,43,43,43,43
170677,1,1,1993,0,0,23,11,11,10,0,14,9,0
170678,1,1,1993,10,24,11,21,0,0,19,16,0,0
170679,0,1,1993,28,28,28,28,28,28,28,28,28,28
170679,1,1,1993,0,0,0,0,0,0,15,20,0,0
170680,1,1,1993,0,0,0,0,0,0,0,0,0,0
170681,1,1,1993,0,0,0,0,0,0,0,0,0,0
170681,2,1,1993,0,0,0,0,0,0,0,0,0,0
170682,0,1,1993,19,25,15,10,21,0,15,22,0,10
170682,1,1,1993,13,15,7,5,18,24,0,19,4,16
170683,1,1,1993,0,0,0,0,0,0,0,0,0,0
170684,1,1,1993,0,0,0,0,0,0,0,0,0,0