ST_CASE,VEH_NO,PER_NO,YEAR,P1,P2,P3,P4,P5,P6,P7,P8,P9,P10
170684,2,1,1993,0,0,0,0,0,0,0,0,0,0
170685,1,1,1993,0,0,0,0,0,0,0,0,0,0
170685,2,1,1993,0,0,0,0,0,0,0,0,0,0
170686,1,1,1993,0,0,0,0,0,0,0,0,0,0
170686,2,1,1993,0,0,0,0,0,0,0,0,0,0
170686,3,1,1993,0,0,0,0,0,0,0,0,0,0
170687,0,1,1993,0,0,0,0,0,0,0,0,0,0
170687,1,1,1993,0,0,0,0,0,0,0,0,0,0
170688,0,1,1993,14,14,14,14,14,14,14,14,14,14
170688,1,1,1993,23,9,15,16,0,15,6,5,2,2
170689,1,1,1993,0,0,0,0,0,0,0,0,0,0
170690,1,1,1993,10,0,11,16,15,10,6,7,7,15
170690,2,1,1993,0,0,0,0,0,0,0,0,0,0
170691,0,1,1993,0,0,24,0,0,0,0,0,24,0
170691,1,1,1993,0,0,0,0,0,0,0,0,0,0
170692,1,1,1993,0,0,0,0,0,0,0,0,0,0
170692,2,1,1993,0,0,0,0,0,0,0,0,0,0
170693,1,1,1993,14,14,14,14,14,14,14,14,14,14
170694,1,1,1993,5,5,5,5,5,5,5,5,5,5
170694,2,1,1993,0,0,0,0,0,0,0,0,0,0
170695,1,1,1993,0,0,0,0,0,0,0,0,0,0
170695,2,1,1993,0,0,0,0,18,0,0,0,0,0
170696,1,1,1993,0,0,0,0,0,0,0,0,0,0
170696,2,1,1993,0,0,0,0,0,0,0,0,0,0
170697,0,1,1993,0,0,0,0,0,0,0,0,0,0
170697,1,1,1993,0,0,0,0,0,0,0,0,0,0
170698,1,1,1993,22,22,22,22,22,22,22,22,22,22
170699,0,1,1993,0,0,0,0,0,0,0,0,0,0
170699,1,1,1993,0,0,0,0,0,0,0,0,0,0
170700,1,1,1993,17,17,17,17,17,17,17,17,17,17
170701,1,1,1993,12,12,12,12,12,12,12,12,12,12
170702,1,1,1993,0,0,0,0,0,0,0,0,0,0
170702,2,1,1993,0,0,0,0,0,0,0,0,0,0
170703,1,1,1993,0,0,0,0,0,0,0,0,0,0
170704,1,1,1993,0,0,0,0,0,0,0,0,0,0
170705,1,1,1993,0,0,0,0,0,0,0,0,0,0
170705,2,1,1993,0,0,0,0,0,0,0,0,0,0
170706,1,1,1993,0,0,0,0,0,0,0,0,0,0
170706,2,1,1993,0,0,0,0,0,0,0,0,0,0
170707,0,1,1993,0,0,0,0,0,0,0,0,0,0
170707,1,1,1993,0,0,0,0,0,0,0,0,0,0
170708,1,1,1993,0,0,0,0,0,0,0,0,0,0
170709,1,1,1993,0,0,0,0,0,0,0,0,0,0
170709,2,1,1993,0,0,0,0,0,0,0,0,0,0
170710,1,1,1993,0,0,0,0,0,0,0,0,0,0
170711,1,1,1993,24,24,24,24,24,24,24,24,24,24
170712,0,1,1993,0,0,0,0,0,0,0,0,0,0
170712,1,1,1993,0,13,0,22,7,13,0,0,0,20
170713,1,1,1993,23,23,23,23,23,23,23,23,23,23
170713,2,1,1993,0,0,0,0,0,0,0,0,0,0
170714,1,1,1993,0,0,0,0,0,0,0,0,0,0
170714,2,1,1993,6,13,2,9,6,13,3,0,4,6
170715,1,1,1993,0,0,0,0,0,0,0,0,0,0
170716,1,1,1993,0,0,0,0,0,0,0,0,0,0
170716,2,1,1993,0,0,0,5,0,0,0,0,0,0
170717,1,1,1993,19,19,19,19,19,19,19,19,19,19
170718,1,1,1993,0,0,0,0,0,0,0,0,0,0
170718,2,1,1993,0,0,0,0,0,12,0,0,0,0
170718,3,1,1993,0,0,0,0,0,0,0,0,0,0
170719,0,1,1993,24,24,24,24,24,24,24,24,24,24
170719,1,1,1993,0,0,0,0,0,0,0,0,0,0
170720,1,1,1993,0,0,0,0,0,0,0,0,0,0
170720,2,1,1993,0,0,0,0,0,0,0,0,0,0
170721,0,1,1993,0,0,0,0,0,0,0,0,0,0
170721,1,1,1993,0,0,0,0,0,0,0,0,0,0
170722,0,1,1993,0,0,0,0,0,0,0,0,0,0
170722,1,1,1993,0,0,0,0,0,0,0,0,0,0
170723,1,1,1993,0,0,0,0,0,0,0,0,0,0
170723,2,1,1993,0,0,0,0,0,0,0,0,0,0
170724,1,1,1993,5,5,5,5,5,5,5,5,5,5
170724,2,1,1993,0,0,0,0,0,0,0,0,0,0
170725,1,1,1993,0,0,0,0,0,0,0,0,0,0
170726,0,1,1993,0,0,0,0,0,0,0,0,0,0
170726,1,1,1993,0,0,0,0,7,0,7,0,0,0
170727,1,1,1993,0,0,0,0,0,0,0,0,0,0
170727,2,1,1993,0,0,0,0,0,0,0,0,0,0
170728,1,1,1993,0,0,0,0,0,0,0,0,0,0
170728,2,1,1993,0,0,0,0,0,0,0,0,0,0
170729,1,1,1993,0,0,0,0,0,0,0,0,0,0
170729,2,1,1993,0,0,0,0,0,0,0,0,0,0
170730,1,1,1993,13,13,13,13,13,13,13,13,13,13
170731,1,1,1993,0,0,0,0,0,0,4,0,0,0
170731,2,1,1993,0,0,0,0,0,0,0,0,0,0
170732,0,1,1993,5,5,5,5,5,5,5,5,5,5
170732,1,1,1993,8,11,13,0,20,13,24,22,18,14
170733,1,1,1993,2,2,2,2,2,2,2,2,2,2
170734,1,1,1993,0,0,0,0,0,0,0,0,0,0
170735,1,1,1993,0,0,0,0,0,0,0,0,0,0
170735,2,1,1993,0,0,0,0,0,0,0,0,0,0
170736,1,1,1993,24,24,24,24,24,24,24,24,24,24
170737,1,1,1993,16,16,16,16,16,16,16,16,16,16
170738,0,1,1993,0,0,0,0,0,0,0,0,0,0
170738,1,1,1993,0,0,0,0,0,0,0,0,0,0
170739,1,1,1993,2,0,0,4,0,0,0,3,0,0
170739,2,1,1993,0,0,0,0,0,0,0,0,0,0
170740,1,1,1993,14,14,14,14,14,14,14,14,14,14
170741,1,1,1993,17,17,17,17,17,17,17,17,17,17
170742,0,1,1993,0,0,0,0,0,0,0,0,0,0
170742,1,1,1993,5,0,0,0,0,0,3,0,5,0
170743,1,1,1993,0,15,0,0,0,0,15,0,4,0
170744,0,1,1993,0,0,0,0,0,0,0,0,0,0
170744,1,1,1993,0,0,0,0,0,0,0,0,0,21
170744,2,1,1993,0,0,0,0,0,0,0,0,0,0
170745,1,1,1993,0,0,0,0,0,0,0,0,0,0
170746,1,1,1993,0,0,0,0,0,0,0,0,0,0
170747,1,1,1993,0,0,0,0,0,0,0,0,0,0
170747,2,1,1993,31,31,31,31,31,31,31,31,31,31
170748,0,1,1993,0,0,0,0,0,0,0,0,0,0
170748,1,1,1993,0,0,0,0,0,0,0,0,0,0
170749,1,1,1993,0,0,0,0,0,0,0,0,0,0
170750,1,1,1993,0,0,0,0,0,0,0,0,0,0
170750,2,1,1993,0,0,0,0,0,0,0,0,0,0
170751,1,1,1993,19,19,19,19,19,19,19,19,19,19
170752,1,1,1993,17,10,23,0,0,16,0,7,22,11
170752,2,1,1993,0,0,0,0,0,0,0,0,0,0
170753,1,1,1993,0,0,0,0,0,0,0,0,0,0
170754,1,1,1993,0,0,0,0,0,0,0,0,0,0
170754,2,1,1993,23,23,23,23,23,23,23,23,23,23
170755,1,1,1993,2,2,2,2,2,2,2,2,2,2
170756,1,1,1993,0,0,0,0,0,0,0,0,0,0
170757,1,1,1993,0,0,0,0,0,0,0,0,0,0
170757,2,1,1993,0,0,0,0,0,0,0,0,0,0
170758,1,1,1993,16,16,16,16,16,16,16,16,16,16
170758,2,1,1993,0,0,0,0,13,0,0,0,0,0
170759,1,1,1993,21,21,21,21,21,21,21,21,21,21
170760,1,1,1993,26,26,26,26,26,26,26,26,26,26
170761,1,1,1993,0,0,0,0,0,0,0,0,0,0
170761,2,1,1993,0,0,0,0,0,0,0,0,0,0
170762,1,1,1993,26,26,26,26,26,26,26,26,26,26
170763,1,1,1993,10,10,10,10,10,10,10,10,10,10
170764,1,1,1993,0,0,0,0,0,0,0,0,0,0
170764,2,1,1993,0,0,0,0,0,0,0,0,0,0
170764,3,1,1993,0,0,0,0,0,0,0,0,0,0
170765,0,1,1993,27,27,27,27,27,27,27,27,27,27
170765,1,1,1993,0,0,0,0,0,0,0,0,0,0
170766,1,1,1993,0,0,0,0,0,0,0,0,0,0
170766,2,1,1993,0,0,0,0,0,0,0,0,0,0
170767,1,1,1993,0,0,0,0,0,0,0,0,0,0
170767,2,1,1993,0,0,0,0,0,0,0,0,0,0
170768,0,1,1993,0,0,0,0,0,0,0,0,0,0
170768,1,1,1993,0,0,0,0,0,0,0,0,0,0
170768,2,1,1993,0,0,0,0,0,0,0,0,0,0
170768,3,1,1993,0,0,0,0,23,0,0,0,0,0
170769,1,1,1993,12,12,12,12,12,12,12,12,12,12
170769,2,1,1993,0,0,0,0,0,0,0,0,0,0
170769,3,1,1993,0,0,0,0,0,0,0,0,0,0
170770,0,1,1993,5,5,5,5,5,5,5,5,5,5
170770,1,1,1993,13,13,13,13,13,13,13,13,13,13
170771,1,1,1993,0,0,0,0,0,0,0,0,0,0
170771,2,1,1993,0,0,0,0,0,0,0,0,0,0
170772,0,1,1993,0,0,0,0,0,0,0,0,0,0
170772,1,1,1993,0,0,0,0,0,0,0,0,0,0
170773,0,1,1993,0,0,0,0,0,0,0,0,0,0
170773,1,1,1993,0,0,0,0,0,0,0,0,0,0
170774,1,1,1993,0,0,0,0,0,0,0,0,0,0
170774,2,1,1993,0,0,0,0,0,0,0,0,0,0
170775,1,1,1993,0,0,0,0,32,0,0,0,0,0
170775,2,1,1993,0,0,0,0,0,21,0,0,0,0
170776,0,1,1993,0,0,0,0,0,4,0,0,21,0
170776,1,1,1993,0,0,0,0,0,0,0,0,0,0
170777,1,1,1993,0,0,0,0,16,0,13,0,0,0
170777,2,1,1993,0,0,0,0,0,0,0,0,0,0
170777,3,1,1993,0,0,0,0,0,0,0,0,16,0
170778,0,1,1993,0,0,0,0,0,0,0,0,0,0
170778,0,2,1993,0,0,0,0,0,29,0,0,0,0
170778,0,3,1993,0,0,0,0,10,0,23,36,0,0
170778,1,1,1993,0,0,0,0,0,0,0,0,11,0
170779,0,1,1993,0,0,0,0,0,0,0,0,0,0
170779,1,1,1993,18,11,0,12,4,11,20,10,30,24
170780,1,1,1993,21,21,21,21,21,21,21,21,21,21
170781,0,1,1993,0,0,0,0,22,0,17,0,8,0
170781,1,1,1993,0,0,0,0,0,0,0,0,0,0
170782,1,1,1993,0,0,0,0,0,0,0,0,0,0
170782,2,1,1993,0,0,0,0,0,0,0,0,0,0
170783,1,1,1993,0,0,0,0,0,0,0,0,0,0
170784,1,1,1993,0,0,0,0,0,0,0,0,0,0
170785,1,1,1993,0,0,0,0,0,0,0,0,0,0
170786,1,1,1993,6,6,6,6,6,6,6,6,6,6
170786,2,1,1993,0,0,0,0,0,0,0,0,0,0
170787,1,1,1993,8,8,8,8,8,8,8,8,8,8
170788,0,1,1993,16,16,16,16,16,16,16,16,16,16
170788,1,1,1993,0,0,0,0,0,0,0,0,0,0
170789,1,1,1993,20,15,0,10,14,38,17,27,30,18
170790,1,1,1993,0,0,0,0,0,0,0,0,0,0
170790,2,1,1993,0,0,0,0,0,0,0,0,0,0
170791,1,1,1993,11,15,0,0,18,21,9,17,14,18
170791,2,1,1993,0,0,0,0,0,0,0,0,0,0
170792,1,1,1993,0,0,0,0,0,0,0,0,0,0
170792,2,1,1993,0,0,0,0,0,0,0,0,0,0
170793,1,1,1993,0,0,0,0,0,0,0,0,0,0
170794,1,1,1993,35,35,35,35,35,35,35,35,35,35
170794,2,1,1993,12,12,12,12,12,12,12,12,12,12
170795,1,1,1993,0,14,0,0,0,0,0,11,0,13
170796,1,1,1993,9,0,0,8,0,0,10,0,0,0
170797,1,1,1993,4,4,4,4,4,4,4,4,4,4
170797,2,1,1993,0,0,0,0,0,0,0,0,0,0
170798,1,1,1993,6,6,6,6,6,6,6,6,6,6
170798,2,1,1993,0,0,0,0,0,0,0,23,0,0
170799,1,1,1993,28,28,28,28,28,28,28,28,28,28
170800,1,1,1993,21,21,21,21,21,21,21,21,21,21
170800,2,1,1993,0,0,0,0,0,0,0,0,0,0
170801,1,1,1993,0,0,0,0,0,0,0,0,0,0
170801,2,1,1993,0,0,0,0,0,0,0,0,0,0
170801,3,1,1993,0,0,0,0,0,0,0,0,0,0
170802,1,1,1993,0,0,0,0,0,0,9,22,0,0
170802,2,1,1993,0,0,0,0,0,0,0,0,0,0
170802,3,1,1993,0,0,0,0,0,0,0,0,0,0
170803,1,1,1993,9,12,0,0,6,12,0,8,20,0
170803,2,1,1993,15,0,0,8,0,0,10,16,14,0
170804,1,1,1993,10,10,10,10,10,10,10,10,10,10
170805,1,1,1993,14,17,0,0,0,20,0,0,0,0
170806,1,1,1993,0,0,0,0,0,0,0,0,0,0
170806,2,1,1993,0,0,0,0,0,0,0,0,0,0
170806,3,1,1993,0,0,0,0,0,0,0,0,0,0
170806,4,1,1993,0,0,0,0,0,0,0,0,0,0
170807,1,1,1993,0,37,0,0,23,10,14,0,0,14
170808,1,1,1993,9,8,22,8,12,20,13,18,13,4
170809,0,1,1993,3,3,3,3,3,3,3,3,3,3
170809,1,1,1993,0,0,0,0,0,0,0,0,0,0
170810,1,1,1993,0,0,15,0,0,0,0,0,0,0
170811,1,1,1993,0,0,0,0,0,0,0,0,0,0
170811,2,1,1993,0,0,0,0,0,0,0,0,0,0
170812,1,1,1993,0,0,0,0,0,0,0,0,0,0
170812,2,1,1993,0,0,0,0,0,0,0,0,0,0
170813,1,1,1993,0,0,0,0,0,0,0,0,0,0
170813,2,1,1993,0,0,0,0,0,0,0,0,0,0
170813,3,1,1993,0,0,0,0,0,0,0,0,0,0
170814,1,1,1993,1,1,1,1,1,1,1,1,1,1
170814,2,1,1993,0,0,0,0,0,0,0,0,0,0
170815,0,1,1993,0,0,0,0,0,0,0,0,0,0
170815,1,1,1993,0,0,0,0,0,0,0,0,0,0
170816,1,1,1993,0,0,0,0,0,0,0,0,0,12
170816,2,1,1993,0,0,0,0,0,0,0,0,0,0
170817,1,1,1993,16,20,0,0,0,0,0,0,0,0
170817,2,1,1993,0,0,0,0,0,0,0,0,0,0
170818,1,1,1993,9,9,9,9,9,9,9,9,9,9
170819,1,1,1993,0,0,0,0,0,0,0,0,0,0
170820,1,1,1993,0,0,0,0,0,0,0,0,0,0
170820,2,1,1993,0,0,0,0,0,0,0,0,0,0
170821,1,1,1993,0,0,16,0,0,0,0,0,0,0
170821,2,1,1993,0,0,0,0,0,0,0,0,0,0
170822,1,1,1993,0,0,0,0,0,0,0,0,0,0
170823,1,1,1993,39,39,39,39,39,39,39,39,39,39
170823,2,1,1993,0,0,0,0,0,0,0,0,0,0
170824,1,1,1993,17,17,17,17,17,17,17,17,17,17
170825,1,1,1993,0,0,0,0,0,0,0,0,0,0
170825,2,1,1993,0,0,0,7,0,0,0,0,0,0
170826,1,1,1993,0,0,0,0,0,0,0,0,0,0
170826,2,1,1993,0,0,0,0,0,0,0,0,0,0
170827,1,1,1993,0,0,0,0,0,0,0,0,0,0
170827,2,1,1993,0,0,0,0,0,0,0,0,0,0
170828,0,1,1993,0,0,0,0,0,0,0,0,0,0
170828,0,2,1993,0,0,9,0,0,0,25,7,0,19
170828,1,1,1993,0,0,0,0,0,0,0,0,0,0
170829,1,1,1993,16,16,16,16,16,16,16,16,16,16
170829,2,1,1993,1,1,1,1,1,1,1,1,1,1
170829,3,1,1993,0,18,0,0,0,0,0,0,0,29
170830,1,1,1993,22,22,22,22,22,22,22,22,22,22
170830,2,1,1993,0,0,0,0,0,0,0,0,0,0
170831,0,1,1993,0,0,0,0,0,0,0,0,0,0
170831,1,1,1993,0,0,0,0,0,0,0,0,0,0
170832,0,1,1993,18,30,21,27,23,27,39,26,26,14
170832,1,1,1993,0,0,0,0,0,0,0,0,0,0
170833,1,1,1993,22,22,22,22,22,22,22,22,22,22
170834,1,1,1993,0,0,0,0,0,0,0,0,0,0
170834,2,1,1993,0,0,0,0,0,0,0,0,0,0
170835,1,1,1993,0,0,0,0,0,0,0,0,0,0
170835,2,1,1993,0,0,0,0,0,0,0,0,0,0
170836,1,1,1993,23,23,23,23,23,23,23,23,23,23
170837,1,1,1993,0,0,0,0,0,0,0,0,0,0
170838,0,1,1993,0,0,0,0,0,0,0,0,0,0
170838,1,1,1993,0,0,0,0,0,0,0,3,0,0
170839,1,1,1993,0,0,0,0,0,0,0,0,0,0
170840,1,1,1993,0,0,0,0,0,0,0,0,0,0
170840,2,1,1993,0,0,0,0,0,0,0,0,0,0
170841,1,1,1993,18,18,18,18,18,18,18,18,18,18
170841,2,1,1993,0,0,0,0,0,0,0,0,0,0
170842,1,1,1993,0,0,20,0,36,0,43,0,25,0
170842,2,1,1993,0,0,0,0,0,0,0,0,0,0
170843,1,1,1993,25,25,25,25,25,25,25,25,25,25
170843,2,1,1993,0,0,0,0,0,0,0,0,0,0
170844,1,1,1993,0,0,0,0,0,0,0,0,0,0
170845,0,1,1993,15,15,15,15,15,15,15,15,15,15
170845,1,1,1993,0,0,0,0,0,0,0,0,0,0
170846,1,1,1993,11,11,11,11,11,11,11,11,11,11
170846,2,1,1993,8,5,11,7,10,12,8,9,23,31
170847,1,1,1993,0,0,0,0,0,0,0,0,0,0
170848,1,1,1993,0,0,0,0,0,0,0,0,0,0
170849,0,1,1993,0,0,0,0,0,0,0,0,0,0
170849,1,1,1993,22,22,22,22,22,22,22,22,22,22
170850,0,1,1993,10,10,10,10,10,10,10,10,10,10
170850,0,2,1993,0,0,0,0,0,0,0,0,0,0
170850,1,1,1993,0,0,0,0,30,0,0,4,24,0
170851,0,1,1993,0,0,0,0,0,0,0,0,0,0
170851,1,1,1993,0,0,0,0,0,0,0,0,0,0
170853,0,1,1993,0,0,0,0,0,0,0,0,0,0
170853,1,1,1993,0,0,20,0,11,8,0,0,24,0
170854,1,1,1993,0,0,0,0,5,20,0,21,0,0
170854,2,1,1993,0,0,0,0,0,0,0,0,0,0
170855,1,1,1993,0,0,0,0,0,0,0,0,0,0
170855,2,1,1993,0,0,0,0,0,0,0,0,0,0
170856,1,1,1993,0,0,0,0,0,0,0,0,0,0
170856,2,1,1993,0,0,0,0,0,0,0,0,0,0
170857,1,1,1993,28,28,28,28,28,28,28,28,28,28
170857,2,1,1993,0,0,0,0,0,0,0,0,0,0
170858,1,1,1993,0,0,0,0,0,0,0,0,0,0
170858,2,1,1993,0,0,0,0,0,0,0,0,0,0
170859,1,1,1993,0,0,0,0,0,0,0,0,0,0
170860,1,1,1993,17,0,0,4,14,11,15,0,12,0
170861,0,1,1993,0,0,0,0,0,0,0,0,0,0
170861,1,1,1993,0,0,0,0,0,0,0,0,0,0
170862,1,1,1993,0,0,0,0,0,0,0,0,0,0
170863,1,1,1993,0,0,0,0,0,0,0,0,0,0
170864,1,1,1993,16,16,16,16,16,16,16,16,16,16
170865,0,1,1993,0,0,0,0,0,0,0,0,0,0
170865,1,1,1993,0,0,0,0,0,0,0,0,0,0
170866,1,1,1993,12,0,18,27,13,26,28,30,24,22
170867,1,1,1993,2,2,2,2,2,2,2,2,2,2
170868,0,1,1993,0,0,0,0,0,0,0,0,0,0
170868,1,1,1993,0,0,0,0,0,0,0,0,0,0
170869,1,1,1993,9,8,15,15,25,15,19,19,5,16
170869,2,1,1993,15,15,15,15,15,15,15,15,15,15
170870,1,1,1993,0,0,0,0,0,0,0,0,0,0
170870,2,1,1993,0,0,0,0,0,0,0,0,0,0
170871,1,1,1993,11,6,6,13,11,10,0,12,23,25
170871,2,1,1993,0,0,0,0,0,0,0,0,0,0
170872,0,1,1993,35,35,35,35,35,35,35,35,35,35
170872,1,1,1993,0,0,0,0,0,0,0,0,0,0
170873,1,1,1993,22,22,22,22,22,22,22,22,22,22
170874,1,1,1993,26,26,26,26,26,26,26,26,26,26
170875,1,1,1993,0,0,0,0,0,0,0,0,0,0
170876,1,1,1993,22,22,22,22,22,22,22,22,22,22
170877,1,1,1993,21,6,7,23,10,18,14,0,23,14
170877,2,1,1993,0,0,0,8,0,0,0,0,0,0
170878,0,1,1993,0,0,0,0,0,0,0,0,0,0
170878,1,1,1993,0,0,0,0,0,0,0,0,0,0
170879,1,1,1993,22,22,22,22,22,22,22,22,22,22
170880,1,1,1993,0,0,0,0,0,0,0,0,0,0
170881,1,1,1993,0,0,0,0,0,0,0,0,0,0
170881,2,1,1993,0,0,0,0,0,0,0,0,0,0
170881,3,1,1993,0,0,0,0,0,2,0,0,0,0
170881,4,1,1993,0,0,0,0,0,0,0,0,0,0
170881,5,1,1993,0,0,0,0,0,0,0,0,0,0
170881,6,1,1993,0,0,0,0,0,0,0,0,0,0
170882,1,1,1993,27,27,27,27,27,27,27,27,27,27
170883,1,1,1993,21,21,21,21,21,21,21,21,21,21
170884,1,1,1993,0,0,0,0,0,0,0,0,0,0
170884,2,1,1993,0,0,0,0,0,0,0,0,0,0
170885,1,1,1993,18,18,18,18,18,18,18,18,18,18
170886,1,1,1993,0,0,0,0,0,0,0,0,0,0
170886,2,1,1993,0,0,0,0,0,0,0,0,0,0
170887,1,1,1993,25,25,25,25,25,25,25,25,25,25
170887,2,1,1993,0,0,0,0,0,0,0,0,0,0
170888,1,1,1993,10,10,10,10,10,10,10,10,10,10
170888,2,1,1993,0,0,0,0,0,0,0,0,0,0
170889,1,1,1993,21,21,21,21,21,21,21,21,21,21
170890,1,1,1993,10,10,10,10,10,10,10,10,10,10
170891,1,1,1993,19,19,19,19,19,19,19,19,19,19
170891,2,1,1993,0,0,0,0,0,0,0,0,0,0
170891,3,1,1993,0,0,0,0,0,0,0,0,0,0
170892,1,1,1993,19,19,19,19,19,19,19,19,19,19
170892,2,1,1993,0,0,0,0,0,0,0,0,0,0
170893,1,1,1993,19,19,19,19,19,19,19,19,19,19
170894,1,1,1993,27,27,27,27,27,27,27,27,27,27
170894,2,1,1993,0,0,0,0,0,0,0,0,0,0
170895,0,1,1993,0,0,0,0,0,0,0,0,0,0
170895,1,1,1993,15,15,15,15,15,15,15,15,15,15
170895,3,1,1993,0,0,0,0,0,0,0,0,0,0
170896,1,1,1993,21,21,21,21,21,21,21,21,21,21
170897,1,1,1993,0,0,0,0,0,0,0,0,0,0
170897,2,1,1993,0,0,0,0,0,0,0,0,0,0
170897,3,1,1993,0,0,0,0,0,0,0,0,0,0
170898,1,1,1993,0,0,0,0,0,0,0,0,0,0
170898,2,1,1993,0,0,0,0,0,0,10,0,0,16
170899,1,1,1993,0,0,0,13,0,3,0,0,0,16
170899,2,1,1993,0,0,0,0,0,0,0,0,0,0
170900,0,1,1993,0,0,0,0,0,0,0,0,0,0
170900,1,1,1993,0,0,0,0,0,0,0,0,0,0
170901,1,1,1993,7,16,5,11,25,15,18,17,0,0
170902,1,1,1993,2,2,2,2,2,2,2,2,2,2
170903,1,1,1993,0,0,28,0,21,19,14,0,10,0
170904,1,1,1993,21,21,21,21,21,21,21,21,21,21
170906,1,1,1993,7,0,0,0,0,0,0,0,0,0
170907,1,1,1993,0,0,0,0,0,0,0,0,0,0
170908,1,1,1993,0,0,0,0,0,0,0,0,0,0
170908,2,1,1993,0,0,0,0,0,0,0,0,0,0
170909,0,1,1993,0,0,0,0,0,0,0,0,0,0
170909,1,1,1993,0,0,0,0,0,0,0,0,0,0
170910,1,1,1993,14,14,14,14,14,14,14,14,14,14
170910,2,1,1993,0,0,0,0,0,0,0,0,0,0
170911,0,1,1993,0,0,0,0,0,0,0,0,0,0
170911,1,1,1993,0,0,0,0,0,0,0,0,0,0
170912,1,1,1993,8,8,8,8,8,8,8,8,8,8
170912,2,1,1993,0,0,0,0,0,0,0,0,6,0
170912,3,1,1993,0,0,0,0,0,0,0,0,0,0
170913,1,1,1993,14,14,14,14,14,14,14,14,14,14
170914,1,1,1993,0,0,0,0,0,0,0,0,0,0
170915,1,1,1993,17,17,17,17,17,17,17,17,17,17
170915,2,1,1993,10,11,4,0,3,7,11,14,13,11
170916,1,1,1993,0,0,0,0,0,0,0,0,0,0
170916,2,1,1993,0,0,0,0,0,0,0,0,0,0
170917,0,1,1993,0,0,0,0,0,0,0,0,0,0
170917,1,1,1993,0,0,0,0,0,0,0,0,0,0
170918,1,1,1993,22,22,22,22,22,22,22,22,22,22
170919,1,1,1993,0,0,0,0,0,0,0,0,0,9
170920,1,1,1993,0,0,0,0,0,0,0,9,0,0
170920,2,1,1993,17,17,17,17,17,17,17,17,17,17
170921,1,1,1993,17,17,17,17,17,17,17,17,17,17
170922,1,1,1993,0,0,0,0,0,0,0,0,0,0
170922,2,1,1993,13,13,13,13,13,13,13,13,13,13
170923,1,1,1993,10,32,36,26,17,32,25,17,19,14
170924,1,1,1993,19,19,19,19,19,19,19,19,19,19
170925,1,1,1993,31,31,31,31,31,31,31,31,31,31
170926,1,1,1993,14,14,14,14,14,14,14,14,14,14
170927,1,1,1993,27,27,27,27,27,27,27,27,27,27
170928,1,1,1993,0,0,0,0,0,0,0,0,0,0
170928,2,1,1993,0,0,0,0,0,0,0,0,0,0
170929,1,1,1993,0,0,0,0,0,0,0,0,0,0
170929,2,1,1993,0,0,0,0,0,0,0,0,0,0
170930,0,1,1993,36,36,36,36,36,36,36,36,36,36
170930,1,1,1993,2,2,2,2,2,2,2,2,2,2
170931,0,1,1993,0,0,0,0,0,0,0,0,0,0
170931,1,1,1993,0,0,0,0,0,0,0,0,0,0
170932,1,1,1993,0,0,0,0,0,0,0,0,0,0
170932,2,1,1993,0,0,0,0,0,0,0,0,0,0
170932,3,1,1993,0,0,0,0,0,0,0,0,0,0
170933,1,1,1993,0,0,0,0,0,0,0,0,0,0
170933,2,1,1993,0,0,0,0,0,0,0,0,0,0
170934,1,1,1993,0,0,0,0,0,0,0,0,0,0
170935,1,1,1993,11,11,11,11,11,11,11,11,11,11
170936,0,1,1993,0,0,10,0,0,0,0,0,14,0
170936,1,1,1993,0,0,0,0,0,0,0,0,0,0
170937,1,1,1993,0,0,0,0,0,0,0,0,0,0
170938,1,1,1993,0,0,0,0,0,0,0,0,0,0
170939,1,1,1993,0,0,0,0,0,0,0,0,0,0
170940,0,1,1993,0,0,0,0,0,0,0,0,0,0
170940,1,1,1993,0,0,0,0,0,0,0,0,0,0
170941,1,1,1993,0,0,0,0,0,0,0,0,0,0
170941,2,1,1993,0,0,0,0,0,0,0,0,0,0
170942,1,1,1993,18,18,18,18,18,18,18,18,18,18
170943,1,1,1993,21,21,21,21,21,21,21,21,21,21
170944,1,1,1993,0,0,0,0,0,0,0,0,0,0
170945,1,1,1993,0,0,0,0,0,0,0,0,0,0
170946,1,1,1993,0,0,0,0,0,0,0,0,0,0
170947,0,1,1993,20,15,13,11,14,7,14,0,17,11
170947,1,1,1993,18,0,0,0,0,0,0,0,0,0
170948,1,1,1993,8,0,14,0,0,0,9,0,17,0
170949,1,1,1993,2,2,2,2,2,2,2,2,2,2
170950,1,1,1993,0,0,0,0,0,0,0,0,0,0
170951,1,1,1993,12,0,0,18,0,0,23,0,0,0
170952,0,1,1993,4,4,4,4,4,4,4,4,4,4
170952,1,1,1993,16,0,0,0,0,0,0,0,8,0
170953,1,1,1993,20,20,20,20,20,20,20,20,20,20
170954,1,1,1993,0,0,0,0,0,0,0,0,0,0
170954,2,1,1993,0,0,0,0,0,0,0,0,0,0
170954,3,1,1993,0,0,0,0,0,0,7,0,0,0
170955,1,1,1993,0,0,0,0,0,0,0,0,0,0
170956,1,1,1993,0,0,0,0,0,0,0,0,0,0
170956,2,1,1993,0,0,0,0,0,0,0,0,0,0
170957,1,1,1993,0,0,0,0,0,0,0,0,0,0
170957,2,1,1993,0,0,0,0,0,0,0,0,0,0