ST_CASE,VEH_NO,PER_NO,YEAR,P1,P2,P3,P4,P5,P6,P7,P8,P9,P10
180233,2,1,1993,0,0,0,0,0,0,0,0,0,0
180234,1,1,1993,27,27,27,27,27,27,27,27,27,27
180234,2,1,1993,0,0,0,0,0,0,0,0,0,0
180236,1,1,1993,0,0,0,0,0,0,0,0,0,0
180237,1,1,1993,0,0,21,0,0,17,19,0,0,0
180237,2,1,1993,0,0,0,0,0,0,0,0,23,4
180238,1,1,1993,0,0,0,0,0,0,0,0,0,0
180238,2,1,1993,0,0,0,0,0,0,0,0,0,0
180239,1,1,1993,0,0,0,0,0,0,0,0,0,0
180240,1,1,1993,0,0,0,0,0,0,0,0,0,0
180241,1,1,1993,13,13,13,13,13,13,13,13,13,13
180243,1,1,1993,3,11,26,25,5,9,16,17,8,0
180244,1,1,1993,0,0,0,0,0,0,0,0,0,0
180244,2,1,1993,0,0,0,0,0,0,0,0,0,0
180245,1,1,1993,0,0,0,0,0,14,0,0,0,0
180245,2,1,1993,0,0,0,0,0,0,0,0,0,0
180246,1,1,1993,18,18,18,18,18,18,18,18,18,18
180247,1,1,1993,0,0,0,0,0,0,0,0,0,0
180247,2,1,1993,0,0,0,0,0,0,0,0,0,0
180248,1,1,1993,0,0,0,0,0,0,0,0,0,0
180249,1,1,1993,0,0,0,0,0,0,0,0,0,0
180249,2,1,1993,0,0,0,0,0,0,0,0,0,0
180250,1,1,1993,0,0,0,0,0,0,0,0,0,0
180250,2,1,1993,0,0,0,0,0,0,0,0,0,0
180250,3,1,1993,0,0,0,0,0,0,0,0,0,0
180251,0,1,1993,0,0,0,0,0,0,0,0,0,0
180251,1,1,1993,0,0,0,0,0,0,0,0,0,0
180252,1,1,1993,0,0,0,0,0,0,0,0,0,0
180253,1,1,1993,0,0,0,0,0,0,0,0,0,0
180253,2,1,1993,0,0,0,0,0,0,0,0,0,0
180254,1,1,1993,7,7,7,7,7,7,7,7,7,7
180255,1,1,1993,4,4,4,4,4,4,4,4,4,4
180256,0,1,1993,0,0,0,0,0,0,0,0,0,0
180256,1,1,1993,0,0,0,0,0,0,0,0,0,0
180257,1,1,1993,0,0,0,0,0,10,0,0,0,0
180257,2,1,1993,0,0,0,0,0,0,0,0,0,0
180258,1,1,1993,0,0,0,0,0,0,0,0,0,0
180258,2,1,1993,0,0,0,0,0,0,0,0,0,0
180259,0,1,1993,0,22,47,10,0,15,13,14,0,15
180259,0,2,1993,0,0,0,0,0,0,0,0,0,0
180259,1,1,1993,12,6,8,19,12,6,13,11,18,2
180260,1,1,1993,0,0,0,0,0,0,0,0,0,0
180260,2,1,1993,0,0,0,0,0,0,0,0,0,0
180260,3,1,1993,0,0,0,0,0,0,0,0,0,0
180261,2,1,1993,0,0,0,0,0,0,0,0,0,0
180262,1,1,1993,0,0,0,0,0,0,0,0,0,0
180262,2,1,1993,0,0,0,0,0,0,0,0,0,0
180263,1,1,1993,0,0,0,0,0,0,0,0,0,0
180264,1,1,1993,2,2,2,2,2,2,2,2,2,2
180265,1,1,1993,0,0,0,0,0,0,0,0,0,0
180266,1,1,1993,0,0,0,0,0,0,0,0,0,0
180267,1,1,1993,0,0,0,0,0,0,0,0,0,0
180267,2,1,1993,0,0,0,0,0,0,0,0,0,0
180268,1,1,1993,2,2,2,2,2,2,2,2,2,2
180268,2,1,1993,1,1,1,1,1,1,1,1,1,1
180269,1,1,1993,0,0,0,0,0,0,0,0,0,0
180269,2,1,1993,0,0,0,0,0,0,0,0,0,0
180270,1,1,1993,0,0,0,0,0,22,13,0,10,0
180270,2,1,1993,0,11,0,0,35,0,0,0,0,0
180271,1,1,1993,14,14,14,14,14,14,14,14,14,14
180272,1,1,1993,1,1,1,1,1,1,1,1,1,1
180272,2,1,1993,0,0,0,0,0,0,0,0,0,0
180273,1,1,1993,0,0,0,0,0,0,0,0,0,0
180274,1,1,1993,0,0,0,0,0,0,0,0,0,0
180274,2,1,1993,0,0,0,0,0,0,0,0,0,0
180275,1,1,1993,0,0,0,0,0,0,0,0,0,0
180275,2,1,1993,0,0,0,0,0,0,0,0,0,0
180276,1,1,1993,0,0,0,0,0,0,0,0,0,0
180276,2,1,1993,0,0,0,0,0,0,0,0,0,0
180277,0,1,1993,0,0,22,0,0,0,0,0,0,0
180277,1,1,1993,0,0,0,0,0,0,0,0,0,0
180277,2,1,1993,0,0,0,0,0,0,0,0,0,0
180278,1,1,1993,0,0,0,0,0,0,0,0,0,0
180278,2,1,1993,0,0,0,0,0,0,0,0,0,0
180279,1,1,1993,21,21,21,21,21,21,21,21,21,21
180280,1,1,1993,19,25,0,15,9,11,18,15,5,0
180281,1,1,1993,0,0,0,0,0,0,0,0,0,0
180281,2,1,1993,0,0,0,0,0,0,0,0,0,0
180282,1,1,1993,12,12,12,12,12,12,12,12,12,12
180283,1,1,1993,7,9,0,9,35,9,15,10,6,0
180283,2,1,1993,0,0,0,0,0,0,0,0,0,0
180284,1,1,1993,0,0,0,0,0,0,0,0,0,0
180285,1,1,1993,28,28,28,28,28,28,28,28,28,28
180286,1,1,1993,0,0,0,0,0,0,0,0,0,0
180286,2,1,1993,0,0,0,0,0,0,0,0,0,0
180287,1,1,1993,0,0,0,0,0,0,0,0,0,0
180288,1,1,1993,0,0,0,0,0,0,0,0,0,0
180288,2,1,1993,0,0,0,0,0,0,0,0,0,0
180289,0,1,1993,0,0,0,0,0,0,0,0,0,32
180289,1,1,1993,0,0,0,0,0,0,0,0,0,0
180290,1,1,1993,0,0,0,0,0,22,25,0,0,0
180291,1,1,1993,0,0,0,0,0,0,0,0,0,0
180292,0,1,1993,0,0,0,0,0,0,0,0,0,0
180292,1,1,1993,0,0,0,0,0,0,0,0,0,0
180293,0,1,1993,5,5,5,5,5,5,5,5,5,5
180293,1,1,1993,0,0,0,0,0,13,0,0,6,0
180294,1,1,1993,0,0,0,0,0,0,0,0,0,0
180294,2,1,1993,0,0,0,0,0,0,0,0,0,0
180295,1,1,1993,0,0,0,0,0,0,0,0,0,0
180295,2,1,1993,0,0,0,0,0,0,0,0,0,0
180296,1,1,1993,0,0,0,0,0,0,0,0,0,0
180296,2,1,1993,0,0,0,0,0,0,0,0,0,0
180297,1,1,1993,0,0,0,0,0,0,0,0,0,0
180297,2,1,1993,0,0,0,0,0,0,0,0,0,0
180298,1,1,1993,27,27,27,27,27,27,27,27,27,27
180299,1,1,1993,25,25,25,25,25,25,25,25,25,25
180299,2,1,1993,0,0,0,0,0,0,0,0,0,0
180300,1,1,1993,0,0,0,0,0,0,0,0,0,0
180300,2,1,1993,0,0,0,0,0,0,0,0,0,0
180301,1,1,1993,0,0,0,0,0,0,10,0,0,0
180302,1,1,1993,0,0,0,0,15,0,0,0,0,0
180303,1,1,1993,24,24,24,24,24,24,24,24,24,24
180304,1,1,1993,0,0,0,0,0,0,0,0,0,0
180304,2,1,1993,0,0,0,0,0,0,0,0,0,0
180305,1,1,1993,12,12,12,12,12,12,12,12,12,12
180306,1,1,1993,31,31,31,31,31,31,31,31,31,31
180307,1,1,1993,0,0,0,0,0,0,0,0,0,0
180307,2,1,1993,0,0,0,0,0,0,0,0,0,11
180308,1,1,1993,0,0,0,0,0,0,0,0,0,0
180308,2,1,1993,0,0,0,0,0,0,0,0,0,0
180309,1,1,1993,0,0,0,0,0,0,0,0,0,0
180310,1,1,1993,0,0,0,0,0,0,0,0,0,0
180310,2,1,1993,0,0,0,0,0,0,0,0,0,0
180311,1,1,1993,0,0,0,0,0,0,0,0,0,0
180311,2,1,1993,0,0,0,0,0,0,0,0,0,0
180313,1,1,1993,18,18,18,18,18,18,18,18,18,18
180313,2,1,1993,0,0,0,6,0,0,0,0,15,0
180314,1,1,1993,2,2,2,2,2,2,2,2,2,2
180314,2,1,1993,0,0,0,0,0,0,0,0,0,0
180314,3,1,1993,0,0,0,12,0,0,0,0,0,0
180315,1,1,1993,0,0,0,0,0,0,0,0,0,0
180316,1,1,1993,27,27,27,27,27,27,27,27,27,27
180317,1,1,1993,0,0,0,0,0,0,0,0,0,0
180317,2,1,1993,0,0,0,0,0,0,0,0,0,0
180318,1,1,1993,0,0,0,0,0,0,0,0,0,0
180318,2,1,1993,0,0,0,0,0,0,0,0,0,0
180319,1,1,1993,0,0,0,7,0,0,0,0,0,0
180320,1,1,1993,12,2,29,13,16,12,13,13,14,16
180321,1,1,1993,29,29,29,29,29,29,29,29,29,29
180322,1,1,1993,18,18,18,18,18,18,18,18,18,18
180322,2,1,1993,0,14,28,0,11,15,0,19,0,22
180322,3,1,1993,0,0,0,0,14,0,0,0,0,7
180323,1,1,1993,0,0,0,0,0,0,0,0,0,0
180324,1,1,1993,0,0,0,0,0,0,0,0,0,0
180325,1,1,1993,0,0,0,0,0,0,0,0,0,0
180326,1,1,1993,0,0,0,0,0,0,0,0,0,0
180326,2,1,1993,0,0,0,0,0,0,0,0,0,0
180327,1,1,1993,0,0,0,0,0,0,0,0,0,0
180327,2,1,1993,0,0,0,0,0,0,0,0,0,0
180328,1,1,1993,0,0,0,0,0,0,0,0,0,0
180328,2,1,1993,0,0,0,0,0,0,0,0,0,0
180329,1,1,1993,0,0,0,0,0,0,0,23,0,0
180329,2,1,1993,0,0,21,0,0,0,0,0,0,0
180330,0,1,1993,0,11,0,23,6,17,29,0,24,24
180330,1,1,1993,0,0,0,0,0,0,0,0,0,0
180331,1,1,1993,0,0,0,0,0,0,0,0,0,0
180331,2,1,1993,0,0,0,0,0,0,0,0,0,0
180332,1,1,1993,0,0,0,0,0,0,0,0,0,0
180332,2,1,1993,0,0,0,0,0,0,0,0,0,0
180333,1,1,1993,18,18,18,18,18,18,18,18,18,18
180334,1,1,1993,0,0,0,0,0,0,0,0,0,0
180334,2,1,1993,0,0,0,0,0,0,0,0,0,0
180335,1,1,1993,21,0,13,0,0,0,0,0,0,0
180335,2,1,1993,0,0,0,0,0,0,0,0,0,0
180336,1,1,1993,0,0,0,0,0,0,0,0,0,0
180336,2,1,1993,0,0,0,0,0,0,0,0,0,0
180337,0,1,1993,22,22,22,22,22,22,22,22,22,22
180337,1,1,1993,0,0,0,0,0,0,0,0,0,0
180338,1,1,1993,19,19,19,19,19,19,19,19,19,19
180338,2,1,1993,0,0,0,0,0,0,0,0,0,0
180339,1,1,1993,17,17,17,17,17,17,17,17,17,17
180340,1,1,1993,15,15,15,15,15,15,15,15,15,15
180341,1,1,1993,8,8,8,8,8,8,8,8,8,8
180342,1,1,1993,15,15,15,15,15,15,15,15,15,15
180343,1,1,1993,17,17,17,17,17,17,17,17,17,17
180344,1,1,1993,0,0,0,0,0,0,0,0,0,0
180344,2,1,1993,0,0,0,0,0,0,0,0,0,0
180345,1,1,1993,0,0,0,0,0,0,0,0,0,0
180345,2,1,1993,0,0,0,0,0,0,0,0,0,0
180346,1,1,1993,20,13,13,13,12,9,26,12,13,15
180346,2,1,1993,0,0,0,0,0,0,0,0,0,0
180347,1,1,1993,0,0,0,0,0,0,0,0,30,0
180348,1,1,1993,0,0,0,0,0,0,0,0,0,0
180348,2,1,1993,7,7,7,7,7,7,7,7,7,7
180349,1,1,1993,0,0,0,0,0,0,0,0,0,0
180350,1,1,1993,12,12,12,12,12,12,12,12,12,12
180351,1,1,1993,0,0,0,0,0,0,0,0,0,0
180351,2,1,1993,0,0,0,0,0,0,0,0,0,0
180352,1,1,1993,2,2,2,2,2,2,2,2,2,2
180352,2,1,1993,0,0,0,0,0,0,14,0,0,0
180353,1,1,1993,0,0,0,0,0,0,0,0,0,0
180354,1,1,1993,19,19,19,19,19,19,19,19,19,19
180355,1,1,1993,0,0,0,0,0,0,0,0,0,0
180356,1,1,1993,5,5,5,5,5,5,5,5,5,5
180356,2,1,1993,0,0,0,0,0,0,0,0,0,0
180357,1,1,1993,8,8,8,8,8,8,8,8,8,8
180358,1,1,1993,14,14,14,14,14,14,14,14,14,14
180358,2,1,1993,0,0,0,0,0,0,0,0,0,0
180358,3,1,1993,0,0,0,0,0,0,0,0,0,0
180359,0,1,1993,23,23,23,23,23,23,23,23,23,23
180359,1,1,1993,0,0,0,0,0,0,0,0,0,0
180360,1,1,1993,0,0,0,0,0,0,0,0,0,0
180361,1,1,1993,0,0,0,0,0,0,0,0,0,0
180361,2,1,1993,2,2,2,2,2,2,2,2,2,2
180362,1,1,1993,23,23,23,23,23,23,23,23,23,23
180363,0,1,1993,0,0,0,0,0,0,0,0,0,0
180363,1,1,1993,0,0,0,0,0,0,0,0,0,0
180364,0,1,1993,0,0,0,0,0,0,0,0,0,0
180364,1,1,1993,0,0,0,0,23,0,0,0,0,0
180365,1,1,1993,0,0,0,0,0,0,0,0,0,0
180365,2,1,1993,0,0,0,0,0,0,0,0,0,0
180365,3,1,1993,0,0,0,0,0,0,0,0,0,0
180366,1,1,1993,0,0,0,0,0,0,0,0,0,0
180366,2,1,1993,0,0,0,0,0,0,0,0,0,0
180367,1,1,1993,27,27,27,27,27,27,27,27,27,27
180367,2,1,1993,0,0,0,0,0,0,0,0,0,0
180368,0,1,1993,0,0,0,0,0,0,0,0,0,0
180369,1,1,1993,0,0,0,0,0,0,0,0,0,0
180370,1,1,1993,0,0,0,0,0,0,0,0,0,0
180370,2,1,1993,0,0,0,0,0,0,0,0,0,0
180371,0,1,1993,0,0,0,0,0,0,0,0,0,0
180371,0,2,1993,0,0,0,0,0,0,0,0,0,0
180371,1,1,1993,0,0,0,0,0,0,0,0,0,0
180373,1,1,1993,18,18,18,18,18,18,18,18,18,18
180374,1,1,1993,0,0,0,0,0,0,0,0,0,0
180374,2,1,1993,0,0,0,0,0,0,0,0,0,0
180375,1,1,1993,0,0,0,0,0,0,0,0,0,0
180377,1,1,1993,0,0,0,0,0,0,0,0,0,0
180378,1,1,1993,14,14,14,14,14,14,14,14,14,14
180378,2,1,1993,0,0,0,0,0,0,0,0,0,0
180379,1,1,1993,0,0,0,0,0,0,0,0,0,0
180379,2,1,1993,0,0,0,0,0,0,0,0,0,0
180380,1,1,1993,0,0,0,0,0,0,0,0,0,0
180380,2,1,1993,0,0,0,0,0,0,0,0,0,0
180381,1,1,1993,6,6,6,6,6,6,6,6,6,6
180382,1,1,1993,0,0,0,0,0,0,0,0,0,0
180383,1,1,1993,2,2,2,2,2,2,2,2,2,2
180383,2,1,1993,0,0,0,0,0,0,0,0,0,0
180384,1,1,1993,4,4,4,4,4,4,4,4,4,4
180385,1,1,1993,33,33,33,33,33,33,33,33,33,33
180386,1,1,1993,0,0,0,0,0,0,5,0,0,0
180386,2,1,1993,0,0,0,0,0,0,0,0,0,0
180387,1,1,1993,0,0,0,0,0,0,0,0,0,0
180387,2,1,1993,0,0,0,0,0,0,0,0,0,0
180388,1,1,1993,4,4,4,4,4,4,4,4,4,4
180389,1,1,1993,2,2,2,2,2,2,2,2,2,2
180390,1,1,1993,26,26,26,26,26,26,26,26,26,26
180391,1,1,1993,0,0,30,0,0,0,0,0,0,0
180392,1,1,1993,0,0,0,0,0,0,0,0,0,0
180392,2,1,1993,0,0,0,0,0,0,0,0,0,0
180394,1,1,1993,0,0,0,0,0,0,0,0,0,0
180395,1,1,1993,0,0,0,0,0,0,0,0,0,0
180396,1,1,1993,14,14,14,14,14,14,14,14,14,14
180397,1,1,1993,0,0,0,0,0,0,0,0,0,0
180397,2,1,1993,0,0,0,0,0,0,0,0,0,0
180398,1,1,1993,35,35,35,35,35,35,35,35,35,35
180399,1,1,1993,20,20,20,20,20,20,20,20,20,20
180400,1,1,1993,0,0,0,0,0,0,0,0,0,0
180400,2,1,1993,2,2,2,2,2,2,2,2,2,2
180401,1,1,1993,0,0,0,0,0,0,0,0,0,0
180401,2,1,1993,0,0,0,0,0,0,5,0,0,0
180402,0,1,1993,22,22,22,22,22,22,22,22,22,22
180402,1,1,1993,25,14,14,9,18,9,18,37,28,22
180403,1,1,1993,0,0,0,0,0,0,0,0,0,0
180405,1,1,1993,27,27,27,27,27,27,27,27,27,27
180406,0,1,1993,18,18,18,18,18,18,18,18,18,18
180406,1,1,1993,0,0,0,0,0,0,0,0,0,0
180407,0,1,1993,29,29,29,29,29,29,29,29,29,29
180407,1,1,1993,0,0,0,9,0,0,0,0,12,14
180408,1,1,1993,0,0,0,0,0,0,0,0,0,0
180408,2,1,1993,0,0,0,0,0,0,0,0,0,0
180408,3,1,1993,0,0,0,0,0,0,0,5,0,0
180408,4,1,1993,0,0,0,0,0,0,0,0,0,0
180409,1,1,1993,0,0,0,0,0,0,0,0,0,0
180409,2,1,1993,0,0,0,0,0,0,0,0,0,0
180410,1,1,1993,0,0,0,0,0,0,0,0,0,0
180410,2,1,1993,0,0,0,0,0,0,0,0,0,0
180411,1,1,1993,9,9,9,9,9,9,9,9,9,9
180412,0,1,1993,0,0,0,0,0,0,0,0,0,0
180412,1,1,1993,0,0,0,0,0,0,0,0,0,0
180413,1,1,1993,0,0,0,0,0,0,0,0,0,0
180413,2,1,1993,0,0,0,0,0,0,0,0,0,0
180414,1,1,1993,0,0,0,0,0,0,0,0,0,0
180415,1,1,1993,20,20,20,20,20,20,20,20,20,20
180416,0,1,1993,0,0,0,0,0,0,0,0,0,0
180416,1,1,1993,15,10,0,20,12,0,12,0,13,14
180417,1,1,1993,0,0,0,0,0,0,0,0,0,0
180417,2,1,1993,7,7,7,7,7,7,7,7,7,7
180418,1,1,1993,0,0,0,0,0,0,0,0,0,0
180418,2,1,1993,0,0,0,0,0,0,0,0,0,0
180419,0,1,1993,0,0,0,0,0,0,0,0,0,0
180419,1,1,1993,0,0,0,0,0,0,0,0,0,0
180420,1,1,1993,5,5,5,5,5,5,5,5,5,5
180420,2,1,1993,0,0,0,0,0,0,0,0,0,0
180421,1,1,1993,0,0,0,0,0,0,0,0,0,0
180421,2,1,1993,0,0,0,0,0,0,0,0,0,0
180421,3,1,1993,0,0,0,0,0,0,0,0,0,0
180422,1,1,1993,0,0,0,0,0,0,0,0,0,0
180422,2,1,1993,5,9,22,12,0,9,7,11,13,0
180423,1,1,1993,44,44,44,44,44,44,44,44,44,44
180424,1,1,1993,0,0,0,0,0,0,0,0,0,0
180425,1,1,1993,0,0,0,0,10,0,0,15,16,0
180425,2,1,1993,0,0,0,0,0,0,0,0,0,0
180426,1,1,1993,22,22,22,22,22,22,22,22,22,22
180427,1,1,1993,0,0,0,0,0,0,28,0,0,0
180428,1,1,1993,0,0,0,0,0,0,0,0,0,0
180428,2,1,1993,0,0,0,0,0,0,0,0,0,0
180429,1,1,1993,0,0,0,0,0,0,0,0,0,0
180429,2,1,1993,0,0,0,0,0,0,0,0,0,0
180430,0,1,1993,13,13,13,13,13,13,13,13,13,13
180430,1,1,1993,0,0,0,0,0,0,0,0,0,0
180431,1,1,1993,20,20,20,20,20,20,20,20,20,20
180432,1,1,1993,0,0,0,0,0,0,0,0,0,0
180433,1,1,1993,0,12,34,0,0,0,0,0,0,0
180433,2,1,1993,0,0,0,0,0,0,0,0,0,0
180434,1,1,1993,1,1,1,1,1,1,1,1,1,1
180434,2,1,1993,0,0,0,0,0,0,0,0,0,0
180435,1,1,1993,0,0,0,0,0,0,0,0,0,0
180435,2,1,1993,0,0,0,0,0,0,0,0,0,0
180436,1,1,1993,9,9,9,9,9,9,9,9,9,9
180437,1,1,1993,0,0,0,0,0,0,0,0,0,0
180437,2,1,1993,0,0,0,0,0,0,0,0,0,0
180437,3,1,1993,0,0,0,0,0,0,0,0,0,0
180438,1,1,1993,19,19,19,19,19,19,19,19,19,19
180439,1,1,1993,0,0,0,0,0,0,0,0,0,0
180439,2,1,1993,0,0,0,0,0,0,0,0,0,0
180439,3,1,1993,0,0,0,0,0,0,0,0,0,0
180440,1,1,1993,21,21,21,21,21,21,21,21,21,21
180441,1,1,1993,0,0,0,0,0,0,13,0,0,0
180442,1,1,1993,9,9,9,9,9,9,9,9,9,9
180442,2,1,1993,0,0,0,0,0,0,0,0,0,0
180443,1,1,1993,12,12,12,12,12,12,12,12,12,12
180444,1,1,1993,0,0,0,0,0,0,0,0,0,0
180444,2,1,1993,0,0,0,0,0,0,0,0,0,0
180445,1,1,1993,0,0,0,0,0,0,0,0,0,0
180446,0,1,1993,0,0,0,0,0,0,0,0,0,0
180446,1,1,1993,17,17,17,17,17,17,17,17,17,17
180447,1,1,1993,0,0,0,0,0,0,0,0,0,0
180447,2,1,1993,0,0,0,0,0,0,0,0,0,0
180448,1,1,1993,0,0,0,0,0,0,0,0,0,0
180448,2,1,1993,0,0,0,0,0,0,0,0,0,0
180449,1,1,1993,0,0,0,0,0,0,0,0,0,0
180449,2,1,1993,0,0,0,0,0,0,0,0,0,0
180450,1,1,1993,0,0,0,0,0,0,0,0,0,0
180450,2,1,1993,0,0,0,0,0,0,0,0,0,0
180451,1,1,1993,0,0,0,0,0,0,0,0,0,0
180451,2,1,1993,0,0,0,0,0,0,0,0,0,0
180452,0,1,1993,0,0,0,0,0,0,0,0,0,0
180452,1,1,1993,0,0,0,0,0,0,0,0,0,0
180453,1,1,1993,0,0,0,0,0,0,0,0,0,0
180453,2,1,1993,0,0,0,0,0,0,0,0,0,0
180454,0,1,1993,28,28,28,28,28,28,28,28,28,28
180454,1,1,1993,0,0,0,0,0,0,0,0,0,0
180455,1,1,1993,0,0,0,0,0,0,0,0,0,0
180455,2,1,1993,0,0,0,0,0,0,0,0,0,0
180455,3,1,1993,0,0,0,0,0,0,0,0,0,0
180456,1,1,1993,13,13,13,13,13,13,13,13,13,13
180457,1,1,1993,0,0,0,0,0,0,0,0,0,0
180457,2,1,1993,0,0,0,0,0,0,0,0,0,0
180458,1,1,1993,17,17,17,17,17,17,17,17,17,17
180459,1,1,1993,0,0,0,0,0,0,0,0,0,0
180459,2,1,1993,0,0,0,0,0,0,0,0,0,0
180460,1,1,1993,0,0,0,0,0,0,0,0,0,0
180461,1,1,1993,0,0,0,0,0,0,0,0,0,0
180461,2,1,1993,0,0,0,0,0,0,0,0,0,0
180462,1,1,1993,0,0,0,0,0,0,0,0,0,0
180462,2,1,1993,0,0,0,0,0,0,0,0,0,0
180463,1,1,1993,0,0,0,0,0,0,0,0,0,0
180463,2,1,1993,0,0,0,0,0,0,0,0,0,0
180464,1,1,1993,0,0,0,0,0,0,0,0,0,0
180464,2,1,1993,16,16,16,16,16,16,16,16,16,16
180465,1,1,1993,16,16,3,0,13,0,0,0,0,9
180465,2,1,1993,0,0,0,0,0,0,0,0,0,0
180466,1,1,1993,0,20,11,14,0,15,8,8,6,25
180466,2,1,1993,0,0,0,0,0,0,0,0,0,0
180467,1,1,1993,13,13,13,13,13,13,13,13,13,13
180467,2,1,1993,0,0,0,0,0,0,0,0,0,0
180468,1,1,1993,17,17,17,17,17,17,17,17,17,17
180469,1,1,1993,0,0,0,0,0,0,0,0,0,0
180469,2,1,1993,0,0,0,0,0,0,0,0,0,0
180470,0,1,1993,20,20,20,20,20,20,20,20,20,20
180470,1,1,1993,14,0,0,0,14,0,0,0,11,0
180471,1,1,1993,16,16,16,16,16,16,16,16,16,16
180472,1,1,1993,0,0,0,0,0,0,0,0,0,0
180473,1,1,1993,0,0,0,0,0,0,0,0,0,0
180473,2,1,1993,0,0,0,0,0,0,0,0,0,0
180474,1,1,1993,0,0,0,0,0,0,0,0,0,0
180474,2,1,1993,0,0,0,0,0,0,0,0,0,0
180475,1,1,1993,18,18,18,18,18,18,18,18,18,18
180476,1,1,1993,0,0,0,0,0,0,0,0,0,0
180476,2,1,1993,0,0,0,0,0,0,0,0,0,0
180477,1,1,1993,19,19,19,19,19,19,19,19,19,19
180477,2,1,1993,0,0,0,0,0,0,0,0,0,0
180478,1,1,1993,11,11,11,11,11,11,11,11,11,11
180478,2,1,1993,0,0,0,0,0,0,0,0,0,0
180479,1,1,1993,0,0,0,0,0,0,0,0,0,0
180480,1,1,1993,0,0,0,0,0,0,0,0,0,0
180480,2,1,1993,0,0,0,0,0,0,0,0,0,0
180481,1,1,1993,0,0,0,0,0,0,0,0,0,0
180482,1,1,1993,0,0,0,0,0,0,0,0,0,0
180482,2,1,1993,0,0,0,0,0,0,0,0,0,0
180483,1,1,1993,46,46,46,46,46,46,46,46,46,46
180483,2,1,1993,0,0,0,0,0,0,0,0,0,0
180484,1,1,1993,0,0,0,0,0,0,0,0,0,0
180484,2,1,1993,2,2,2,2,2,2,2,2,2,2
180485,0,1,1993,4,4,4,4,4,4,4,4,4,4
180485,1,1,1993,14,14,14,14,14,14,14,14,14,14
180486,1,1,1993,0,0,0,0,0,0,0,0,0,0
180486,2,1,1993,0,0,0,0,0,0,0,0,0,0
180488,1,1,1993,23,23,23,23,23,23,23,23,23,23
180489,1,1,1993,16,16,16,16,16,16,16,16,16,16
180491,1,1,1993,11,11,11,11,11,11,11,11,11,11
180492,1,1,1993,0,0,0,0,0,0,0,0,0,0
180492,2,1,1993,0,0,0,0,0,0,0,0,0,0
180493,1,1,1993,0,0,0,0,0,0,0,0,0,0
180493,2,1,1993,0,0,0,0,0,0,0,0,0,12
180494,1,1,1993,0,0,0,0,0,0,0,0,0,0
180494,2,1,1993,25,25,25,25,25,25,25,25,25,25
180495,1,1,1993,0,0,0,0,0,0,0,0,0,0
180495,2,1,1993,0,0,0,0,0,0,0,0,0,0
180496,0,1,1993,31,31,31,31,31,31,31,31,31,31
180496,1,1,1993,0,0,0,0,0,15,0,0,0,0
180497,1,1,1993,0,0,0,0,0,0,0,0,0,0
180498,1,1,1993,0,0,0,0,0,0,0,0,0,0
180498,2,1,1993,0,0,0,0,0,0,0,0,0,0
180498,3,1,1993,0,0,0,0,0,0,0,0,0,0
180499,1,1,1993,0,0,20,0,0,0,0,0,0,0
180500,1,1,1993,18,18,18,18,18,18,18,18,18,18
180500,2,1,1993,0,0,0,0,0,0,0,0,0,0
180501,0,1,1993,0,0,0,0,0,0,0,0,0,0
180501,1,1,1993,0,0,0,0,0,0,0,0,0,0
180502,1,1,1993,0,0,0,0,0,0,0,0,0,0
180502,2,1,1993,0,0,0,0,0,0,0,0,0,0
180503,1,1,1993,0,0,0,9,0,0,0,0,0,0
180503,2,1,1993,0,27,0,0,0,0,14,0,0,12
180504,1,1,1993,0,0,0,0,0,0,0,0,0,0
180504,2,1,1993,0,0,0,0,0,0,0,0,0,0
180505,1,1,1993,0,0,0,0,0,0,0,0,0,0
180505,2,1,1993,0,0,0,0,0,0,0,0,0,0
180506,1,1,1993,0,0,0,0,0,0,0,0,0,0
180506,2,1,1993,0,0,0,0,0,0,0,0,0,0
180507,1,1,1993,4,37,0,30,0,12,0,0,0,22
180508,1,1,1993,0,0,0,0,0,0,0,0,0,0
180509,1,1,1993,18,18,18,18,18,18,18,18,18,18
180510,1,1,1993,0,0,0,0,0,0,0,0,0,0
180511,1,1,1993,0,0,0,0,0,0,0,0,0,0
180511,2,1,1993,0,0,0,0,0,0,0,0,0,0
180512,1,1,1993,17,17,17,17,17,17,17,17,17,17
180513,1,1,1993,0,0,0,0,0,0,0,0,0,0
180513,2,1,1993,1,1,1,1,1,1,1,1,1,1
180514,1,1,1993,0,35,17,16,0,0,14,18,15,13
180514,2,1,1993,0,0,0,0,0,0,0,0,0,0
180515,0,1,1993,0,0,0,0,0,0,0,0,0,0
180515,1,1,1993,0,0,0,0,0,0,0,0,0,0
180516,1,1,1993,0,0,0,0,0,0,0,0,0,0
180516,2,1,1993,0,0,0,0,0,0,23,0,0,0
180517,1,1,1993,0,0,0,0,0,0,0,0,0,0
180518,1,1,1993,0,0,0,0,0,0,0,0,0,10
180518,2,1,1993,0,0,0,0,0,0,0,0,0,0
180518,3,1,1993,0,0,0,0,0,0,0,0,0,0
180519,1,1,1993,0,0,0,0,0,0,0,0,0,0
180520,1,1,1993,0,0,0,0,0,0,0,0,0,0
180520,2,1,1993,0,0,0,0,0,0,0,0,0,0
180521,1,1,1993,0,0,0,0,0,0,0,0,0,0
180521,2,1,1993,0,0,0,0,0,0,0,0,0,0
180522,1,1,1993,0,0,0,0,0,0,0,0,0,0