ST_CASE,VEH_NO,PER_NO,YEAR,P1,P2,P3,P4,P5,P6,P7,P8,P9,P10
180523,1,1,1993,11,11,11,11,11,11,11,11,11,11
180524,1,1,1993,17,17,17,17,17,17,17,17,17,17
180525,1,1,1993,0,0,0,0,0,0,0,0,0,0
180525,2,1,1993,0,0,0,0,0,0,0,0,0,0
180527,0,1,1993,0,0,0,0,0,0,0,0,0,0
180527,1,1,1993,0,0,0,0,0,0,0,0,0,0
180528,1,1,1993,0,0,0,0,0,0,0,0,0,0
180528,2,1,1993,0,0,0,0,0,0,0,0,0,0
180529,1,1,1993,0,0,0,0,0,0,0,0,0,0
180529,2,1,1993,0,0,0,0,0,0,0,0,0,0
180529,3,1,1993,0,0,0,0,0,0,0,0,0,0
180529,4,1,1993,0,0,0,0,0,0,0,0,0,0
180530,1,1,1993,0,0,0,0,0,0,0,0,0,0
180530,2,1,1993,21,21,21,21,21,21,21,21,21,21
180531,1,1,1993,0,0,0,0,0,0,0,0,0,0
180531,2,1,1993,0,0,0,0,0,0,0,0,0,0
180532,1,1,1993,0,0,0,0,0,0,0,0,0,0
180532,2,1,1993,0,0,0,0,0,0,0,0,0,0
180533,1,1,1993,23,23,23,23,23,23,23,23,23,23
180533,2,1,1993,0,0,0,0,0,0,0,0,0,0
180533,3,1,1993,0,0,0,0,0,0,0,0,0,0
180533,4,1,1993,0,0,0,0,0,0,0,0,0,0
180534,0,1,1993,8,8,8,8,8,8,8,8,8,8
180534,1,1,1993,0,0,0,0,0,0,0,0,0,0
180535,1,1,1993,24,24,24,24,24,24,24,24,24,24
180535,2,1,1993,0,0,0,14,0,0,0,0,3,0
180536,0,1,1993,0,0,0,0,0,0,0,0,0,0
180536,1,1,1993,0,0,0,0,0,0,0,0,0,0
180537,0,1,1993,14,21,0,0,14,0,15,0,10,26
180537,1,1,1993,0,0,0,0,0,0,0,0,9,0
180538,1,1,1993,0,0,0,0,0,0,0,0,0,0
180538,2,1,1993,0,0,0,0,0,0,0,0,0,0
180539,1,1,1993,2,2,2,2,2,2,2,2,2,2
180540,1,1,1993,0,0,0,0,0,0,0,0,0,0
180541,1,1,1993,5,0,15,0,0,0,10,0,0,0
180541,2,1,1993,0,0,0,0,0,0,0,0,0,0
180543,1,1,1993,0,0,0,0,0,0,0,0,0,0
180544,1,1,1993,0,0,0,0,0,20,0,0,0,0
180544,2,1,1993,0,0,0,0,0,0,0,0,0,0
180545,1,1,1993,0,0,0,0,0,0,0,0,0,0
180546,1,1,1993,0,0,0,0,0,0,0,0,0,0
180546,2,1,1993,0,0,0,0,0,0,0,0,0,0
180547,1,1,1993,1,1,1,1,1,1,1,1,1,1
180547,2,1,1993,0,0,0,0,0,0,0,0,0,0
180547,3,1,1993,0,0,0,0,0,0,0,0,0,0
180547,4,1,1993,0,0,0,0,0,0,0,0,0,0
180548,1,1,1993,0,0,0,0,0,0,0,0,0,0
180549,1,1,1993,0,0,0,0,0,0,0,0,0,0
180549,2,1,1993,0,0,0,0,0,0,0,0,0,0
180550,1,1,1993,0,0,0,0,0,0,0,0,0,0
180550,2,1,1993,0,0,0,0,0,0,0,0,0,0
180551,0,1,1993,37,0,0,0,0,18,18,0,0,0
180551,1,1,1993,0,0,0,0,0,0,0,0,0,0
180552,1,1,1993,0,0,0,0,0,0,0,0,0,0
180553,1,1,1993,25,25,25,25,25,25,25,25,25,25
180554,1,1,1993,0,0,0,0,0,0,0,0,0,0
180554,2,1,1993,22,22,22,22,22,22,22,22,22,22
180555,1,1,1993,0,0,0,0,0,0,0,0,0,0
180555,2,1,1993,0,0,0,0,0,0,0,0,0,0
180556,1,1,1993,0,0,0,0,0,0,0,0,0,0
180556,2,1,1993,0,0,0,0,0,0,0,0,0,0
180557,1,1,1993,21,21,21,21,21,21,21,21,21,21
180558,1,1,1993,2,2,2,2,2,2,2,2,2,2
180559,1,1,1993,0,0,0,0,0,0,0,0,0,0
180559,2,1,1993,0,0,0,0,0,0,0,0,0,0
180560,1,1,1993,0,0,0,0,0,0,0,0,0,0
180560,2,1,1993,0,0,0,0,0,0,0,0,0,0
180561,1,1,1993,21,21,21,21,21,21,21,21,21,21
180561,2,1,1993,0,0,0,0,0,0,0,0,0,0
180562,1,1,1993,0,0,0,0,0,0,0,0,0,0
180562,2,1,1993,0,0,0,0,0,0,0,0,0,0
180563,1,1,1993,0,0,0,0,0,0,0,0,0,0
180563,2,1,1993,0,0,0,0,0,0,0,0,0,0
180564,1,1,1993,0,0,0,0,0,0,0,0,0,0
180564,2,1,1993,23,23,23,23,23,23,23,23,23,23
180565,1,1,1993,0,0,0,0,0,0,0,0,0,0
180566,0,1,1993,0,0,0,0,0,0,0,0,0,0
180566,1,1,1993,0,0,0,0,0,0,0,0,0,0
180567,1,1,1993,0,0,0,0,0,0,0,0,0,0
180568,1,1,1993,41,41,41,41,41,41,41,41,41,41
180569,1,1,1993,0,0,0,0,0,0,0,0,0,0
180569,2,1,1993,0,0,0,0,0,0,0,0,0,0
180570,1,1,1993,0,0,0,0,0,0,0,0,0,0
180570,2,1,1993,0,0,0,0,0,0,0,0,0,0
180571,1,1,1993,17,17,17,17,17,17,17,17,17,17
180572,1,1,1993,7,7,7,7,7,7,7,7,7,7
180572,2,1,1993,0,0,0,0,0,0,0,0,0,0
180573,1,1,1993,0,0,0,0,0,0,0,0,0,0
180573,2,1,1993,0,0,0,0,0,0,0,0,0,0
180574,1,1,1993,0,0,0,0,0,0,0,0,0,0
180574,2,1,1993,0,0,0,0,0,0,0,0,0,0
180575,1,1,1993,0,0,0,0,0,0,0,0,0,0
180575,2,1,1993,16,16,16,16,16,16,16,16,16,16
180576,1,1,1993,13,13,13,13,13,13,13,13,13,13
180577,1,1,1993,0,9,0,0,14,0,28,0,0,0
180578,1,1,1993,0,0,0,0,0,0,0,0,0,0
180578,2,1,1993,0,0,0,0,0,0,0,0,0,0
180579,1,1,1993,0,0,0,0,0,0,0,0,0,0
180579,2,1,1993,0,0,0,0,0,0,0,0,0,0
180580,1,1,1993,0,0,0,0,0,0,0,0,0,0
180580,2,1,1993,0,0,0,0,0,0,0,0,0,0
180581,1,1,1993,0,0,0,0,0,0,0,0,0,0
180581,2,1,1993,0,0,0,0,0,0,0,0,0,0
180581,3,1,1993,0,0,0,0,0,0,0,0,0,0
180582,1,1,1993,19,19,19,19,19,19,19,19,19,19
180583,0,1,1993,21,21,21,21,21,21,21,21,21,21
180583,1,1,1993,0,0,0,0,0,0,0,0,0,0
180584,1,1,1993,0,0,0,0,0,0,0,0,0,0
180585,1,1,1993,0,0,0,0,0,0,0,0,0,0
180585,2,1,1993,0,0,0,0,0,0,0,0,0,0
180586,1,1,1993,0,0,0,0,0,0,0,0,0,0
180586,2,1,1993,0,0,0,0,0,0,0,0,0,0
180586,3,1,1993,0,0,0,0,0,0,0,0,0,0
180587,1,1,1993,22,0,19,0,0,0,32,0,9,12
180587,2,1,1993,0,0,0,0,0,0,0,0,0,0
180588,1,1,1993,0,0,0,0,0,0,0,0,0,0
180588,2,1,1993,0,0,0,0,0,0,0,0,0,0
180589,1,1,1993,17,17,17,17,17,17,17,17,17,17
180589,2,1,1993,0,0,6,0,0,0,0,0,0,0
180590,1,1,1993,0,0,0,0,0,0,0,0,0,14
180591,1,1,1993,0,0,0,0,0,0,0,0,0,0
180591,2,1,1993,0,0,0,0,0,0,0,0,0,0
180592,1,1,1993,21,21,21,21,21,21,21,21,21,21
180592,2,1,1993,0,0,0,0,0,0,0,0,0,0
180594,1,1,1993,12,12,12,12,12,12,12,12,12,12
180595,1,1,1993,0,0,0,0,0,0,0,0,0,0
180595,2,1,1993,0,0,0,0,0,0,0,0,0,0
180596,1,1,1993,0,0,0,0,0,0,0,0,0,0
180597,1,1,1993,8,8,8,8,8,8,8,8,8,8
180597,2,1,1993,18,18,18,18,18,18,18,18,18,18
180598,1,1,1993,19,19,19,19,19,19,19,19,19,19
180599,1,1,1993,0,0,0,0,0,0,0,0,0,0
180600,1,1,1993,0,0,0,0,0,0,0,0,0,0
180600,2,1,1993,0,0,0,0,0,0,0,0,0,0
180601,1,1,1993,0,0,0,0,0,0,0,0,0,0
180601,2,1,1993,0,0,0,0,0,0,0,0,0,0
180602,1,1,1993,0,0,0,0,0,0,0,0,0,0
180602,2,1,1993,0,0,0,0,0,0,0,0,0,0
180603,1,1,1993,0,0,0,0,0,0,11,3,0,0
180604,1,1,1993,0,0,0,0,0,0,0,0,0,0
180604,2,1,1993,0,0,0,0,0,0,0,0,0,0
180605,1,1,1993,0,0,0,0,0,0,0,0,0,0
180605,2,1,1993,0,0,0,0,0,0,0,0,0,0
180606,1,1,1993,0,0,0,0,0,0,0,0,0,0
180606,2,1,1993,0,0,0,0,0,0,0,0,0,0
180607,1,1,1993,0,0,0,0,0,0,0,0,0,0
180608,1,1,1993,0,0,0,0,0,0,0,0,0,0
180608,2,1,1993,0,0,0,0,0,0,0,0,0,0
180610,1,1,1993,0,0,0,0,0,0,0,0,0,0
180611,1,1,1993,11,11,11,11,11,11,11,11,11,11
180611,2,1,1993,0,0,0,0,0,0,0,0,0,0
180612,1,1,1993,0,0,0,0,0,0,0,0,0,0
180612,2,1,1993,0,0,0,0,0,0,0,0,0,0
180613,1,1,1993,0,0,0,0,0,0,0,0,0,0
180613,2,1,1993,0,20,0,0,0,0,0,0,0,0
180614,1,1,1993,11,11,11,11,11,11,11,11,11,11
180615,1,1,1993,14,28,11,21,7,16,13,0,27,20
180616,1,1,1993,0,0,0,0,0,7,0,0,0,0
180616,2,1,1993,0,0,0,0,0,0,0,0,0,0
180617,1,1,1993,23,23,23,23,23,23,23,23,23,23
180617,2,1,1993,0,0,0,0,0,0,0,0,0,0
180618,1,1,1993,24,11,11,8,10,7,20,4,23,20
180618,2,1,1993,0,0,0,0,0,0,0,0,0,26
180619,1,1,1993,16,16,16,16,16,16,16,16,16,16
180619,2,1,1993,0,0,0,0,0,0,0,0,0,0
180620,1,1,1993,0,0,0,0,0,0,0,0,0,0
180621,1,1,1993,0,0,0,0,0,0,0,0,0,0
180621,2,1,1993,0,0,0,0,0,0,0,0,0,0
180621,3,1,1993,0,0,0,0,0,0,0,0,0,0
180622,1,1,1993,0,0,0,0,0,0,0,0,0,0
180623,1,1,1993,0,0,0,0,0,0,0,0,0,0
180623,2,1,1993,0,0,0,0,0,0,0,0,0,22
180624,1,1,1993,0,0,0,0,0,0,0,0,0,0
180624,2,1,1993,13,13,13,13,13,13,13,13,13,13
180625,1,1,1993,0,0,0,0,0,0,0,0,0,0
180625,2,1,1993,0,0,0,0,0,0,0,0,0,0
180626,1,1,1993,19,19,19,19,19,19,19,19,19,19
180627,1,1,1993,21,21,21,21,21,21,21,21,21,21
180628,1,1,1993,14,14,14,14,14,14,14,14,14,14
180628,2,1,1993,0,0,0,0,0,0,0,0,0,0
180629,1,1,1993,29,29,29,29,29,29,29,29,29,29
180629,2,1,1993,17,14,21,13,14,9,16,31,14,2
180630,1,1,1993,18,13,0,0,21,17,10,21,10,23
180630,2,1,1993,0,0,0,0,0,0,0,0,0,0
180631,1,1,1993,0,0,0,0,0,0,0,0,0,0
180632,1,1,1993,0,20,0,0,0,0,0,0,0,0
180633,0,1,1993,0,0,0,0,0,0,0,0,0,0
180633,1,1,1993,25,0,0,17,0,0,6,0,7,10
180634,1,1,1993,0,0,0,0,0,0,0,0,0,0
180634,2,1,1993,0,0,0,0,0,0,0,0,0,0
180635,1,1,1993,0,0,0,0,0,0,0,0,0,0
180635,2,1,1993,0,0,0,0,0,0,0,0,3,0
180636,1,1,1993,0,0,0,0,0,0,0,0,0,0
180636,2,1,1993,0,0,0,0,0,0,0,0,0,0
180637,1,1,1993,0,0,0,0,0,0,0,0,0,0
180637,2,1,1993,0,0,0,0,0,0,0,0,0,0
180637,3,1,1993,0,0,0,0,0,0,0,0,0,0
180638,1,1,1993,0,0,0,0,0,0,0,0,0,0
180638,2,1,1993,0,0,0,0,0,0,0,0,0,0
180639,1,1,1993,20,20,20,20,20,20,20,20,20,20
180640,1,1,1993,0,0,0,0,0,0,0,0,0,0
180640,2,1,1993,0,0,0,0,0,0,0,0,0,0
180641,1,1,1993,17,17,17,17,17,17,17,17,17,17
180641,2,1,1993,0,0,0,0,0,0,0,0,0,0
180642,1,1,1993,25,25,25,25,25,25,25,25,25,25
180643,1,1,1993,0,0,0,0,0,0,0,0,0,0
180643,2,1,1993,29,29,29,29,29,29,29,29,29,29
180644,1,1,1993,0,0,0,0,0,0,0,0,0,0
180644,2,1,1993,0,0,0,0,0,0,0,0,0,0
180645,1,1,1993,0,0,0,0,0,0,0,0,0,0
180645,2,1,1993,0,0,0,0,0,0,0,0,0,0
180646,1,1,1993,0,0,0,0,0,0,0,0,0,0
180646,2,1,1993,0,0,0,0,0,0,0,0,0,0
180647,1,1,1993,4,4,4,4,4,4,4,4,4,4
180648,1,1,1993,0,0,0,0,0,0,0,0,0,0
180648,2,1,1993,0,0,0,0,0,0,0,0,0,0
180649,1,1,1993,0,0,0,0,0,0,0,0,0,0
180650,1,1,1993,0,0,0,0,0,0,0,0,0,0
180650,2,1,1993,0,0,0,0,0,0,0,0,0,0
180650,3,1,1993,0,0,0,0,0,0,0,0,0,0
180651,1,1,1993,0,0,0,0,0,0,0,0,0,0
180651,2,1,1993,0,0,0,0,0,0,0,0,0,0
180652,1,1,1993,0,0,0,0,0,0,0,0,0,0
180652,2,1,1993,0,0,0,0,0,0,0,0,0,0
180652,3,1,1993,0,0,0,0,0,0,0,0,0,0
180652,4,1,1993,0,0,0,0,0,0,0,0,0,0
180653,0,1,1993,20,20,20,20,20,20,20,20,20,20
180653,1,1,1993,0,0,9,3,10,0,0,0,0,0
180654,1,1,1993,14,14,14,14,14,14,14,14,14,14
180655,1,1,1993,19,19,19,19,19,19,19,19,19,19
180656,1,1,1993,0,0,0,0,0,0,0,3,0,0
180656,2,1,1993,0,0,0,0,0,0,0,0,0,0
180657,1,1,1993,0,0,0,0,0,0,0,0,0,0
180658,1,1,1993,0,0,0,0,0,0,0,0,0,0
180658,2,1,1993,0,0,0,0,0,0,0,0,0,0
180659,1,1,1993,0,0,0,0,0,0,0,0,0,0
180659,2,1,1993,0,0,0,0,0,0,0,0,0,0
180660,1,1,1993,2,2,2,2,2,2,2,2,2,2
180661,1,1,1993,12,12,12,12,12,12,12,12,12,12
180661,2,1,1993,0,0,0,0,0,0,0,0,0,0
180661,3,1,1993,0,0,0,0,0,0,0,0,0,0
180662,1,1,1993,0,0,0,0,0,0,0,0,0,0
180662,2,1,1993,28,0,7,15,11,19,0,0,26,17
180663,1,1,1993,0,0,0,0,0,0,0,0,0,0
180663,2,1,1993,0,17,0,0,0,0,0,0,0,0
180664,0,1,1993,0,0,0,0,0,0,0,0,0,0
180664,1,1,1993,0,0,0,0,0,0,0,0,0,0
180665,1,1,1993,19,19,19,19,19,19,19,19,19,19
180665,2,1,1993,0,0,0,0,0,0,0,0,0,0
180666,1,1,1993,14,14,14,14,14,14,14,14,14,14
180667,0,1,1993,0,0,0,0,0,0,0,0,0,0
180667,1,1,1993,0,0,0,0,0,0,0,0,0,0
180668,1,1,1993,0,0,0,0,0,0,0,0,0,0
180668,2,1,1993,0,0,0,0,0,0,0,0,0,0
180669,1,1,1993,0,0,0,0,0,0,0,0,0,0
180669,2,1,1993,0,0,0,0,0,0,0,0,0,0
180670,1,1,1993,26,26,26,26,26,26,26,26,26,26
180670,2,1,1993,0,0,0,0,0,0,0,0,0,0
180671,0,1,1993,0,0,0,0,0,0,0,0,0,0
180671,1,1,1993,0,0,0,0,0,0,0,0,0,0
180672,0,1,1993,16,16,16,16,16,16,16,16,16,16
180672,1,1,1993,0,0,0,0,0,0,0,0,0,0
180673,1,1,1993,0,0,0,0,0,0,0,0,0,0
180675,1,1,1993,0,0,0,0,0,0,0,0,0,0
180675,2,1,1993,0,0,0,0,0,0,0,0,0,0
180676,1,1,1993,0,0,0,0,0,0,0,0,0,0
180676,2,1,1993,0,0,0,0,0,0,0,0,0,0
180677,1,1,1993,0,0,0,0,0,0,0,0,0,0
180677,2,1,1993,0,0,0,0,0,0,0,0,0,0
180678,1,1,1993,0,0,0,0,0,0,0,0,0,0
180678,2,1,1993,0,0,0,0,0,0,0,0,0,0
180679,1,1,1993,0,0,0,0,0,0,0,0,0,0
180680,1,1,1993,25,25,25,25,25,25,25,25,25,25
180681,1,1,1993,20,20,20,20,20,20,20,20,20,20
180681,2,1,1993,0,0,0,0,0,0,0,0,0,0
180681,3,1,1993,0,0,0,0,0,0,0,0,0,0
180682,1,1,1993,15,15,15,15,15,15,15,15,15,15
180683,1,1,1993,0,0,0,0,0,0,0,0,0,0
180684,1,1,1993,0,0,0,0,0,0,0,0,0,0
180684,2,1,1993,0,0,0,0,0,0,0,0,0,0
180685,1,1,1993,25,25,25,25,25,25,25,25,25,25
180685,2,1,1993,0,0,0,0,0,0,0,0,0,0
180686,1,1,1993,33,33,33,33,33,33,33,33,33,33
180686,2,1,1993,0,0,0,0,0,0,0,0,0,0
180686,3,1,1993,0,0,0,0,0,0,0,0,0,0
180687,1,1,1993,0,0,0,0,0,0,0,0,0,0
180687,2,1,1993,0,0,0,0,0,0,0,0,0,0
180687,3,1,1993,0,0,0,0,0,0,0,0,0,0
180687,4,1,1993,0,0,0,0,0,0,0,0,0,0
180688,2,1,1993,0,0,0,0,0,0,0,0,0,0
180689,0,1,1993,19,14,0,0,0,0,12,8,0,0
180689,1,1,1993,0,0,0,0,0,0,0,0,0,0
180690,1,1,1993,0,0,0,0,0,0,0,0,0,0
180690,2,1,1993,0,0,0,0,0,0,0,0,0,0
180691,1,1,1993,0,24,0,15,23,14,14,28,0,24
180691,2,1,1993,0,0,0,0,0,0,0,0,0,0
180691,3,1,1993,0,0,0,0,0,0,0,0,0,0
180692,0,1,1993,0,0,0,0,0,0,0,0,0,0
180692,1,1,1993,8,8,8,8,8,8,8,8,8,8
180693,1,1,1993,0,0,0,0,0,0,0,0,0,0
180693,2,1,1993,0,0,0,0,0,0,0,12,0,0
180694,0,1,1993,0,0,0,0,0,0,0,0,0,0
180694,1,1,1993,19,19,19,19,19,19,19,19,19,19
180695,1,1,1993,0,0,0,0,0,0,0,0,0,0
180695,2,1,1993,0,0,0,0,13,0,0,0,0,0
180696,1,1,1993,20,20,20,20,20,20,20,20,20,20
180697,1,1,1993,0,0,0,16,0,14,0,0,0,0
180698,1,1,1993,0,0,0,0,0,0,0,0,0,0
180698,2,1,1993,0,0,0,0,0,0,0,0,0,0
180699,1,1,1993,26,26,26,26,26,26,26,26,26,26
180700,1,1,1993,0,0,0,0,0,0,0,0,0,0
180700,2,1,1993,0,0,0,0,0,0,0,0,0,0
180703,1,1,1993,4,4,4,4,4,4,4,4,4,4
180703,2,1,1993,0,0,0,0,0,0,0,0,0,0
180704,1,1,1993,0,0,0,0,0,0,0,0,0,0
180704,2,1,1993,0,0,0,0,0,0,0,0,0,0
180705,1,1,1993,0,0,0,0,0,0,0,0,0,0
180706,1,1,1993,0,0,0,0,0,0,0,0,0,0
180706,2,1,1993,0,0,0,0,0,0,0,0,0,0
180707,1,1,1993,0,0,0,0,0,0,0,0,0,0
180707,2,1,1993,26,26,26,26,26,26,26,26,26,26
180708,1,1,1993,0,0,0,0,0,0,0,0,0,0
180708,2,1,1993,0,0,0,0,0,0,0,0,0,0
180709,1,1,1993,0,0,0,0,0,0,0,0,0,0
180710,1,1,1993,0,0,0,0,0,0,0,0,0,0
180710,2,1,1993,0,0,0,0,0,0,0,0,0,0
180710,3,1,1993,0,0,0,0,0,0,0,0,0,0
180711,1,1,1993,24,24,24,24,24,24,24,24,24,24
180711,2,1,1993,0,0,0,0,0,0,0,0,0,0
180712,1,1,1993,0,0,0,0,0,0,0,0,0,0
180713,1,1,1993,24,24,24,24,24,24,24,24,24,24
180714,1,1,1993,0,0,0,0,0,0,0,0,0,0
180714,2,1,1993,0,0,0,0,0,0,0,0,0,0
180715,1,1,1993,23,23,23,23,23,23,23,23,23,23
180715,2,1,1993,0,0,0,0,0,0,0,0,0,0
180716,1,1,1993,17,17,17,17,17,17,17,17,17,17
180717,1,1,1993,0,0,0,0,0,0,0,0,0,0
180718,0,1,1993,0,0,0,0,0,0,0,0,0,0
180718,1,1,1993,0,0,0,0,0,0,0,0,0,0
180719,1,1,1993,0,0,0,0,0,0,0,0,0,0
180719,2,1,1993,0,0,0,0,0,0,0,0,0,0
180720,1,1,1993,0,0,0,0,0,0,0,0,0,0
180720,2,1,1993,0,0,0,0,0,0,0,0,0,0
180721,1,1,1993,0,0,0,0,0,0,0,0,0,0
180721,2,1,1993,0,0,0,0,0,0,0,0,0,0
180722,1,1,1993,0,0,0,0,0,0,0,0,0,0
180722,2,1,1993,0,0,0,0,0,0,0,0,0,0
180723,1,1,1993,15,15,15,15,15,15,15,15,15,15
180724,1,1,1993,20,20,20,20,20,20,20,20,20,20
180724,2,1,1993,0,0,0,0,0,0,0,0,0,0
180725,1,1,1993,9,9,9,9,9,9,9,9,9,9
180726,0,1,1993,0,0,0,0,0,0,0,0,0,0
180726,1,1,1993,0,0,0,0,0,0,0,0,0,0
180727,1,1,1993,0,0,0,0,0,0,0,0,0,0
180728,1,1,1993,0,0,0,0,0,0,0,0,0,0
180729,1,1,1993,0,0,0,0,0,0,0,0,0,0
180729,2,1,1993,0,0,0,0,0,0,0,0,0,0
180730,1,1,1993,0,0,0,0,0,0,0,0,0,0
180730,2,1,1993,0,0,0,0,0,0,0,0,0,0
180731,1,1,1993,0,0,0,0,0,0,0,0,0,0
180731,2,1,1993,0,0,0,0,0,0,0,0,0,0
180731,3,1,1993,0,0,0,0,0,0,0,0,0,0
180731,4,1,1993,0,0,0,0,0,0,0,0,0,0
180732,1,1,1993,0,0,0,0,0,0,0,0,0,0
180732,2,1,1993,0,0,0,0,0,0,0,0,0,0
180733,1,1,1993,0,0,0,0,0,13,0,0,0,0
180734,1,1,1993,16,26,23,26,14,0,20,15,25,20
180734,2,1,1993,0,0,0,0,0,0,0,0,0,0
180735,1,1,1993,0,0,0,0,0,0,0,0,0,0
180736,1,1,1993,9,9,9,9,9,9,9,9,9,9
180737,1,1,1993,0,0,0,0,0,0,0,0,0,0
180737,2,1,1993,0,0,0,0,0,0,0,0,0,0
180738,1,1,1993,0,0,0,0,0,0,0,0,0,0
180739,1,1,1993,0,0,2,0,0,0,0,0,0,0
180740,0,1,1993,32,32,32,32,32,32,32,32,32,32
180740,1,1,1993,0,0,0,0,0,0,0,0,0,0
180741,1,1,1993,21,21,21,21,21,21,21,21,21,21
180741,2,1,1993,0,0,0,0,0,0,0,0,0,0
180742,1,1,1993,28,28,28,28,28,28,28,28,28,28
180743,1,1,1993,0,0,0,0,0,0,0,0,0,0
180743,2,1,1993,0,0,0,0,0,0,0,0,0,0
180744,1,1,1993,0,0,0,0,0,0,0,0,0,0
180744,2,1,1993,0,0,0,0,0,0,0,0,0,0
180744,3,1,1993,0,0,0,0,0,0,0,0,0,0
180745,1,1,1993,0,0,0,0,0,0,0,0,0,0
180745,2,1,1993,0,0,0,0,0,0,0,0,0,0
180746,1,1,1993,28,28,28,28,28,28,28,28,28,28
180746,2,1,1993,0,0,0,0,0,0,0,0,0,0
180747,1,1,1993,20,20,20,20,20,20,20,20,20,20
180748,1,1,1993,0,0,0,0,0,0,0,0,0,0
180748,2,1,1993,0,0,0,0,0,0,0,0,0,0
180748,3,1,1993,0,0,0,0,0,0,0,0,0,0
180749,1,1,1993,17,17,17,17,17,17,17,17,17,17
180750,1,1,1993,0,0,0,0,0,0,0,0,0,0
180750,2,1,1993,0,0,0,0,0,0,0,0,0,0
180751,0,1,1993,0,0,0,0,0,0,0,0,0,0
180751,1,1,1993,0,0,0,0,0,0,0,0,0,0
180752,1,1,1993,0,25,0,0,0,6,0,18,0,0
180753,1,1,1993,0,0,0,0,0,0,0,0,0,0
180754,1,1,1993,15,15,15,15,15,15,15,15,15,15
180755,1,1,1993,8,8,8,8,8,8,8,8,8,8
180756,1,1,1993,3,3,3,3,3,3,3,3,3,3
180757,1,1,1993,19,19,19,19,19,19,19,19,19,19
180758,1,1,1993,0,0,0,0,0,0,0,0,0,0
180758,2,1,1993,0,0,0,0,0,0,0,0,0,0
180759,1,1,1993,0,0,0,0,0,0,0,0,0,0
180760,1,1,1993,0,0,0,0,0,0,0,0,0,0
180760,2,1,1993,0,0,0,0,0,0,0,0,0,0
180761,1,1,1993,0,0,0,0,0,0,0,0,0,0
180762,1,1,1993,40,40,40,40,40,40,40,40,40,40
180762,2,1,1993,0,0,0,0,0,0,0,0,0,0
180763,1,1,1993,0,0,0,0,0,0,0,0,0,0
180763,2,1,1993,0,0,0,0,0,0,0,0,0,0
180764,1,1,1993,0,0,0,0,0,0,0,0,0,0
180764,2,1,1993,0,0,0,0,0,0,0,0,0,0
180765,1,1,1993,0,0,0,0,0,0,0,0,0,0
180766,1,1,1993,0,0,0,0,0,0,0,0,0,0
180767,1,1,1993,0,0,0,0,0,0,0,0,0,0
180767,2,1,1993,0,0,0,0,0,0,0,0,0,0
180768,1,1,1993,0,0,0,0,0,0,0,0,0,0
180768,2,1,1993,0,0,0,0,0,0,0,0,0,0
180768,3,1,1993,0,0,0,0,0,0,0,0,0,0
180769,0,1,1993,0,0,0,0,0,0,0,0,0,0
180769,1,1,1993,0,0,0,0,0,0,0,0,0,0
180770,1,1,1993,0,0,0,0,0,0,0,0,0,0
180771,1,1,1993,0,0,0,0,0,0,0,0,0,0
180772,1,1,1993,29,29,29,29,29,29,29,29,29,29
180772,2,1,1993,0,0,0,0,0,0,0,0,0,0
180773,1,1,1993,7,7,7,7,7,7,7,7,7,7
180774,1,1,1993,19,19,19,19,19,19,19,19,19,19
180775,1,1,1993,0,0,0,0,0,0,0,0,0,0
180776,1,1,1993,0,0,0,0,0,22,0,0,0,0
180777,1,1,1993,0,0,0,0,0,0,0,0,0,0
180777,2,1,1993,0,0,0,0,0,0,0,0,0,0
180778,1,1,1993,27,27,27,27,27,27,27,27,27,27
180779,1,1,1993,0,0,0,0,0,0,0,0,0,0
180779,2,1,1993,0,0,0,0,0,0,0,10,0,0
180780,1,1,1993,0,0,0,0,0,0,0,0,0,0
180780,2,1,1993,0,0,0,0,0,0,0,0,0,0
180781,1,1,1993,0,0,0,0,0,0,0,0,0,0
180781,2,1,1993,0,0,0,0,0,0,0,0,0,0
180782,1,1,1993,0,0,0,0,0,0,0,0,0,0
180782,2,1,1993,22,22,22,22,22,22,22,22,22,22
180783,0,1,1993,0,0,0,0,0,0,0,0,0,0
180783,1,1,1993,0,0,0,0,0,0,0,0,0,0
180784,1,1,1993,0,0,0,0,0,0,0,0,0,0
180784,2,1,1993,0,0,0,0,0,0,0,0,0,0
180785,1,1,1993,0,0,0,5,0,0,26,0,0,0
180786,1,1,1993,0,0,0,0,0,0,0,0,0,0
180786,2,1,1993,0,0,0,0,0,0,0,0,0,0
180787,1,1,1993,0,0,0,0,0,0,0,0,0,0
180787,2,1,1993,0,0,0,0,0,0,0,0,0,0
180788,1,1,1993,21,21,21,21,21,21,21,21,21,21
180788,2,1,1993,0,0,0,0,0,0,0,0,0,0
180789,1,1,1993,15,15,15,15,15,15,15,15,15,15
180790,1,1,1993,25,0,22,0,9,0,21,24,2,0
180790,2,1,1993,8,8,8,8,8,8,8,8,8,8
180791,1,1,1993,0,0,0,0,0,0,0,0,0,0
180792,1,1,1993,23,23,23,23,23,23,23,23,23,23
180793,1,1,1993,0,0,0,0,0,0,0,0,0,0
180794,1,1,1993,0,0,0,0,0,0,0,0,0,0
180795,1,1,1993,0,0,0,0,0,0,0,0,0,0
180796,1,1,1993,0,0,0,0,0,0,0,0,0,0
180796,2,1,1993,0,0,0,0,0,0,0,0,0,0
180796,3,1,1993,0,0,0,0,0,0,0,0,0,0
180797,0,1,1993,31,31,31,31,31,31,31,31,31,31
180797,1,1,1993,30,0,0,4,0,0,0,0,16,0
180798,1,1,1993,0,0,0,0,0,0,0,0,0,0