ST_CASE,VEH_NO,PER_NO,YEAR,P1,P2,P3,P4,P5,P6,P7,P8,P9,P10
180798,2,1,1993,0,0,0,0,0,0,0,0,0,0
180798,3,1,1993,0,0,0,11,0,0,0,0,0,0
180798,4,1,1993,0,0,0,0,0,0,0,0,0,0
180798,5,1,1993,0,0,0,0,0,0,0,0,0,0
180798,6,1,1993,0,0,0,0,0,0,0,0,0,0
180798,7,1,1993,0,0,0,0,0,0,0,0,0,0
180799,1,1,1993,0,0,0,0,0,0,0,0,0,0
180799,2,1,1993,0,0,0,0,0,0,0,0,0,0
180800,1,1,1993,25,25,25,25,25,25,25,25,25,25
180801,0,1,1993,25,25,25,25,25,25,25,25,25,25
180801,1,1,1993,0,0,0,0,0,0,0,0,0,0
180802,1,1,1993,16,16,16,16,16,16,16,16,16,16
180803,1,1,1993,26,26,26,26,26,26,26,26,26,26
180803,2,1,1993,0,0,0,0,0,0,0,0,0,0
180804,1,1,1993,0,0,0,0,0,0,0,0,0,0
180804,2,1,1993,0,0,0,0,0,0,0,0,0,0
180804,3,1,1993,0,0,0,0,0,0,0,0,0,0
180805,1,1,1993,18,20,17,26,19,20,29,32,26,26
180806,1,1,1993,0,0,0,0,0,0,0,9,0,13
180807,1,1,1993,24,3,14,17,23,26,18,7,21,29
180808,1,1,1993,11,40,23,10,26,19,14,10,0,12
180808,2,1,1993,0,0,0,0,0,0,0,0,0,0
180809,1,1,1993,0,0,0,0,0,0,0,0,0,0
180809,2,1,1993,0,0,19,0,0,0,0,0,0,0
180810,1,1,1993,0,0,0,0,0,0,0,18,0,0
180811,0,1,1993,27,27,27,27,27,27,27,27,27,27
180811,1,1,1993,0,0,0,0,12,0,0,19,0,17
180812,1,1,1993,27,0,0,0,21,0,23,17,32,11
180813,1,1,1993,0,0,0,0,0,0,0,0,0,0
180813,2,1,1993,0,0,0,0,0,0,0,0,0,0
180814,0,1,1993,22,26,0,0,0,0,0,19,15,0
180814,1,1,1993,0,0,0,0,0,0,0,0,0,0
180815,1,1,1993,0,28,0,7,0,0,9,0,0,0
180816,0,1,1993,15,15,15,15,15,15,15,15,15,15
180816,1,1,1993,0,0,0,0,0,0,0,0,0,0
180818,1,1,1993,16,0,0,6,17,0,18,28,22,0
190001,1,1,1993,12,12,12,12,12,12,12,12,12,12
190002,1,1,1993,0,0,0,0,0,0,0,0,0,0
190002,2,1,1993,15,15,15,15,15,15,15,15,15,15
190003,1,1,1993,19,19,19,19,19,19,19,19,19,19
190004,1,1,1993,0,0,0,19,0,0,0,0,0,0
190004,2,1,1993,0,23,0,0,0,3,0,0,0,0
190005,1,1,1993,0,0,0,0,0,0,0,0,0,0
190005,2,1,1993,0,0,0,0,0,0,0,0,0,0
190006,1,1,1993,0,0,0,0,0,0,0,0,0,0
190007,1,1,1993,0,0,0,0,6,0,0,0,0,0
190008,1,1,1993,6,0,0,0,0,0,0,0,0,0
190008,2,1,1993,0,0,0,0,0,0,0,0,0,0
190009,1,1,1993,0,0,0,0,0,0,0,0,0,0
190009,2,1,1993,0,0,0,0,0,0,0,0,0,0
190010,1,1,1993,0,0,0,0,0,0,0,0,0,0
190011,1,1,1993,28,28,28,28,28,28,28,28,28,28
190011,2,1,1993,0,0,0,0,0,0,0,0,0,0
190012,1,1,1993,0,0,0,0,0,0,0,0,0,0
190012,2,1,1993,0,0,0,0,0,0,0,0,0,0
190013,1,1,1993,0,0,0,9,0,0,0,0,0,0
190013,2,1,1993,0,0,0,0,0,0,0,0,0,0
190014,1,1,1993,0,0,0,0,0,0,0,0,0,0
190014,2,1,1993,0,0,0,0,0,0,0,0,0,0
190014,3,1,1993,0,0,0,0,0,0,0,0,0,0
190015,1,1,1993,0,0,0,0,0,0,0,0,0,0
190016,1,1,1993,0,0,0,0,0,0,0,0,0,0
190016,2,1,1993,0,0,0,0,0,0,0,0,0,7
190017,1,1,1993,0,0,0,0,0,0,0,0,0,0
190017,2,1,1993,0,0,0,0,0,0,0,0,0,0
190018,1,1,1993,16,16,16,16,16,16,16,16,16,16
190019,1,1,1993,0,0,0,0,0,0,0,0,0,0
190020,1,1,1993,0,0,0,0,0,0,0,0,0,0
190020,2,1,1993,0,0,0,0,0,0,0,0,0,0
190020,3,1,1993,0,0,0,0,0,0,0,0,0,0
190021,0,1,1993,0,0,0,0,0,0,0,0,0,0
190021,1,1,1993,0,0,0,0,0,0,0,0,0,0
190021,2,1,1993,0,0,0,0,0,0,0,0,0,0
190022,1,1,1993,0,0,0,0,0,0,0,0,0,0
190022,2,1,1993,0,0,0,0,0,0,0,0,0,0
190023,1,1,1993,0,0,0,0,0,0,0,0,0,0
190023,2,1,1993,0,0,0,0,0,0,0,0,0,0
190024,0,1,1993,0,0,0,0,0,0,0,0,0,0
190024,1,1,1993,0,0,0,0,0,0,0,0,0,0
190025,1,1,1993,0,0,0,0,0,0,0,0,0,0
190025,2,1,1993,0,0,0,0,0,0,0,0,0,0
190026,1,1,1993,6,6,6,6,6,6,6,6,6,6
190027,1,1,1993,0,0,0,0,0,0,0,0,0,0
190028,0,1,1993,0,0,0,0,0,0,0,0,0,0
190028,1,1,1993,0,0,0,0,0,0,0,0,0,0
190029,1,1,1993,0,0,0,0,0,0,0,0,0,0
190030,1,1,1993,0,0,0,0,0,0,0,0,0,0
190030,2,1,1993,0,0,0,5,0,0,0,0,0,0
190031,1,1,1993,0,0,0,0,0,0,0,0,0,0
190033,1,1,1993,0,0,0,0,0,0,0,0,0,0
190033,2,1,1993,0,0,0,0,0,0,0,0,0,0
190034,1,1,1993,0,0,0,0,0,0,0,0,0,0
190035,1,1,1993,21,21,21,21,21,21,21,21,21,21
190036,1,1,1993,0,0,0,0,0,0,0,0,0,0
190037,1,1,1993,16,16,16,16,16,16,16,16,16,16
190037,2,1,1993,0,0,0,0,0,0,0,0,0,0
190038,1,1,1993,0,0,0,0,0,0,0,0,0,0
190038,2,1,1993,0,0,0,0,0,0,0,0,0,0
190039,1,1,1993,0,0,0,0,0,0,0,0,0,0
190039,2,1,1993,17,0,32,33,0,0,0,0,0,0
190040,0,1,1993,0,0,0,0,0,0,0,0,0,0
190040,1,1,1993,0,0,0,0,0,0,0,0,0,0
190041,1,1,1993,12,12,12,12,12,12,12,12,12,12
190042,1,1,1993,0,0,0,0,0,0,0,0,0,0
190042,2,1,1993,0,18,0,0,0,0,0,0,0,0
190043,1,1,1993,0,0,0,0,0,0,0,0,0,0
190044,1,1,1993,0,0,0,0,0,0,0,0,0,0
190045,1,1,1993,0,0,0,0,0,0,0,0,0,0
190046,1,1,1993,0,0,0,0,0,0,0,0,0,0
190046,2,1,1993,0,0,0,0,0,0,0,0,0,0
190047,1,1,1993,0,0,0,0,0,0,0,0,0,0
190047,2,1,1993,0,0,0,0,0,0,0,0,0,0
190048,1,1,1993,0,0,0,0,0,0,0,0,0,0
190049,1,1,1993,0,0,0,0,0,0,0,0,0,0
190049,2,1,1993,14,0,0,0,0,0,0,0,0,0
190050,1,1,1993,0,0,0,0,0,0,0,0,0,0
190050,2,1,1993,0,0,0,0,23,0,0,0,0,0
190051,1,1,1993,0,0,0,0,0,0,0,0,0,0
190051,2,1,1993,0,0,0,0,0,0,0,0,0,0
190052,1,1,1993,0,0,0,0,0,0,0,0,0,5
190053,1,1,1993,0,0,0,0,0,0,0,0,0,0
190053,2,1,1993,0,0,0,0,0,0,0,0,0,0
190054,1,1,1993,24,24,24,24,24,24,24,24,24,24
190054,2,1,1993,0,0,0,0,0,0,0,0,0,0
190055,1,1,1993,27,26,0,0,0,0,0,2,0,4
190056,1,1,1993,0,0,0,0,0,0,0,0,0,0
190056,2,1,1993,15,15,15,15,15,15,15,15,15,15
190057,1,1,1993,19,19,19,19,19,19,19,19,19,19
190058,1,1,1993,0,0,0,0,0,0,0,0,0,0
190058,2,1,1993,0,0,0,0,0,0,0,0,0,0
190059,1,1,1993,31,31,31,31,31,31,31,31,31,31
190060,1,1,1993,10,10,10,10,10,10,10,10,10,10
190061,1,1,1993,0,0,0,0,0,0,0,0,0,0
190062,1,1,1993,1,1,1,1,1,1,1,1,1,1
190062,2,1,1993,0,0,0,0,0,0,0,0,0,0
190063,1,1,1993,0,0,0,0,0,0,0,0,0,0
190063,2,1,1993,0,0,0,0,0,0,0,0,0,0
190064,1,1,1993,0,0,0,0,0,0,0,0,0,0
190065,1,1,1993,9,9,9,9,9,9,9,9,9,9
190066,1,1,1993,20,20,20,20,20,20,20,20,20,20
190067,0,1,1993,0,0,0,0,0,0,0,0,0,0
190067,1,1,1993,0,0,0,0,0,0,0,0,0,0
190068,1,1,1993,0,0,0,0,0,0,27,0,0,0
190068,2,1,1993,0,0,0,0,0,0,0,0,0,0
190069,0,1,1993,24,0,25,25,31,38,24,25,18,10
190069,1,1,1993,0,0,0,0,0,0,0,0,0,0
190070,1,1,1993,0,0,0,0,0,0,0,0,0,0
190070,2,1,1993,0,0,0,0,0,0,0,0,0,0
190071,1,1,1993,0,0,0,0,0,0,0,0,0,0
190071,2,1,1993,0,0,0,0,0,0,0,0,0,0
190072,1,1,1993,0,0,22,20,22,33,26,10,21,14
190073,1,1,1993,0,0,0,0,11,0,0,0,0,0
190073,2,1,1993,0,0,0,0,0,0,0,0,0,0
190074,1,1,1993,0,0,0,0,0,0,0,0,0,0
190074,2,1,1993,0,0,0,0,0,0,0,0,0,0
190075,1,1,1993,0,0,0,0,0,0,0,0,0,0
190076,0,1,1993,0,0,0,0,0,9,0,0,0,0
190076,1,1,1993,0,0,0,23,0,0,0,0,0,0
190077,1,1,1993,22,22,22,22,22,22,22,22,22,22
190077,2,1,1993,0,0,0,0,0,0,0,0,0,0
190078,0,1,1993,25,25,25,25,25,25,25,25,25,25
190078,1,1,1993,0,0,0,0,0,0,0,0,0,0
190079,1,1,1993,17,17,17,17,17,17,17,17,17,17
190079,2,1,1993,0,0,0,0,0,0,0,0,0,0
190080,1,1,1993,0,0,0,0,0,0,0,0,0,0
190080,2,1,1993,0,0,0,0,0,0,0,0,0,0
190081,1,1,1993,19,19,19,19,19,19,19,19,19,19
190082,1,1,1993,0,0,13,0,0,0,0,0,0,0
190082,2,1,1993,0,0,0,0,0,0,0,0,0,0
190083,1,1,1993,0,0,0,0,0,0,0,0,0,0
190084,1,1,1993,0,0,0,0,0,0,0,0,0,13
190084,2,1,1993,0,0,0,0,0,0,0,0,0,0
190085,1,1,1993,0,0,0,0,0,0,0,0,0,0
190085,2,1,1993,0,0,0,0,0,0,0,0,0,0
190086,1,1,1993,25,0,0,0,0,10,0,0,0,0
190087,1,1,1993,0,0,0,0,0,0,0,0,8,0
190087,2,1,1993,0,0,0,0,0,0,0,0,0,0
190088,1,1,1993,10,10,10,10,10,10,10,10,10,10
190088,2,1,1993,12,12,12,12,12,12,12,12,12,12
190089,1,1,1993,20,20,20,20,20,20,20,20,20,20
190090,1,1,1993,0,0,0,0,0,0,0,0,0,0
190090,2,1,1993,14,14,14,14,14,14,14,14,14,14
190090,3,1,1993,0,0,0,0,0,0,0,0,0,0
190091,1,1,1993,14,14,14,14,14,14,14,14,14,14
190092,1,1,1993,0,0,0,0,0,0,0,0,0,0
190092,2,1,1993,0,0,0,0,0,0,0,0,0,0
190093,1,1,1993,16,16,16,16,16,16,16,16,16,16
190093,2,1,1993,0,0,0,0,0,0,0,0,0,0
190094,1,1,1993,0,0,0,0,5,0,0,0,0,0
190094,2,1,1993,0,0,0,0,0,0,0,0,0,0
190095,1,1,1993,15,15,15,15,15,15,15,15,15,15
190096,1,1,1993,29,29,29,29,29,29,29,29,29,29
190097,1,1,1993,15,15,15,15,15,15,15,15,15,15
190098,1,1,1993,27,27,27,27,27,27,27,27,27,27
190099,1,1,1993,16,16,16,16,16,16,16,16,16,16
190100,1,1,1993,0,0,0,0,0,0,0,0,0,0
190100,2,1,1993,0,0,0,0,0,0,0,0,0,0
190101,1,1,1993,0,0,0,0,0,0,0,0,0,0
190101,2,1,1993,0,0,0,0,0,0,0,0,16,0
190102,1,1,1993,4,4,4,4,4,4,4,4,4,4
190103,1,1,1993,21,21,21,21,21,21,21,21,21,21
190104,1,1,1993,0,17,0,0,0,0,0,0,0,0
190104,2,1,1993,0,0,0,0,0,0,0,0,0,0
190105,1,1,1993,0,0,0,0,0,0,0,0,0,0
190105,2,1,1993,0,0,0,0,0,0,0,0,0,0
190106,1,1,1993,14,14,14,14,14,14,14,14,14,14
190107,1,1,1993,0,0,0,0,0,0,0,0,0,0
190108,1,1,1993,13,13,13,13,13,13,13,13,13,13
190108,2,1,1993,0,0,0,0,0,0,0,0,0,0
190109,0,1,1993,0,0,22,16,0,0,0,0,15,0
190109,1,1,1993,0,0,0,0,0,0,0,0,0,0
190110,1,1,1993,0,3,0,0,0,5,9,0,8,24
190111,1,1,1993,0,0,0,0,0,0,0,0,0,0
190111,2,1,1993,8,8,8,8,8,8,8,8,8,8
190112,1,1,1993,0,0,0,0,0,0,35,0,0,0
190112,2,1,1993,0,0,0,0,0,0,4,0,0,0
190113,1,1,1993,3,3,3,3,3,3,3,3,3,3
190114,1,1,1993,0,0,0,0,0,0,0,0,0,0
190115,1,1,1993,0,0,0,0,0,0,0,0,0,0
190115,2,1,1993,0,0,0,0,0,0,0,0,0,0
190116,1,1,1993,0,0,0,0,0,0,0,0,0,0
190116,2,1,1993,0,0,0,0,0,0,0,0,0,0
190117,1,1,1993,0,0,0,0,0,0,0,0,0,0
190117,2,1,1993,0,0,0,0,0,0,0,0,0,0
190118,1,1,1993,16,16,16,16,16,16,16,16,16,16
190119,1,1,1993,0,0,0,0,0,0,0,0,0,0
190119,2,1,1993,0,0,0,0,0,0,0,0,0,0
190120,1,1,1993,3,3,3,3,3,3,3,3,3,3
190120,2,1,1993,0,0,0,0,0,0,0,0,0,0
190121,0,1,1993,0,0,0,6,0,0,0,0,0,0
190121,1,1,1993,0,0,0,0,0,0,0,0,0,0
190122,1,1,1993,0,7,0,0,0,0,0,0,0,0
190123,1,1,1993,13,0,0,0,0,0,0,0,0,0
190124,1,1,1993,0,0,0,0,0,0,0,0,0,0
190124,2,1,1993,0,0,0,0,0,0,0,0,0,0
190125,0,1,1993,0,0,0,0,0,0,0,0,0,0
190125,1,1,1993,0,0,11,0,0,12,0,0,4,0
190126,1,1,1993,33,33,33,33,33,33,33,33,33,33
190127,1,1,1993,0,0,0,0,0,0,0,0,0,0
190128,1,1,1993,0,0,0,0,0,0,0,0,0,0
190128,2,1,1993,0,0,0,0,0,0,0,0,0,0
190129,1,1,1993,0,0,0,0,0,0,0,0,0,0
190129,2,1,1993,14,14,14,14,14,14,14,14,14,14
190130,1,1,1993,0,0,0,0,0,0,0,0,0,0
190130,2,1,1993,17,17,17,17,17,17,17,17,17,17
190131,1,1,1993,0,0,0,0,0,0,0,0,0,0
190131,2,1,1993,17,17,17,17,17,17,17,17,17,17
190132,1,1,1993,7,7,7,7,7,7,7,7,7,7
190133,1,1,1993,0,0,0,0,0,0,0,0,0,0
190134,1,1,1993,19,19,19,19,19,19,19,19,19,19
190135,1,1,1993,13,13,13,13,13,13,13,13,13,13
190136,1,1,1993,0,0,0,0,0,0,0,0,0,0
190136,2,1,1993,0,0,0,0,0,0,0,0,0,0
190137,1,1,1993,0,0,0,0,0,0,0,0,0,0
190137,2,1,1993,0,0,0,0,0,0,0,0,0,0
190138,1,1,1993,0,0,0,0,0,20,0,0,0,0
190138,2,1,1993,0,0,0,0,0,0,0,0,0,0
190139,1,1,1993,16,16,16,16,16,16,16,16,16,16
190141,1,1,1993,0,0,0,0,0,0,0,0,0,0
190141,2,1,1993,0,0,0,0,0,0,9,0,0,26
190142,1,1,1993,0,0,0,0,0,0,0,0,0,0
190143,1,1,1993,0,0,0,0,0,0,0,0,0,0
190143,2,1,1993,0,0,10,0,0,0,0,0,0,0
190144,1,1,1993,0,0,0,0,0,0,0,0,0,0
190144,2,1,1993,0,0,0,0,0,0,0,0,0,0
190145,1,1,1993,0,0,0,0,0,0,0,0,0,0
190145,2,1,1993,0,0,0,0,0,0,0,0,0,0
190146,1,1,1993,0,0,0,0,0,0,0,0,0,0
190147,1,1,1993,0,0,0,0,0,0,0,0,0,0
190148,1,1,1993,0,0,0,0,0,0,0,0,6,0
190148,2,1,1993,0,0,0,0,0,0,0,0,0,0
190149,1,1,1993,0,0,0,0,0,0,0,0,0,0
190149,2,1,1993,0,0,0,0,0,0,0,0,0,9
190150,1,1,1993,0,0,0,0,0,0,0,0,0,0
190150,2,1,1993,0,0,0,0,0,0,0,0,0,0
190151,1,1,1993,0,0,0,0,0,0,0,0,0,0
190151,2,1,1993,0,0,0,0,0,0,0,0,0,0
190152,1,1,1993,1,1,1,1,1,1,1,1,1,1
190152,2,1,1993,0,0,0,0,0,0,0,0,0,0
190153,1,1,1993,29,29,29,29,29,29,29,29,29,29
190154,1,1,1993,0,0,0,0,0,0,0,0,11,0
190154,2,1,1993,0,0,0,0,0,0,10,0,0,0
190154,3,1,1993,0,15,17,0,18,0,0,0,11,0
190154,4,1,1993,4,34,7,11,0,2,0,13,17,17
190154,5,1,1993,0,17,0,20,0,0,0,0,0,0
190154,6,1,1993,8,20,0,0,16,7,9,8,0,0
190155,1,1,1993,0,0,0,0,0,0,0,0,0,0
190155,2,1,1993,0,0,0,0,0,0,0,0,0,0
190155,3,1,1993,0,0,0,0,0,0,0,0,0,0
190155,4,1,1993,0,0,0,0,0,0,0,0,0,0
190157,1,1,1993,15,0,0,0,14,11,0,0,7,12
190157,2,1,1993,0,0,0,0,0,0,0,0,5,0
190158,1,1,1993,0,0,0,0,0,0,0,0,0,0
190158,2,1,1993,22,22,22,22,22,22,22,22,22,22
190159,1,1,1993,0,0,21,0,0,0,0,16,0,0
190159,2,1,1993,7,0,0,0,11,24,7,0,0,0
190161,1,1,1993,0,0,0,0,0,0,0,0,0,0
190162,1,1,1993,29,29,29,29,29,29,29,29,29,29
190163,1,1,1993,0,0,0,0,0,19,0,0,0,0
190164,1,1,1993,0,0,0,0,0,0,0,0,0,0
190165,1,1,1993,0,0,0,0,0,0,0,0,0,0
190165,2,1,1993,0,0,0,0,0,0,0,0,0,0
190166,1,1,1993,0,0,0,0,0,0,0,0,0,0
190166,2,1,1993,0,0,0,0,0,0,0,0,0,0
190167,1,1,1993,17,17,17,17,17,17,17,17,17,17
190168,1,1,1993,0,0,0,0,0,0,0,0,0,0
190169,1,1,1993,0,0,0,0,0,0,0,0,0,0
190169,2,1,1993,0,0,0,0,0,0,0,0,0,0
190170,1,1,1993,7,5,13,0,0,0,0,0,7,0
190171,1,1,1993,0,0,0,0,0,0,0,0,0,0
190172,1,1,1993,14,14,14,14,14,14,14,14,14,14
190172,2,1,1993,10,10,10,10,10,10,10,10,10,10
190172,3,1,1993,0,0,0,0,0,0,0,0,0,0
190173,1,1,1993,21,21,21,21,21,21,21,21,21,21
190173,2,1,1993,0,0,0,0,0,0,0,0,0,0
190175,1,1,1993,0,0,0,0,0,0,0,0,0,0
190175,2,1,1993,0,0,0,0,0,0,0,0,0,0
190176,1,1,1993,0,0,0,0,0,0,0,0,0,0
190176,2,1,1993,0,0,0,0,0,0,0,0,0,9
190177,1,1,1993,5,5,5,5,5,5,5,5,5,5
190178,1,1,1993,0,0,0,0,0,0,0,0,0,0
190178,2,1,1993,0,0,0,0,0,0,0,0,0,0
190179,0,1,1993,27,21,33,0,15,0,0,25,23,0
190179,1,1,1993,0,0,0,0,0,0,0,0,0,0
190180,1,1,1993,0,0,0,0,0,20,0,0,0,0
190180,2,1,1993,0,0,0,0,0,0,0,0,0,0
190180,3,1,1993,0,0,0,0,0,0,0,0,0,0
190181,1,1,1993,10,0,0,11,25,0,0,0,0,0
190182,1,1,1993,11,11,11,11,11,11,11,11,11,11
190182,2,1,1993,0,0,0,0,0,0,20,9,0,0
190183,0,1,1993,0,0,0,0,0,0,0,0,0,0
190183,1,1,1993,0,0,0,0,0,0,0,0,0,13
190184,1,1,1993,20,20,20,20,20,20,20,20,20,20
190184,2,1,1993,0,0,0,0,0,0,0,0,0,0
190185,0,1,1993,12,18,0,0,0,18,0,53,15,19
190185,1,1,1993,3,3,3,3,3,3,3,3,3,3
190186,1,1,1993,0,10,0,0,0,8,5,0,0,4
190186,2,1,1993,0,0,0,0,0,0,0,0,0,0
190187,1,1,1993,0,0,0,0,0,0,0,0,0,0
190187,2,1,1993,0,0,0,0,0,0,0,0,0,0
190188,1,1,1993,0,0,0,0,0,0,0,0,0,0
190188,2,1,1993,0,0,0,0,0,0,18,0,0,0
190188,3,1,1993,0,0,0,0,0,0,0,0,0,0
190189,1,1,1993,0,0,0,0,0,0,0,0,0,0
190190,1,1,1993,0,0,0,0,0,0,0,0,0,0
190190,2,1,1993,0,0,0,0,0,0,0,0,0,0
190191,1,1,1993,0,0,0,0,0,0,0,0,0,0
190192,0,1,1993,35,35,35,35,35,35,35,35,35,35
190192,1,1,1993,0,0,0,0,0,0,0,0,0,0
190193,1,1,1993,0,0,0,0,0,0,0,0,0,0
190193,2,1,1993,10,10,10,10,10,10,10,10,10,10
190194,1,1,1993,0,0,0,0,0,0,0,0,0,0
190194,2,1,1993,0,0,0,0,0,0,0,0,0,0
190194,3,1,1993,0,0,0,0,0,0,0,0,0,0
190194,4,1,1993,0,0,0,0,0,0,0,0,0,0
190194,5,1,1993,0,0,0,0,0,0,0,0,0,0
190195,1,1,1993,0,0,0,0,0,0,0,0,0,0
190195,2,1,1993,0,0,0,0,0,0,0,0,14,0
190196,1,1,1993,0,0,0,0,0,0,0,0,0,0
190196,2,1,1993,0,0,0,0,0,0,0,0,0,0
190197,1,1,1993,0,0,0,0,0,0,0,0,0,0
190197,2,1,1993,23,23,23,23,23,23,23,23,23,23
190198,1,1,1993,0,0,0,0,0,0,0,0,0,0
190198,2,1,1993,0,0,0,0,0,0,0,0,0,0
190199,1,1,1993,0,0,0,0,0,0,0,0,0,0
190199,2,1,1993,25,25,25,25,25,25,25,25,25,25
190201,1,1,1993,8,0,0,0,0,0,0,0,0,0
190201,2,1,1993,0,0,0,0,0,0,0,0,0,0
190202,1,1,1993,10,10,10,10,10,10,10,10,10,10
190203,1,1,1993,0,0,0,0,0,0,15,14,9,0
190205,1,1,1993,0,27,20,0,4,0,0,0,0,6
190206,1,1,1993,0,0,0,0,0,0,0,0,0,0
190207,1,1,1993,15,15,15,15,15,15,15,15,15,15
190208,1,1,1993,26,26,26,26,26,26,26,26,26,26
190208,2,1,1993,1,1,1,1,1,1,1,1,1,1
190209,1,1,1993,0,0,19,20,0,13,18,22,16,11
190210,1,1,1993,0,0,0,0,0,0,0,0,0,0
190210,2,1,1993,10,20,13,0,29,0,0,21,14,0
190211,1,1,1993,0,0,0,0,0,0,0,0,0,0
190211,2,1,1993,0,0,0,0,0,0,0,0,0,11
190212,1,1,1993,0,0,0,0,0,0,0,0,0,0
190213,1,1,1993,9,9,9,9,9,9,9,9,9,9
190214,1,1,1993,0,0,0,0,0,0,0,0,0,0
190214,2,1,1993,0,17,0,0,0,0,0,0,0,0
190215,1,1,1993,0,0,0,0,0,0,0,0,0,0
190215,2,1,1993,0,0,0,0,0,0,0,0,0,0
190216,1,1,1993,6,6,6,6,6,6,6,6,6,6
190217,1,1,1993,0,0,0,0,0,0,0,0,9,0
190217,2,1,1993,5,5,5,5,5,5,5,5,5,5
190218,1,1,1993,0,0,0,0,0,0,0,0,0,0
190218,2,1,1993,0,0,22,0,0,0,0,24,0,0
190218,3,1,1993,0,0,0,0,0,0,0,0,0,0
190219,1,1,1993,16,16,16,16,16,16,16,16,16,16
190220,1,1,1993,0,0,0,0,3,12,0,0,0,0
190220,2,1,1993,15,15,15,15,15,15,15,15,15,15
190221,1,1,1993,0,0,0,0,0,0,0,0,0,0
190221,2,1,1993,0,0,0,0,0,0,0,0,0,0
190222,0,1,1993,0,0,0,0,0,0,0,0,0,0
190222,1,1,1993,0,0,0,0,0,0,0,0,0,0
190223,1,1,1993,18,18,18,18,18,18,18,18,18,18
190225,1,1,1993,0,0,0,0,0,0,0,0,0,0
190225,2,1,1993,0,0,0,0,0,0,0,0,0,0
190226,1,1,1993,16,16,16,16,16,16,16,16,16,16
190227,1,1,1993,0,16,0,18,0,0,11,0,0,0
190227,2,1,1993,0,0,0,0,0,0,0,0,0,22
190229,0,1,1993,31,16,12,27,19,0,0,0,0,0
190229,1,1,1993,1,1,1,1,1,1,1,1,1,1
190230,1,1,1993,16,0,17,0,0,20,16,11,14,0
190231,1,1,1993,0,0,0,0,0,0,0,0,0,0
190231,2,1,1993,0,0,0,0,0,0,0,0,0,0
190232,1,1,1993,0,0,0,0,0,0,0,0,0,0
190232,2,1,1993,0,0,0,0,0,0,0,0,0,0
190232,3,1,1993,0,0,0,0,0,0,0,0,0,0
190232,4,1,1993,0,0,0,0,0,0,0,0,0,0
190232,5,1,1993,0,0,0,0,0,0,0,0,0,0
190234,1,1,1993,0,0,0,0,0,0,0,0,0,0
190235,1,1,1993,8,8,8,8,8,8,8,8,8,8
190236,1,1,1993,0,0,0,21,0,0,0,0,16,0
190239,1,1,1993,0,0,0,0,0,0,0,0,0,0
190239,2,1,1993,0,0,0,0,0,0,0,0,0,0
190240,0,1,1993,18,18,18,18,18,18,18,18,18,18
190240,1,1,1993,0,0,12,0,0,0,0,0,0,0
190241,1,1,1993,0,0,0,0,0,0,0,0,0,0
190241,2,1,1993,0,0,4,0,0,3,0,0,4,7
190242,1,1,1993,14,14,15,10,11,18,9,0,0,14
190243,1,1,1993,0,0,0,0,0,0,0,0,0,0
190243,2,1,1993,0,0,0,0,0,0,0,0,0,0
190246,1,1,1993,15,15,15,15,15,15,15,15,15,15
190248,0,1,1993,0,0,0,0,31,0,0,0,0,0
190248,1,1,1993,0,0,0,0,0,0,0,0,0,0
190249,0,1,1993,0,0,0,0,0,0,0,0,0,0
190249,1,1,1993,0,0,0,0,0,0,0,0,0,0
190251,1,1,1993,0,0,0,0,0,0,0,0,0,0
190251,2,1,1993,8,8,8,8,8,8,8,8,8,8
190252,1,1,1993,0,0,0,0,0,0,0,0,0,0
190252,2,1,1993,0,0,0,0,0,0,0,0,0,0
190253,1,1,1993,26,26,26,26,26,26,26,26,26,26
190254,1,1,1993,0,0,0,0,0,0,0,0,0,0
190255,1,1,1993,0,0,0,0,0,0,0,0,0,0
190255,2,1,1993,0,0,0,0,0,0,0,0,0,9
190256,1,1,1993,0,0,0,0,0,0,0,0,0,0
190256,2,1,1993,0,0,0,0,0,0,0,0,0,0
190257,1,1,1993,0,0,0,0,0,0,0,0,0,0
190258,1,1,1993,0,0,0,9,0,0,0,0,0,0
190258,2,1,1993,0,0,0,0,15,16,0,0,5,12
190259,1,1,1993,31,31,31,31,31,31,31,31,31,31
190260,1,1,1993,0,0,0,0,0,0,0,0,0,0
190260,2,1,1993,0,0,0,0,0,0,0,0,0,0
190261,1,1,1993,0,0,0,0,0,0,0,0,0,0
190261,2,1,1993,0,0,0,0,0,0,0,0,0,0
190263,1,1,1993,0,0,0,0,0,0,0,0,0,0
190263,2,1,1993,0,0,0,0,0,0,0,0,0,0
190264,1,1,1993,17,17,17,17,17,17,17,17,17,17
190264,2,1,1993,0,0,0,0,0,0,0,0,0,0
190265,1,1,1993,26,26,26,26,26,26,26,26,26,26
190267,1,1,1993,17,17,17,17,17,17,17,17,17,17
190268,0,1,1993,0,0,0,16,0,0,0,0,0,0
190268,1,1,1993,0,0,0,0,0,0,0,0,0,0
190269,1,1,1993,16,16,16,16,16,16,16,16,16,16
190270,0,1,1993,2,2,2,2,2,2,2,2,2,2
190270,1,1,1993,0,0,0,0,0,0,0,0,0,0
190271,0,1,1993,0,0,0,0,0,0,0,0,0,0
190271,1,1,1993,0,0,0,15,0,28,0,0,21,0
190272,1,1,1993,18,18,18,18,18,18,18,18,18,18