ST_CASE,VEH_NO,PER_NO,YEAR,P1,P2,P3,P4,P5,P6,P7,P8,P9,P10
190273,1,1,1993,25,23,26,18,34,17,0,32,0,24
190274,1,1,1993,0,0,0,0,0,0,0,0,0,0
190274,2,1,1993,0,0,0,0,0,0,0,0,0,0
190275,1,1,1993,0,0,0,0,0,0,0,0,0,0
190275,2,1,1993,0,0,19,0,0,0,0,0,0,12
190276,1,1,1993,0,0,0,0,0,0,0,0,0,0
190276,2,1,1993,0,0,0,0,0,0,0,0,0,0
190277,1,1,1993,24,24,24,24,24,24,24,24,24,24
190278,1,1,1993,0,0,0,0,0,0,0,0,0,0
190278,2,1,1993,0,0,0,0,0,0,0,0,0,0
190279,1,1,1993,0,17,2,5,25,21,26,26,36,17
190281,1,1,1993,0,19,0,0,0,0,0,0,0,0
190281,2,1,1993,2,2,2,2,2,2,2,2,2,2
190282,1,1,1993,0,0,0,0,0,0,0,0,0,0
190283,1,1,1993,28,28,28,28,28,28,28,28,28,28
190284,1,1,1993,0,0,14,0,0,0,0,0,22,15
190284,2,1,1993,0,0,0,0,0,0,0,0,0,0
190286,1,1,1993,10,10,10,10,10,10,10,10,10,10
190287,1,1,1993,1,1,1,1,1,1,1,1,1,1
190287,2,1,1993,0,0,0,0,0,0,0,11,0,0
190288,1,1,1993,22,22,22,22,22,22,22,22,22,22
190288,2,1,1993,23,0,0,0,15,15,0,0,0,0
190289,1,1,1993,24,24,24,24,24,24,24,24,24,24
190290,1,1,1993,33,33,33,33,33,33,33,33,33,33
190291,1,1,1993,5,19,0,16,0,7,11,19,26,17
190292,1,1,1993,0,0,0,0,0,0,0,0,0,0
190292,2,1,1993,0,0,0,0,0,0,0,0,0,0
190293,1,1,1993,22,22,22,22,22,22,22,22,22,22
190294,1,1,1993,24,24,24,24,24,24,24,24,24,24
190295,1,1,1993,0,0,14,0,0,0,0,0,0,0
190295,2,1,1993,0,0,13,0,0,0,0,0,0,0
190296,1,1,1993,0,0,0,0,0,0,0,0,0,0
190296,2,1,1993,0,0,0,0,0,0,0,0,0,0
190297,1,1,1993,12,12,12,12,12,12,12,12,12,12
190297,2,1,1993,0,0,0,0,0,0,0,0,0,0
190298,1,1,1993,0,0,0,0,0,0,0,0,0,0
190298,2,1,1993,9,9,9,9,9,9,9,9,9,9
190300,1,1,1993,7,7,7,7,7,7,7,7,7,7
190301,1,1,1993,0,0,0,11,0,0,0,0,25,0
190302,1,1,1993,0,0,0,0,0,0,0,0,0,0
190302,2,1,1993,37,37,37,37,37,37,37,37,37,37
190303,1,1,1993,26,26,26,26,26,26,26,26,26,26
190304,1,1,1993,13,13,13,13,13,13,13,13,13,13
190305,1,1,1993,21,21,21,21,21,21,21,21,21,21
190305,2,1,1993,0,0,0,0,0,0,0,0,0,0
190306,1,1,1993,16,16,16,16,16,16,16,16,16,16
190306,2,1,1993,0,0,0,0,0,0,0,0,0,0
190307,0,1,1993,18,0,0,33,41,34,0,36,0,16
190307,0,2,1993,25,6,26,26,11,14,19,0,26,0
190307,1,1,1993,21,21,21,21,21,21,21,21,21,21
190308,1,1,1993,0,11,0,0,0,0,0,0,0,0
190309,1,1,1993,0,0,0,0,0,0,0,0,0,0
190309,2,1,1993,0,0,0,10,0,0,0,0,0,0
190309,3,1,1993,0,0,0,8,0,0,0,0,0,0
190309,4,1,1993,0,0,0,0,0,0,0,0,0,0
190310,0,1,1993,0,0,0,0,0,0,0,0,0,0
190310,0,2,1993,0,0,0,0,0,0,0,0,18,0
190310,1,1,1993,0,0,0,0,0,0,0,0,0,0
190311,1,1,1993,0,0,0,0,0,0,0,0,0,0
190312,0,1,1993,8,0,0,0,0,0,0,0,0,0
190312,1,1,1993,0,0,0,0,0,0,0,0,0,0
190313,1,1,1993,23,23,23,23,23,23,23,23,23,23
190314,0,1,1993,0,0,0,0,0,0,0,0,0,0
190314,1,1,1993,0,0,0,0,0,0,0,0,0,0
190316,0,1,1993,0,0,0,0,16,0,0,0,0,0
190316,1,1,1993,0,0,15,0,11,0,0,0,0,0
190317,1,1,1993,0,4,0,0,0,0,0,0,0,0
190317,2,1,1993,0,0,0,0,0,0,0,0,9,0
190318,0,1,1993,0,16,25,25,15,18,0,0,14,6
190318,1,1,1993,2,2,2,2,2,2,2,2,2,2
190319,1,1,1993,0,0,0,0,0,0,0,0,0,0
190319,2,1,1993,0,0,0,0,0,0,0,0,0,0
190321,1,1,1993,5,5,5,5,5,5,5,5,5,5
190322,1,1,1993,13,10,12,0,0,0,0,0,0,0
190322,2,1,1993,0,0,0,0,0,0,0,0,0,0
190325,1,1,1993,12,12,12,12,12,12,12,12,12,12
190326,1,1,1993,0,0,0,0,11,0,0,14,0,0
190327,0,1,1993,36,0,15,24,44,7,23,12,21,0
190327,1,1,1993,17,17,17,17,17,17,17,17,17,17
190328,1,1,1993,17,17,17,17,17,17,17,17,17,17
190329,0,1,1993,10,0,0,19,0,0,0,0,0,0
190329,1,1,1993,0,0,0,10,0,0,0,0,5,0
190330,1,1,1993,0,0,0,0,0,0,0,0,0,0
190330,2,1,1993,0,0,0,0,0,0,0,0,0,0
190331,1,1,1993,18,18,18,18,18,18,18,18,18,18
190332,1,1,1993,0,0,0,0,0,0,0,0,0,0
190332,2,1,1993,0,0,0,0,0,0,0,0,0,0
190332,3,1,1993,0,0,0,0,0,0,0,0,0,0
190333,1,1,1993,0,0,0,0,0,0,0,0,0,0
190333,2,1,1993,0,0,0,0,0,0,0,0,0,0
190334,1,1,1993,21,21,21,21,21,21,21,21,21,21
190334,2,1,1993,0,0,14,0,0,0,0,0,0,0
190335,0,1,1993,0,0,0,0,0,0,0,0,0,0
190335,0,2,1993,0,0,0,0,0,0,0,0,0,0
190335,1,1,1993,0,0,0,0,0,0,0,0,0,0
190336,1,1,1993,26,26,26,26,26,26,26,26,26,26
190337,1,1,1993,0,0,0,0,0,0,0,0,0,0
190337,2,1,1993,1,0,0,0,0,8,0,0,0,0
190339,1,1,1993,0,17,0,0,0,0,0,0,0,0
190339,2,1,1993,7,7,7,7,7,7,7,7,7,7
190340,1,1,1993,21,21,21,21,21,21,21,21,21,21
190341,1,1,1993,14,14,14,14,14,14,14,14,14,14
190342,1,1,1993,0,0,0,0,0,0,0,0,0,0
190342,2,1,1993,0,0,0,0,0,0,0,0,0,0
190343,1,1,1993,19,19,19,19,19,19,19,19,19,19
190344,1,1,1993,16,16,16,16,16,16,16,16,16,16
190345,1,1,1993,0,0,0,0,0,0,0,0,0,0
190345,2,1,1993,0,0,0,0,0,12,0,0,0,0
190345,3,1,1993,0,0,0,0,15,0,0,0,0,3
190345,4,1,1993,0,0,0,0,0,0,0,0,0,0
190345,5,1,1993,0,0,0,0,0,24,26,0,0,0
190346,1,1,1993,0,0,0,0,0,0,0,0,21,0
190346,2,1,1993,0,0,0,0,0,0,0,0,0,0
190347,1,1,1993,0,6,0,0,0,0,0,0,0,0
190348,1,1,1993,21,21,21,21,21,21,21,21,21,21
190349,1,1,1993,0,0,0,0,0,0,0,0,0,0
190349,2,1,1993,0,0,13,0,0,0,0,0,0,0
190350,1,1,1993,0,0,0,0,0,0,0,0,0,0
190350,2,1,1993,0,0,0,0,0,0,0,0,0,0
190350,3,1,1993,0,0,0,24,0,10,0,0,0,0
190351,1,1,1993,0,0,0,0,0,0,0,0,0,0
190351,2,1,1993,0,0,0,3,3,0,0,7,51,0
190353,1,1,1993,0,0,0,0,0,0,0,0,2,13
190354,0,1,1993,0,0,0,0,0,0,0,0,0,0
190354,1,1,1993,0,0,0,0,0,0,0,0,0,0
190355,1,1,1993,0,0,0,0,0,0,0,0,0,0
190355,2,1,1993,11,11,11,11,11,11,11,11,11,11
190356,1,1,1993,16,16,16,16,16,16,16,16,16,16
190356,2,1,1993,2,2,2,2,2,2,2,2,2,2
190357,1,1,1993,0,23,0,0,0,32,8,0,0,0
190357,2,1,1993,0,0,0,0,0,0,0,0,0,0
190358,1,1,1993,0,0,0,0,0,0,0,0,0,0
190358,2,1,1993,0,0,0,0,0,0,0,0,0,0
190359,1,1,1993,0,0,0,0,0,0,0,0,0,0
190359,2,1,1993,0,0,0,0,0,0,0,0,0,0
190360,1,1,1993,0,0,0,0,0,0,0,5,0,0
190360,2,1,1993,0,0,0,0,0,0,0,0,0,0
190361,1,1,1993,10,10,10,10,10,10,10,10,10,10
190362,1,1,1993,0,0,0,0,0,0,0,0,0,0
190362,2,1,1993,0,0,0,0,0,0,0,0,0,0
190363,1,1,1993,0,21,0,0,29,0,0,0,0,0
190363,2,1,1993,0,0,0,0,0,0,0,0,0,0
190364,1,1,1993,8,8,8,8,8,8,8,8,8,8
190364,2,1,1993,9,0,0,0,8,0,0,0,0,0
190365,1,1,1993,7,7,7,7,7,7,7,7,7,7
190366,1,1,1993,0,0,0,0,0,0,0,0,0,0
190366,2,1,1993,0,0,0,0,0,0,0,0,0,0
190367,0,1,1993,0,0,0,0,0,0,11,0,0,0
190367,1,1,1993,0,0,0,0,0,0,0,13,0,0
190368,1,1,1993,2,2,2,2,2,2,2,2,2,2
190368,2,1,1993,0,0,0,0,0,0,0,0,0,0
190369,0,1,1993,29,15,20,0,47,8,0,0,0,17
190369,1,1,1993,0,0,0,0,5,19,13,10,0,0
190370,1,1,1993,26,26,26,26,26,26,26,26,26,26
190371,1,1,1993,0,0,0,0,0,0,0,0,0,0
190372,1,1,1993,27,27,27,27,27,27,27,27,27,27
190372,2,1,1993,0,0,0,0,0,0,0,0,20,0
190373,1,1,1993,0,0,0,0,0,0,0,0,0,0
190373,2,1,1993,0,0,0,0,0,0,0,0,0,0
190374,1,1,1993,0,0,0,0,0,0,0,0,0,0
190374,2,1,1993,0,0,0,0,0,0,0,0,0,0
190375,1,1,1993,0,0,0,0,0,0,0,0,0,0
190375,2,1,1993,0,0,0,0,0,0,0,0,0,0
190377,1,1,1993,0,0,0,0,0,0,0,0,0,0
190377,2,1,1993,14,14,14,14,14,14,14,14,14,14
190378,1,1,1993,31,31,31,31,31,31,31,31,31,31
190379,1,1,1993,0,0,0,0,0,0,0,0,0,0
190379,2,1,1993,0,0,0,0,0,0,0,0,0,0
190380,0,1,1993,16,0,0,0,0,0,0,0,0,0
190380,1,1,1993,0,27,0,0,0,0,0,0,0,0
190381,1,1,1993,0,0,0,0,0,0,0,0,0,0
190382,1,1,1993,0,0,0,0,0,0,0,0,0,0
190382,2,1,1993,0,0,0,0,0,0,0,0,0,0
190384,1,1,1993,22,22,22,22,22,22,22,22,22,22
190385,1,1,1993,0,0,0,0,0,0,0,0,0,4
190385,2,1,1993,0,0,0,0,0,0,0,0,0,0
190386,1,1,1993,16,16,16,16,16,16,16,16,16,16
190387,1,1,1993,31,31,31,31,31,31,31,31,31,31
190388,1,1,1993,0,0,0,17,0,19,18,0,0,0
190389,1,1,1993,24,24,24,24,24,24,24,24,24,24
190389,2,1,1993,0,0,0,0,0,0,0,0,0,0
190390,1,1,1993,0,0,0,0,0,0,0,0,0,0
190390,2,1,1993,0,0,0,0,0,0,0,0,0,0
190391,1,1,1993,10,10,10,10,10,10,10,10,10,10
190393,1,1,1993,0,0,0,5,0,0,0,0,0,0
190393,2,1,1993,0,0,0,0,0,0,0,0,0,0
190394,1,1,1993,0,16,3,0,0,0,0,0,0,0
190394,2,1,1993,0,11,0,0,0,0,0,0,14,0
190395,1,1,1993,0,0,0,0,0,0,0,0,0,0
190395,2,1,1993,0,0,0,0,0,0,0,0,0,15
190395,3,1,1993,0,0,0,0,0,0,0,0,15,0
190397,1,1,1993,0,0,0,0,0,0,0,0,0,0
190398,1,1,1993,7,7,7,7,7,7,7,7,7,7
190399,1,1,1993,9,9,9,9,9,9,9,9,9,9
190399,2,1,1993,0,0,0,0,0,0,0,0,0,0
190400,1,1,1993,0,0,0,0,0,0,0,0,0,0
190400,2,1,1993,0,0,0,0,0,0,0,0,0,0
190402,1,1,1993,0,0,0,0,12,0,28,0,0,0
190402,2,1,1993,0,0,0,0,0,0,0,0,0,0
190403,0,1,1993,0,0,0,0,0,0,32,0,0,0
190403,1,1,1993,0,0,0,0,0,0,0,0,0,0
190403,2,1,1993,0,0,0,0,0,0,0,0,0,0
190404,1,1,1993,0,0,0,11,0,12,17,32,19,0
190405,1,1,1993,0,0,0,0,0,0,0,0,0,0
190405,2,1,1993,0,0,0,0,0,0,0,0,0,0
190406,1,1,1993,12,12,12,12,12,12,12,12,12,12
190407,1,1,1993,0,0,0,0,0,0,0,0,0,0
190407,2,1,1993,0,0,0,0,0,0,0,0,0,0
190408,1,1,1993,11,11,11,11,11,11,11,11,11,11
190408,2,1,1993,0,0,8,0,0,0,0,0,0,5
190409,1,1,1993,6,6,6,6,6,6,6,6,6,6
190409,2,1,1993,1,1,1,1,1,1,1,1,1,1
190410,1,1,1993,0,0,0,0,0,0,0,0,0,0
190410,2,1,1993,0,0,0,21,0,0,25,13,0,30
190411,1,1,1993,0,0,0,0,0,0,0,0,0,0
190411,2,1,1993,0,0,0,0,0,0,0,0,0,0
190412,1,1,1993,8,0,0,0,0,0,0,0,0,0
190412,2,1,1993,0,0,0,0,0,14,0,0,0,0
190413,1,1,1993,11,11,11,11,11,11,11,11,11,11
190414,1,1,1993,17,17,17,17,17,17,17,17,17,17
190415,1,1,1993,0,0,0,0,0,0,0,0,0,0
190415,2,1,1993,0,0,0,0,0,0,0,0,0,0
190416,1,1,1993,0,0,0,0,0,0,0,0,0,0
190417,1,1,1993,0,0,0,0,0,0,0,0,0,0
190417,2,1,1993,0,0,0,0,0,0,0,0,0,0
190418,1,1,1993,12,0,0,33,0,0,0,0,0,0
190418,2,1,1993,0,0,0,0,0,0,0,0,0,0
190419,1,1,1993,0,0,0,0,0,0,0,0,0,0
190419,2,1,1993,0,0,0,0,0,0,0,0,0,0
190419,3,1,1993,0,0,0,0,0,0,0,0,0,0
190420,1,1,1993,0,0,0,0,0,25,0,0,22,16
190421,1,1,1993,0,0,0,8,0,0,0,15,0,0
190421,2,1,1993,10,0,0,0,0,0,0,0,6,0
190422,1,1,1993,0,8,0,0,0,0,0,0,0,0
190422,2,1,1993,0,0,0,0,0,0,0,0,0,0
190423,1,1,1993,0,0,0,0,0,0,0,0,0,0
190423,2,1,1993,0,0,0,0,0,0,0,0,0,7
190424,1,1,1993,30,30,30,30,30,30,30,30,30,30
190425,1,1,1993,0,0,0,0,0,0,0,0,0,0
190425,2,1,1993,0,0,0,0,0,0,0,0,0,0
190426,1,1,1993,14,14,14,14,14,14,14,14,14,14
190427,1,1,1993,0,0,0,0,0,0,0,17,16,15
190427,2,1,1993,0,0,0,0,0,0,0,0,0,0
190428,1,1,1993,0,0,0,0,0,0,0,0,0,0
190428,2,1,1993,0,0,0,0,0,0,0,0,0,0
190429,1,1,1993,8,8,8,8,8,8,8,8,8,8
190430,1,1,1993,22,0,0,0,0,0,18,0,0,0
190430,2,1,1993,0,0,0,0,0,0,0,0,0,10
190431,1,1,1993,0,0,0,0,0,19,0,0,0,0
190432,1,1,1993,0,13,24,21,19,0,0,4,13,12
190433,0,1,1993,28,24,0,0,25,18,0,0,0,21
190433,1,1,1993,0,10,0,0,0,0,0,8,29,0
200001,1,1,1993,0,0,0,0,0,0,0,0,0,0
200001,2,1,1993,16,16,16,16,16,16,16,16,16,16
200002,0,1,1993,14,32,21,17,40,15,23,29,23,0
200002,1,1,1993,21,21,21,21,21,21,21,21,21,21
200003,1,1,1993,27,27,27,27,27,27,27,27,27,27
200004,1,1,1993,8,8,8,8,8,8,8,8,8,8
200005,1,1,1993,0,0,0,0,0,0,0,0,0,0
200006,1,1,1993,0,0,0,0,0,0,0,0,0,0
200006,2,1,1993,0,0,0,0,0,0,0,0,0,0
200007,1,1,1993,0,0,0,0,0,0,0,0,0,0
200007,2,1,1993,23,23,23,23,23,23,23,23,23,23
200008,1,1,1993,0,0,0,0,0,0,0,0,0,0
200008,2,1,1993,0,0,0,0,0,0,0,0,0,0
200008,3,1,1993,0,0,0,0,0,0,0,0,0,0
200009,1,1,1993,0,0,0,0,0,0,0,0,0,0
200009,2,1,1993,0,0,0,0,0,0,0,0,0,0
200010,0,1,1993,0,10,0,0,0,0,0,0,0,0
200011,0,1,1993,0,0,0,0,0,0,0,0,0,0
200011,1,1,1993,0,0,0,0,0,0,0,0,0,0
200011,2,1,1993,0,0,0,0,0,0,0,0,0,0
200011,3,1,1993,0,0,0,0,0,0,0,0,0,0
200012,1,1,1993,27,27,27,27,27,27,27,27,27,27
200012,2,1,1993,7,7,7,7,7,7,7,7,7,7
200013,1,1,1993,0,0,0,0,0,0,0,0,0,0
200013,2,1,1993,0,0,0,0,0,0,0,0,0,0
200014,1,1,1993,24,24,24,24,24,24,24,24,24,24
200015,1,1,1993,8,0,0,0,0,0,0,0,0,0
200015,2,1,1993,0,0,0,0,0,0,0,0,0,0
200016,1,1,1993,0,0,0,0,0,0,0,0,0,0
200016,2,1,1993,0,0,0,0,0,17,56,0,0,0
200017,1,1,1993,0,0,0,0,0,0,0,0,0,0
200017,2,1,1993,0,0,0,0,0,0,0,0,0,0
200019,1,1,1993,28,28,28,28,28,28,28,28,28,28
200020,1,1,1993,0,0,0,0,0,0,0,0,0,0
200020,2,1,1993,0,0,0,0,0,0,0,0,0,0
200021,1,1,1993,7,7,7,7,7,7,7,7,7,7
200021,2,1,1993,0,0,0,0,0,0,0,0,0,0
200022,0,1,1993,0,0,0,0,0,0,0,0,0,0
200022,1,1,1993,0,0,0,9,0,0,0,0,0,0
200023,1,1,1993,30,30,30,30,30,30,30,30,30,30
200024,1,1,1993,0,0,0,0,0,0,0,0,0,0
200024,2,1,1993,0,0,0,0,0,0,0,0,0,0
200025,1,1,1993,24,24,24,24,24,24,24,24,24,24
200027,1,1,1993,0,0,0,0,0,0,0,0,0,0
200027,2,1,1993,0,0,0,0,0,0,0,0,0,0
200028,1,1,1993,27,27,27,27,27,27,27,27,27,27
200029,1,1,1993,18,18,18,18,18,18,18,18,18,18
200030,1,1,1993,20,20,20,20,20,20,20,20,20,20
200031,1,1,1993,6,6,6,6,6,6,6,6,6,6
200031,2,1,1993,0,0,0,0,0,0,0,0,0,0
200032,1,1,1993,36,36,36,36,36,36,36,36,36,36
200032,2,1,1993,19,19,19,19,19,19,19,19,19,19
200033,1,1,1993,0,17,0,30,16,9,12,28,21,9
200033,2,1,1993,0,0,0,0,0,0,0,0,0,0
200034,1,1,1993,15,15,15,15,15,15,15,15,15,15
200035,1,1,1993,0,0,0,0,0,0,0,0,0,0
200035,2,1,1993,0,0,0,0,0,0,0,0,0,0
200036,1,1,1993,0,0,0,0,0,0,0,0,0,0
200037,1,1,1993,0,0,0,0,0,0,0,0,0,0
200037,2,1,1993,0,0,0,0,0,0,0,0,0,0
200039,1,1,1993,0,0,0,0,0,0,0,0,0,0
200039,2,1,1993,0,0,0,0,0,0,0,0,0,0
200040,1,1,1993,0,0,0,0,0,0,0,0,0,0
200040,2,1,1993,0,37,0,0,0,5,0,0,0,0
200041,1,1,1993,0,0,0,0,0,0,0,0,0,0
200042,1,1,1993,0,0,0,0,0,0,0,0,0,0
200042,2,1,1993,0,0,0,0,0,0,0,15,0,0
200042,3,1,1993,0,0,0,0,0,0,0,0,0,0
200043,1,1,1993,0,0,0,0,0,0,0,0,0,0
200043,2,1,1993,0,0,0,0,0,0,0,0,0,0
200044,1,1,1993,0,0,0,0,0,0,0,0,0,0
200044,2,1,1993,0,0,0,0,0,0,0,0,0,12
200045,1,1,1993,0,6,0,0,0,0,0,0,0,0
200045,2,1,1993,0,0,0,0,0,0,0,0,0,0
200046,1,1,1993,0,0,0,0,0,0,0,0,0,0
200046,2,1,1993,0,0,0,0,0,0,0,0,0,0
200047,1,1,1993,23,23,23,23,23,23,23,23,23,23
200048,1,1,1993,2,2,2,2,2,2,2,2,2,2
200048,2,1,1993,0,0,0,0,0,0,0,0,0,0
200049,1,1,1993,0,0,0,0,0,0,0,0,0,0
200050,0,1,1993,0,0,0,0,0,0,0,0,0,0
200050,1,1,1993,0,0,0,0,0,0,0,0,0,0
200051,1,1,1993,0,0,0,0,0,0,0,0,0,0
200051,2,1,1993,0,0,0,0,0,0,0,0,0,0
200052,1,1,1993,0,0,0,0,0,0,0,0,0,0
200052,2,1,1993,0,0,0,0,0,0,0,0,0,0
200053,1,1,1993,0,0,0,0,0,0,0,0,0,0
200053,2,1,1993,0,5,0,0,0,0,0,19,0,0
200054,1,1,1993,0,0,0,0,0,0,0,0,0,0
200054,2,1,1993,0,0,0,0,0,0,0,0,0,0
200055,1,1,1993,0,0,0,0,0,0,0,0,0,0
200056,1,1,1993,0,0,0,0,0,0,0,0,0,0
200056,2,1,1993,0,0,0,0,0,0,0,0,0,0
200057,1,1,1993,10,10,10,10,10,10,10,10,10,10
200058,1,1,1993,22,22,22,22,22,22,22,22,22,22
200059,1,1,1993,0,0,0,0,0,0,0,0,0,0
200059,2,1,1993,0,0,0,0,0,0,0,0,0,0
200060,1,1,1993,0,0,0,0,0,0,0,0,0,0
200060,2,1,1993,0,0,0,0,0,0,0,0,0,0
200061,1,1,1993,0,0,0,0,0,0,0,0,0,0
200061,2,1,1993,0,0,0,0,0,0,0,0,0,0
200062,1,1,1993,0,0,0,0,0,0,0,0,0,0
200062,2,1,1993,0,0,0,0,0,0,0,0,0,0
200063,1,1,1993,24,24,24,24,24,24,24,24,24,24
200064,1,1,1993,0,0,0,0,0,0,0,0,0,0
200064,2,1,1993,0,0,0,0,0,0,0,0,0,0
200065,1,1,1993,25,25,25,25,25,25,25,25,25,25
200066,1,1,1993,0,0,0,0,0,0,0,0,0,0
200066,2,1,1993,0,0,0,0,0,0,0,0,0,0
200067,1,1,1993,0,18,0,0,0,0,0,0,0,0
200067,2,1,1993,0,0,0,0,0,0,0,0,0,0
200068,0,1,1993,0,0,12,0,0,0,0,33,0,0
200068,1,1,1993,0,0,0,0,0,0,0,0,0,0
200069,1,1,1993,24,24,24,24,24,24,24,24,24,24
200069,2,1,1993,0,0,0,0,0,0,0,0,0,0
200070,1,1,1993,0,0,0,0,0,0,0,0,0,0
200070,2,1,1993,0,0,0,0,0,0,0,0,0,0
200071,1,1,1993,0,0,0,0,0,0,0,0,0,0
200072,1,1,1993,0,0,0,0,0,0,0,0,0,0
200072,2,1,1993,0,0,0,0,0,0,0,0,0,0
200073,1,1,1993,30,30,30,30,30,30,30,30,30,30
200073,2,1,1993,30,30,30,30,30,30,30,30,30,30
200074,1,1,1993,0,0,0,18,14,0,0,0,0,0
200075,1,1,1993,0,0,0,0,0,0,0,0,0,0
200075,2,1,1993,0,0,0,0,0,0,0,0,0,0
200076,1,1,1993,0,0,0,0,0,0,0,0,0,8
200076,2,1,1993,0,0,0,0,0,0,0,0,0,0
200076,3,1,1993,0,0,0,0,0,0,0,0,0,0
200077,1,1,1993,21,21,21,21,21,21,21,21,21,21
200078,0,1,1993,0,0,0,0,0,0,0,0,0,0
200078,1,1,1993,0,0,0,0,0,0,0,0,0,0
200079,1,1,1993,0,0,0,0,0,0,0,0,0,0
200080,1,1,1993,0,0,0,24,0,0,0,0,0,0
200080,2,1,1993,0,0,12,0,0,0,0,0,0,23
200081,1,1,1993,0,0,0,0,0,0,0,0,0,0
200081,2,1,1993,0,0,0,0,0,0,0,0,0,0
200082,1,1,1993,0,0,0,0,0,0,9,0,0,0
200083,1,1,1993,0,0,0,0,0,0,0,0,0,0
200083,2,1,1993,0,0,0,0,0,0,0,0,0,0
200084,1,1,1993,0,0,0,0,0,0,0,0,0,0
200085,1,1,1993,0,0,0,0,0,0,0,0,0,0
200085,2,1,1993,0,0,0,0,0,0,0,0,0,0
200086,0,1,1993,0,0,0,0,0,0,0,0,0,0
200086,1,1,1993,0,0,0,0,0,0,0,0,0,0
200087,1,1,1993,0,0,0,0,0,0,0,0,0,0
200088,1,1,1993,0,0,0,0,0,0,0,0,0,0
200088,2,1,1993,0,0,0,0,0,0,0,0,0,0
200089,1,1,1993,14,14,14,14,14,14,14,14,14,14
200090,1,1,1993,17,17,17,17,17,17,17,17,17,17
200090,2,1,1993,0,0,0,0,0,0,0,0,0,0
200090,3,1,1993,0,0,0,0,0,0,0,0,0,0
200091,1,1,1993,0,0,0,0,0,0,0,0,0,0
200092,1,1,1993,28,28,28,28,28,28,28,28,28,28
200092,2,1,1993,0,0,0,0,0,0,0,0,0,0
200093,1,1,1993,0,0,0,0,0,0,0,0,0,0
200093,2,1,1993,0,0,0,0,0,0,0,0,0,0
200094,1,1,1993,5,5,5,5,5,5,5,5,5,5
200095,1,1,1993,0,0,0,0,0,0,0,0,0,0
200095,2,1,1993,0,0,0,0,0,0,0,0,0,0
200096,1,1,1993,26,19,15,7,0,8,0,18,15,9
200096,2,1,1993,17,6,18,17,16,22,25,19,10,11
200097,1,1,1993,23,23,23,23,23,23,23,23,23,23
200098,1,1,1993,23,23,23,23,23,23,23,23,23,23
200098,2,1,1993,0,0,0,0,0,0,0,0,0,0
200099,1,1,1993,0,0,0,0,0,0,0,0,8,0
200099,2,1,1993,13,13,13,13,13,13,13,13,13,13
200100,1,1,1993,17,17,17,17,17,17,17,17,17,17
200101,1,1,1993,0,0,0,0,0,0,0,0,0,0
200101,2,1,1993,0,0,0,0,0,0,0,0,0,0
200102,1,1,1993,0,0,0,0,0,0,0,0,0,1
200102,2,1,1993,0,0,0,0,0,0,0,0,0,0
200103,1,1,1993,22,22,22,22,22,22,22,22,22,22
200104,1,1,1993,0,0,0,0,0,0,0,0,0,0
200104,2,1,1993,0,0,0,0,0,0,0,0,0,0
200105,0,1,1993,0,0,0,0,0,0,0,0,0,0
200105,1,1,1993,0,0,0,0,0,0,0,0,0,0
200106,1,1,1993,0,0,0,0,0,0,0,0,0,0
200106,2,1,1993,0,0,0,0,0,0,0,0,0,0
200106,3,1,1993,0,0,0,0,0,0,0,0,0,0
200107,1,1,1993,0,0,0,0,0,15,0,0,0,0
200107,2,1,1993,0,0,0,0,0,0,0,0,0,0
200108,1,1,1993,0,0,0,0,0,0,0,0,0,0
200108,2,1,1993,0,0,0,0,0,0,0,0,0,0
200109,1,1,1993,0,0,0,0,0,0,0,0,0,0
200109,2,1,1993,0,0,0,0,0,0,0,0,0,0
200110,1,1,1993,0,0,0,0,0,0,0,0,0,0
200110,2,1,1993,0,0,4,0,0,0,0,0,0,0
200110,3,1,1993,0,0,0,0,0,0,0,0,0,0
200111,1,1,1993,0,0,0,14,0,0,0,0,0,0
200111,2,1,1993,0,0,0,0,0,0,0,0,0,0
200112,1,1,1993,0,0,0,0,0,0,0,0,0,0
200112,2,1,1993,0,0,0,0,0,0,0,0,0,0
200113,1,1,1993,0,0,0,0,0,0,0,0,0,0
200113,2,1,1993,0,0,0,0,0,0,5,0,0,0
200115,1,1,1993,0,0,0,0,0,0,0,0,0,0
200115,2,1,1993,0,0,0,0,0,0,0,0,0,0
200116,0,1,1993,0,0,0,0,0,0,0,0,0,0
200116,1,1,1993,0,0,0,0,0,0,0,0,0,0
200117,1,1,1993,0,0,0,0,0,0,0,0,0,0
200117,2,1,1993,0,0,0,0,0,0,0,0,0,0
200118,1,1,1993,17,17,17,17,17,17,17,17,17,17
200119,1,1,1993,7,7,7,7,7,7,7,7,7,7
200120,1,1,1993,0,0,0,0,0,0,0,0,0,0
200121,1,1,1993,0,0,0,9,0,0,0,0,0,0
200121,2,1,1993,0,0,0,0,0,0,0,0,0,0
200123,1,1,1993,0,0,0,0,0,0,0,0,0,0
200124,1,1,1993,11,11,11,11,11,11,11,11,11,11
200125,1,1,1993,0,0,0,0,0,0,0,0,0,0
200126,1,1,1993,35,35,35,35,35,35,35,35,35,35
200127,1,1,1993,0,0,0,4,0,0,0,0,0,0