ST_CASE,VEH_NO,PER_NO,YEAR,P1,P2,P3,P4,P5,P6,P7,P8,P9,P10
210042,0,1,1993,0,0,0,0,0,0,0,0,0,0
210042,1,1,1993,0,0,0,10,0,0,0,0,0,0
210043,1,1,1993,0,0,0,0,0,0,0,0,0,0
210044,1,1,1993,5,5,5,5,5,5,5,5,5,5
210044,2,1,1993,0,0,0,0,0,0,0,0,0,0
210045,1,1,1993,18,18,18,18,18,18,18,18,18,18
210046,1,1,1993,0,0,0,0,0,0,0,0,0,0
210047,0,1,1993,32,32,32,32,32,32,32,32,32,32
210047,1,1,1993,0,0,11,0,0,0,0,0,0,0
210048,0,1,1993,0,0,0,0,0,0,0,0,20,0
210048,1,1,1993,0,0,0,0,0,0,0,0,0,0
210049,1,1,1993,20,20,20,20,20,20,20,20,20,20
210049,2,1,1993,0,0,0,0,0,0,0,0,0,0
210050,0,1,1993,28,28,28,28,28,28,28,28,28,28
210050,1,1,1993,0,0,0,0,0,0,0,0,0,0
210051,1,1,1993,0,13,10,0,0,0,0,0,0,0
210051,2,1,1993,0,0,0,0,0,0,0,0,0,0
210052,1,1,1993,1,1,1,1,1,1,1,1,1,1
210053,1,1,1993,0,0,0,0,0,0,0,0,0,0
210053,2,1,1993,0,0,0,0,0,0,0,0,0,3
210054,1,1,1993,0,0,0,0,0,0,0,0,0,0
210055,1,1,1993,0,0,0,0,0,0,0,0,0,0
210056,1,1,1993,0,0,0,0,7,11,0,0,0,36
210057,1,1,1993,13,13,13,13,13,13,13,13,13,13
210058,1,1,1993,0,0,0,0,0,0,0,0,0,0
210058,2,1,1993,0,0,0,0,0,0,0,0,0,0
210059,1,1,1993,0,0,0,0,0,0,0,0,0,0
210061,1,1,1993,3,3,3,3,3,3,3,3,3,3
210061,2,1,1993,0,0,0,0,0,0,0,0,0,0
210062,1,1,1993,0,0,0,0,0,0,0,0,0,0
210062,2,1,1993,0,0,0,0,0,0,0,0,0,0
210063,1,1,1993,19,19,19,19,19,19,19,19,19,19
210063,2,1,1993,0,0,0,0,0,0,0,0,0,0
210064,1,1,1993,0,0,0,0,0,0,0,0,0,0
210065,1,1,1993,1,1,1,1,1,1,1,1,1,1
210065,2,1,1993,0,0,0,0,0,0,0,0,0,0
210066,1,1,1993,0,0,0,0,0,0,0,0,0,0
210067,1,1,1993,18,18,18,18,18,18,18,18,18,18
210067,2,1,1993,0,0,0,0,0,0,0,0,0,0
210068,1,1,1993,11,11,11,11,11,11,11,11,11,11
210069,1,1,1993,0,0,0,0,2,0,0,0,0,0
210069,2,1,1993,0,0,0,0,0,0,0,0,0,0
210070,1,1,1993,14,14,14,14,14,14,14,14,14,14
210070,2,1,1993,0,0,0,0,0,0,0,0,0,0
210071,1,1,1993,24,24,24,24,24,24,24,24,24,24
210071,2,1,1993,0,0,0,0,0,0,0,0,0,0
210072,1,1,1993,0,0,0,0,0,0,0,0,0,0
210072,2,1,1993,0,0,0,0,0,0,0,0,0,0
210073,1,1,1993,0,0,0,0,0,0,2,0,0,0
210073,2,1,1993,0,11,0,0,0,0,0,0,0,0
210074,1,1,1993,0,0,0,0,0,0,0,0,0,0
210075,1,1,1993,0,0,0,0,0,0,0,0,0,0
210076,1,1,1993,27,27,27,27,27,27,27,27,27,27
210077,1,1,1993,28,28,28,28,28,28,28,28,28,28
210078,1,1,1993,24,24,24,24,24,24,24,24,24,24
210079,1,1,1993,0,0,0,0,0,0,0,0,0,0
210079,2,1,1993,0,0,0,0,0,0,0,0,0,0
210080,1,1,1993,0,0,0,0,0,0,0,0,0,0
210082,1,1,1993,0,0,0,0,0,0,0,0,0,0
210082,2,1,1993,0,0,0,0,0,0,0,0,0,0
210083,1,1,1993,3,3,3,3,3,3,3,3,3,3
210083,2,1,1993,0,0,0,0,0,0,0,0,0,0
210084,1,1,1993,0,0,0,0,0,0,0,0,0,0
210084,2,1,1993,1,1,1,1,1,1,1,1,1,1
210085,1,1,1993,0,0,0,0,0,0,0,0,0,0
210085,2,1,1993,0,0,0,0,0,0,0,0,0,0
210086,1,1,1993,0,0,0,0,0,0,0,0,0,0
210087,1,1,1993,15,0,0,0,0,17,0,0,18,0
210088,1,1,1993,5,5,5,5,5,5,5,5,5,5
210089,1,1,1993,0,0,0,0,0,0,0,0,0,0
210090,1,1,1993,19,19,19,19,19,19,19,19,19,19
210091,1,1,1993,13,13,13,13,13,13,13,13,13,13
210092,1,1,1993,0,0,0,0,0,0,0,0,0,0
210093,1,1,1993,31,5,19,15,38,30,19,29,12,22
210094,0,1,1993,0,0,0,0,0,0,14,32,0,0
210094,1,1,1993,0,0,0,0,0,0,0,0,0,0
210095,1,1,1993,0,0,0,0,0,0,0,0,0,0
210096,1,1,1993,0,0,0,0,0,0,0,0,0,0
210097,0,1,1993,0,0,0,0,0,0,0,0,0,0
210097,1,1,1993,12,0,0,7,17,0,15,28,14,9
210098,1,1,1993,0,0,0,0,0,0,0,0,0,0
210098,2,1,1993,0,0,0,0,0,0,0,0,0,0
210098,3,1,1993,0,0,0,0,7,0,0,0,0,0
210100,1,1,1993,39,20,9,47,30,3,20,24,32,10
210102,1,1,1993,21,21,21,21,21,21,21,21,21,21
210102,2,1,1993,0,0,0,0,0,0,0,0,0,0
210103,1,1,1993,0,0,0,0,0,0,0,0,0,0
210103,2,1,1993,0,0,0,0,0,0,0,0,0,0
210104,0,1,1993,0,0,0,0,0,0,0,0,0,0
210104,1,1,1993,0,0,0,0,0,0,0,0,0,0
210105,1,1,1993,21,21,21,21,21,21,21,21,21,21
210105,2,1,1993,0,0,0,0,0,0,0,0,0,0
210106,0,1,1993,0,0,0,0,0,0,0,0,0,0
210106,1,1,1993,5,5,5,5,5,5,5,5,5,5
210107,0,1,1993,22,22,22,22,22,22,22,22,22,22
210107,1,1,1993,0,0,0,0,0,0,0,0,0,0
210108,1,1,1993,25,25,25,25,25,25,25,25,25,25
210108,2,1,1993,0,0,0,0,0,0,0,0,0,0
210109,1,1,1993,13,13,13,13,13,13,13,13,13,13
210109,2,1,1993,0,0,0,0,0,0,0,0,0,0
210110,1,1,1993,0,0,0,0,0,0,0,0,0,0
210110,2,1,1993,0,0,0,0,0,0,0,0,0,0
210111,1,1,1993,0,0,0,0,0,0,0,0,12,0
210112,1,1,1993,0,0,0,0,0,0,0,0,0,0
210113,1,1,1993,31,31,31,31,31,31,31,31,31,31
210113,2,1,1993,0,0,0,0,0,0,0,0,0,7
210114,1,1,1993,0,0,0,0,0,0,0,0,0,0
210115,1,1,1993,0,0,23,0,0,0,0,8,12,19
210116,1,1,1993,0,0,0,0,0,0,0,0,0,0
210117,1,1,1993,0,0,0,0,0,0,0,0,0,0
210117,2,1,1993,0,0,0,0,0,0,0,0,0,0
210118,1,1,1993,0,0,4,0,0,6,0,4,0,0
210119,1,1,1993,26,26,26,26,26,26,26,26,26,26
210119,2,1,1993,0,0,0,0,0,0,0,0,0,0
210119,3,1,1993,0,0,0,2,0,0,0,0,0,0
210120,1,1,1993,0,0,0,0,0,0,0,0,0,0
210121,1,1,1993,0,23,0,0,0,0,0,0,0,27
210121,2,1,1993,0,0,0,0,0,0,0,0,0,0
210122,1,1,1993,0,0,0,0,0,0,0,0,0,0
210123,1,1,1993,15,15,15,15,15,15,15,15,15,15
210123,2,1,1993,0,0,0,0,0,0,0,0,0,0
210124,1,1,1993,20,20,20,20,20,20,20,20,20,20
210125,1,1,1993,22,22,22,22,22,22,22,22,22,22
210126,1,1,1993,17,17,17,17,17,17,17,17,17,17
210127,1,1,1993,0,0,0,0,0,0,0,0,0,0
210128,1,1,1993,9,9,9,9,9,9,9,9,9,9
210128,2,1,1993,0,0,0,0,0,0,0,0,0,0
210129,1,1,1993,0,0,0,0,0,0,0,0,0,0
210129,2,1,1993,0,0,0,0,0,0,0,0,0,0
210130,1,1,1993,21,21,21,21,21,21,21,21,21,21
210130,2,1,1993,0,0,0,0,0,0,0,0,0,0
210131,0,1,1993,16,0,0,18,13,0,0,0,0,0
210131,1,1,1993,10,0,11,11,0,0,10,0,21,0
210132,1,1,1993,0,0,0,0,0,0,0,0,0,0
210133,1,1,1993,0,0,0,0,0,0,0,0,0,0
210133,2,1,1993,0,0,0,0,0,0,0,0,0,0
210134,1,1,1993,22,22,22,22,22,22,22,22,22,22
210134,2,1,1993,0,0,0,0,0,0,0,0,0,0
210135,1,1,1993,0,0,0,0,0,0,0,0,0,0
210136,0,1,1993,0,15,0,0,0,0,0,0,0,0
210136,1,1,1993,0,0,0,0,0,0,0,0,0,0
210137,1,1,1993,0,0,0,0,0,0,0,0,0,0
210138,1,1,1993,0,0,0,0,0,0,0,0,0,0
210139,1,1,1993,0,0,0,0,0,0,0,0,0,0
210139,2,1,1993,0,0,0,0,0,0,0,0,0,0
210139,3,1,1993,0,0,0,0,0,0,0,0,0,0
210140,1,1,1993,0,0,0,0,0,0,0,0,0,0
210141,1,1,1993,19,19,19,19,19,19,19,19,19,19
210141,2,1,1993,0,0,0,0,0,0,0,0,0,0
210142,1,1,1993,20,20,20,20,20,20,20,20,20,20
210143,1,1,1993,0,0,0,0,0,0,0,0,0,0
210144,1,1,1993,0,0,0,0,0,0,0,0,0,0
210144,2,1,1993,0,0,0,0,0,0,0,0,0,0
210145,1,1,1993,21,21,21,21,21,21,21,21,21,21
210146,1,1,1993,0,0,0,0,0,0,0,0,0,0
210146,2,1,1993,0,0,0,0,0,0,0,0,0,0
210147,0,1,1993,0,0,0,0,0,0,19,0,39,25
210147,0,2,1993,0,0,0,0,0,0,0,0,0,0
210147,0,3,1993,26,13,11,24,17,42,0,41,6,0
210147,1,1,1993,12,12,12,12,12,12,12,12,12,12
210147,2,1,1993,0,0,0,0,0,0,0,0,0,0
210147,3,1,1993,0,0,0,0,0,0,0,0,0,0
210148,1,1,1993,0,0,0,0,0,0,0,0,0,0
210149,1,1,1993,6,6,6,6,6,6,6,6,6,6
210150,1,1,1993,23,33,21,30,15,25,19,41,24,21
210150,2,1,1993,12,0,0,19,14,11,6,10,11,11
210151,1,1,1993,0,0,0,0,0,0,0,0,0,0
210151,2,1,1993,0,0,0,0,0,0,0,0,0,0
210152,1,1,1993,9,9,9,9,9,9,9,9,9,9
210152,2,1,1993,0,0,0,0,0,0,0,0,0,0
210153,1,1,1993,0,0,0,0,0,0,0,0,0,0
210154,1,1,1993,0,0,0,0,0,0,0,0,0,0
210154,2,1,1993,0,0,0,0,0,11,0,0,0,0
210155,1,1,1993,0,0,0,0,0,0,0,0,0,0
210155,2,1,1993,0,0,0,0,0,0,0,0,0,0
210156,1,1,1993,0,0,0,0,0,0,0,0,0,0
210157,1,1,1993,0,0,0,0,0,0,0,0,0,0
210157,2,1,1993,0,0,0,0,0,0,0,0,0,0
210158,1,1,1993,0,0,0,0,0,0,0,0,0,0
210158,2,1,1993,0,0,0,0,0,0,0,0,0,0
210158,3,1,1993,0,0,0,0,0,0,0,15,0,0
210158,4,1,1993,0,0,0,0,0,0,0,0,0,0
210158,5,1,1993,0,0,0,0,0,0,0,0,0,0
210159,1,1,1993,21,21,21,21,21,21,21,21,21,21
210160,0,1,1993,0,0,0,0,0,0,0,0,0,0
210160,1,1,1993,0,0,0,0,0,0,0,0,0,0
210161,1,1,1993,25,25,25,25,25,25,25,25,25,25
210162,1,1,1993,0,0,0,0,0,0,0,0,0,0
210162,2,1,1993,0,0,0,0,0,0,0,0,0,0
210163,1,1,1993,0,0,0,0,0,0,0,0,0,0
210164,0,1,1993,34,34,34,34,34,34,34,34,34,34
210164,1,1,1993,0,0,0,0,0,0,0,0,0,0
210165,1,1,1993,0,0,0,0,0,0,0,0,0,0
210166,1,1,1993,22,22,22,22,22,22,22,22,22,22
210167,0,1,1993,0,30,0,0,41,0,0,3,0,0
210167,1,1,1993,0,0,0,0,0,0,0,0,0,0
210168,1,1,1993,0,0,0,0,0,0,0,0,0,0
210168,2,1,1993,0,0,0,0,0,0,0,0,0,0
210168,3,1,1993,0,0,0,0,0,0,0,0,0,0
210168,4,1,1993,0,0,0,0,0,0,0,0,0,0
210169,1,1,1993,0,0,0,0,0,0,0,0,0,0
210169,2,1,1993,0,0,0,0,0,0,0,0,0,0
210170,1,1,1993,0,0,0,0,0,0,0,0,0,0
210170,2,1,1993,0,0,0,0,0,0,0,0,0,0
210171,1,1,1993,0,0,0,0,0,0,0,0,0,0
210171,2,1,1993,0,0,0,0,0,0,0,0,0,0
210172,1,1,1993,0,0,0,0,0,0,0,0,0,0
210173,1,1,1993,0,0,0,0,0,0,0,0,0,0
210174,0,1,1993,0,0,0,0,0,0,0,0,0,0
210174,1,1,1993,0,0,0,0,0,0,0,0,0,13
210175,1,1,1993,0,0,0,0,0,0,0,0,0,0
210175,2,1,1993,0,0,0,0,0,0,0,0,0,0
210176,1,1,1993,34,34,34,34,34,34,34,34,34,34
210177,1,1,1993,0,0,0,0,0,0,0,0,0,0
210178,1,1,1993,14,14,14,14,14,14,14,14,14,14
210179,1,1,1993,0,0,0,0,0,0,0,0,0,0
210179,2,1,1993,0,0,0,0,0,0,0,0,0,0
210180,1,1,1993,0,0,0,0,0,0,0,0,0,0
210183,1,1,1993,12,12,12,12,12,12,12,12,12,12
210184,1,1,1993,12,12,12,12,12,12,12,12,12,12
210185,1,1,1993,0,0,0,0,0,0,0,0,0,0
210186,1,1,1993,19,19,19,19,19,19,19,19,19,19
210186,2,1,1993,0,0,0,0,21,0,0,0,0,0
210187,1,1,1993,0,0,0,0,0,0,0,0,0,0
210188,1,1,1993,0,0,0,0,0,0,0,0,0,0
210188,2,1,1993,0,0,0,0,0,0,0,0,0,0
210188,3,1,1993,0,0,0,0,0,0,0,0,0,0
210189,1,1,1993,19,0,0,27,0,0,0,0,0,20
210189,2,1,1993,0,0,0,0,0,0,0,0,0,0
210190,1,1,1993,7,7,7,7,7,7,7,7,7,7
210190,2,1,1993,0,0,0,0,0,0,0,0,0,0
210191,1,1,1993,34,0,25,0,0,24,11,10,14,0
210192,1,1,1993,0,0,0,0,0,0,0,0,0,0
210193,1,1,1993,0,0,0,0,0,11,0,0,0,0
210193,2,1,1993,0,0,6,0,0,0,0,6,0,0
210194,0,1,1993,0,0,0,0,0,0,0,0,0,0
210194,1,1,1993,0,0,0,0,0,0,0,0,0,0
210195,1,1,1993,13,13,13,13,13,13,13,13,13,13
210195,2,1,1993,0,0,0,0,0,0,0,0,0,0
210196,1,1,1993,9,9,9,9,9,9,9,9,9,9
210196,2,1,1993,0,0,0,0,0,0,0,0,0,0
210197,1,1,1993,0,0,0,0,0,0,0,0,0,0
210197,2,1,1993,0,0,0,0,0,0,0,0,0,0
210198,1,1,1993,0,0,0,0,0,0,0,0,0,0
210199,1,1,1993,0,0,0,0,0,0,0,0,0,0
210199,2,1,1993,0,0,0,0,0,0,0,0,0,0
210200,1,1,1993,0,0,0,0,0,0,0,0,0,0
210201,0,1,1993,23,23,23,23,23,23,23,23,23,23
210201,1,1,1993,0,0,0,0,0,0,0,0,0,0
210201,2,1,1993,0,0,0,0,0,0,0,0,0,0
210201,3,1,1993,0,0,0,0,0,0,0,0,0,0
210202,1,1,1993,21,21,21,21,21,21,21,21,21,21
210202,2,1,1993,0,4,0,0,0,0,25,0,0,0
210203,1,1,1993,0,0,0,0,0,0,0,0,0,0
210204,1,1,1993,26,26,26,26,26,26,26,26,26,26
210204,2,1,1993,0,0,0,0,0,0,0,0,0,0
210205,1,1,1993,0,0,0,0,0,0,0,0,0,0
210206,1,1,1993,15,15,15,15,15,15,15,15,15,15
210206,2,1,1993,9,0,0,0,0,15,0,0,0,0
210206,3,1,1993,0,0,0,0,0,0,0,0,0,0
210207,1,1,1993,0,0,0,0,0,0,0,0,0,0
210207,2,1,1993,0,0,0,0,0,0,0,0,0,0
210207,3,1,1993,0,0,0,0,0,0,0,0,0,0
210208,1,1,1993,0,0,0,0,0,0,0,0,0,0
210208,2,1,1993,0,0,0,0,0,0,0,0,0,0
210209,1,1,1993,26,26,26,26,26,26,26,26,26,26
210210,1,1,1993,0,0,0,0,0,0,0,0,0,0
210210,2,1,1993,0,0,0,0,0,0,0,0,0,0
210211,1,1,1993,0,0,0,0,0,0,0,0,0,0
210211,2,1,1993,0,0,0,0,0,0,0,0,0,0
210212,1,1,1993,0,0,0,14,0,0,0,0,0,0
210213,1,1,1993,0,0,0,0,0,0,0,0,0,0
210214,1,1,1993,20,20,20,20,20,20,20,20,20,20
210214,2,1,1993,0,0,0,0,0,0,0,0,0,0
210215,1,1,1993,0,0,0,0,0,0,22,0,0,6
210216,1,1,1993,10,9,11,16,20,15,21,13,12,9
210216,2,1,1993,0,0,0,0,0,0,0,0,0,0
210217,1,1,1993,0,0,0,0,0,0,0,0,0,0
210218,1,1,1993,35,35,35,35,35,35,35,35,35,35
210219,1,1,1993,0,0,0,0,0,0,0,0,0,0
210219,2,1,1993,0,0,0,0,0,0,0,0,0,0
210220,1,1,1993,10,10,10,10,10,10,10,10,10,10
210221,1,1,1993,10,10,10,10,10,10,10,10,10,10
210222,1,1,1993,0,0,0,0,0,0,0,0,0,0
210222,2,1,1993,0,0,0,0,0,0,0,0,0,0
210223,1,1,1993,0,0,0,0,0,0,0,0,0,0
210223,2,1,1993,0,0,0,0,0,0,0,0,0,0
210224,1,1,1993,0,0,0,0,0,0,0,0,0,0
210224,2,1,1993,0,0,0,0,0,0,0,0,0,0
210225,1,1,1993,0,0,0,0,0,0,0,0,0,0
210225,2,1,1993,0,0,0,15,0,0,0,0,0,0
210225,3,1,1993,0,0,0,0,0,0,0,0,0,0
210226,0,1,1993,0,0,0,0,0,0,0,0,0,0
210226,1,1,1993,0,0,0,0,0,0,0,0,0,0
210227,1,1,1993,12,12,12,12,12,12,12,12,12,12
210228,1,1,1993,0,0,0,0,0,0,0,0,0,0
210228,2,1,1993,0,0,0,0,0,0,0,0,0,0
210229,1,1,1993,33,33,33,33,33,33,33,33,33,33
210229,2,1,1993,0,0,0,0,0,0,0,0,0,0
210230,1,1,1993,0,0,0,0,0,0,0,0,0,0
210230,2,1,1993,0,0,0,0,0,0,0,0,0,0
210230,3,1,1993,0,0,0,0,0,0,0,0,0,0
210231,1,1,1993,0,0,0,0,0,0,0,0,0,0
210231,2,1,1993,0,0,0,0,0,0,0,0,0,0
210232,0,1,1993,0,0,0,0,0,0,0,0,0,0
210232,1,1,1993,0,0,0,0,14,0,0,0,0,0
210233,1,1,1993,0,0,0,0,0,0,0,0,0,0
210233,2,1,1993,0,0,0,0,0,20,0,22,0,0
210234,1,1,1993,25,25,25,25,25,25,25,25,25,25
210235,1,1,1993,0,0,0,0,0,0,0,0,0,0
210235,2,1,1993,0,0,0,0,0,0,0,0,0,0
210235,3,1,1993,0,0,0,0,0,0,0,0,0,0
210235,4,1,1993,0,0,0,0,0,0,0,0,4,0
210236,1,1,1993,0,0,0,0,0,0,0,0,0,0
210237,1,1,1993,5,5,5,5,5,5,5,5,5,5
210237,2,1,1993,0,0,0,0,0,0,0,0,0,0
210238,1,1,1993,0,0,0,0,0,0,0,0,0,0
210239,1,1,1993,0,0,0,0,0,0,0,0,0,0
210240,0,1,1993,0,0,0,0,0,13,0,0,0,22
210240,1,1,1993,0,0,0,0,0,0,0,0,0,0
210241,1,1,1993,0,0,0,0,0,0,0,0,0,0
210241,2,1,1993,0,0,0,0,0,0,0,0,0,0
210242,1,1,1993,0,0,0,0,0,0,0,0,0,0
210242,2,1,1993,0,0,0,0,0,0,0,0,0,0
210243,1,1,1993,17,0,0,0,0,0,0,0,0,0
210243,2,1,1993,0,0,0,0,0,0,0,0,0,0
210244,1,1,1993,0,0,0,0,0,0,0,0,0,0
210244,2,1,1993,0,0,0,0,0,0,0,0,0,0
210245,1,1,1993,13,13,13,13,13,13,13,13,13,13
210246,1,1,1993,0,0,0,0,0,0,27,0,14,0
210246,2,1,1993,0,0,0,0,0,0,0,0,0,0
210247,1,1,1993,30,30,30,30,30,30,30,30,30,30
210248,1,1,1993,0,0,0,0,0,0,0,0,0,0
210248,2,1,1993,0,0,0,0,0,0,8,0,0,0
210249,1,1,1993,9,15,24,15,9,0,12,11,12,0
210250,1,1,1993,27,27,27,27,27,27,27,27,27,27
210252,1,1,1993,0,0,0,0,0,0,8,0,0,0
210253,1,1,1993,0,0,0,0,0,0,0,0,0,0
210253,2,1,1993,0,18,27,28,0,0,18,0,0,0
210254,1,1,1993,34,34,34,34,34,34,34,34,34,34
210255,1,1,1993,0,0,0,0,0,0,0,0,0,0
210256,1,1,1993,0,0,0,0,0,0,0,0,0,0
210256,2,1,1993,0,0,0,0,12,0,0,0,0,0
210257,1,1,1993,40,40,40,40,40,40,40,40,40,40
210257,2,1,1993,0,0,0,0,0,0,0,0,0,0
210258,1,1,1993,11,11,11,11,11,11,11,11,11,11
210259,0,1,1993,21,40,21,20,29,18,12,0,26,20
210259,1,1,1993,0,0,0,0,0,0,0,0,0,0
210260,1,1,1993,13,13,13,13,13,13,13,13,13,13
210261,1,1,1993,0,0,0,0,0,0,0,0,0,0
210261,2,1,1993,0,0,0,0,0,0,0,0,0,0
210262,1,1,1993,0,0,0,0,0,0,15,0,0,0
210262,2,1,1993,0,0,0,0,0,0,0,0,0,0
210263,1,1,1993,0,0,0,0,0,0,0,0,0,0
210263,2,1,1993,0,0,0,0,0,0,0,0,0,0
210264,1,1,1993,0,0,0,0,0,0,0,0,0,0
210264,2,1,1993,0,0,0,0,0,0,0,0,0,0
210265,1,1,1993,0,0,0,0,0,0,0,0,0,0
210265,2,1,1993,0,0,0,0,0,0,0,0,0,0
210266,1,1,1993,0,0,0,0,0,0,0,0,0,0
210266,2,1,1993,0,0,0,0,0,0,0,0,0,0
210267,1,1,1993,4,0,0,0,0,0,0,0,0,0
210268,1,1,1993,25,25,25,25,25,25,25,25,25,25
210268,2,1,1993,0,0,0,0,0,0,0,0,0,0
210269,1,1,1993,0,0,0,0,0,0,0,0,0,0
210269,2,1,1993,0,0,0,0,0,0,0,0,0,0
210270,1,1,1993,0,0,0,0,0,0,0,0,0,0
210272,1,1,1993,0,0,0,0,0,0,0,0,0,0
210272,2,1,1993,0,0,0,0,0,0,0,0,0,0
210273,1,1,1993,27,27,27,27,27,27,27,27,27,27
210273,2,1,1993,11,11,11,11,11,11,11,11,11,11
210274,1,1,1993,0,0,0,0,0,0,0,0,0,0
210274,2,1,1993,0,0,0,0,0,0,0,0,0,0
210275,0,1,1993,21,21,21,21,21,21,21,21,21,21
210275,1,1,1993,28,28,28,28,28,28,28,28,28,28
210277,1,1,1993,8,8,8,8,8,8,8,8,8,8
210277,2,1,1993,0,0,0,0,0,0,0,0,0,0
210278,1,1,1993,0,0,0,0,0,0,0,0,0,0
210279,1,1,1993,0,0,0,0,0,0,0,0,0,0
210280,1,1,1993,13,13,13,13,13,13,13,13,13,13
210281,1,1,1993,0,0,0,0,0,0,0,0,0,0
210282,1,1,1993,0,0,0,0,0,0,0,0,0,0
210283,1,1,1993,0,0,0,0,0,0,0,0,0,0
210283,2,1,1993,0,0,0,0,0,0,0,0,0,0
210284,1,1,1993,21,21,21,21,21,21,21,21,21,21
210284,2,1,1993,0,0,0,0,0,0,0,0,0,0
210285,1,1,1993,22,22,22,22,22,22,22,22,22,22
210286,1,1,1993,0,0,0,0,0,0,0,0,0,0
210287,1,1,1993,0,0,5,0,0,0,0,0,0,0
210287,2,1,1993,0,0,0,0,0,0,0,0,0,0
210288,1,1,1993,0,0,3,0,0,0,0,0,0,0
210288,2,1,1993,0,0,0,0,0,0,0,0,0,0
210289,1,1,1993,0,0,0,0,0,0,0,0,0,0
210289,2,1,1993,0,0,0,0,0,0,0,0,0,0
210290,1,1,1993,0,0,0,0,0,0,0,0,0,0
210290,2,1,1993,0,0,0,0,0,0,0,0,0,0
210291,1,1,1993,0,0,0,0,0,0,0,0,0,0
210292,1,1,1993,0,0,0,0,0,0,0,0,0,0
210292,2,1,1993,0,0,0,0,0,0,0,0,0,0
210293,1,1,1993,19,19,19,19,19,19,19,19,19,19
210293,2,1,1993,0,0,0,0,0,0,3,0,5,0
210294,1,1,1993,0,0,0,0,0,0,0,0,0,0
210294,2,1,1993,0,0,0,0,0,0,0,0,0,0
210295,1,1,1993,0,0,0,0,0,0,0,0,0,0
210295,2,1,1993,0,0,0,0,0,0,0,0,0,0
210295,3,1,1993,0,0,0,0,0,0,0,0,0,0
210296,1,1,1993,0,0,0,0,0,0,0,0,0,0
210296,2,1,1993,0,0,0,0,0,0,0,0,0,0
210297,1,1,1993,0,0,0,0,0,0,0,0,0,0
210297,2,1,1993,0,0,19,0,0,0,0,0,20,0
210298,1,1,1993,0,0,0,0,0,0,0,0,0,0
210298,2,1,1993,10,7,0,17,0,0,0,21,0,0
210299,0,1,1993,0,0,0,0,0,0,0,0,0,0
210299,1,1,1993,0,0,0,0,0,0,0,0,0,14
210300,1,1,1993,0,0,0,0,0,16,0,0,0,0
210300,2,1,1993,0,0,0,0,0,0,0,0,0,0
210301,1,1,1993,0,0,0,0,0,0,0,0,0,0
210301,2,1,1993,0,0,0,0,0,0,0,0,0,0
210302,1,1,1993,12,0,14,9,11,17,15,5,23,28
210302,2,1,1993,0,0,0,0,0,0,0,0,0,0
210303,1,1,1993,10,0,0,12,13,0,5,0,8,10
210303,2,1,1993,0,0,0,0,0,0,0,0,0,0
210304,1,1,1993,0,0,0,0,0,0,0,0,0,0
210305,1,1,1993,1,1,1,1,1,1,1,1,1,1
210306,1,1,1993,0,0,0,0,0,0,0,0,0,0
210306,2,1,1993,0,0,0,0,0,0,0,0,0,0
210307,1,1,1993,0,0,0,0,0,0,0,0,0,0
210307,2,1,1993,0,0,0,0,0,0,0,0,0,0
210308,1,1,1993,0,0,0,0,0,0,0,0,0,0
210308,2,1,1993,0,0,0,0,0,0,0,0,0,0
210309,1,1,1993,20,20,20,20,20,20,20,20,20,20
210310,1,1,1993,5,5,5,5,5,5,5,5,5,5
210311,1,1,1993,0,0,0,0,0,0,0,0,0,0
210312,1,1,1993,0,0,0,0,0,0,0,0,0,0
210312,2,1,1993,0,0,0,0,0,0,0,0,0,0
210312,3,1,1993,0,0,0,0,0,0,0,0,0,0
210313,1,1,1993,10,10,10,10,10,10,10,10,10,10
210314,1,1,1993,0,0,0,0,0,0,0,0,0,0
210314,2,1,1993,0,0,0,0,0,0,0,0,0,0
210315,0,1,1993,0,0,0,0,0,0,0,0,0,0
210315,1,1,1993,0,0,0,0,0,0,0,0,0,0
210316,1,1,1993,0,0,0,0,0,0,0,0,0,0
210316,2,1,1993,0,0,0,0,0,0,0,0,0,0
210316,3,1,1993,0,0,0,0,0,0,0,0,0,0
210317,0,1,1993,0,0,0,0,0,0,0,0,0,0
210317,1,1,1993,11,3,19,12,29,7,0,17,0,4
210318,1,1,1993,0,0,0,0,0,0,0,0,0,0
210318,2,1,1993,0,0,0,0,0,0,0,0,8,0
210319,1,1,1993,0,0,0,0,0,0,0,0,0,0
210319,2,1,1993,0,0,13,0,0,0,18,0,0,13
210320,1,1,1993,0,0,0,0,0,0,18,0,0,0
210320,2,1,1993,0,0,0,0,0,0,0,0,0,15
210321,1,1,1993,0,0,0,0,0,0,0,0,0,0
210322,1,1,1993,34,34,34,34,34,34,34,34,34,34
210323,1,1,1993,0,0,0,0,0,0,0,0,0,0
210324,1,1,1993,0,0,0,0,0,0,0,0,0,0
210324,2,1,1993,0,0,0,0,0,0,0,0,0,0
210325,0,1,1993,0,0,0,0,0,0,0,18,0,19
210325,1,1,1993,0,0,0,0,0,0,0,0,0,0
210326,1,1,1993,0,0,0,0,0,0,0,0,0,0
210326,2,1,1993,0,0,0,0,0,0,0,0,0,0
210327,1,1,1993,1,1,1,1,1,1,1,1,1,1
210328,1,1,1993,0,0,0,0,0,0,0,0,0,0
210329,1,1,1993,0,0,0,0,0,0,0,0,0,0
210330,1,1,1993,0,0,0,0,0,0,0,0,0,0