ST_CASE,VEH_NO,PER_NO,YEAR,P1,P2,P3,P4,P5,P6,P7,P8,P9,P10
210331,1,1,1993,9,9,9,9,9,9,9,9,9,9
210331,2,1,1993,0,0,0,0,0,0,0,0,0,0
210331,3,1,1993,0,0,0,0,0,0,0,0,0,0
210332,1,1,1993,0,0,0,0,0,0,0,0,0,0
210332,2,1,1993,0,0,0,0,0,0,0,0,0,0
210332,3,1,1993,0,0,0,0,0,0,0,0,0,0
210333,1,1,1993,18,18,18,18,18,18,18,18,18,18
210333,2,1,1993,0,0,0,0,0,0,0,0,0,0
210334,1,1,1993,0,0,0,0,0,0,0,0,0,0
210335,0,1,1993,0,0,0,0,0,0,0,0,0,0
210335,1,1,1993,0,0,0,0,0,0,0,0,0,0
210336,1,1,1993,0,0,0,0,0,0,0,0,0,0
210336,2,1,1993,0,0,0,0,0,0,0,0,0,0
210337,0,1,1993,0,0,0,0,0,0,0,0,0,0
210337,1,1,1993,0,0,0,0,0,0,0,0,0,0
210338,1,1,1993,25,21,18,24,19,13,29,19,18,23
210339,1,1,1993,0,0,0,0,0,0,0,0,0,0
210339,2,1,1993,0,0,0,0,0,0,0,0,0,0
210340,1,1,1993,0,0,0,0,0,0,0,0,0,0
210340,2,1,1993,0,0,0,0,0,0,0,0,0,0
210341,1,1,1993,0,0,0,0,0,0,0,0,0,0
210341,2,1,1993,0,0,0,0,0,0,0,0,0,0
210342,1,1,1993,0,10,0,0,0,0,0,0,0,0
210342,2,1,1993,0,0,0,0,0,0,0,0,0,0
210344,1,1,1993,14,14,14,14,14,14,14,14,14,14
210345,1,1,1993,24,24,24,24,24,24,24,24,24,24
210346,1,1,1993,0,0,0,2,0,0,0,0,0,0
210346,2,1,1993,0,0,0,0,0,19,0,0,0,0
210347,1,1,1993,0,0,0,0,0,0,0,0,0,0
210348,1,1,1993,20,20,20,20,20,20,20,20,20,20
210349,1,1,1993,0,0,0,0,0,0,0,0,0,0
210349,2,1,1993,0,0,0,0,0,0,0,0,0,0
210350,1,1,1993,26,26,26,26,26,26,26,26,26,26
210351,1,1,1993,21,21,21,21,21,21,21,21,21,21
210352,1,1,1993,14,14,14,14,14,14,14,14,14,14
210353,1,1,1993,0,0,0,0,0,0,0,0,0,0
210353,2,1,1993,0,0,0,0,0,0,3,0,0,0
210354,1,1,1993,0,0,0,0,0,0,0,0,0,0
210354,2,1,1993,0,0,0,0,0,0,0,0,0,0
210355,1,1,1993,0,0,0,10,0,0,0,0,0,0
210355,2,1,1993,0,0,0,0,0,0,0,0,0,0
210356,1,1,1993,0,0,0,0,0,0,0,0,0,0
210357,1,1,1993,0,0,0,0,0,0,0,0,0,0
210358,1,1,1993,16,16,16,16,16,16,16,16,16,16
210358,2,1,1993,11,0,0,0,0,0,0,0,0,0
210359,1,1,1993,0,0,0,0,0,0,0,0,0,0
210359,2,1,1993,0,0,0,0,0,0,0,0,0,0
210361,1,1,1993,16,18,10,11,14,10,11,19,0,0
210361,2,1,1993,0,0,0,0,0,0,0,0,0,0
210362,1,1,1993,0,0,0,0,0,0,0,0,0,0
210362,2,1,1993,0,0,0,0,0,0,0,0,0,0
210363,1,1,1993,11,16,17,17,10,30,6,31,0,29
210364,0,1,1993,0,0,0,0,0,0,0,0,0,0
210364,1,1,1993,0,0,0,0,0,0,0,0,0,0
210365,1,1,1993,0,0,0,0,0,0,0,0,0,0
210365,2,1,1993,0,0,0,0,0,0,0,0,0,0
210366,1,1,1993,0,0,0,0,0,0,0,0,0,0
210366,2,1,1993,0,0,0,0,0,0,0,0,0,14
210367,1,1,1993,0,0,0,0,0,0,0,0,0,0
210368,1,1,1993,0,0,0,0,0,0,0,0,0,0
210368,2,1,1993,0,0,0,0,0,0,0,0,0,0
210369,1,1,1993,0,0,0,0,0,0,0,0,0,0
210369,2,1,1993,0,0,0,0,0,0,0,0,0,0
210370,1,1,1993,0,0,0,0,0,0,0,0,0,0
210370,2,1,1993,0,0,0,0,0,0,0,0,0,0
210371,1,1,1993,0,0,0,0,0,0,0,0,0,0
210371,2,1,1993,0,0,0,0,0,0,0,0,0,0
210372,0,1,1993,0,0,0,0,0,0,0,0,0,0
210372,1,1,1993,0,0,0,0,0,0,0,0,0,0
210373,1,1,1993,0,0,0,0,0,0,0,0,0,0
210374,1,1,1993,0,0,0,0,0,0,0,0,0,0
210375,1,1,1993,25,25,25,25,25,25,25,25,25,25
210376,1,1,1993,0,0,0,0,0,0,0,0,0,0
210376,2,1,1993,0,0,0,0,0,0,0,0,0,0
210376,3,1,1993,0,0,0,0,0,0,0,0,0,0
210377,1,1,1993,0,0,0,0,0,0,0,0,0,0
210378,1,1,1993,0,0,0,0,0,0,0,0,0,0
210379,1,1,1993,0,0,0,0,0,0,0,0,0,0
210380,1,1,1993,26,26,26,26,26,26,26,26,26,26
210381,1,1,1993,17,17,17,17,17,17,17,17,17,17
210382,1,1,1993,0,0,0,0,0,0,0,0,0,0
210383,1,1,1993,21,21,21,21,21,21,21,21,21,21
210384,1,1,1993,0,0,0,0,0,0,0,0,0,0
210384,2,1,1993,0,0,0,0,0,0,0,0,7,0
210385,1,1,1993,28,28,28,28,28,28,28,28,28,28
210385,2,1,1993,2,2,2,2,2,2,2,2,2,2
210386,1,1,1993,0,0,0,0,0,14,0,0,0,0
210386,2,1,1993,0,0,0,0,0,0,0,0,0,0
210387,1,1,1993,0,0,0,0,9,0,0,0,0,0
210387,2,1,1993,0,0,0,0,0,0,0,0,0,0
210388,1,1,1993,0,31,0,0,16,0,14,0,0,0
210389,0,1,1993,0,0,0,0,0,0,0,0,0,0
210389,1,1,1993,0,0,0,0,0,0,0,0,0,0
210390,1,1,1993,31,31,31,31,31,31,31,31,31,31
210391,1,1,1993,0,0,0,0,0,0,0,0,0,0
210391,2,1,1993,10,0,0,0,0,0,0,0,0,0
210392,1,1,1993,4,4,4,4,4,4,4,4,4,4
210393,1,1,1993,0,0,0,0,0,0,0,0,0,0
210394,1,1,1993,0,6,0,19,0,15,14,11,10,18
210395,1,1,1993,0,0,0,0,0,0,0,0,0,0
210396,1,1,1993,0,0,0,0,0,0,0,0,0,0
210396,2,1,1993,0,0,0,0,0,0,0,0,0,0
210397,1,1,1993,0,0,0,0,0,0,0,0,0,0
210398,0,1,1993,0,0,0,0,0,0,0,0,0,0
210398,1,1,1993,22,10,10,0,21,0,0,0,0,6
210399,1,1,1993,0,0,0,0,0,0,0,0,0,0
210400,1,1,1993,0,0,0,0,0,0,0,0,0,0
210400,2,1,1993,0,0,0,0,0,0,0,0,0,0
210401,1,1,1993,0,0,0,0,0,0,0,0,0,0
210401,2,1,1993,0,0,0,0,0,0,0,0,0,0
210402,1,1,1993,12,12,12,12,12,12,12,12,12,12
210403,1,1,1993,8,8,8,8,8,8,8,8,8,8
210403,2,1,1993,0,0,0,0,0,0,0,0,0,0
210405,1,1,1993,0,0,0,0,0,0,0,0,0,0
210406,1,1,1993,0,0,0,0,0,0,0,0,0,0
210406,2,1,1993,0,0,0,0,0,0,0,0,0,0
210407,1,1,1993,0,0,0,0,0,0,0,0,0,0
210408,1,1,1993,0,0,0,0,0,0,0,0,0,0
210409,1,1,1993,0,0,0,0,0,0,0,0,0,0
210409,2,1,1993,2,2,2,2,2,2,2,2,2,2
210410,1,1,1993,0,0,0,0,0,0,0,0,0,0
210411,1,1,1993,0,0,0,0,0,0,0,0,0,0
210411,2,1,1993,0,0,0,0,0,0,0,0,0,0
210412,1,1,1993,0,0,0,0,0,0,0,0,0,0
210412,2,1,1993,0,0,0,0,0,0,0,0,0,0
210413,1,1,1993,0,0,0,0,0,0,0,0,8,0
210413,2,1,1993,0,0,0,0,0,0,0,0,0,0
210414,1,1,1993,18,0,10,31,0,12,23,9,43,14
210415,1,1,1993,0,0,0,0,0,0,0,0,0,0
210415,2,1,1993,0,0,20,0,0,0,0,0,0,0
210416,1,1,1993,0,0,0,0,0,0,0,0,0,0
210416,2,1,1993,0,0,0,0,0,0,0,0,0,0
210417,1,1,1993,0,0,0,0,0,0,0,0,0,0
210418,1,1,1993,37,37,37,37,37,37,37,37,37,37
210419,1,1,1993,5,5,5,5,5,5,5,5,5,5
210420,1,1,1993,23,0,14,13,0,37,15,14,15,16
210420,2,1,1993,0,0,0,0,0,0,0,0,0,0
210421,0,1,1993,0,0,0,0,0,0,0,11,0,0
210421,1,1,1993,0,0,0,0,0,0,0,0,0,0
210422,1,1,1993,0,0,0,0,0,0,0,0,0,0
210422,2,1,1993,0,0,0,0,0,0,0,0,0,0
210423,1,1,1993,13,13,13,13,13,13,13,13,13,13
210423,2,1,1993,0,0,0,0,0,8,0,0,0,4
210424,1,1,1993,7,7,7,7,7,7,7,7,7,7
210425,1,1,1993,16,16,16,16,16,16,16,16,16,16
210426,1,1,1993,0,0,0,0,0,0,0,0,0,0
210427,1,1,1993,0,0,0,0,0,0,0,0,0,0
210428,1,1,1993,0,0,0,0,0,0,0,0,0,0
210428,2,1,1993,0,0,0,0,0,0,0,0,0,0
210429,1,1,1993,0,0,0,0,0,0,0,0,0,0
210430,1,1,1993,0,0,0,0,0,0,0,0,0,0
210431,1,1,1993,33,33,33,33,33,33,33,33,33,33
210431,2,1,1993,12,12,12,12,12,12,12,12,12,12
210432,1,1,1993,21,21,21,21,21,21,21,21,21,21
210433,1,1,1993,0,0,0,0,0,0,0,0,0,0
210433,2,1,1993,0,0,0,0,0,0,0,0,0,0
210433,3,1,1993,10,0,0,0,0,0,0,0,0,0
210434,1,1,1993,0,0,0,0,0,0,0,0,0,0
210434,2,1,1993,0,0,0,0,0,0,0,0,0,0
210434,3,1,1993,0,0,0,0,0,0,0,0,0,0
210434,4,1,1993,0,0,0,0,0,0,0,0,0,0
210434,5,1,1993,0,0,0,0,0,0,0,0,0,0
210435,1,1,1993,1,1,1,1,1,1,1,1,1,1
210435,2,1,1993,0,0,0,17,0,0,0,0,0,0
210436,1,1,1993,18,18,18,18,18,18,18,18,18,18
210436,2,1,1993,0,0,0,0,0,0,0,0,0,0
210437,1,1,1993,0,0,0,0,0,0,0,0,0,0
210437,2,1,1993,0,0,0,0,0,0,0,0,0,0
210438,0,1,1993,0,0,6,13,0,0,24,35,0,7
210438,1,1,1993,0,0,0,0,0,0,0,0,0,0
210439,1,1,1993,0,0,0,0,0,0,0,0,0,0
210439,2,1,1993,0,0,0,0,0,0,0,0,0,0
210439,3,1,1993,0,0,0,0,0,0,0,0,0,0
210440,1,1,1993,0,0,11,0,0,0,0,0,25,0
210441,1,1,1993,33,33,33,33,33,33,33,33,33,33
210442,1,1,1993,9,9,9,9,9,9,9,9,9,9
210443,1,1,1993,24,13,10,10,18,16,14,10,3,27
210444,1,1,1993,13,13,13,13,13,13,13,13,13,13
210445,1,1,1993,0,0,0,0,0,0,0,0,0,0
210445,2,1,1993,0,0,0,0,0,0,0,0,0,0
210445,3,1,1993,0,0,0,0,0,0,0,0,0,0
210446,0,1,1993,0,0,0,0,0,0,0,0,0,0
210446,1,1,1993,0,0,0,0,0,0,0,0,0,0
210447,1,1,1993,0,0,0,0,0,0,0,0,0,0
210447,2,1,1993,6,6,6,6,6,6,6,6,6,6
210448,1,1,1993,23,23,23,23,23,23,23,23,23,23
210449,0,1,1993,0,17,32,13,0,0,35,0,0,22
210449,1,1,1993,0,0,0,0,0,0,0,0,0,0
210449,2,1,1993,0,0,0,6,0,0,0,0,0,0
210449,3,1,1993,0,0,0,0,0,27,0,0,0,0
210450,1,1,1993,3,3,3,3,3,3,3,3,3,3
210450,2,1,1993,0,0,0,0,0,0,0,0,0,0
210451,1,1,1993,0,0,0,0,0,0,0,12,0,0
210451,2,1,1993,0,0,0,0,0,0,0,0,0,0
210451,3,1,1993,0,0,0,0,0,0,0,0,0,0
210452,1,1,1993,20,20,20,20,20,20,20,20,20,20
210452,2,1,1993,0,0,0,0,0,0,0,0,0,0
210453,1,1,1993,25,14,21,21,24,23,18,10,22,30
210454,1,1,1993,0,0,0,0,0,0,0,0,0,0
210454,2,1,1993,0,0,0,0,0,0,0,0,0,0
210454,3,1,1993,0,0,0,0,0,0,0,7,8,0
210455,1,1,1993,17,0,0,0,0,13,0,0,0,8
210456,0,1,1993,18,18,18,18,18,18,18,18,18,18
210456,1,1,1993,0,0,13,17,0,0,7,20,14,7
210457,1,1,1993,0,0,0,0,0,0,0,0,0,0
210457,2,1,1993,0,0,0,0,0,0,0,0,0,0
210458,1,1,1993,0,0,0,0,0,0,0,0,0,0
210459,1,1,1993,14,14,14,14,14,14,14,14,14,14
210460,1,1,1993,26,26,26,26,26,26,26,26,26,26
210461,1,1,1993,0,0,0,0,0,0,0,0,0,0
210461,2,1,1993,0,0,0,0,0,0,0,0,0,0
210462,1,1,1993,0,0,0,0,0,0,0,0,0,0
210462,2,1,1993,0,0,0,0,0,0,0,0,0,0
210463,1,1,1993,0,0,0,0,0,0,0,0,0,0
210464,1,1,1993,20,20,20,20,20,20,20,20,20,20
210465,1,1,1993,0,0,0,6,0,0,0,0,0,23
210466,1,1,1993,35,35,35,35,35,35,35,35,35,35
210466,2,1,1993,0,0,0,0,0,0,0,0,0,0
210467,0,1,1993,8,8,8,8,8,8,8,8,8,8
210467,1,1,1993,0,0,0,0,0,0,0,0,0,0
210468,1,1,1993,27,27,27,27,27,27,27,27,27,27
210469,1,1,1993,0,0,0,0,0,0,0,0,0,0
210469,2,1,1993,0,0,0,0,0,0,0,0,0,0
210470,0,1,1993,32,32,32,32,32,32,32,32,32,32
210470,1,1,1993,0,0,0,0,0,0,0,0,0,0
210471,1,1,1993,0,21,13,6,20,18,0,0,7,6
210472,1,1,1993,7,7,7,7,7,7,7,7,7,7
210473,1,1,1993,0,0,0,0,0,0,0,0,0,0
210473,2,1,1993,0,0,0,0,0,0,0,0,0,0
210474,1,1,1993,12,12,12,12,12,12,12,12,12,12
210475,1,1,1993,12,26,23,20,9,20,14,8,22,10
210476,1,1,1993,7,0,0,8,9,0,21,0,9,0
210477,1,1,1993,20,7,25,4,18,7,0,24,17,14
210478,1,1,1993,0,0,0,0,0,0,0,0,0,0
210478,2,1,1993,0,0,0,0,0,0,0,0,0,0
210479,1,1,1993,0,0,0,0,0,0,0,0,0,0
210480,1,1,1993,21,21,21,21,21,21,21,21,21,21
210481,1,1,1993,0,0,0,0,0,0,0,0,0,0
210481,2,1,1993,0,0,0,0,0,0,0,0,0,0
210482,1,1,1993,0,0,0,0,0,0,0,0,0,0
210482,2,1,1993,0,0,0,0,0,0,0,0,0,0
210483,1,1,1993,1,1,1,1,1,1,1,1,1,1
210484,0,1,1993,20,20,20,20,20,20,20,20,20,20
210484,1,1,1993,0,0,0,0,0,0,0,0,25,0
210485,0,1,1993,0,0,0,0,0,0,0,0,0,0
210485,1,1,1993,0,0,0,0,0,0,0,0,0,0
210486,1,1,1993,0,0,0,0,0,0,0,0,0,0
210487,1,1,1993,0,0,0,0,0,0,0,0,0,0
210487,2,1,1993,7,0,0,0,0,0,0,0,0,0
210487,3,1,1993,0,0,0,0,0,14,0,0,0,0
210488,1,1,1993,0,0,0,0,0,0,0,0,0,0
210488,2,1,1993,0,0,0,0,0,0,0,0,0,0
210489,1,1,1993,32,18,34,34,39,18,20,35,21,29
210490,1,1,1993,12,12,12,12,12,12,12,12,12,12
210492,1,1,1993,0,0,0,0,0,0,0,0,0,0
210492,2,1,1993,0,0,0,0,0,0,0,0,0,0
210493,1,1,1993,13,10,30,11,13,9,15,19,26,8
210494,1,1,1993,34,34,34,34,34,34,34,34,34,34
210495,1,1,1993,0,0,0,0,0,0,0,0,0,0
210495,2,1,1993,0,0,0,0,0,0,0,0,0,0
210496,1,1,1993,21,21,21,21,21,21,21,21,21,21
210496,2,1,1993,0,0,0,0,0,0,0,0,0,0
210497,1,1,1993,0,0,0,0,0,0,0,0,0,0
210497,2,1,1993,0,0,0,0,0,0,0,0,0,0
210497,3,1,1993,0,0,0,0,0,0,0,0,0,0
210498,1,1,1993,10,10,10,10,10,10,10,10,10,10
210499,1,1,1993,16,16,16,16,16,16,16,16,16,16
210500,1,1,1993,0,0,9,0,0,0,8,16,0,0
210500,2,1,1993,0,0,0,0,0,0,0,0,0,0
210501,1,1,1993,0,0,0,0,0,0,0,0,0,0
210501,2,1,1993,0,0,0,0,0,0,0,0,0,0
210502,1,1,1993,0,0,0,0,0,0,0,0,0,0
210502,2,1,1993,0,0,0,0,0,0,0,0,0,0
210502,3,1,1993,0,0,0,0,0,0,0,0,0,0
210503,1,1,1993,0,0,0,0,0,0,0,0,0,0
210503,2,1,1993,0,0,0,0,0,0,0,0,0,0
210504,1,1,1993,22,22,22,22,22,22,22,22,22,22
210505,1,1,1993,0,0,0,0,0,0,0,0,0,0
210505,2,1,1993,0,0,0,0,0,0,0,0,0,0
210505,3,1,1993,0,0,0,0,0,19,0,0,0,0
210506,1,1,1993,0,0,0,0,0,0,0,0,0,0
210506,2,1,1993,0,0,0,0,0,0,0,0,0,0
210507,1,1,1993,0,0,0,0,0,0,0,0,0,0
210508,1,1,1993,0,0,0,0,0,0,0,0,0,0
210508,2,1,1993,0,0,0,0,0,0,0,0,0,0
210509,1,1,1993,0,0,0,0,0,0,0,0,0,0
210510,1,1,1993,34,34,34,34,34,34,34,34,34,34
210511,1,1,1993,0,0,0,0,0,0,0,0,0,0
210511,2,1,1993,0,0,0,0,0,0,0,0,0,0
210512,1,1,1993,0,0,0,0,0,0,0,0,0,0
210512,2,1,1993,0,0,0,0,0,0,0,0,0,0
210513,1,1,1993,14,7,18,25,12,0,11,8,26,30
210514,1,1,1993,0,0,0,0,8,0,0,0,0,0
210514,2,1,1993,0,0,0,0,0,0,0,0,0,14
210515,1,1,1993,0,0,0,0,0,0,0,0,0,0
210515,2,1,1993,0,0,0,0,0,0,0,0,0,0
210516,1,1,1993,26,26,26,26,26,26,26,26,26,26
210517,0,1,1993,0,0,0,18,0,0,19,15,0,0
210517,1,1,1993,0,0,0,0,0,0,0,0,0,0
210518,1,1,1993,15,15,15,15,15,15,15,15,15,15
210519,1,1,1993,18,18,18,18,18,18,18,18,18,18
210520,1,1,1993,0,0,0,0,0,0,0,0,0,0
210521,1,1,1993,10,38,19,17,31,6,36,23,7,30
210522,1,1,1993,0,0,0,0,0,0,0,0,0,0
210523,1,1,1993,0,0,0,0,0,0,0,0,0,0
210523,2,1,1993,0,0,0,0,0,0,0,0,0,0
210524,1,1,1993,0,0,0,0,0,0,0,0,0,0
210524,2,1,1993,0,0,0,0,0,0,0,0,0,0
210525,0,1,1993,0,0,0,0,0,0,0,0,0,0
210525,1,1,1993,0,0,0,0,0,0,0,0,0,0
210526,0,1,1993,15,15,15,15,15,15,15,15,15,15
210526,1,1,1993,0,0,0,0,0,0,0,0,0,0
210527,1,1,1993,23,23,23,23,23,23,23,23,23,23
210527,2,1,1993,0,0,0,0,0,0,0,0,0,0
210527,3,1,1993,0,0,0,0,15,0,0,0,0,0
210528,1,1,1993,0,0,0,0,0,0,0,0,0,0
210529,1,1,1993,0,0,0,0,0,0,0,0,0,0
210529,2,1,1993,0,0,0,0,0,0,0,0,0,0
210530,1,2,1993,16,6,21,22,11,16,8,24,0,15
210531,1,1,1993,0,0,0,0,0,0,0,9,0,0
210531,2,1,1993,0,0,0,0,0,0,0,0,0,0
210532,1,1,1993,0,0,0,0,0,0,0,0,0,0
210532,2,1,1993,0,0,0,0,0,0,0,0,0,0
210533,1,1,1993,0,0,0,0,0,0,0,0,0,0
210533,2,1,1993,0,0,0,0,0,0,0,0,0,0
210534,1,1,1993,23,23,23,23,23,23,23,23,23,23
210534,2,1,1993,0,0,0,0,0,0,0,0,0,0
210534,3,1,1993,0,0,0,0,0,0,0,0,0,0
210535,1,1,1993,0,0,0,0,0,0,0,0,0,0
210536,1,1,1993,0,0,0,0,0,0,0,0,0,0
210537,1,1,1993,0,0,0,0,0,0,0,0,0,0
210537,2,1,1993,0,0,0,0,0,0,0,0,0,0
210539,1,1,1993,16,16,16,16,16,16,16,16,16,16
210540,1,1,1993,12,12,12,12,12,12,12,12,12,12
210540,2,1,1993,0,0,0,0,0,0,0,0,0,0
210540,3,1,1993,0,0,0,0,25,0,0,0,0,15
210541,0,1,1993,0,0,0,0,0,0,0,0,0,0
210541,1,1,1993,0,0,0,0,0,0,0,0,0,0
210542,1,1,1993,0,0,0,0,0,0,0,0,0,0
210542,2,1,1993,0,0,0,0,0,0,0,0,20,0
210543,1,1,1993,0,0,0,0,0,0,0,0,0,0
210543,2,1,1993,0,0,0,0,0,0,0,0,0,0
210544,1,2,1993,17,11,8,15,4,16,6,20,0,17
210545,1,1,1993,9,9,9,9,9,9,9,9,9,9
210546,1,1,1993,0,4,0,0,0,20,22,0,8,0
210547,1,1,1993,0,0,0,0,0,0,0,0,0,0
210548,1,1,1993,25,25,25,25,25,25,25,25,25,25
210549,1,1,1993,0,0,0,0,0,0,0,0,0,0
210549,2,1,1993,0,0,0,0,0,0,0,0,0,0
210549,3,1,1993,0,0,0,0,0,0,0,0,0,0
210550,1,1,1993,0,0,0,0,0,0,0,0,0,0
210551,1,1,1993,0,14,0,0,0,0,0,0,0,14
210551,2,1,1993,0,0,0,0,0,0,0,0,0,0
210552,1,1,1993,0,0,0,0,0,0,0,0,0,0
210552,2,1,1993,0,0,0,0,0,0,0,0,0,0
210552,3,1,1993,0,0,0,0,0,0,0,0,0,0
210553,1,1,1993,20,20,20,20,20,20,20,20,20,20
210554,1,1,1993,0,5,0,0,0,12,0,0,0,0
210555,1,1,1993,0,0,0,0,0,0,0,0,0,0
210555,2,1,1993,0,0,0,0,0,0,0,0,0,0
210555,3,1,1993,0,0,0,0,0,0,0,0,0,0
210556,0,1,1993,30,30,30,30,30,30,30,30,30,30
210556,1,1,1993,0,0,0,0,0,12,0,0,0,0
210558,1,1,1993,11,40,21,25,17,21,27,35,13,25
210559,1,1,1993,0,10,0,0,0,0,0,0,0,0
210560,1,1,1993,0,0,0,0,0,0,0,0,0,0
210560,2,1,1993,0,0,0,0,0,0,0,0,0,0
210561,1,1,1993,22,41,14,20,32,23,32,28,24,31
210561,2,2,1993,0,0,16,0,0,0,0,0,0,0
210562,1,1,1993,0,0,0,0,0,0,0,0,0,0
210563,1,1,1993,17,17,17,17,17,17,17,17,17,17
210564,1,1,1993,0,0,0,0,0,0,0,0,0,0
210564,2,1,1993,0,0,0,0,0,0,0,0,0,0
210565,1,1,1993,0,0,0,0,0,0,0,6,0,0
210565,2,1,1993,0,0,0,0,0,0,0,0,0,0
210566,1,1,1993,0,0,0,0,0,0,0,0,0,0
210566,2,1,1993,0,0,0,0,0,0,0,0,0,0
210566,3,1,1993,0,0,0,0,0,0,0,0,0,0
210567,1,1,1993,0,0,0,0,0,0,0,0,0,0
210567,2,1,1993,0,0,0,0,0,0,0,0,0,0
210568,1,1,1993,0,0,0,0,0,0,0,0,0,0
210569,1,1,1993,12,7,11,21,17,6,11,0,5,0
210569,2,1,1993,0,2,0,0,0,0,0,0,0,0
210570,1,1,1993,17,17,17,17,17,17,17,17,17,17
210571,1,1,1993,0,0,0,0,0,0,0,0,0,0
210571,2,1,1993,0,0,0,16,0,0,0,0,0,0
210572,1,1,1993,0,0,0,0,0,0,0,0,0,0
210573,1,1,1993,18,18,22,19,31,29,3,15,0,29
210574,1,1,1993,25,7,16,31,0,13,14,22,23,4
210575,1,1,1993,0,0,0,0,0,0,0,0,0,0
210575,2,1,1993,0,0,0,0,0,0,7,0,0,0
210576,1,1,1993,0,0,0,0,0,0,0,0,0,0
210576,2,1,1993,0,0,0,0,0,0,0,0,0,0
210577,1,1,1993,27,27,27,27,27,27,27,27,27,27
210578,1,1,1993,10,10,10,10,10,10,10,10,10,10
210579,1,1,1993,0,0,0,0,0,0,0,0,0,0
210580,1,1,1993,10,10,10,10,10,10,10,10,10,10
210581,1,1,1993,0,0,0,9,0,0,0,21,9,0
210582,0,1,1993,0,0,0,0,0,0,0,0,0,0
210582,1,1,1993,0,0,0,0,0,0,0,0,0,0
210583,1,1,1993,0,0,0,0,0,0,0,0,0,0
210583,2,1,1993,0,0,0,0,0,0,0,0,0,0
210583,3,1,1993,0,0,0,0,0,0,0,0,0,0
210583,4,1,1993,0,0,0,0,0,0,0,0,0,0
210584,1,1,1993,26,26,26,26,26,26,26,26,26,26
210585,1,1,1993,0,0,0,0,0,0,0,0,0,0
210586,1,1,1993,7,7,7,7,7,7,7,7,7,7
210586,2,1,1993,0,0,0,0,0,0,0,0,0,0
210587,1,1,1993,12,12,12,12,12,12,12,12,12,12
210588,1,1,1993,0,0,0,0,0,0,0,0,0,0
210588,2,1,1993,0,11,0,0,0,0,0,0,0,17
210589,1,1,1993,0,0,0,0,0,0,0,0,0,0
210589,2,1,1993,0,0,0,0,0,0,0,0,0,0
210589,3,1,1993,0,0,0,0,0,0,0,0,0,0
210589,4,1,1993,0,0,0,0,0,0,0,0,0,0
210589,5,1,1993,0,0,0,0,0,0,0,0,0,0
210589,6,1,1993,0,0,0,0,0,0,0,0,0,0
210589,7,1,1993,0,0,0,0,0,0,0,0,0,0
210589,8,1,1993,0,0,0,0,0,0,0,0,0,0
210589,9,1,1993,0,0,0,0,0,0,0,0,0,0
210590,1,1,1993,0,0,0,0,0,0,0,0,0,0
210590,2,1,1993,0,0,0,0,0,0,0,0,0,0
210591,1,1,1993,13,23,0,0,0,0,15,0,0,10
210592,1,1,1993,15,15,15,15,15,15,15,15,15,15
210593,1,1,1993,0,0,0,0,0,0,0,0,11,0
210593,2,1,1993,0,0,0,0,0,0,0,0,0,0
210594,1,1,1993,11,11,11,11,11,11,11,11,11,11
210594,2,1,1993,0,0,0,0,0,0,0,0,0,0
210595,1,1,1993,0,0,0,0,0,0,0,0,0,0
210596,1,1,1993,0,0,0,0,0,0,0,0,0,0
210596,2,1,1993,0,0,0,0,0,0,0,0,0,0
210597,1,1,1993,26,26,26,26,26,26,26,26,26,26
210598,1,1,1993,0,0,0,0,0,0,0,0,0,0
210598,2,1,1993,0,0,0,0,0,0,0,0,19,0
210599,1,1,1993,0,20,0,0,0,0,0,0,0,0
210599,2,1,1993,0,0,0,0,0,0,0,0,0,0
210600,1,1,1993,0,0,0,0,0,0,0,0,0,0
210601,1,1,1993,8,8,25,8,11,0,4,7,16,15
210601,2,1,1993,0,13,0,0,0,0,0,0,0,6
210602,1,1,1993,0,0,0,0,0,0,0,0,0,0
210603,1,1,1993,10,10,10,10,10,10,10,10,10,10
210604,1,1,1993,0,0,0,0,0,0,0,0,0,0
210605,1,1,1993,16,16,16,16,16,16,16,16,16,16
210606,1,1,1993,30,30,30,30,30,30,30,30,30,30
210607,1,1,1993,14,14,14,14,14,14,14,14,14,14
210608,1,1,1993,0,0,0,0,0,0,0,0,0,0
210609,1,1,1993,0,0,29,0,0,0,0,0,0,0
210609,2,1,1993,0,0,0,0,0,0,0,0,0,0
210610,1,1,1993,36,36,36,36,36,36,36,36,36,36
210610,2,1,1993,1,1,1,1,1,1,1,1,1,1
210611,1,1,1993,19,19,19,19,19,19,19,19,19,19
210612,1,1,1993,0,0,0,0,0,0,0,0,0,0
210613,1,1,1993,17,17,17,17,17,17,17,17,17,17
210614,1,1,1993,0,0,0,0,0,0,0,0,0,0
210614,2,1,1993,0,0,0,0,0,0,0,0,0,0
210616,1,1,1993,0,0,0,0,0,0,0,0,0,0
210616,2,1,1993,0,0,0,0,0,0,0,0,0,0
210617,0,1,1993,16,16,16,16,16,16,16,16,16,16
210617,1,1,1993,0,0,0,0,0,0,0,0,0,0
210618,1,1,1993,0,0,0,0,0,0,0,0,0,0
210618,2,1,1993,0,0,0,0,0,0,0,0,0,0
210619,1,1,1993,18,0,0,29,0,0,13,0,0,13
210620,0,1,1993,0,0,0,0,0,0,0,0,0,0
210620,1,1,1993,0,0,0,0,0,0,0,0,0,0