ST_CASE,VEH_NO,PER_NO,YEAR,P1,P2,P3,P4,P5,P6,P7,P8,P9,P10
210621,1,1,1993,0,0,0,0,0,0,0,0,0,0
210622,1,1,1993,0,0,0,0,0,0,0,0,0,0
210623,0,1,1993,17,17,17,17,17,17,17,17,17,17
210623,1,1,1993,0,0,0,0,0,0,28,0,0,0
210624,1,1,1993,0,0,0,0,0,0,0,0,0,0
210624,2,1,1993,0,0,0,0,0,0,0,0,0,0
210625,1,1,1993,24,24,24,24,24,24,24,24,24,24
210625,2,1,1993,0,0,0,0,0,0,0,0,0,0
210626,1,1,1993,0,0,0,0,0,0,0,0,0,0
210626,2,1,1993,0,0,0,0,0,0,0,0,0,0
210627,1,1,1993,19,19,19,19,19,19,19,19,19,19
210627,2,1,1993,0,0,0,0,0,0,0,0,0,0
210628,0,1,1993,0,0,0,0,0,0,0,0,0,0
210628,1,1,1993,0,0,0,0,0,0,0,0,0,0
210629,1,1,1993,0,0,0,0,0,0,0,0,0,0
210629,2,1,1993,0,0,0,0,0,0,0,0,0,0
210630,1,1,1993,0,0,0,0,0,0,0,0,0,0
210630,2,1,1993,29,29,29,29,29,29,29,29,29,29
210631,1,1,1993,0,0,0,0,0,0,0,0,0,0
210631,2,1,1993,0,0,0,0,0,0,0,0,0,0
210633,1,1,1993,0,0,0,0,0,0,0,0,0,0
210633,2,1,1993,0,0,0,0,0,0,0,0,0,0
210634,1,1,1993,0,0,0,0,0,0,0,0,0,0
210634,2,1,1993,0,0,0,0,0,0,0,16,0,0
210634,3,1,1993,0,0,0,0,0,0,0,0,0,0
210635,1,1,1993,0,0,0,0,0,0,0,0,0,0
210635,2,1,1993,0,0,0,0,0,0,0,0,0,0
210636,1,1,1993,0,0,0,0,0,0,0,0,0,0
210636,2,1,1993,0,0,0,0,0,0,0,0,0,0
210637,1,1,1993,0,8,0,17,11,11,0,22,0,12
210637,2,1,1993,0,0,0,0,0,0,0,0,0,0
210638,1,1,1993,0,0,0,0,0,0,0,7,0,0
210638,2,1,1993,0,0,0,0,0,0,0,0,0,0
210639,1,1,1993,0,0,0,0,0,0,0,0,0,0
210639,2,1,1993,0,0,0,0,0,0,0,0,0,0
210640,1,2,1993,0,0,0,0,0,0,0,0,0,0
210641,1,1,1993,0,0,0,0,0,0,0,0,0,0
210641,2,1,1993,0,0,0,0,0,0,0,0,0,0
210642,1,1,1993,0,0,0,0,0,0,0,0,0,0
210642,2,1,1993,0,0,0,0,0,0,0,0,0,0
210643,1,1,1993,0,0,0,0,0,0,0,0,0,0
210643,2,1,1993,0,0,0,0,0,0,0,0,0,0
210644,1,1,1993,0,0,0,0,0,0,0,0,0,10
210645,1,1,1993,1,1,1,1,1,1,1,1,1,1
210645,2,1,1993,0,0,0,27,0,0,0,0,0,0
210646,1,1,1993,30,0,0,19,0,27,15,0,0,0
210647,1,1,1993,0,0,0,0,0,0,0,0,0,0
210647,2,1,1993,0,0,0,0,0,0,0,0,0,0
210648,1,1,1993,5,18,0,18,19,31,8,23,37,17
210649,1,1,1993,0,0,0,0,0,0,0,0,0,0
210649,2,1,1993,0,0,0,0,0,0,0,0,0,0
210650,1,1,1993,15,15,15,15,15,15,15,15,15,15
210651,0,1,1993,0,0,0,0,0,0,0,0,0,0
210651,1,1,1993,0,0,0,0,0,0,0,12,0,0
210652,1,1,1993,0,0,0,0,0,0,0,0,0,0
210653,0,1,1993,0,0,0,10,0,18,25,0,0,10
210653,1,1,1993,0,0,0,0,0,0,0,0,0,0
210654,1,1,1993,26,17,15,36,27,20,23,22,27,23
210655,1,1,1993,8,2,21,9,23,22,19,6,16,14
210656,1,1,1993,0,0,0,0,0,0,0,0,0,0
210656,2,1,1993,0,0,0,0,0,0,0,0,0,0
210657,1,1,1993,0,0,0,0,0,0,0,0,0,0
210658,1,1,1993,21,21,21,21,21,21,21,21,21,21
210658,2,1,1993,0,0,0,0,0,0,0,0,0,0
210659,1,1,1993,0,0,0,0,0,0,0,0,0,0
210659,2,1,1993,0,0,0,0,26,0,0,0,0,10
210660,1,1,1993,0,0,0,0,0,0,0,0,0,0
210660,2,1,1993,0,0,0,11,0,0,0,0,0,0
210661,1,1,1993,9,9,23,10,16,10,26,12,19,21
210662,1,1,1993,0,0,0,0,0,0,0,0,0,0
210662,2,1,1993,0,0,0,0,0,14,0,0,0,0
210663,1,1,1993,0,17,0,11,0,0,0,0,0,0
210664,1,1,1993,7,7,7,7,7,7,7,7,7,7
210665,1,1,1993,0,0,0,0,0,0,0,0,0,0
210665,2,1,1993,0,0,0,0,0,0,0,0,0,0
210666,0,1,1993,0,0,0,0,0,0,0,0,0,0
210666,1,1,1993,0,0,0,0,0,0,0,0,0,0
210668,1,1,1993,19,19,19,19,19,19,19,19,19,19
210669,1,1,1993,0,0,0,15,31,0,26,9,0,14
210670,1,1,1993,0,0,0,0,0,0,0,0,0,0
210672,0,1,1993,0,0,0,0,0,0,0,0,0,0
210672,1,1,1993,0,0,0,0,0,0,0,0,0,0
210672,3,1,1993,6,6,6,6,6,6,6,6,6,6
210673,1,1,1993,0,0,0,0,0,0,0,0,0,0
210673,2,1,1993,0,20,0,0,0,0,75,0,0,46
210674,1,1,1993,0,0,0,0,0,0,0,0,0,0
210674,2,1,1993,0,0,0,0,0,0,0,0,0,0
210675,0,1,1993,0,0,0,0,0,0,0,0,0,0
210675,1,1,1993,0,0,0,0,0,0,0,0,0,0
210676,1,1,1993,28,28,28,28,28,28,28,28,28,28
210676,2,1,1993,0,0,0,0,0,0,0,0,0,0
210677,1,1,1993,0,0,0,0,0,0,0,0,0,0
210677,2,1,1993,0,0,0,0,0,0,0,0,0,0
210678,1,1,1993,0,0,0,0,0,0,0,0,0,0
210678,2,1,1993,0,0,0,0,0,0,0,0,0,0
210679,1,1,1993,10,20,36,24,5,24,21,13,43,23
210679,2,1,1993,0,0,0,0,0,0,0,0,0,0
210680,1,1,1993,0,0,0,0,0,0,0,0,0,0
210680,2,1,1993,0,0,0,0,0,0,15,0,0,0
210680,3,1,1993,0,0,0,0,0,0,0,0,0,0
210681,1,1,1993,31,31,31,31,31,31,31,31,31,31
210681,2,1,1993,0,0,0,0,0,0,0,0,0,0
210682,1,1,1993,0,0,0,0,0,0,0,0,0,0
210682,2,1,1993,0,0,0,0,0,0,0,0,0,0
210683,1,1,1993,0,0,0,0,0,0,0,0,0,0
210683,2,1,1993,0,0,0,0,0,0,0,0,0,0
210684,1,1,1993,0,18,0,20,0,12,0,8,0,0
210685,1,1,1993,0,0,0,0,0,0,0,0,0,0
210685,2,1,1993,0,0,0,0,0,0,0,0,0,0
210686,1,1,1993,0,0,0,0,0,0,0,0,0,0
210686,2,1,1993,10,10,10,10,10,10,10,10,10,10
210687,0,1,1993,0,0,0,0,0,0,0,0,0,0
210687,1,1,1993,0,0,0,0,0,0,0,0,0,0
210688,1,1,1993,7,8,0,12,14,24,13,21,12,31
210689,0,1,1993,0,0,0,0,0,0,0,0,0,0
210689,1,1,1993,0,0,0,0,0,0,0,0,0,0
210690,1,1,1993,0,24,19,23,26,19,20,11,11,14
210692,1,1,1993,0,0,0,0,0,0,0,0,0,0
210692,2,1,1993,10,10,10,10,10,10,10,10,10,10
210694,1,1,1993,0,0,12,0,0,0,0,0,0,0
210695,1,1,1993,18,4,18,23,25,22,20,21,16,33
210695,2,1,1993,0,0,0,0,0,0,0,0,0,0
210695,3,1,1993,0,0,0,0,0,0,0,0,0,0
210696,1,1,1993,0,12,15,1,10,0,16,0,0,18
210696,2,1,1993,0,0,0,0,0,5,0,0,0,0
210697,1,1,1993,21,21,21,21,21,21,21,21,21,21
210698,1,1,1993,0,0,0,0,0,0,0,0,0,0
210698,2,1,1993,0,0,0,0,0,0,0,0,0,0
210699,1,1,1993,0,0,0,0,0,0,0,0,0,0
210699,2,1,1993,0,0,0,0,0,0,0,0,0,0
210700,1,1,1993,0,0,0,0,0,0,0,0,0,0
210700,2,1,1993,0,0,0,0,0,0,0,0,0,0
210701,1,1,1993,10,9,15,13,0,10,8,9,25,27
210702,1,1,1993,0,0,0,0,0,13,0,0,0,0
210702,2,1,1993,0,0,0,0,0,0,0,0,0,0
210703,1,1,1993,0,0,0,0,0,0,0,0,0,0
210703,2,1,1993,0,0,0,0,0,20,0,0,0,0
210704,1,1,1993,31,25,38,32,18,26,29,31,21,16
210705,1,1,1993,0,0,0,0,0,0,0,0,0,0
210705,2,1,1993,0,0,0,0,0,0,0,0,0,0
210706,1,1,1993,0,0,0,0,0,0,0,0,0,0
210707,1,1,1993,36,21,19,15,9,13,25,10,11,15
210707,2,1,1993,0,0,0,0,0,0,0,0,0,0
210708,1,1,1993,13,13,13,13,13,13,13,13,13,13
210709,1,1,1993,28,28,28,28,28,28,28,28,28,28
210710,1,1,1993,0,0,0,0,0,0,0,0,0,0
210710,2,1,1993,0,0,0,0,0,0,0,0,0,0
210711,1,1,1993,26,26,26,26,26,26,26,26,26,26
210711,2,1,1993,0,0,0,0,0,0,0,0,0,0
210712,1,1,1993,0,0,0,0,0,0,0,0,0,0
210712,2,1,1993,0,0,0,0,0,0,0,0,0,0
210712,3,1,1993,0,0,0,0,0,0,0,0,0,0
210713,1,1,1993,0,0,10,0,0,0,0,0,0,0
210714,0,1,1993,0,0,0,0,0,0,0,0,0,0
210714,1,1,1993,0,0,0,0,0,0,0,0,0,0
210715,1,1,1993,6,10,14,19,0,16,14,9,9,0
210716,1,1,1993,0,0,15,0,0,0,0,0,0,0
210716,2,1,1993,0,0,0,0,0,0,0,0,0,0
210717,1,1,1993,0,0,0,0,0,0,0,0,0,0
210717,2,1,1993,0,0,0,0,0,0,0,0,0,0
210717,3,1,1993,0,0,0,0,0,0,0,0,0,0
210717,4,1,1993,0,0,0,0,0,0,0,0,0,0
210718,1,1,1993,0,0,0,0,0,0,7,0,0,0
210719,1,1,1993,21,21,21,21,21,21,21,21,21,21
210720,0,1,1993,0,0,0,0,26,0,0,0,0,0
210720,1,1,1993,0,0,0,0,9,0,0,0,0,0
210721,1,1,1993,19,19,19,19,19,19,19,19,19,19
210722,1,1,1993,21,21,21,21,21,21,21,21,21,21
210724,1,1,1993,0,0,0,0,0,0,0,0,0,0
210724,2,1,1993,0,0,0,0,0,0,0,0,0,0
210725,0,1,1993,0,0,0,0,0,0,0,0,0,0
210725,0,2,1993,0,0,0,0,0,0,39,16,0,11
210725,0,3,1993,0,0,0,0,0,0,0,0,0,0
210725,0,4,1993,0,0,0,0,0,0,0,0,0,0
210725,0,5,1993,0,0,0,0,0,13,0,0,0,0
210726,1,1,1993,0,0,0,0,0,0,0,0,0,0
210727,1,1,1993,0,0,0,0,0,0,0,0,0,0
210728,1,1,1993,0,0,0,0,20,0,22,0,22,0
210729,1,1,1993,0,0,0,0,0,0,0,0,0,0
210730,0,1,1993,25,25,25,25,25,25,25,25,25,25
210730,1,1,1993,0,0,0,0,0,0,0,0,0,0
210732,1,1,1993,10,10,10,10,10,10,10,10,10,10
210733,1,1,1993,17,0,0,0,0,0,9,0,0,27
210734,1,1,1993,15,15,15,13,15,9,10,32,18,11
210735,1,1,1993,0,0,0,10,9,0,0,0,6,12
210736,0,1,1993,2,2,2,2,2,2,2,2,2,2
210736,1,1,1993,0,0,0,0,0,0,0,0,0,0
210737,1,1,1993,19,19,19,19,19,19,19,19,19,19
210739,0,1,1993,0,37,15,0,21,0,0,0,19,0
210739,1,1,1993,0,0,0,0,0,12,0,0,0,0
210740,0,1,1993,20,0,0,13,0,0,27,30,0,0
210740,1,1,1993,0,0,0,0,0,0,0,0,0,0
210741,0,1,1993,0,0,0,0,0,0,0,0,0,0
210741,1,1,1993,0,0,0,0,0,0,0,0,0,0
210742,1,1,1993,16,23,13,30,24,11,21,22,21,13
210743,1,1,1993,24,0,0,0,0,0,0,0,0,0
210744,1,1,1993,0,0,0,0,0,0,13,10,0,0
210745,1,1,1993,0,0,0,0,0,0,0,0,0,0
210745,2,1,1993,0,0,0,0,0,0,0,0,0,0
210746,1,1,1993,11,11,11,11,11,11,11,11,11,11
210747,1,1,1993,21,21,21,21,21,21,21,21,21,21
210748,1,1,1993,0,0,22,0,0,0,0,0,0,0
210749,1,1,1993,0,0,0,0,0,0,0,0,0,0
210749,2,1,1993,0,0,0,0,0,0,0,0,0,0
210750,1,1,1993,0,0,0,0,0,0,25,0,0,0
210751,1,1,1993,5,5,5,5,5,5,5,5,5,5
210751,2,1,1993,0,0,0,0,0,0,0,0,0,0
210752,1,1,1993,0,0,0,6,6,0,6,0,8,0
210752,2,1,1993,0,0,0,0,0,0,0,0,0,0
210753,1,1,1993,6,11,25,0,0,7,6,16,11,0
210753,2,1,1993,0,0,0,0,0,0,0,0,0,0
210754,1,1,1993,0,0,0,0,0,0,0,0,0,0
210754,2,1,1993,0,0,0,0,0,0,0,0,0,0
210755,1,1,1993,26,26,26,26,26,26,26,26,26,26
210756,1,1,1993,0,0,23,0,0,0,0,0,13,0
210757,1,1,1993,0,0,0,0,0,0,0,0,17,0
210758,1,1,1993,0,0,0,0,0,0,0,0,0,0
210758,2,1,1993,0,0,0,0,0,0,0,0,0,0
210759,1,1,1993,19,19,16,13,13,13,16,10,14,11
210759,2,1,1993,0,0,0,0,0,0,0,0,0,0
210760,1,1,1993,0,0,0,0,0,0,0,0,0,0
210760,2,1,1993,0,0,0,0,0,0,0,0,0,0
210761,1,1,1993,0,19,25,19,0,38,0,18,16,13
210761,2,1,1993,0,0,0,0,0,0,0,0,0,0
210763,1,1,1993,0,0,0,0,0,0,0,0,0,0
210763,2,1,1993,0,0,0,0,0,0,0,0,0,0
210764,1,1,1993,0,0,0,0,0,0,0,0,0,0
210764,2,1,1993,0,0,0,0,0,0,0,0,0,0
210765,1,1,1993,0,0,0,0,0,0,0,0,0,0
210765,2,1,1993,0,0,0,0,0,0,0,0,0,0
210765,3,1,1993,0,0,0,0,0,0,0,0,0,0
210766,1,1,1993,0,0,0,0,0,0,0,0,0,0
210766,2,1,1993,0,0,0,0,0,0,10,0,0,0
210768,1,1,1993,0,0,0,0,0,0,0,0,0,0
210769,1,1,1993,25,25,25,25,25,25,25,25,25,25
210770,1,1,1993,0,0,0,0,0,0,0,0,0,0
210770,2,1,1993,0,0,0,0,0,0,0,0,0,0
210771,1,1,1993,0,0,0,0,0,0,0,0,0,0
210771,2,1,1993,0,0,0,0,0,0,0,0,0,0
210772,1,1,1993,0,0,0,0,0,0,0,0,0,0
210772,2,1,1993,0,0,0,0,0,0,0,0,0,0
210773,1,1,1993,22,22,22,22,22,22,22,22,22,22
210773,2,1,1993,0,0,0,0,0,0,0,0,0,0
210774,1,1,1993,22,17,22,18,14,23,23,16,0,17
210774,2,1,1993,0,0,0,0,0,0,0,0,0,0
210775,1,1,1993,0,0,0,0,0,0,0,0,0,0
210775,2,1,1993,0,0,0,0,0,0,0,0,0,0
210776,1,1,1993,1,1,1,1,1,1,1,1,1,1
210776,2,1,1993,0,0,0,0,0,0,0,0,0,0
210777,1,1,1993,11,11,11,11,11,11,11,11,11,11
210777,2,1,1993,0,0,0,0,13,0,0,0,0,0
210778,1,1,1993,0,0,0,0,0,0,0,0,0,0
210778,2,1,1993,0,0,9,0,0,0,0,0,0,0
210779,1,1,1993,0,0,0,0,0,0,0,0,0,2
210779,2,1,1993,0,0,0,0,0,0,0,0,0,0
210779,3,1,1993,0,0,0,0,0,0,0,0,0,0
210780,0,1,1993,0,6,0,0,0,0,0,0,0,0
210780,1,1,1993,0,0,0,0,0,0,0,0,0,0
210781,1,1,1993,0,0,11,0,0,15,0,0,0,6
210782,0,1,1993,0,0,0,0,0,0,0,0,0,0
210782,1,1,1993,0,0,0,0,0,0,0,0,0,0
210783,1,1,1993,0,0,0,0,0,0,0,0,0,0
210784,1,1,1993,18,18,18,18,18,18,18,18,18,18
210785,1,1,1993,0,0,0,0,5,0,0,0,0,0
210785,2,1,1993,0,0,0,0,0,0,0,0,0,0
210786,1,1,1993,7,7,7,7,7,7,7,7,7,7
210788,1,1,1993,15,10,17,0,5,6,15,23,5,9
210789,1,1,1993,0,0,0,0,0,0,0,0,0,0
210789,2,1,1993,0,0,0,0,0,0,0,0,0,0
220001,1,1,1993,0,0,0,0,14,0,0,0,19,0
220002,1,1,1993,0,0,0,12,19,15,9,17,27,13
220003,1,1,1993,22,22,22,22,22,22,22,22,22,22
220004,1,1,1993,14,22,18,26,18,12,0,18,22,17
220005,1,1,1993,0,0,14,10,20,0,0,11,25,0
220005,2,1,1993,0,0,0,0,0,0,0,0,0,0
220006,1,1,1993,0,0,0,0,0,0,0,0,0,0
220007,1,1,1993,18,32,8,41,22,13,26,23,23,24
220008,0,1,1993,4,0,9,0,30,15,23,15,20,0
220008,1,1,1993,16,16,16,16,16,16,16,16,16,16
220009,1,1,1993,0,0,0,0,0,0,0,0,0,0
220009,2,1,1993,0,0,0,0,0,0,0,0,0,11
220010,1,1,1993,0,0,19,20,35,3,8,25,33,0
220011,1,1,1993,30,30,30,30,30,30,30,30,30,30
220013,1,1,1993,0,0,0,0,0,0,0,0,0,0
220013,2,1,1993,0,0,16,27,8,0,0,0,0,0
220014,1,1,1993,43,21,13,0,33,26,16,20,31,33
220015,1,1,1993,0,0,0,0,0,0,0,0,17,0
220016,0,1,1993,0,0,0,0,0,0,0,0,0,0
220016,1,1,1993,0,0,0,0,0,0,0,8,0,0
220017,1,1,1993,0,0,0,5,0,0,0,0,0,0
220017,2,1,1993,0,0,0,0,0,0,0,0,0,0
220018,1,1,1993,17,17,17,17,17,17,17,17,17,17
220018,2,1,1993,0,0,0,0,0,0,0,0,0,0
220019,0,1,1993,0,0,0,0,0,0,0,0,0,0
220019,1,1,1993,0,0,0,0,0,0,0,0,0,0
220021,1,1,1993,0,0,0,0,0,0,0,0,0,0
220022,0,1,1993,0,16,0,20,32,8,25,0,22,0
220022,1,1,1993,0,0,0,0,0,0,0,0,0,0
220023,0,1,1993,13,0,10,15,0,43,0,8,0,20
220023,1,1,1993,0,0,0,0,0,0,0,0,0,0
220024,1,1,1993,0,0,0,0,0,0,0,0,0,0
220024,2,1,1993,0,0,0,0,0,0,0,0,0,0
220025,0,1,1993,16,0,0,0,0,0,39,36,0,19
220025,1,1,1993,0,0,0,0,0,0,0,0,0,0
220026,1,1,1993,0,0,0,0,0,0,0,0,0,0
220026,2,1,1993,0,0,0,0,0,0,0,0,0,0
220027,0,1,1993,0,0,0,0,0,0,0,0,0,0
220027,1,1,1993,0,0,0,0,0,0,0,0,0,0
220028,1,1,1993,0,0,0,0,0,0,0,0,0,0
220029,1,1,1993,0,0,0,0,0,0,0,0,0,0
220029,2,1,1993,0,0,0,0,0,0,0,0,0,0
220029,3,1,1993,0,0,0,0,0,0,0,0,0,0
220030,1,1,1993,6,6,6,6,6,6,6,6,6,6
220031,1,1,1993,0,0,0,22,0,23,0,24,15,0
220031,2,1,1993,12,22,15,12,14,0,23,15,18,25
220032,1,1,1993,15,15,15,15,15,15,15,15,15,15
220033,1,1,1993,7,7,7,7,7,7,7,7,7,7
220033,2,1,1993,0,0,0,0,0,0,0,0,0,0
220034,1,1,1993,24,0,8,2,17,0,9,19,17,0
220035,1,1,1993,0,0,0,0,0,0,0,0,0,0
220036,0,1,1993,0,0,0,24,0,0,0,14,0,0
220036,1,1,1993,0,0,0,0,0,0,0,0,0,0
220037,1,1,1993,0,0,0,0,0,0,0,0,0,0
220037,2,1,1993,0,0,0,0,0,0,0,0,0,0
220038,1,1,1993,0,0,0,0,0,9,0,0,0,0
220038,2,1,1993,0,0,0,0,0,0,0,0,0,0
220039,1,1,1993,0,0,0,0,0,0,0,0,0,0
220039,2,1,1993,20,20,20,20,20,20,20,20,20,20
220040,1,1,1993,8,32,6,21,18,0,18,0,30,25
220040,2,1,1993,0,0,0,0,0,0,0,0,0,0
220041,1,1,1993,0,0,0,0,0,0,0,0,0,0
220042,1,1,1993,0,0,0,0,0,0,0,0,0,0
220042,2,1,1993,0,0,0,0,0,0,0,0,0,18
220043,1,1,1993,21,21,21,21,21,21,21,21,21,21
220044,1,1,1993,15,15,15,15,15,15,15,15,15,15
220045,0,1,1993,41,41,41,41,41,41,41,41,41,41
220045,1,1,1993,4,4,4,4,4,4,4,4,4,4
220046,1,1,1993,19,19,19,19,19,19,19,19,19,19
220046,2,1,1993,0,0,0,0,0,16,0,0,0,0
220047,1,1,1993,0,0,0,0,0,0,0,0,0,0
220048,1,1,1993,0,0,0,0,0,0,0,0,0,0
220048,2,1,1993,0,0,0,0,0,0,0,0,0,0
220049,1,1,1993,17,17,17,17,17,17,17,17,17,17
220050,1,1,1993,0,0,0,0,0,0,0,0,0,0
220050,2,1,1993,0,0,0,0,0,0,0,0,0,0
220051,1,1,1993,11,12,0,23,17,27,8,5,17,0
220052,0,1,1993,19,19,19,19,19,19,19,19,19,19
220052,1,1,1993,0,0,0,0,0,0,0,0,0,0
220053,1,1,1993,17,22,18,27,15,11,13,12,0,0
220054,1,1,1993,23,23,23,23,23,23,23,23,23,23
220055,1,1,1993,0,0,0,0,0,0,0,0,0,0
220055,2,1,1993,8,8,8,8,8,8,8,8,8,8
220056,1,1,1993,5,5,5,5,5,5,5,5,5,5
220056,2,1,1993,0,0,0,0,0,0,0,0,0,0
220057,1,1,1993,2,2,2,2,2,2,2,2,2,2
220058,1,1,1993,0,0,0,0,0,0,0,0,0,0
220059,1,1,1993,0,5,0,0,4,0,0,0,0,0
220060,1,1,1993,12,0,14,16,13,16,28,0,13,18
220061,1,1,1993,4,4,4,4,4,4,4,4,4,4
220062,1,1,1993,13,13,13,13,13,13,13,13,13,13
220063,1,1,1993,22,22,22,22,22,22,22,22,22,22
220064,0,1,1993,0,0,19,0,0,6,0,0,26,0
220064,1,1,1993,0,0,0,0,0,0,0,0,0,0
220065,1,1,1993,0,0,0,0,0,0,0,0,0,0
220065,2,1,1993,0,0,0,0,0,0,0,0,0,0
220066,1,1,1993,27,27,27,27,27,27,27,27,27,27
220066,2,1,1993,0,0,0,0,0,0,0,0,0,0
220067,1,1,1993,7,0,8,0,0,0,0,0,0,9
220068,0,1,1993,24,24,24,24,24,24,24,24,24,24
220068,1,1,1993,2,2,2,2,2,2,2,2,2,2
220069,1,1,1993,0,0,0,0,0,0,0,0,0,0
220069,2,1,1993,1,1,1,1,1,1,1,1,1,1
220070,1,1,1993,0,0,0,0,0,0,0,0,0,0
220070,2,1,1993,0,0,0,0,0,0,0,0,0,0
220071,1,1,1993,18,18,18,18,18,18,18,18,18,18
220071,2,1,1993,0,0,0,0,0,0,0,0,0,0
220072,1,1,1993,16,16,16,16,16,16,16,16,16,16
220072,2,1,1993,0,0,0,0,0,0,0,0,0,0
220073,1,1,1993,24,24,24,24,24,24,24,24,24,24
220073,2,1,1993,0,0,0,10,9,13,23,0,2,4
220074,1,1,1993,23,23,23,23,23,23,23,23,23,23
220074,2,1,1993,0,0,0,0,0,0,0,0,0,0
220074,3,1,1993,0,0,0,0,0,0,0,0,0,0
220075,1,1,1993,0,0,0,0,0,0,0,0,0,0
220075,2,1,1993,0,0,0,0,0,0,0,0,0,0
220076,1,1,1993,0,0,0,10,0,0,0,0,0,13
220077,1,1,1993,0,0,0,0,0,0,0,0,0,0
220077,2,1,1993,0,0,0,0,0,0,0,0,0,0
220079,0,1,1993,29,29,29,29,29,29,29,29,29,29
220079,1,1,1993,0,0,0,0,0,0,0,0,10,0
220080,1,1,1993,0,0,0,0,0,0,0,0,0,0
220081,1,1,1993,15,15,15,15,15,15,15,15,15,15
220081,2,1,1993,1,1,1,1,1,1,1,1,1,1
220082,1,1,1993,19,28,10,0,0,14,10,0,0,14
220083,0,1,1993,21,21,21,21,21,21,21,21,21,21
220083,1,1,1993,0,0,0,0,0,0,0,0,0,0
220084,1,1,1993,17,17,17,17,17,17,17,17,17,17
220085,1,1,1993,18,18,18,18,18,18,18,18,18,18
220086,1,1,1993,0,0,0,0,0,0,0,0,0,0
220086,2,1,1993,0,0,0,0,0,0,19,0,0,0
220087,1,1,1993,0,0,0,0,0,20,0,0,0,0
220087,2,1,1993,0,0,0,0,0,0,0,0,0,0
220089,1,1,1993,23,23,23,23,23,23,23,23,23,23
220091,0,1,1993,0,0,0,0,0,0,0,0,0,0
220091,1,1,1993,0,0,0,0,0,0,0,0,0,0
220092,1,1,1993,19,19,19,19,19,19,19,19,19,19
220092,2,1,1993,0,0,0,0,0,0,0,0,0,0
220093,1,1,1993,0,0,0,0,0,0,0,0,0,0
220093,2,1,1993,3,3,3,3,3,3,3,3,3,3
220094,1,1,1993,18,0,0,0,19,0,0,0,22,0
220095,1,1,1993,14,14,14,14,14,14,14,14,14,14
220095,2,1,1993,0,0,0,0,0,0,0,0,0,0
220097,1,1,1993,22,22,22,22,22,22,22,22,22,22
220098,1,1,1993,24,0,21,0,34,25,0,21,30,0
220098,2,1,1993,0,0,0,17,14,16,18,25,3,17
220098,3,1,1993,0,0,0,0,0,0,0,0,0,0
220099,1,1,1993,10,10,10,10,10,10,10,10,10,10
220100,0,1,1993,13,36,23,20,0,36,16,0,0,16
220100,1,1,1993,0,0,0,0,0,0,0,0,0,0
220101,1,1,1993,0,0,0,0,0,0,0,0,0,0
220104,1,1,1993,14,26,25,7,21,9,15,25,29,14
220105,1,1,1993,10,10,10,10,10,10,10,10,10,10
220106,1,1,1993,25,25,25,25,25,25,25,25,25,25
220106,2,1,1993,0,0,0,0,0,0,0,0,0,0
220107,0,1,1993,0,0,0,0,0,0,0,0,0,0
220107,1,1,1993,15,15,15,15,15,15,15,15,15,15
220108,1,1,1993,0,0,0,0,0,0,0,0,0,23
220108,2,1,1993,0,32,0,0,0,0,22,0,16,0
220109,1,1,1993,0,34,15,8,0,7,15,12,0,0
220110,1,1,1993,9,9,9,9,9,9,9,9,9,9
220111,0,1,1993,0,0,0,0,0,0,0,0,0,0
220111,1,1,1993,0,0,0,0,0,0,0,0,0,0
220112,0,1,1993,1,1,1,1,1,1,1,1,1,1
220112,1,1,1993,0,0,0,0,0,0,0,0,0,0
220113,1,1,1993,0,4,23,20,0,16,21,21,23,8
220114,1,1,1993,13,13,13,13,13,13,13,13,13,13
220115,1,1,1993,0,0,0,0,0,0,0,0,0,0
220115,2,1,1993,0,0,0,0,0,0,0,0,0,0
220116,1,1,1993,0,0,0,0,0,0,0,0,0,0
220118,1,1,1993,18,18,18,18,18,18,18,18,18,18
220119,1,1,1993,0,0,0,0,0,0,0,0,0,0
220120,1,1,1993,0,0,0,0,0,0,0,0,0,0
220121,1,1,1993,0,0,0,0,0,0,0,0,0,0
220121,2,1,1993,0,0,0,0,0,0,0,0,0,0
220122,1,1,1993,0,0,0,0,0,0,0,0,0,0
220123,1,1,1993,0,0,0,0,0,0,0,0,0,0
220123,2,1,1993,0,0,0,0,0,0,0,0,0,0
220124,1,1,1993,11,11,11,11,11,11,11,11,11,11
220124,2,1,1993,0,0,0,0,0,0,0,0,0,0
220125,1,1,1993,0,0,0,22,0,0,15,0,0,0
220126,1,1,1993,27,27,27,27,27,27,27,27,27,27
220127,1,1,1993,0,10,0,0,0,0,0,0,0,0
220127,2,1,1993,0,0,0,0,0,0,0,0,0,0
220128,1,1,1993,0,0,0,0,0,0,0,0,0,0
220128,2,1,1993,0,0,0,0,0,0,0,0,0,0
220129,1,1,1993,16,15,17,0,0,0,24,0,0,0
220129,2,1,1993,0,23,0,0,0,0,0,0,0,0
220129,3,1,1993,0,0,0,0,0,0,0,0,0,0
220129,4,1,1993,0,0,0,0,0,0,0,0,0,0
220130,1,1,1993,23,23,23,23,23,23,23,23,23,23