ST_CASE,VEH_NO,PER_NO,YEAR,P1,P2,P3,P4,P5,P6,P7,P8,P9,P10
220131,1,1,1993,0,0,0,4,0,0,0,18,13,0
220131,2,1,1993,16,18,9,16,19,5,7,10,8,2
220132,1,1,1993,6,6,6,6,6,6,6,6,6,6
220133,1,1,1993,14,14,14,14,14,14,14,14,14,14
220134,0,1,1993,20,20,20,20,20,20,20,20,20,20
220134,1,1,1993,0,0,0,0,0,0,0,0,0,0
220135,1,1,1993,0,8,6,0,0,8,0,0,26,16
220136,1,1,1993,7,7,7,7,7,7,7,7,7,7
220137,1,1,1993,0,0,0,0,0,0,0,0,0,0
220137,2,1,1993,0,0,0,0,0,0,0,0,0,0
220138,1,1,1993,0,0,0,0,0,0,0,0,0,0
220139,1,1,1993,29,29,29,29,29,29,29,29,29,29
220140,1,1,1993,0,0,0,0,0,0,0,0,0,9
220140,2,1,1993,0,0,0,0,0,0,0,0,0,0
220141,1,1,1993,0,0,20,0,2,0,0,0,7,0
220141,2,1,1993,17,0,0,0,0,0,0,8,0,0
220142,1,1,1993,2,2,2,2,2,2,2,2,2,2
220143,1,1,1993,0,0,0,0,0,0,0,0,0,0
220143,2,1,1993,0,0,0,0,0,0,0,0,0,0
220144,1,1,1993,0,18,0,0,0,0,0,30,0,0
220144,2,1,1993,0,0,0,0,0,0,0,0,0,0
220145,1,1,1993,20,20,20,20,20,20,20,20,20,20
220146,1,1,1993,7,7,7,7,7,7,7,7,7,7
220148,1,1,1993,22,22,22,22,22,22,22,22,22,22
220148,2,1,1993,0,0,0,0,0,0,0,0,0,0
220149,1,1,1993,25,25,25,25,25,25,25,25,25,25
220150,1,1,1993,0,0,0,0,0,0,0,0,0,0
220151,1,1,1993,24,17,14,19,22,12,16,29,19,13
220153,1,1,1993,18,0,0,0,0,0,0,0,0,0
220153,2,1,1993,0,0,0,0,0,0,0,0,0,0
220154,1,1,1993,28,0,3,0,10,0,0,12,8,19
220155,1,1,1993,41,19,21,18,14,14,11,7,22,9
220156,0,1,1993,0,0,0,0,0,0,0,0,0,0
220156,1,1,1993,0,0,0,0,0,0,0,0,0,0
220157,1,1,1993,10,10,10,10,10,10,10,10,10,10
220158,1,1,1993,19,19,19,19,19,19,19,19,19,19
220158,2,1,1993,4,4,4,4,4,4,4,4,4,4
220159,1,1,1993,13,13,13,13,13,13,13,13,13,13
220159,2,1,1993,0,0,0,0,0,0,0,0,0,0
220161,1,1,1993,0,0,0,0,0,0,0,0,0,15
220161,2,1,1993,0,0,0,0,0,0,0,0,0,0
220162,1,1,1993,4,4,4,4,4,4,4,4,4,4
220163,1,1,1993,19,19,19,19,19,19,19,19,19,19
220164,1,1,1993,0,0,0,0,0,0,0,0,0,0
220164,2,1,1993,4,4,4,4,4,4,4,4,4,4
220165,1,1,1993,15,10,0,0,0,8,0,0,0,18
220165,2,1,1993,0,0,0,0,0,0,0,0,0,0
220166,1,1,1993,26,26,26,26,26,26,26,26,26,26
220167,1,1,1993,9,0,0,0,0,0,0,0,0,0
220167,2,1,1993,0,0,0,0,0,0,0,0,0,0
220168,0,1,1993,0,0,31,0,28,5,0,18,0,19
220168,1,1,1993,0,0,0,0,0,0,0,0,0,0
220169,1,1,1993,21,21,21,21,21,21,21,21,21,21
220169,2,1,1993,0,0,0,0,0,0,0,0,0,0
220169,3,1,1993,0,0,0,0,0,0,0,0,0,0
220170,1,1,1993,8,8,8,8,8,8,8,8,8,8
220170,2,1,1993,0,0,0,0,0,0,0,0,0,0
220171,1,1,1993,0,0,0,0,0,0,0,0,9,0
220172,1,1,1993,0,0,0,0,0,0,0,0,0,0
220173,1,1,1993,0,0,0,0,0,0,0,0,0,0
220174,0,1,1993,36,36,36,36,36,36,36,36,36,36
220174,1,1,1993,0,0,0,0,0,0,0,0,0,0
220175,1,1,1993,0,0,0,0,0,0,0,0,0,11
220175,2,1,1993,0,0,0,0,0,0,0,0,0,0
220176,1,1,1993,9,9,9,9,9,9,9,9,9,9
220176,2,1,1993,0,0,0,0,0,0,0,0,0,0
220177,1,1,1993,0,0,22,15,0,0,11,0,0,0
220177,2,1,1993,0,0,0,0,0,0,0,0,0,0
220178,1,1,1993,21,26,9,18,18,18,0,20,29,23
220179,1,1,1993,0,0,0,0,0,0,0,0,0,0
220179,2,1,1993,0,0,0,0,0,0,0,0,0,0
220180,1,1,1993,6,12,0,19,15,21,24,13,8,19
220181,0,1,1993,10,10,10,10,10,10,10,10,10,10
220181,1,1,1993,0,0,29,0,12,0,0,0,19,26
220181,2,1,1993,0,0,0,0,0,0,0,0,0,0
220182,1,1,1993,0,0,0,0,0,0,0,0,0,0
220182,2,1,1993,12,12,12,12,12,12,12,12,12,12
220183,1,1,1993,11,11,11,11,11,11,11,11,11,11
220184,1,1,1993,24,24,24,24,24,24,24,24,24,24
220185,1,1,1993,0,0,0,0,0,0,0,0,0,0
220186,1,1,1993,27,0,0,0,27,0,0,16,5,0
220187,0,1,1993,19,19,19,19,19,19,19,19,19,19
220187,1,1,1993,0,0,0,0,0,0,0,0,0,0
220188,1,1,1993,0,0,0,0,0,0,0,0,0,0
220188,2,1,1993,0,0,0,0,0,0,0,0,0,0
220189,0,1,1993,0,0,0,0,0,0,0,0,0,0
220189,1,1,1993,0,0,0,0,0,0,0,0,0,0
220190,1,1,1993,0,0,0,0,0,0,0,0,0,0
220191,1,1,1993,24,24,24,24,24,24,24,24,24,24
220191,2,1,1993,0,0,0,0,0,0,0,0,0,0
220192,1,1,1993,0,0,0,0,0,12,0,7,0,0
220192,2,1,1993,0,0,0,0,0,0,0,0,0,0
220193,0,1,1993,0,0,0,0,0,0,0,0,0,0
220193,1,1,1993,0,0,0,0,0,0,0,0,0,0
220194,1,1,1993,0,0,0,0,0,0,0,0,0,0
220194,2,1,1993,0,0,0,0,0,0,0,0,0,0
220195,0,1,1993,0,0,0,0,0,0,0,9,0,0
220195,1,1,1993,0,0,0,0,0,0,0,0,0,0
220196,1,1,1993,8,8,8,8,8,8,8,8,8,8
220197,0,1,1993,0,0,0,0,0,0,0,0,0,0
220197,1,1,1993,0,0,0,0,0,0,0,0,0,0
220198,0,1,1993,0,0,0,0,0,0,0,0,0,0
220198,1,1,1993,0,0,0,0,0,0,0,0,0,0
220199,1,1,1993,0,0,0,0,0,0,0,0,0,0
220199,2,1,1993,0,0,0,0,0,0,0,0,0,0
220200,0,1,1993,0,0,0,0,0,0,0,0,0,0
220200,1,1,1993,0,0,0,0,0,0,0,0,0,0
220201,1,1,1993,11,11,11,11,11,11,11,11,11,11
220202,1,1,1993,0,0,0,0,0,0,0,0,0,0
220203,0,1,1993,0,20,35,34,0,44,13,33,2,0
220203,1,1,1993,0,0,11,0,13,0,0,0,2,7
220204,1,1,1993,17,17,17,17,17,17,17,17,17,17
220205,1,1,1993,27,27,27,27,27,27,27,27,27,27
220206,1,1,1993,0,0,0,0,0,0,0,0,0,0
220206,2,1,1993,0,0,0,0,0,0,0,0,0,0
220207,1,1,1993,26,26,26,26,26,26,26,26,26,26
220207,2,1,1993,0,0,0,0,0,0,0,0,0,0
220208,1,1,1993,15,15,15,15,15,15,15,15,15,15
220209,1,1,1993,0,11,0,0,23,16,14,34,10,12
220210,1,1,1993,10,10,10,10,10,10,10,10,10,10
220211,1,1,1993,23,23,23,23,23,23,23,23,23,23
220213,1,1,1993,12,12,12,12,12,12,12,12,12,12
220214,0,1,1993,6,21,21,29,6,30,11,17,27,16
220214,1,1,1993,0,0,0,0,0,0,0,0,0,0
220215,1,1,1993,1,1,1,1,1,1,1,1,1,1
220216,1,1,1993,0,16,0,0,0,16,0,0,0,0
220216,2,1,1993,15,15,15,15,15,15,15,15,15,15
220217,1,1,1993,0,0,0,0,0,0,0,0,0,0
220217,2,1,1993,0,0,0,0,0,0,0,0,0,0
220218,0,1,1993,31,0,12,37,17,15,47,2,8,6
220218,1,1,1993,0,0,0,0,0,0,0,0,0,0
220219,1,1,1993,0,0,0,0,0,0,0,0,0,0
220220,1,1,1993,0,0,0,0,0,16,0,0,0,0
220221,1,1,1993,19,19,19,19,19,19,19,19,19,19
220222,1,1,1993,0,0,0,0,0,0,0,0,0,0
220223,1,1,1993,26,26,26,26,26,26,26,26,26,26
220223,2,1,1993,0,0,0,0,0,0,0,0,0,0
220224,1,1,1993,27,27,27,27,27,27,27,27,27,27
220225,0,1,1993,16,16,16,16,16,16,16,16,16,16
220225,1,1,1993,0,0,0,0,0,0,0,0,0,0
220226,1,1,1993,0,0,0,0,0,0,0,0,0,0
220227,1,1,1993,8,8,8,8,8,8,8,8,8,8
220227,2,1,1993,0,0,0,0,0,0,0,0,0,0
220228,1,1,1993,21,11,15,19,0,14,16,13,27,8
220229,1,1,1993,0,5,0,0,15,0,0,0,0,0
220229,2,1,1993,0,0,0,0,0,0,0,0,0,0
220230,1,1,1993,19,19,19,19,19,19,19,19,19,19
220232,1,1,1993,7,7,7,7,7,7,7,7,7,7
220233,1,1,1993,14,14,14,14,14,14,14,14,14,14
220234,0,1,1993,21,21,21,21,21,21,21,21,21,21
220234,0,2,1993,0,20,10,27,26,0,16,18,12,13
220234,1,1,1993,0,0,0,0,0,0,0,0,0,0
220234,2,1,1993,0,0,0,0,0,0,0,0,0,0
220234,3,1,1993,0,0,0,0,0,0,0,0,0,0
220235,1,1,1993,23,23,23,23,23,23,23,23,23,23
220236,1,1,1993,19,19,19,19,19,19,19,19,19,19
220237,1,1,1993,0,0,0,0,10,0,0,0,0,16
220237,2,1,1993,0,0,0,0,0,0,0,0,0,0
220237,3,1,1993,0,0,0,0,0,0,0,0,0,0
220238,0,1,1993,16,16,16,16,16,16,16,16,16,16
220238,1,1,1993,0,0,0,0,0,0,0,0,0,0
220239,1,1,1993,0,0,20,0,0,0,11,0,0,0
220239,2,1,1993,0,0,0,0,0,0,0,0,0,0
220240,0,1,1993,0,0,0,0,0,0,0,0,0,0
220240,1,1,1993,0,0,0,0,0,0,0,0,0,0
220241,1,1,1993,0,0,0,0,0,0,0,0,0,0
220241,2,1,1993,0,0,0,0,0,0,0,0,0,0
220241,3,1,1993,0,0,0,0,0,0,0,0,0,0
220241,4,1,1993,3,3,3,3,3,3,3,3,3,3
220241,5,1,1993,0,0,0,0,0,0,0,0,0,0
220241,6,1,1993,0,0,0,0,0,0,0,0,0,0
220241,7,1,1993,0,0,0,0,0,0,0,0,0,0
220241,8,1,1993,0,0,0,0,0,0,0,0,0,0
220242,1,1,1993,21,21,21,21,21,21,21,21,21,21
220243,1,1,1993,24,24,24,24,24,24,24,24,24,24
220243,2,1,1993,0,0,0,0,0,0,0,0,0,0
220244,1,1,1993,0,0,0,0,0,0,0,0,0,0
220244,2,1,1993,0,0,0,0,0,0,0,0,0,0
220245,1,1,1993,0,10,0,22,15,30,19,0,14,28
220245,2,1,1993,0,0,0,0,0,0,0,0,0,0
220245,3,1,1993,2,2,2,2,2,2,2,2,2,2
220246,1,1,1993,19,19,19,19,19,19,19,19,19,19
220247,1,1,1993,12,12,12,12,12,12,12,12,12,12
220248,1,1,1993,20,20,20,20,20,20,20,20,20,20
220248,2,1,1993,0,0,0,0,0,0,0,0,0,0
220249,0,1,1993,0,0,0,0,0,0,0,0,0,0
220249,1,1,1993,0,0,0,0,0,0,0,0,0,0
220250,1,1,1993,23,23,23,23,23,23,23,23,23,23
220251,1,1,1993,19,19,19,19,19,19,19,19,19,19
220252,1,1,1993,0,0,0,0,0,0,0,0,0,0
220253,1,1,1993,11,0,11,0,0,6,0,0,14,15
220253,2,1,1993,0,0,0,0,0,0,0,8,0,0
220254,1,1,1993,20,0,16,15,17,25,20,23,13,9
220255,1,1,1993,0,0,0,11,0,0,0,0,18,23
220255,2,1,1993,0,0,0,0,0,0,0,0,0,7
220256,1,1,1993,21,18,15,8,16,13,16,0,18,15
220257,1,1,1993,8,8,8,8,8,8,8,8,8,8
220258,1,1,1993,13,13,13,13,13,13,13,13,13,13
220259,1,1,1993,2,2,2,2,2,2,2,2,2,2
220259,2,1,1993,0,0,0,0,0,0,0,0,0,0
220260,0,1,1993,13,0,0,14,18,18,29,27,15,16
220260,1,1,1993,0,0,0,0,0,0,0,0,0,0
220261,0,1,1993,0,0,0,0,0,0,0,0,0,0
220261,1,1,1993,0,0,0,0,0,0,0,0,0,0
220262,1,1,1993,0,0,0,0,0,0,0,0,0,0
220263,1,1,1993,0,0,0,0,0,0,0,0,0,0
220263,2,1,1993,0,0,0,0,0,0,0,0,0,0
220264,1,1,1993,18,18,18,18,18,18,18,18,18,18
220266,1,1,1993,0,0,15,0,13,0,36,0,22,27
220267,1,1,1993,29,29,29,29,29,29,29,29,29,29
220268,1,1,1993,13,0,13,15,0,28,33,21,24,12
220268,2,1,1993,0,0,0,0,0,0,0,0,0,0
220269,0,1,1993,24,24,24,24,24,24,24,24,24,24
220269,1,1,1993,0,0,0,0,0,0,0,0,0,0
220270,1,1,1993,0,0,0,0,0,0,0,0,0,0
220270,2,1,1993,0,0,0,0,0,0,0,0,0,0
220271,0,1,1993,12,12,12,12,12,12,12,12,12,12
220271,1,1,1993,0,0,0,0,0,0,0,0,0,0
220272,1,1,1993,0,0,0,0,0,0,0,0,0,0
220272,2,1,1993,0,0,0,0,0,0,0,0,0,0
220273,1,1,1993,12,12,12,12,12,12,12,12,12,12
220274,1,1,1993,0,0,0,20,0,0,0,0,0,0
220274,2,1,1993,0,0,0,0,0,0,0,0,0,0
220275,1,1,1993,0,0,0,0,0,0,0,0,0,0
220276,1,1,1993,0,0,0,0,0,0,0,0,10,0
220276,2,1,1993,1,1,1,1,1,1,1,1,1,1
220277,1,1,1993,0,0,0,0,0,0,0,0,0,0
220277,2,1,1993,0,0,0,0,0,0,0,0,0,0
220277,3,1,1993,0,0,0,0,0,0,0,0,0,0
220278,1,1,1993,18,18,18,18,18,18,18,18,18,18
220279,1,1,1993,30,30,30,30,30,30,30,30,30,30
220280,1,1,1993,0,0,0,0,0,0,0,0,0,0
220280,2,1,1993,0,0,0,0,0,0,0,0,0,0
220281,0,1,1993,0,0,0,0,0,0,0,0,0,0
220281,1,1,1993,0,0,7,0,0,5,0,0,0,18
220282,1,1,1993,15,15,15,15,15,15,15,15,15,15
220283,1,1,1993,0,0,0,0,0,0,0,0,0,0
220283,2,1,1993,0,0,0,0,0,0,0,0,0,0
220284,1,1,1993,22,22,22,22,22,22,22,22,22,22
220285,1,1,1993,0,0,0,0,0,0,0,0,0,0
220285,2,1,1993,0,0,0,0,0,0,0,0,0,0
220287,1,1,1993,0,8,0,0,20,0,0,0,0,0
220287,2,1,1993,0,0,0,0,0,0,0,0,0,0
220288,1,1,1993,2,2,2,2,2,2,2,2,2,2
220289,1,1,1993,0,0,0,0,0,0,0,0,0,0
220290,1,1,1993,0,0,0,0,0,0,0,0,0,0
220291,1,1,1993,0,0,0,0,0,0,0,0,0,0
220291,2,1,1993,0,0,0,0,0,0,0,0,0,0
220292,1,1,1993,3,19,0,17,19,7,7,18,0,6
220293,1,1,1993,5,5,5,5,5,5,5,5,5,5
220294,1,1,1993,17,17,17,17,17,17,17,17,17,17
220295,0,1,1993,10,8,4,22,22,13,37,23,0,24
220295,1,1,1993,0,0,0,0,0,0,0,0,0,0
220296,1,1,1993,0,0,0,0,0,0,0,0,0,19
220296,2,1,1993,0,0,0,0,0,0,0,0,0,0
220297,1,1,1993,0,0,0,0,0,0,0,0,0,0
220297,2,1,1993,0,0,0,0,0,0,0,0,0,0
220297,3,1,1993,0,0,0,0,0,0,0,0,0,0
220298,1,1,1993,9,9,9,9,9,9,9,9,9,9
220299,1,1,1993,29,29,29,29,29,29,29,29,29,29
220299,2,1,1993,0,0,0,0,0,0,0,0,0,0
220300,1,1,1993,0,0,0,0,0,0,0,0,0,0
220301,0,1,1993,0,0,0,0,0,0,0,0,0,0
220301,1,1,1993,0,0,0,0,0,0,0,0,0,0
220302,1,1,1993,19,19,19,19,19,19,19,19,19,19
220303,1,1,1993,0,0,0,0,0,0,0,0,0,0
220303,2,1,1993,0,0,0,0,0,0,0,0,0,0
220304,1,1,1993,12,12,12,12,12,12,12,12,12,12
220305,0,1,1993,0,0,0,12,11,15,18,16,20,31
220305,0,2,1993,22,0,3,8,0,0,0,0,11,13
220305,0,3,1993,0,0,14,0,0,0,0,0,0,0
220305,1,1,1993,0,0,0,0,0,0,0,0,0,0
220306,1,1,1993,0,0,0,0,0,0,0,0,0,0
220307,1,1,1993,0,17,0,0,8,0,0,0,0,0
220307,2,1,1993,0,6,0,0,0,0,0,0,0,0
220308,1,1,1993,9,9,9,9,9,9,9,9,9,9
220308,2,1,1993,0,0,0,0,20,0,0,0,0,0
220309,1,1,1993,0,0,0,0,0,0,0,0,0,0
220310,1,1,1993,2,2,2,2,2,2,2,2,2,2
220311,1,1,1993,0,0,0,0,0,0,0,0,0,0
220312,1,1,1993,0,0,0,0,0,0,0,0,0,0
220313,1,1,1993,0,0,18,21,13,7,8,0,9,15
220313,2,1,1993,25,0,0,0,15,0,0,0,0,12
220314,0,1,1993,0,0,0,0,0,0,0,0,0,0
220314,1,1,1993,0,17,0,0,0,0,0,0,0,0
220316,0,1,1993,14,32,14,0,0,27,7,21,0,23
220316,1,1,1993,30,19,17,19,0,0,0,0,14,0
220317,1,1,1993,0,0,0,0,15,0,0,0,0,0
220318,1,1,1993,1,1,1,1,1,1,1,1,1,1
220319,1,1,1993,0,0,0,0,0,0,0,0,0,0
220320,1,1,1993,0,0,0,0,0,0,0,0,0,0
220322,1,1,1993,22,22,22,22,22,22,22,22,22,22
220323,1,1,1993,0,26,28,0,20,11,0,0,16,13
220324,1,1,1993,25,25,25,25,25,25,25,25,25,25
220325,1,1,1993,0,0,0,0,0,0,0,0,0,0
220325,2,1,1993,0,0,0,0,0,0,0,0,0,0
220326,0,1,1993,0,0,0,0,0,0,0,0,0,0
220326,1,1,1993,0,0,0,0,0,0,0,0,0,0
220327,1,1,1993,0,0,0,0,0,0,0,0,0,0
220327,2,1,1993,11,5,5,0,24,15,19,0,0,29
220328,0,1,1993,0,0,0,0,0,0,0,0,0,0
220328,1,1,1993,0,0,0,0,0,0,0,0,0,0
220329,1,1,1993,7,7,7,7,7,7,7,7,7,7
220330,1,1,1993,0,0,12,0,0,12,0,0,0,0
220331,1,1,1993,10,12,14,25,27,0,37,14,26,17
220331,2,1,1993,8,8,8,8,8,8,8,8,8,8
220332,1,1,1993,0,0,0,0,0,0,0,0,0,0
220333,1,1,1993,1,1,1,1,1,1,1,1,1,1
220334,0,1,1993,0,0,0,0,0,0,0,0,0,0
220334,1,1,1993,0,0,0,0,0,0,0,0,0,0
220335,1,1,1993,0,0,0,0,0,0,0,0,0,0
220335,2,1,1993,3,3,3,3,3,3,3,3,3,3
220336,0,1,1993,11,0,41,0,0,0,0,0,0,0
220336,1,1,1993,0,0,0,0,0,0,0,0,0,0
220337,1,1,1993,0,0,0,0,0,0,0,0,0,0
220338,1,1,1993,8,8,8,8,8,8,8,8,8,8
220338,2,1,1993,0,0,0,0,0,0,0,0,0,0
220339,1,1,1993,8,8,8,8,8,8,8,8,8,8
220340,1,1,1993,0,17,5,21,11,16,0,0,24,0
220341,1,1,1993,0,0,0,0,0,0,0,0,0,0
220342,1,1,1993,27,27,27,27,27,27,27,27,27,27
220343,1,1,1993,0,0,0,0,0,0,0,0,0,0
220344,0,1,1993,13,13,13,13,13,13,13,13,13,13
220344,0,2,1993,17,17,17,17,17,17,17,17,17,17
220344,1,1,1993,6,6,6,6,6,6,6,6,6,6
220345,0,1,1993,23,23,23,23,23,23,23,23,23,23
220345,1,1,1993,0,0,0,0,0,0,0,0,0,0
220346,1,1,1993,0,0,0,0,0,0,0,0,0,0
220346,2,1,1993,0,0,0,0,0,0,0,0,0,0
220347,1,1,1993,14,14,14,14,14,14,14,14,14,14
220347,2,1,1993,4,4,4,4,4,4,4,4,4,4
220348,1,1,1993,6,6,6,6,6,6,6,6,6,6
220349,1,1,1993,0,0,0,38,0,0,0,0,0,0
220350,1,1,1993,16,16,16,16,16,16,16,16,16,16
220351,1,1,1993,6,6,6,6,6,6,6,6,6,6
220351,2,1,1993,4,4,4,4,4,4,4,4,4,4
220352,0,1,1993,0,0,0,0,0,0,0,0,0,0
220352,1,1,1993,0,0,0,0,0,0,0,0,0,0
220353,0,1,1993,26,26,26,26,26,26,26,26,26,26
220353,1,1,1993,0,0,0,0,0,0,0,0,0,0
220354,1,1,1993,0,0,0,0,0,0,0,0,0,0
220355,1,1,1993,35,35,35,35,35,35,35,35,35,35
220355,2,1,1993,6,6,6,6,6,6,6,6,6,6
220356,1,1,1993,0,0,0,0,0,0,0,0,0,0
220356,2,1,1993,0,0,14,0,0,0,0,11,0,0
220356,3,1,1993,0,0,0,0,0,0,0,0,0,0
220357,1,1,1993,0,0,0,11,0,0,0,0,0,0
220357,2,1,1993,0,0,0,0,0,0,0,0,0,0
220358,1,1,1993,17,17,17,17,17,17,17,17,17,17
220359,1,1,1993,14,14,14,14,14,14,14,14,14,14
220360,0,1,1993,0,0,0,0,0,0,0,0,0,0
220360,1,1,1993,11,0,10,0,0,0,0,0,12,0
220361,1,1,1993,12,10,28,17,13,0,21,14,11,24
220362,1,1,1993,0,0,0,0,0,0,0,0,0,0
220362,2,1,1993,0,0,0,0,0,0,0,0,0,0
220363,1,1,1993,27,27,27,27,27,27,27,27,27,27
220363,2,1,1993,13,13,13,13,13,13,13,13,13,13
220364,0,1,1993,0,0,0,0,0,0,0,0,0,0
220364,1,1,1993,0,0,0,0,0,0,0,0,0,0
220365,1,1,1993,0,17,0,0,11,23,17,23,26,19
220366,1,1,1993,18,0,0,0,0,0,0,0,0,0
220366,2,1,1993,0,0,0,10,0,0,0,0,0,0
220367,1,1,1993,0,0,0,0,0,0,0,0,0,0
220367,2,1,1993,0,0,0,0,0,0,0,0,0,0
220368,1,1,1993,23,23,23,23,23,23,23,23,23,23
220369,1,1,1993,25,25,25,25,25,25,25,25,25,25
220370,0,1,1993,22,22,22,22,22,22,22,22,22,22
220370,1,1,1993,15,15,15,15,15,15,15,15,15,15
220371,1,1,1993,22,17,0,4,0,26,10,5,0,11
220372,1,1,1993,21,21,21,21,21,21,21,21,21,21
220372,2,1,1993,0,0,0,6,0,0,0,0,0,0
220373,1,1,1993,0,0,0,0,0,0,0,0,0,0
220373,2,1,1993,0,0,0,0,0,0,0,0,0,0
220374,0,1,1993,6,0,48,24,8,12,27,17,0,18
220374,1,1,1993,0,0,0,0,0,0,0,0,0,0
220375,0,1,1993,22,22,22,22,22,22,22,22,22,22
220375,1,1,1993,14,14,14,14,14,14,14,14,14,14
220376,0,1,1993,0,0,0,0,0,0,0,0,0,0
220376,1,1,1993,0,0,0,0,0,0,0,0,0,0
220377,0,1,1993,9,0,0,0,20,25,27,14,0,19
220377,1,1,1993,6,6,6,6,6,6,6,6,6,6
220378,1,1,1993,29,0,12,13,10,15,15,11,0,16
220378,2,1,1993,9,0,10,18,38,7,13,18,0,20
220379,0,1,1993,22,22,22,22,22,22,22,22,22,22
220379,1,1,1993,0,0,0,0,0,0,0,0,0,0
220380,0,1,1993,11,16,0,23,10,26,26,22,21,0
220380,1,1,1993,0,0,0,0,0,0,0,0,0,0
220381,1,1,1993,2,2,2,2,2,2,2,2,2,2
220382,1,1,1993,22,22,22,22,22,22,22,22,22,22
220383,1,1,1993,0,0,0,0,0,0,0,0,0,0
220384,1,1,1993,16,0,28,0,0,0,13,0,9,15
220385,0,1,1993,16,28,0,26,0,20,0,35,17,21
220385,1,1,1993,19,19,19,19,19,19,19,19,19,19
220386,1,1,1993,10,23,20,9,0,23,25,25,19,37
220387,1,1,1993,0,0,0,0,0,0,0,0,0,0
220388,1,1,1993,0,0,0,0,0,0,0,0,0,0
220388,2,1,1993,0,0,0,0,0,0,0,0,0,0
220388,3,1,1993,0,0,0,0,0,0,0,0,0,0
220388,4,1,1993,0,0,0,0,0,0,0,0,0,0
220388,5,1,1993,0,0,0,0,0,0,0,0,0,0
220388,6,1,1993,0,0,0,0,0,0,0,0,0,0
220388,7,1,1993,0,0,0,0,0,0,0,0,0,0
220388,8,1,1993,0,0,0,0,0,0,0,0,0,0
220389,1,1,1993,0,0,0,7,0,0,0,0,0,0
220390,1,1,1993,26,15,8,14,12,21,21,0,19,28
220391,0,1,1993,0,0,0,0,18,0,20,0,0,0
220391,1,1,1993,0,0,0,24,0,5,0,0,13,12
220392,0,1,1993,8,8,8,8,8,8,8,8,8,8
220392,1,1,1993,10,10,10,10,10,10,10,10,10,10
220393,1,1,1993,18,18,18,18,18,18,18,18,18,18
220393,2,1,1993,0,0,0,0,0,0,0,0,0,0
220394,1,1,1993,26,26,26,26,26,26,26,26,26,26
220395,1,1,1993,0,0,0,0,0,0,0,0,0,0
220395,2,1,1993,0,0,0,0,0,0,0,0,0,0
220397,1,1,1993,0,0,0,0,0,0,0,0,0,0
220398,1,1,1993,0,0,0,0,0,20,0,0,0,0
220398,2,1,1993,0,0,0,0,0,0,0,0,0,0
220399,1,1,1993,0,0,21,0,0,0,0,0,0,0
220400,1,1,1993,6,6,6,6,6,6,6,6,6,6
220401,1,1,1993,0,0,0,0,0,0,0,0,0,0
220402,1,1,1993,0,0,0,0,0,0,0,0,0,0
220403,1,1,1993,0,0,0,0,0,0,0,0,9,15
220404,1,1,1993,0,0,0,0,0,0,0,0,0,0
220404,2,1,1993,0,0,0,0,0,11,0,0,0,0
220405,1,1,1993,16,16,16,16,16,16,16,16,16,16
220406,1,1,1993,0,17,0,0,0,0,14,0,0,25
220407,0,1,1993,29,29,29,29,29,29,29,29,29,29
220407,1,1,1993,20,5,12,17,29,25,22,5,18,14
220408,1,1,1993,0,0,0,0,0,0,0,0,9,0
220408,2,1,1993,5,5,5,5,5,5,5,5,5,5
220409,1,1,1993,22,21,9,0,0,28,21,14,0,20
220410,1,1,1993,0,0,0,0,0,0,0,0,0,0
220411,1,1,1993,0,0,0,0,0,0,0,0,0,0
220412,1,1,1993,13,12,21,11,7,11,11,0,14,25
220412,2,1,1993,0,0,15,0,0,0,0,0,9,0
220413,1,1,1993,0,0,0,0,0,0,0,0,0,0
220414,1,1,1993,27,27,27,27,27,27,27,27,27,27
220414,2,1,1993,0,0,0,0,0,13,0,0,0,0
220415,1,1,1993,0,0,0,0,0,0,0,0,11,0
220416,1,1,1993,6,6,6,6,6,6,6,6,6,6
220416,2,1,1993,0,0,0,0,0,0,0,0,0,0
220416,3,1,1993,0,0,0,0,0,0,0,0,0,0
220417,1,1,1993,10,10,10,10,10,10,10,10,10,10
220417,2,1,1993,0,0,0,0,0,0,0,7,0,0
220418,0,1,1993,41,23,12,15,10,22,9,16,9,0
220418,1,1,1993,24,21,9,15,14,10,14,8,0,7
220419,1,1,1993,0,0,0,0,0,0,0,0,0,0
220419,2,1,1993,0,0,0,0,0,0,0,0,0,0
220420,1,1,1993,12,10,21,30,20,12,25,14,17,6
220421,1,1,1993,16,16,16,16,16,16,16,16,16,16
220422,1,1,1993,20,0,0,0,0,12,16,0,17,0
220423,0,1,1993,16,0,0,0,12,0,31,0,0,0
220423,1,1,1993,0,0,0,0,0,8,0,0,0,0
220424,0,1,1993,15,12,0,5,25,18,8,0,0,0