ST_CASE,VEH_NO,PER_NO,YEAR,P1,P2,P3,P4,P5,P6,P7,P8,P9,P10
220706,2,1,1993,0,0,0,0,0,0,0,0,0,0
220707,1,1,1993,0,0,0,0,0,0,0,0,0,0
220708,1,1,1993,0,0,0,0,0,0,0,0,0,0
220709,1,1,1993,28,28,28,28,28,28,28,28,28,28
220710,1,1,1993,5,5,5,5,5,5,5,5,5,5
220711,1,1,1993,18,18,18,18,18,18,18,18,18,18
220712,0,1,1993,0,0,0,0,0,0,0,0,0,0
220712,1,1,1993,14,14,14,14,14,14,14,14,14,14
220713,0,1,1993,0,0,12,0,0,0,0,8,0,0
220713,1,1,1993,0,0,0,0,0,0,0,0,0,0
220716,0,1,1993,0,0,0,0,0,0,0,0,0,0
220716,1,1,1993,15,15,15,15,15,15,15,15,15,15
220718,1,1,1993,10,0,21,0,0,0,0,0,0,3
220719,0,1,1993,29,29,29,29,29,29,29,29,29,29
220719,1,1,1993,7,0,6,0,0,0,2,0,23,14
220720,1,1,1993,0,0,0,0,0,0,0,0,0,0
220720,2,1,1993,0,0,0,0,0,0,0,0,0,0
220721,0,1,1993,38,38,38,38,38,38,38,38,38,38
220721,1,1,1993,0,0,0,0,0,0,11,0,0,3
220722,1,1,1993,0,0,0,0,0,0,0,0,0,0
220722,2,1,1993,0,0,0,0,0,0,0,0,0,0
220723,0,1,1993,28,28,28,28,28,28,28,28,28,28
220723,1,1,1993,13,13,13,13,13,13,13,13,13,13
220724,0,1,1993,0,0,0,0,0,0,0,0,0,0
220724,1,1,1993,12,12,12,12,12,12,12,12,12,12
220725,0,1,1993,0,0,0,0,0,0,0,0,0,0
220725,1,1,1993,0,0,0,17,0,0,0,0,0,0
220727,0,1,1993,0,0,0,0,0,0,0,0,0,0
220727,1,1,1993,17,0,0,0,0,4,16,0,0,0
220729,1,1,1993,0,0,0,0,0,0,0,0,0,0
220729,2,1,1993,0,0,0,0,0,0,0,0,0,0
220729,3,1,1993,0,0,0,0,0,0,0,0,0,0
220730,1,1,1993,0,0,0,17,0,0,0,0,0,17
220730,2,1,1993,0,0,0,0,0,0,0,0,0,0
220730,3,1,1993,0,0,0,0,0,0,0,0,0,0
220731,0,1,1993,0,0,0,0,0,0,0,0,0,0
220731,1,1,1993,0,0,0,0,0,0,0,22,0,0
220732,1,1,1993,24,11,15,6,21,0,9,8,4,0
220733,1,1,1993,0,0,0,0,12,0,12,0,0,0
220733,2,1,1993,0,0,0,0,0,0,0,0,0,0
220734,1,1,1993,14,14,14,14,14,14,14,14,14,14
220735,1,1,1993,27,27,27,27,27,27,27,27,27,27
220736,0,1,1993,0,0,25,0,0,0,22,0,0,0
220736,1,1,1993,0,0,0,0,0,0,0,0,0,0
220738,0,1,1993,0,29,0,0,0,18,0,0,0,29
220738,1,1,1993,0,0,0,14,0,0,10,0,0,0
220739,0,1,1993,41,41,41,41,41,41,41,41,41,41
220739,1,1,1993,0,0,0,0,0,12,0,0,0,0
220740,0,1,1993,0,0,0,0,0,0,0,0,0,0
220740,1,1,1993,0,0,0,0,0,0,0,0,0,0
220741,1,1,1993,3,21,0,0,6,20,0,0,0,0
220742,1,1,1993,4,0,4,12,0,0,0,0,0,26
220742,2,1,1993,12,12,12,12,12,12,12,12,12,12
220743,1,1,1993,0,0,0,0,0,0,0,0,0,0
220744,1,1,1993,0,0,0,0,0,0,0,0,0,0
220744,2,1,1993,0,0,0,0,0,0,0,0,0,0
220745,1,1,1993,0,0,0,0,0,0,0,0,0,0
220745,2,1,1993,0,0,0,0,0,0,0,0,0,0
220745,3,1,1993,0,0,0,0,0,0,0,0,0,0
220745,4,1,1993,0,0,0,0,0,0,0,0,0,0
220745,5,1,1993,0,0,0,0,0,0,0,0,0,0
220745,6,1,1993,0,0,0,0,0,0,0,0,0,0
220745,7,1,1993,0,0,0,0,0,0,0,0,0,0
220746,0,1,1993,22,22,22,22,22,22,22,22,22,22
220746,1,1,1993,0,0,0,0,0,0,0,0,0,0
220747,1,1,1993,15,19,0,17,23,0,0,17,0,23
220748,1,1,1993,16,16,16,16,16,16,16,16,16,16
220750,1,1,1993,29,29,29,29,29,29,29,29,29,29
220751,1,1,1993,18,0,11,0,21,26,29,0,0,14
220752,1,1,1993,0,0,0,0,0,0,0,0,0,0
220752,2,1,1993,0,0,0,0,0,0,0,0,0,0
220753,1,1,1993,0,0,0,5,0,0,0,0,0,0
220753,2,1,1993,0,0,0,0,0,0,0,0,0,0
220754,0,1,1993,0,0,0,0,0,10,0,0,0,33
220754,1,1,1993,0,0,0,0,0,0,0,0,0,0
220755,1,1,1993,0,0,0,0,0,0,0,0,0,0
220755,2,1,1993,0,0,0,0,0,0,0,0,0,0
220756,1,1,1993,0,0,0,0,0,0,0,0,0,0
220756,2,1,1993,0,0,0,27,0,0,0,0,0,0
220758,1,1,1993,14,14,14,14,14,14,14,14,14,14
220759,1,1,1993,21,21,21,21,21,21,21,21,21,21
220759,2,1,1993,0,0,0,0,0,32,0,0,0,0
220760,1,1,1993,0,0,0,0,0,0,0,0,0,0
220760,2,1,1993,0,0,0,0,0,0,0,0,0,0
220761,1,1,1993,26,26,39,15,11,12,20,0,0,28
220762,1,1,1993,0,0,0,0,0,0,0,0,0,0
220762,2,1,1993,0,0,0,0,0,0,0,0,0,0
220762,3,1,1993,0,0,0,0,0,0,0,0,0,0
220763,1,1,1993,30,20,10,22,0,18,0,17,31,10
220764,1,1,1993,15,15,15,15,15,15,15,15,15,15
220764,2,1,1993,0,0,0,0,0,0,0,0,0,0
220765,1,1,1993,23,23,23,23,23,23,23,23,23,23
220765,2,1,1993,8,8,8,8,8,8,8,8,8,8
220766,0,1,1993,0,11,0,0,0,16,25,0,0,0
220766,0,2,1993,32,24,0,5,11,12,0,16,0,0
220766,1,1,1993,0,0,0,0,0,0,0,0,0,0
220767,0,1,1993,0,0,0,8,0,0,0,0,0,0
220767,1,1,1993,0,0,0,0,0,0,0,0,0,0
220768,1,1,1993,0,0,0,0,0,0,0,0,0,0
220768,2,1,1993,0,0,0,0,0,0,0,0,0,0
220768,3,1,1993,0,0,0,0,0,0,0,0,0,0
220768,4,1,1993,0,0,0,0,0,0,0,0,0,0
220768,5,1,1993,0,0,0,0,0,0,0,0,0,15
220769,1,1,1993,0,0,0,0,0,0,0,0,0,0
220769,2,1,1993,0,0,0,0,0,0,0,0,0,0
220770,1,1,1993,12,12,12,12,12,12,12,12,12,12
220770,2,1,1993,0,19,10,0,0,4,21,29,11,0
220770,3,1,1993,15,15,15,15,15,15,15,15,15,15
220771,1,1,1993,0,5,3,12,0,13,29,13,24,20
220772,1,1,1993,0,0,0,0,0,0,0,0,0,0
220773,1,1,1993,0,0,0,0,0,0,0,0,0,0
220773,2,1,1993,0,0,0,0,0,0,0,0,0,0
220774,1,1,1993,18,18,18,18,18,18,18,18,18,18
220775,1,1,1993,0,0,0,31,0,0,0,0,0,0
220775,2,1,1993,0,0,0,0,0,0,0,0,0,0
220776,1,1,1993,0,0,0,0,0,0,0,0,0,0
220776,2,1,1993,0,25,0,0,0,0,0,0,0,0
220777,1,1,1993,17,17,17,17,17,17,17,17,17,17
220778,0,1,1993,0,0,0,0,0,0,0,0,0,0
220778,1,1,1993,0,33,0,0,0,0,0,0,0,0
220779,1,1,1993,0,0,0,0,0,0,0,0,0,0
220779,2,1,1993,0,0,0,0,0,0,0,0,0,0
220780,1,1,1993,13,13,13,13,13,13,13,13,13,13
220781,0,1,1993,0,0,0,0,0,0,0,0,0,0
220781,1,1,1993,0,0,0,0,0,0,0,0,0,0
220782,0,1,1993,0,0,0,0,0,0,0,0,0,0
220782,1,1,1993,19,19,19,19,19,19,19,19,19,19
220783,0,1,1993,0,0,0,0,0,0,0,0,0,0
220783,1,1,1993,0,0,0,11,0,0,11,0,0,16
220784,1,1,1993,0,0,0,19,0,0,0,15,15,0
220785,1,1,1993,0,0,0,0,0,12,0,0,0,0
220786,1,1,1993,0,0,0,0,0,0,0,0,0,0
220787,1,1,1993,0,0,0,0,0,0,0,0,0,0
220787,2,1,1993,7,0,11,0,0,0,17,0,0,0
220788,1,1,1993,21,21,21,21,21,21,21,21,21,21
220789,1,1,1993,34,34,34,34,34,34,34,34,34,34
220790,1,1,1993,0,0,0,0,0,0,0,0,0,0
220791,1,1,1993,0,3,0,0,0,0,0,0,0,0
220791,2,1,1993,0,14,0,0,0,0,0,0,23,0
220792,1,1,1993,0,0,0,0,0,0,0,19,11,0
220793,1,1,1993,0,0,28,7,0,0,0,0,0,0
220794,1,1,1993,16,16,16,16,16,16,16,16,16,16
220794,2,1,1993,2,2,2,2,2,2,2,2,2,2
220795,1,1,1993,0,19,0,0,0,9,0,5,0,0
220798,0,1,1993,0,30,10,0,0,0,0,0,0,0
220798,1,1,1993,0,0,0,14,0,0,0,0,0,0
220799,0,1,1993,13,17,27,30,17,15,0,33,20,17
220799,0,2,1993,0,26,28,0,13,0,0,0,0,0
220799,1,1,1993,0,0,0,0,0,0,0,0,0,0
220800,1,1,1993,0,0,0,0,0,0,0,0,0,0
220801,1,1,1993,0,0,0,0,0,0,0,0,0,0
220801,2,1,1993,0,0,0,0,0,0,0,0,0,0
220802,1,1,1993,17,17,17,17,17,17,17,17,17,17
230001,1,1,1993,18,18,18,18,18,18,18,18,18,18
230002,1,1,1993,0,0,0,0,0,0,0,0,0,0
230003,0,1,1993,24,24,24,24,24,24,24,24,24,24
230003,1,1,1993,16,12,25,6,9,15,8,6,27,24
230004,1,1,1993,0,0,0,14,3,0,0,0,0,0
230005,0,1,1993,0,0,0,0,0,0,0,0,0,0
230005,1,1,1993,0,0,0,0,0,0,0,0,0,0
230006,1,1,1993,0,0,0,0,0,0,0,0,0,0
230006,2,1,1993,0,0,0,0,0,0,0,0,0,0
230007,1,1,1993,9,9,9,9,9,9,9,9,9,9
230007,2,1,1993,0,0,0,0,0,0,0,0,0,0
230008,1,1,1993,28,25,0,0,0,0,0,0,0,0
230009,1,1,1993,0,0,0,0,0,0,0,0,0,0
230010,1,1,1993,0,0,0,0,0,0,0,0,0,0
230010,2,1,1993,0,0,0,0,0,0,0,0,0,0
230011,1,1,1993,0,0,0,0,0,0,0,0,0,0
230012,1,1,1993,28,28,28,28,28,28,28,28,28,28
230013,1,1,1993,11,11,11,11,11,11,11,11,11,11
230014,1,1,1993,15,13,19,17,5,7,8,27,11,10
230015,0,1,1993,0,0,0,0,0,0,0,0,0,0
230015,1,1,1993,0,0,0,0,0,0,0,0,0,0
230016,1,1,1993,0,0,0,0,0,0,0,0,0,0
230016,2,1,1993,7,7,7,7,7,7,7,7,7,7
230017,1,1,1993,0,0,0,0,0,0,0,0,0,0
230017,2,1,1993,0,0,0,0,0,0,0,0,0,0
230018,0,1,1993,0,0,0,0,0,0,0,0,0,0
230018,1,1,1993,0,0,0,0,0,0,0,0,0,0
230019,1,1,1993,0,0,0,0,0,0,0,0,0,0
230020,1,1,1993,0,0,0,0,0,0,0,0,0,0
230021,1,1,1993,0,0,0,0,0,0,0,0,0,0
230021,2,1,1993,9,9,9,9,9,9,9,9,9,9
230022,1,1,1993,0,0,0,0,0,0,0,0,0,0
230022,2,1,1993,0,0,0,0,0,0,0,0,0,0
230023,1,1,1993,20,20,20,20,20,20,20,20,20,20
230024,1,1,1993,0,0,0,0,0,0,0,0,0,0
230025,0,1,1993,0,0,0,0,0,0,0,0,0,0
230025,1,1,1993,0,0,0,0,0,0,0,0,0,0
230026,1,1,1993,0,0,0,16,0,32,0,26,0,11
230026,2,1,1993,1,1,1,1,1,1,1,1,1,1
230027,0,1,1993,0,0,0,0,0,0,0,0,0,0
230027,1,1,1993,6,6,6,6,6,6,6,6,6,6
230029,1,1,1993,0,0,0,0,0,0,0,0,0,0
230029,2,1,1993,0,0,0,0,0,0,0,0,0,0
230030,1,1,1993,0,0,0,0,0,0,0,0,0,0
230030,2,1,1993,6,6,6,6,6,6,6,6,6,6
230031,1,1,1993,0,0,0,0,0,0,0,0,0,0
230031,2,1,1993,0,0,0,0,0,0,0,0,0,0
230032,1,1,1993,19,19,19,19,19,19,19,19,19,19
230034,1,1,1993,0,0,0,0,0,0,0,0,0,0
230034,2,1,1993,0,0,0,0,0,0,0,0,0,0
230035,0,1,1993,45,0,0,0,0,0,0,0,0,0
230035,1,1,1993,0,0,0,0,0,0,0,0,0,0
230036,1,1,1993,24,18,26,17,26,13,6,18,22,19
230037,1,1,1993,8,8,8,8,8,8,8,8,8,8
230038,1,1,1993,0,0,0,0,0,0,0,0,0,0
230038,2,1,1993,0,16,0,0,0,0,0,0,0,0
230039,1,1,1993,0,0,0,0,0,0,0,0,0,0
230040,1,1,1993,0,0,0,0,0,0,0,0,0,0
230041,1,1,1993,0,0,0,0,0,0,0,0,0,0
230042,1,1,1993,0,0,0,0,0,0,0,0,0,0
230043,0,1,1993,0,0,0,0,0,0,0,0,0,0
230043,1,1,1993,1,1,1,1,1,1,1,1,1,1
230044,1,1,1993,30,30,30,30,30,30,30,30,30,30
230045,1,1,1993,0,0,0,0,0,0,0,0,0,0
230045,2,1,1993,0,0,0,0,0,0,0,0,0,0
230046,1,1,1993,0,0,0,0,0,0,0,0,0,0
230046,2,1,1993,0,0,0,0,0,0,0,0,0,0
230047,1,1,1993,0,0,0,0,0,0,0,0,0,0
230047,2,1,1993,0,0,0,0,0,0,0,0,0,0
230048,1,1,1993,0,0,0,0,0,0,0,0,0,0
230048,2,1,1993,0,0,0,0,0,0,0,0,0,0
230049,1,1,1993,20,20,20,20,20,20,20,20,20,20
230049,2,1,1993,0,0,0,0,0,0,0,0,0,0
230050,1,1,1993,12,12,12,12,12,12,12,12,12,12
230051,1,1,1993,6,6,6,6,6,6,6,6,6,6
230051,2,1,1993,0,0,0,0,0,0,0,0,0,0
230052,1,1,1993,0,0,0,0,0,0,0,0,0,0
230052,2,1,1993,0,0,0,0,0,0,0,0,0,0
230053,0,1,1993,0,0,0,0,0,0,0,0,0,0
230053,0,2,1993,0,0,0,23,10,28,0,25,0,6
230053,1,1,1993,5,5,5,5,5,5,5,5,5,5
230054,1,1,1993,0,0,0,0,0,0,0,0,0,0
230055,1,1,1993,0,0,0,0,0,0,0,0,0,0
230056,1,1,1993,0,0,0,0,0,0,0,0,0,0
230056,2,1,1993,0,0,0,0,0,0,0,0,0,0
230056,3,1,1993,0,0,0,0,0,0,0,0,0,0
230057,1,1,1993,20,21,13,15,12,20,17,18,0,23
230058,1,1,1993,0,0,0,0,0,0,0,0,0,0
230059,0,1,1993,0,0,0,0,0,0,0,0,0,0
230059,1,1,1993,0,0,0,0,0,0,0,0,0,0
230060,1,1,1993,0,0,0,0,0,0,0,0,0,0
230061,1,1,1993,0,0,0,0,0,0,0,0,0,0
230062,0,1,1993,0,0,0,0,0,0,0,0,0,0
230062,1,1,1993,0,0,0,6,0,0,0,0,0,0
230063,1,1,1993,0,0,0,0,0,0,0,0,0,0
230064,1,1,1993,0,0,0,0,4,0,0,0,0,0
230065,1,1,1993,0,0,0,0,0,0,0,0,0,0
230065,2,1,1993,0,0,0,0,0,0,0,0,0,0
230066,1,1,1993,27,27,27,27,27,27,27,27,27,27
230068,1,1,1993,0,0,0,0,0,0,0,0,0,0
230069,1,1,1993,0,0,0,0,0,0,0,0,0,0
230070,1,1,1993,0,0,0,0,0,0,0,0,0,0
230071,1,1,1993,0,0,0,0,0,0,0,0,0,0
230072,1,1,1993,0,0,0,0,0,0,0,0,0,0
230073,1,1,1993,25,25,25,25,25,25,25,25,25,25
230074,1,1,1993,24,24,24,24,24,24,24,24,24,24
230075,1,1,1993,0,36,0,0,0,0,0,29,0,0
230076,1,1,1993,0,0,0,0,0,0,0,0,0,0
230077,1,1,1993,13,13,13,13,13,13,13,13,13,13
230078,1,1,1993,0,0,0,0,0,0,0,0,0,0
230078,2,1,1993,6,6,6,6,6,6,6,6,6,6
230079,1,1,1993,13,13,13,13,13,13,13,13,13,13
230079,2,1,1993,3,3,3,3,3,3,3,3,3,3
230080,1,1,1993,24,24,24,24,24,24,24,24,24,24
230080,2,1,1993,0,0,0,0,0,0,0,0,0,0
230081,0,1,1993,0,0,0,0,0,0,0,0,0,0
230081,0,2,1993,16,16,2,0,19,29,13,0,0,0
230081,1,1,1993,0,0,0,0,0,0,0,0,0,0
230082,1,1,1993,0,0,0,0,0,0,0,0,0,0
230082,2,1,1993,0,0,0,0,0,0,0,0,0,0
230083,1,1,1993,18,18,18,18,18,18,18,18,18,18
230083,2,1,1993,0,0,0,0,0,0,0,0,0,0
230084,1,1,1993,0,0,0,0,0,0,0,0,0,0
230084,2,1,1993,21,21,21,21,21,21,21,21,21,21
230085,1,1,1993,0,0,0,0,0,0,0,0,0,0
230086,1,1,1993,12,12,12,12,12,12,12,12,12,12
230087,1,1,1993,0,0,0,0,0,0,0,0,0,0
230088,1,1,1993,20,20,20,20,20,20,20,20,20,20
230089,1,1,1993,27,27,27,27,27,27,27,27,27,27
230090,1,1,1993,0,0,0,0,0,0,0,0,0,0
230091,0,1,1993,0,0,0,0,0,0,0,0,0,0
230091,1,1,1993,0,0,0,0,0,0,0,0,0,0
230092,1,1,1993,18,18,18,18,18,18,18,18,18,18
230093,1,1,1993,15,15,15,15,15,15,15,15,15,15
230093,2,1,1993,0,0,10,0,19,0,0,17,15,25
230094,1,1,1993,0,0,0,0,0,0,0,0,0,0
230095,1,1,1993,0,0,0,0,0,0,0,0,0,0
230096,1,1,1993,0,0,0,0,0,0,0,0,0,0
230096,2,1,1993,0,0,0,0,0,0,0,0,0,0
230097,1,1,1993,21,21,21,21,21,21,21,21,21,21
230098,0,1,1993,20,20,20,20,20,20,20,20,20,20
230098,1,1,1993,0,0,0,0,0,0,0,0,0,0
230099,1,1,1993,17,17,17,17,17,17,17,17,17,17
230100,1,1,1993,0,0,0,0,0,0,0,0,0,0
230100,2,1,1993,0,0,0,0,0,0,0,0,0,0
230101,0,1,1993,16,16,16,16,16,16,16,16,16,16
230101,1,1,1993,0,0,0,0,0,0,0,0,0,0
230102,1,1,1993,0,0,0,0,0,0,0,0,0,0
230102,2,1,1993,0,0,0,0,0,0,0,0,0,0
230103,0,1,1993,0,0,0,0,0,0,0,0,0,0
230103,1,1,1993,14,14,14,14,14,14,14,14,14,14
230104,1,1,1993,0,0,0,0,0,0,0,0,0,0
230105,1,1,1993,18,18,18,18,18,18,18,18,18,18
230106,1,1,1993,0,0,0,0,0,0,0,0,0,0
230107,1,1,1993,14,14,14,14,14,14,14,14,14,14
230108,0,1,1993,0,0,0,0,0,0,0,0,0,0
230108,1,1,1993,1,1,1,1,1,1,1,1,1,1
230109,1,1,1993,0,0,0,0,0,0,0,0,0,0
230110,1,1,1993,16,16,16,16,16,16,16,16,16,16
230111,1,1,1993,0,21,0,0,0,0,0,9,13,0
230112,1,1,1993,0,0,0,0,0,0,0,0,0,0
230112,2,1,1993,0,0,0,0,0,0,0,0,0,0
230113,1,1,1993,24,24,24,24,24,24,24,24,24,24
230114,1,1,1993,0,0,0,0,0,0,0,0,0,0
230115,0,1,1993,0,0,0,0,0,0,0,0,0,0
230115,1,1,1993,0,0,0,0,0,0,0,0,0,0
230116,1,1,1993,15,15,15,15,15,15,15,15,15,15
230117,1,1,1993,0,0,0,0,0,0,0,0,0,0
230118,1,1,1993,0,0,0,0,0,0,0,0,0,0
230119,1,1,1993,0,0,0,0,0,0,0,0,0,0
230120,1,1,1993,11,0,0,0,0,0,0,0,0,0
230121,1,1,1993,16,16,16,16,16,16,16,16,16,16
230122,1,1,1993,29,29,29,29,29,29,29,29,29,29
230123,1,1,1993,19,19,19,19,19,19,19,19,19,19
230123,2,1,1993,0,0,0,0,0,0,0,0,0,0
230124,1,1,1993,0,0,0,0,0,0,0,0,0,0
230124,2,1,1993,0,0,0,0,0,0,0,0,0,0
230125,1,1,1993,0,0,0,0,0,0,0,0,0,0
230125,2,1,1993,0,0,0,0,0,0,0,0,0,0
230126,1,1,1993,16,16,16,16,16,16,16,16,16,16
230127,1,1,1993,0,0,0,0,0,0,0,0,0,0
230128,1,1,1993,23,23,23,23,23,23,23,23,23,23
230129,1,1,1993,2,0,0,0,0,0,0,0,0,0
230129,2,1,1993,0,0,0,0,0,0,0,0,0,0
230130,1,1,1993,0,0,0,0,0,0,0,0,0,0
230130,2,1,1993,0,0,0,0,0,0,0,0,0,0
230131,1,1,1993,0,0,0,0,0,0,0,0,0,0
230132,0,1,1993,0,0,0,0,0,0,0,0,0,0
230132,1,1,1993,0,0,0,0,0,0,0,0,0,0
230133,1,1,1993,10,15,27,23,27,16,23,25,8,10
230134,1,1,1993,12,11,20,20,10,9,19,12,2,4
230135,1,1,1993,0,0,0,0,0,0,0,0,0,0
230136,1,1,1993,17,17,17,17,17,17,17,17,17,17
230137,1,1,1993,0,0,0,0,0,0,0,0,0,0
230138,1,1,1993,0,0,0,0,0,0,0,0,0,0
230139,1,1,1993,18,18,18,18,18,18,18,18,18,18
230139,2,1,1993,0,0,0,0,0,0,0,0,0,0
230139,3,1,1993,0,0,0,0,0,0,0,0,0,0
230141,1,1,1993,0,0,0,0,0,0,0,0,0,0
230141,2,1,1993,0,0,0,0,0,0,0,0,0,0
230142,0,1,1993,18,0,0,0,0,0,0,0,14,0
230142,1,1,1993,0,0,0,0,0,0,0,0,0,0
230143,1,1,1993,0,0,0,0,0,0,0,0,0,0
230144,0,1,1993,27,0,0,10,6,12,25,23,27,16
230144,1,1,1993,7,7,7,7,7,7,7,7,7,7
230145,1,1,1993,14,14,14,14,14,14,14,14,14,14
230146,1,1,1993,28,28,28,28,28,28,28,28,28,28
230146,2,1,1993,0,0,0,0,0,0,0,0,0,0
230147,1,1,1993,0,0,0,0,0,0,0,0,0,0
230147,2,1,1993,0,0,0,0,0,0,0,0,0,0
230148,1,1,1993,7,7,7,7,7,7,7,7,7,7
230148,2,1,1993,1,1,1,1,1,1,1,1,1,1
230148,3,1,1993,0,0,0,0,0,0,0,0,0,0
230149,1,1,1993,18,18,18,18,18,18,18,18,18,18
230150,1,1,1993,14,14,14,14,14,14,14,14,14,14
230151,0,1,1993,0,0,16,0,0,0,0,0,21,0
230151,1,1,1993,0,0,0,0,0,0,0,0,0,0
230152,1,1,1993,0,0,0,0,0,0,0,0,0,0
230152,2,1,1993,0,0,0,0,0,0,0,0,0,0
230153,1,1,1993,0,0,0,0,0,0,0,0,0,0
230154,0,1,1993,0,0,12,0,0,0,0,0,0,0
230154,1,1,1993,0,0,0,0,0,0,0,0,0,0
230155,1,1,1993,0,0,0,0,0,0,0,0,0,0
230156,1,1,1993,0,7,0,0,0,0,0,0,0,0
230156,2,1,1993,0,0,0,0,0,0,0,0,0,0
230157,1,1,1993,0,0,0,0,0,0,0,0,0,0
230157,2,1,1993,0,0,0,0,0,0,0,0,0,0
230158,0,1,1993,0,0,0,0,0,0,0,0,0,0
230158,1,1,1993,0,0,0,0,0,0,0,0,0,0
230159,1,1,1993,7,23,16,29,17,23,9,17,21,27
230160,1,1,1993,0,0,0,0,0,0,0,0,0,0
230161,1,1,1993,0,0,0,0,0,0,0,0,0,0
230162,1,1,1993,0,0,0,0,0,0,0,0,0,0
230162,2,1,1993,0,0,0,0,0,0,0,0,0,0
230162,3,1,1993,0,0,0,0,0,0,0,0,0,0
230163,1,1,1993,21,21,21,21,21,21,21,21,21,21
230164,1,1,1993,25,25,25,25,25,25,25,25,25,25
230165,0,1,1993,0,0,0,0,0,0,0,0,0,0
230165,1,1,1993,0,0,0,0,0,0,0,0,0,0
230166,1,1,1993,0,0,0,0,0,0,0,0,0,0
230166,2,1,1993,0,0,0,0,0,0,0,4,0,0
230167,1,1,1993,0,0,0,0,0,0,0,0,0,0
230168,1,1,1993,0,0,0,0,0,3,0,0,0,0
230169,0,1,1993,18,18,18,18,18,18,18,18,18,18
230169,1,1,1993,0,0,0,0,0,0,0,0,0,0
230170,1,1,1993,0,0,0,0,0,0,0,0,0,0
230170,2,1,1993,0,0,0,0,0,0,0,0,0,0
230170,3,1,1993,0,0,0,0,0,0,0,0,0,0
230171,1,1,1993,0,0,0,0,0,0,0,0,0,0
230171,2,1,1993,0,0,0,0,0,0,0,0,0,0
230172,1,1,1993,0,0,0,0,0,0,0,0,0,0
230172,2,1,1993,0,0,0,0,0,0,0,0,0,0
230172,3,1,1993,0,0,0,0,0,0,0,0,0,0
240001,1,1,1993,0,0,0,0,0,0,0,0,0,0
240001,2,1,1993,0,0,0,0,0,0,0,0,0,0
240002,1,1,1993,0,0,0,0,0,0,0,0,0,0
240003,1,1,1993,6,24,18,18,9,14,8,28,26,16
240004,0,1,1993,22,20,14,0,12,29,21,0,0,20
240004,0,2,1993,26,44,21,25,7,23,26,9,20,19
240004,0,3,1993,10,10,10,10,10,10,10,10,10,10
240004,1,1,1993,19,19,19,19,19,19,19,19,19,19
240006,1,1,1993,0,0,0,0,0,0,0,0,0,0
240006,2,1,1993,0,0,0,0,0,0,0,0,0,0
240007,1,1,1993,0,0,0,0,0,0,0,0,0,0
240008,1,1,1993,0,0,0,0,11,0,0,0,0,23
240009,1,1,1993,9,9,9,9,9,9,9,9,9,9
240010,1,1,1993,0,0,0,0,0,0,0,0,0,0
240010,2,1,1993,0,0,0,0,0,0,0,0,0,0
240011,1,1,1993,0,2,0,0,0,0,0,0,0,0
240011,2,1,1993,0,0,0,0,0,0,0,0,0,0
240012,0,1,1993,0,0,0,0,0,0,0,0,0,0
240012,1,1,1993,0,0,0,0,0,0,0,0,0,0
240013,1,1,1993,0,0,0,0,0,0,0,0,0,0
240014,1,1,1993,0,0,0,0,0,0,0,0,0,0
240014,2,1,1993,4,4,4,4,4,4,4,4,4,4
240015,1,1,1993,0,0,0,0,0,0,0,0,0,0
240016,1,1,1993,0,0,0,0,0,0,0,0,0,0
240017,1,1,1993,0,0,0,0,0,6,0,0,0,0
240017,2,1,1993,21,21,21,21,21,21,21,21,21,21
240018,1,1,1993,0,0,0,0,0,0,0,0,0,0
240018,2,1,1993,0,0,0,0,0,0,0,0,0,0
240019,1,1,1993,0,0,0,0,0,0,0,0,0,0
240020,1,1,1993,0,0,0,0,0,0,0,0,0,0
240020,2,1,1993,0,0,0,0,0,0,0,0,0,0
240021,1,1,1993,0,0,0,0,0,0,0,0,0,0
240022,1,1,1993,0,0,0,0,0,0,0,0,0,0
240022,2,1,1993,0,0,0,0,0,0,0,0,0,0
240023,0,1,1993,0,0,0,0,0,0,0,0,0,0
240023,1,1,1993,0,0,0,0,0,0,0,0,0,0
240024,0,1,1993,13,0,23,16,18,0,35,16,16,15
240024,1,1,1993,0,0,0,0,0,0,0,10,0,0
240025,1,1,1993,0,0,0,0,0,0,0,0,0,0
240025,2,1,1993,0,0,0,0,15,0,0,0,0,3
240026,1,1,1993,0,0,0,0,0,0,0,0,0,0
240026,2,1,1993,0,0,0,0,0,0,0,0,0,0
240026,3,1,1993,0,0,0,0,0,0,0,0,0,0
240027,1,1,1993,21,21,21,21,21,21,21,21,21,21
240028,1,1,1993,6,6,6,6,6,6,6,6,6,6
240029,1,1,1993,15,15,15,15,15,15,15,15,15,15
240030,1,1,1993,0,0,0,0,0,0,0,0,0,0
240030,2,1,1993,0,0,0,0,0,0,0,0,0,0
240031,1,1,1993,0,0,0,0,0,0,0,0,0,0
240031,2,1,1993,0,0,0,0,0,0,0,0,0,0
240032,1,1,1993,0,0,0,0,0,0,0,0,0,0
240032,2,1,1993,0,0,0,0,0,0,0,0,0,0
240033,1,1,1993,0,0,0,0,0,0,0,0,0,0
240034,0,1,1993,0,0,0,0,0,0,0,0,0,0
240034,1,1,1993,0,0,0,0,0,0,0,0,0,0