ST_CASE,VEH_NO,PER_NO,YEAR,P1,P2,P3,P4,P5,P6,P7,P8,P9,P10
240035,1,1,1993,0,0,0,0,0,0,0,0,0,0
240036,1,1,1993,19,19,19,19,19,19,19,19,19,19
240037,1,1,1993,0,0,0,0,0,0,0,0,0,0
240038,0,1,1993,0,0,0,0,0,0,0,0,0,0
240038,1,1,1993,0,0,0,0,0,0,0,0,0,0
240039,1,1,1993,18,23,15,16,26,22,19,10,0,16
240040,1,1,1993,0,0,0,0,0,0,0,0,9,0
240040,2,1,1993,0,0,0,0,0,0,0,0,0,0
240041,1,1,1993,22,22,22,22,22,22,22,22,22,22
240042,1,1,1993,9,9,9,9,9,9,9,9,9,9
240042,2,1,1993,0,0,0,0,0,0,0,0,0,0
240043,0,1,1993,0,0,0,0,0,0,0,0,0,0
240043,1,1,1993,0,0,0,0,0,0,0,0,0,0
240045,1,1,1993,0,0,0,0,0,0,0,0,0,0
240046,1,1,1993,0,0,6,0,0,16,0,0,0,0
240046,2,1,1993,0,0,0,0,0,0,0,0,0,0
240047,0,1,1993,31,31,31,31,31,31,31,31,31,31
240047,1,1,1993,13,13,13,13,13,13,13,13,13,13
240048,1,1,1993,1,1,1,1,1,1,1,1,1,1
240049,1,1,1993,0,0,0,0,0,0,0,0,0,0
240050,1,1,1993,20,20,20,20,20,20,20,20,20,20
240051,1,1,1993,11,11,11,11,11,11,11,11,11,11
240053,1,1,1993,0,0,0,0,0,0,0,0,0,0
240053,2,1,1993,0,0,0,0,0,0,0,0,0,0
240054,1,1,1993,0,0,0,0,0,0,0,0,0,0
240054,2,1,1993,11,11,11,11,11,11,11,11,11,11
240055,1,1,1993,0,0,0,0,0,0,0,0,0,0
240055,2,1,1993,0,0,0,0,0,0,0,5,0,0
240056,0,1,1993,19,19,19,19,19,19,19,19,19,19
240056,1,1,1993,18,0,0,12,16,22,5,0,0,9
240058,1,1,1993,0,0,0,0,0,0,0,0,0,0
240058,2,1,1993,11,11,11,11,11,11,11,11,11,11
240059,1,1,1993,0,0,0,0,0,9,0,0,0,0
240060,1,1,1993,0,0,0,0,0,0,0,0,0,0
240061,0,1,1993,0,0,0,0,29,0,0,0,0,0
240061,1,1,1993,0,0,0,0,0,0,0,0,0,0
240062,1,1,1993,0,0,0,0,0,0,0,0,0,0
240062,2,1,1993,0,0,0,0,0,0,0,0,0,0
240063,1,1,1993,0,0,0,0,0,0,0,0,0,0
240063,2,1,1993,0,0,9,0,0,0,0,0,0,0
240064,1,1,1993,16,33,0,0,0,15,0,22,16,0
240065,1,1,1993,21,21,21,21,21,21,21,21,21,21
240065,2,1,1993,0,0,0,0,0,0,0,0,0,0
240065,3,1,1993,0,0,0,22,0,0,0,0,0,0
240066,0,1,1993,23,23,23,23,23,23,23,23,23,23
240066,1,1,1993,0,0,0,0,0,0,0,0,0,0
240067,0,1,1993,0,0,0,0,0,0,0,0,39,17
240067,1,1,1993,0,0,0,0,0,0,0,0,0,0
240068,1,1,1993,0,0,0,0,0,0,0,0,0,0
240068,2,1,1993,0,0,0,0,0,0,0,0,0,0
240069,0,1,1993,12,12,12,12,12,12,12,12,12,12
240069,1,1,1993,0,0,0,0,0,0,0,0,0,0
240071,1,1,1993,16,16,16,16,16,16,16,16,16,16
240072,1,1,1993,0,17,0,0,0,0,6,0,4,0
240073,1,1,1993,0,0,0,0,0,1,0,0,0,0
240073,2,1,1993,0,0,30,0,0,0,0,0,0,0
240074,1,1,1993,26,26,26,26,26,26,26,26,26,26
240075,1,1,1993,1,1,1,1,1,1,1,1,1,1
240075,2,1,1993,0,0,0,0,0,0,0,0,0,0
240076,0,1,1993,0,0,0,0,0,0,0,0,0,0
240076,1,1,1993,0,0,0,0,0,0,0,0,0,0
240077,1,1,1993,0,0,0,0,0,0,0,0,0,0
240077,2,1,1993,0,0,0,0,0,0,0,0,0,0
240077,3,1,1993,0,0,0,0,0,0,0,0,0,0
240078,1,1,1993,0,0,0,0,0,0,4,0,0,0
240079,1,1,1993,16,16,16,16,16,16,16,16,16,16
240079,2,1,1993,0,0,0,0,0,0,0,0,0,12
240080,0,1,1993,0,0,0,0,0,0,0,0,0,0
240080,1,1,1993,0,0,0,0,0,0,0,0,0,0
240081,1,1,1993,15,15,15,15,15,15,15,15,15,15
240081,2,1,1993,0,0,0,0,0,0,0,0,0,5
240082,1,1,1993,15,15,15,15,15,15,15,15,15,15
240083,1,1,1993,0,0,0,0,0,0,0,0,0,0
240083,2,1,1993,1,1,1,1,1,1,1,1,1,1
240084,1,1,1993,0,0,0,0,0,0,0,0,0,0
240084,2,1,1993,0,0,0,0,0,0,0,0,0,0
240085,1,1,1993,0,0,0,0,0,0,0,0,0,0
240086,1,1,1993,23,23,23,23,23,23,23,23,23,23
240087,0,1,1993,0,0,0,0,0,0,0,20,0,0
240087,1,1,1993,0,0,0,0,0,0,0,0,0,0
240088,1,1,1993,0,0,0,0,0,0,0,0,0,0
240089,1,1,1993,15,15,15,15,15,15,15,15,15,15
240089,2,1,1993,0,0,0,0,0,0,0,0,0,0
240090,0,1,1993,18,18,18,18,18,18,18,18,18,18
240090,1,1,1993,0,0,0,0,0,0,0,0,0,0
240090,2,1,1993,0,0,0,0,0,0,0,0,0,0
240091,0,1,1993,9,9,9,9,9,9,9,9,9,9
240091,1,1,1993,14,0,8,10,0,25,15,0,11,9
240092,1,1,1993,0,0,0,0,16,0,0,0,0,0
240093,1,1,1993,27,27,27,27,27,27,27,27,27,27
240093,2,1,1993,0,0,0,0,0,0,0,0,0,0
240094,1,1,1993,0,0,0,0,0,0,0,0,0,0
240094,2,1,1993,0,0,0,0,0,0,0,0,0,0
240096,1,1,1993,0,0,0,0,0,0,0,0,0,0
240096,2,1,1993,0,0,0,0,0,0,0,0,0,0
240097,1,1,1993,0,0,0,0,0,0,0,0,0,0
240097,2,1,1993,0,0,0,0,0,0,0,0,0,0
240098,1,1,1993,0,0,0,0,0,0,0,0,0,0
240099,1,1,1993,0,0,0,0,0,0,0,0,0,0
240100,1,1,1993,0,0,0,0,0,0,0,0,0,0
240100,2,1,1993,0,0,0,0,0,0,0,0,0,0
240101,1,1,1993,0,0,0,0,0,0,0,0,0,0
240101,2,1,1993,0,0,0,0,0,0,0,0,0,0
240102,1,1,1993,0,0,0,0,0,0,0,0,0,0
240103,1,1,1993,0,0,0,0,0,0,0,0,0,0
240103,2,1,1993,0,0,0,0,0,0,0,0,0,0
240104,1,1,1993,0,0,0,0,0,0,0,0,0,0
240105,1,1,1993,0,0,0,0,0,0,0,0,0,0
240105,2,1,1993,0,0,0,0,0,0,0,0,0,0
240106,1,1,1993,0,10,10,0,0,9,13,0,15,7
240107,1,1,1993,0,0,0,0,0,0,0,0,0,0
240107,2,1,1993,0,0,0,0,0,0,0,0,0,0
240108,1,1,1993,0,0,0,0,0,0,0,0,0,0
240108,2,1,1993,0,0,0,0,0,8,0,0,0,0
240109,1,1,1993,16,0,0,0,0,0,10,0,0,0
240110,0,1,1993,23,23,23,23,23,23,23,23,23,23
240110,1,1,1993,0,0,0,0,21,0,14,0,0,16
240111,1,1,1993,0,0,0,0,0,0,0,0,0,0
240112,1,1,1993,0,0,0,0,0,0,0,0,0,0
240112,2,1,1993,0,0,0,0,0,0,0,0,0,0
240113,1,1,1993,0,0,0,0,0,0,0,0,0,0
240114,1,1,1993,19,19,19,19,19,19,19,19,19,19
240115,1,1,1993,22,22,22,22,22,22,22,22,22,22
240116,1,1,1993,37,37,37,37,37,37,37,37,37,37
240117,1,1,1993,0,0,0,0,0,0,0,0,0,0
240117,2,1,1993,0,0,0,0,0,0,0,0,0,0
240118,1,1,1993,0,0,0,0,0,0,0,0,0,0
240118,2,1,1993,0,25,0,0,0,0,0,0,0,0
240119,1,1,1993,0,0,0,0,0,0,0,0,0,0
240120,1,1,1993,0,0,0,0,0,0,0,0,0,0
240120,2,1,1993,0,0,0,0,0,0,0,0,0,0
240121,1,1,1993,0,0,0,0,0,0,5,0,0,0
240121,2,1,1993,0,0,0,0,0,0,0,0,0,0
240122,1,1,1993,0,0,0,8,0,0,0,0,0,15
240122,2,1,1993,0,0,0,0,0,0,0,0,0,0
240123,0,1,1993,0,0,0,0,0,0,0,0,0,0
240123,1,1,1993,0,0,0,0,0,0,0,0,0,0
240124,0,1,1993,0,0,0,0,0,0,0,0,0,31
240124,1,1,1993,0,0,0,0,0,0,0,0,0,0
240125,1,1,1993,0,0,0,0,0,0,0,0,0,0
240126,1,1,1993,0,0,0,0,0,0,0,0,0,0
240126,2,1,1993,0,0,0,0,0,0,0,0,0,0
240127,1,1,1993,0,0,0,0,0,0,0,0,0,0
240127,2,1,1993,0,0,0,0,0,0,0,0,0,0
240128,1,1,1993,0,0,0,0,0,0,0,0,0,0
240129,1,1,1993,0,0,0,0,0,0,0,0,0,0
240129,2,1,1993,1,1,1,1,1,1,1,1,1,1
240130,1,1,1993,0,0,0,0,0,0,0,0,0,0
240130,2,1,1993,0,0,0,0,0,0,0,0,0,0
240131,1,1,1993,0,0,0,0,0,0,0,0,0,0
240131,2,1,1993,0,0,0,0,0,0,0,0,0,0
240132,1,1,1993,22,22,22,22,22,22,22,22,22,22
240133,1,1,1993,3,3,3,3,3,3,3,3,3,3
240134,1,1,1993,24,10,28,15,0,0,0,0,0,0
240135,1,1,1993,2,0,0,0,0,0,0,8,0,0
240135,2,1,1993,0,7,0,0,0,0,0,0,0,0
240136,1,1,1993,23,23,23,23,23,23,23,23,23,23
240137,0,1,1993,0,0,0,0,0,0,0,0,0,0
240137,1,1,1993,0,0,0,0,0,0,0,0,0,0
240138,1,1,1993,0,0,0,0,0,0,0,0,0,0
240138,2,1,1993,0,0,0,0,0,0,0,0,0,0
240139,1,1,1993,0,0,0,0,0,0,0,0,0,0
240139,2,1,1993,0,0,0,0,0,0,0,0,0,0
240140,1,1,1993,0,0,0,0,0,0,0,0,0,0
240140,2,1,1993,0,0,0,0,0,0,0,0,0,0
240141,1,1,1993,11,11,11,11,11,11,11,11,11,11
240142,1,1,1993,0,0,0,0,0,0,0,4,0,0
240143,1,1,1993,0,0,0,0,0,0,0,0,0,0
240144,1,1,1993,0,0,0,0,0,0,0,0,0,0
240144,2,1,1993,0,0,0,0,0,0,0,0,0,0
240146,0,1,1993,0,0,0,0,0,0,0,0,0,0
240146,1,1,1993,14,14,14,14,14,14,14,14,14,14
240147,0,1,1993,0,0,0,0,0,0,0,0,0,0
240147,1,1,1993,0,0,0,0,0,0,0,0,0,0
240148,0,1,1993,4,4,4,4,4,4,4,4,4,4
240148,1,1,1993,0,0,0,0,0,0,0,0,0,0
240150,0,1,1993,19,19,19,19,19,19,19,19,19,19
240150,1,1,1993,0,0,11,0,0,0,0,0,0,0
240151,0,1,1993,0,0,0,0,0,0,0,0,0,0
240151,1,1,1993,0,0,0,0,0,0,0,0,0,0
240152,0,1,1993,0,0,0,0,0,0,0,0,0,0
240152,1,1,1993,0,0,0,0,0,0,0,0,0,0
240154,0,1,1993,0,0,0,0,0,0,0,0,0,0
240154,0,2,1993,17,17,18,0,29,0,21,19,20,31
240154,0,3,1993,0,24,16,19,20,4,0,8,15,0
240154,0,4,1993,14,38,12,10,0,17,0,0,0,23
240154,0,5,1993,0,16,32,9,16,23,18,0,35,20
240154,1,1,1993,23,12,11,0,0,0,11,0,0,22
240154,2,1,1993,0,0,0,0,0,0,0,0,0,0
240155,0,1,1993,0,0,0,0,0,0,0,0,0,0
240155,1,1,1993,0,0,0,0,0,0,0,0,0,0
240156,0,1,1993,0,0,0,0,0,0,0,0,0,0
240156,1,1,1993,32,0,11,0,0,16,8,0,0,7
240157,0,1,1993,23,23,23,23,23,23,23,23,23,23
240157,1,1,1993,0,0,0,0,0,0,0,0,0,0
240158,0,1,1993,0,0,0,0,0,0,0,0,0,0
240158,1,1,1993,0,0,0,0,0,0,0,0,0,0
240159,0,1,1993,13,13,13,13,13,13,13,13,13,13
240159,1,1,1993,0,0,0,0,0,0,0,0,0,0
240160,0,1,1993,0,0,0,0,0,0,0,0,0,0
240160,1,1,1993,0,0,0,0,0,0,0,0,0,0
240161,1,1,1993,0,0,0,0,0,0,0,0,0,0
240161,2,1,1993,0,0,0,0,0,0,0,0,0,0
240162,1,1,1993,0,0,0,17,2,0,0,0,11,0
240163,1,1,1993,37,37,37,37,37,37,37,37,37,37
240164,0,1,1993,0,0,0,0,0,0,0,0,0,0
240164,1,1,1993,0,0,0,0,0,0,0,0,0,0
240166,1,1,1993,12,12,12,12,12,12,12,12,12,12
240166,2,1,1993,0,0,0,0,0,0,0,0,0,0
240167,1,1,1993,0,0,0,5,0,0,0,0,0,0
240167,2,1,1993,0,0,0,0,0,0,0,0,0,0
240168,1,1,1993,0,0,0,0,0,0,0,0,0,0
240168,2,1,1993,0,0,0,0,0,0,0,0,0,0
240169,1,1,1993,0,0,0,0,0,0,0,9,0,0
240170,1,1,1993,2,2,2,2,2,2,2,2,2,2
240170,2,1,1993,0,0,0,0,0,0,0,0,0,0
240171,1,1,1993,0,0,0,0,0,0,0,0,0,0
240171,2,1,1993,0,0,0,0,0,0,0,0,0,0
240173,1,1,1993,0,0,0,0,0,0,0,0,0,0
240173,2,1,1993,0,0,0,0,0,0,0,0,0,0
240174,1,1,1993,0,0,0,0,0,0,0,0,0,0
240175,1,1,1993,32,32,32,32,32,32,32,32,32,32
240176,1,1,1993,0,2,0,0,0,0,0,0,0,0
240177,1,1,1993,0,0,0,0,0,0,0,0,0,0
240177,2,1,1993,0,0,0,0,0,0,0,0,0,0
240178,1,1,1993,30,30,30,30,30,30,30,30,30,30
240178,2,1,1993,0,0,0,0,0,0,0,0,0,0
240180,1,1,1993,0,0,0,0,0,0,0,0,0,0
240180,2,1,1993,0,0,0,0,0,0,0,0,0,0
240181,1,1,1993,7,0,0,0,5,0,0,0,0,0
240182,1,1,1993,0,7,0,0,0,0,0,0,0,9
240183,0,1,1993,0,0,0,0,0,0,0,0,0,0
240183,1,1,1993,0,0,0,0,0,0,0,0,0,0
240184,0,1,1993,0,0,0,0,0,0,0,0,0,0
240184,1,1,1993,0,0,0,0,0,0,0,0,0,0
240185,1,1,1993,0,0,0,0,0,0,0,0,0,0
240185,2,1,1993,0,0,0,0,0,0,0,0,0,0
240186,1,1,1993,0,0,0,0,0,0,0,0,0,0
240186,2,1,1993,0,0,0,0,0,0,0,0,0,0
240187,1,1,1993,0,0,0,0,0,0,0,0,0,0
240187,2,1,1993,0,0,0,0,0,0,0,0,0,0
240188,1,1,1993,0,0,0,0,0,0,0,0,0,0
240188,2,1,1993,0,0,0,0,0,0,0,0,0,0
240189,1,1,1993,0,0,0,0,0,0,0,0,0,33
240190,1,1,1993,0,0,0,0,0,0,0,0,0,0
240190,2,1,1993,0,0,0,0,0,0,0,3,0,0
240191,1,1,1993,7,7,7,7,7,7,7,7,7,7
240192,1,1,1993,0,0,0,0,0,0,0,0,0,0
240192,2,1,1993,0,0,0,0,0,0,0,0,0,0
240194,1,1,1993,0,0,0,0,0,0,0,0,0,0
240195,0,1,1993,15,15,15,15,15,15,15,15,15,15
240195,1,1,1993,0,0,14,0,19,0,0,0,0,0
240196,1,1,1993,0,0,0,0,0,15,0,0,0,10
240196,2,1,1993,3,0,0,0,2,23,0,0,0,0
240197,1,1,1993,0,0,0,0,0,0,0,0,0,0
240198,1,1,1993,0,0,0,0,0,0,0,0,0,0
240200,1,1,1993,9,9,9,9,9,9,9,9,9,9
240201,1,1,1993,16,16,16,16,16,16,16,16,16,16
240202,1,1,1993,0,0,0,0,0,0,0,0,0,0
240203,0,1,1993,0,0,0,0,0,0,0,0,0,0
240203,1,1,1993,0,0,0,0,0,0,0,0,0,0
240204,1,1,1993,0,0,0,0,0,0,0,0,0,0
240205,1,1,1993,8,8,8,8,8,8,8,8,8,8
240206,0,1,1993,0,0,0,0,0,0,0,0,0,0
240206,1,1,1993,0,0,0,0,0,0,0,0,0,0
240207,1,1,1993,0,0,0,0,0,0,0,0,0,0
240207,2,1,1993,0,0,0,0,0,0,0,0,0,0
240208,1,1,1993,28,28,28,28,28,28,28,28,28,28
240209,1,1,1993,0,0,0,0,0,15,0,0,0,0
240209,2,1,1993,0,0,0,0,0,0,0,0,0,0
240210,1,1,1993,10,10,10,10,10,10,10,10,10,10
240211,0,1,1993,0,0,0,0,0,0,0,0,5,0
240211,1,1,1993,0,0,0,0,4,0,0,0,0,0
240212,1,1,1993,0,0,11,0,14,10,0,19,18,0
240213,1,1,1993,0,0,0,0,0,0,0,0,0,0
240213,2,1,1993,0,0,0,0,0,0,0,0,0,0
240214,1,1,1993,0,0,0,0,0,0,0,0,0,0
240215,1,1,1993,1,1,1,1,1,1,1,1,1,1
240216,1,1,1993,20,20,20,20,20,20,20,20,20,20
240217,1,1,1993,0,0,0,0,0,0,0,0,0,0
240218,0,1,1993,8,8,8,8,8,8,8,8,8,8
240218,1,1,1993,0,0,0,0,0,0,0,0,0,0
240219,1,1,1993,0,0,0,0,0,0,0,0,0,0
240220,1,1,1993,0,0,0,0,0,0,0,15,0,0
240220,2,1,1993,0,0,9,0,0,0,0,0,0,0
240221,1,1,1993,0,0,0,0,0,0,0,0,0,0
240221,2,1,1993,0,0,0,0,0,0,0,0,0,0
240222,1,1,1993,0,0,0,0,0,0,0,0,0,0
240223,1,1,1993,14,14,14,14,14,14,14,14,14,14
240224,1,1,1993,0,31,14,0,0,0,0,0,0,0
240225,1,1,1993,8,0,0,0,0,0,0,16,0,0
240226,1,1,1993,0,0,0,0,0,0,0,0,0,0
240227,1,1,1993,0,0,0,0,0,0,0,0,0,0
240228,1,1,1993,0,0,0,0,0,0,0,0,0,0
240228,2,1,1993,0,0,0,0,0,0,0,0,0,0
240229,0,1,1993,0,0,0,0,0,0,0,0,0,0
240229,1,1,1993,0,0,0,0,0,0,0,0,0,0
240230,1,1,1993,0,0,0,0,0,0,0,0,0,0
240231,1,1,1993,0,0,0,0,0,0,0,0,0,0
240231,2,1,1993,0,0,0,0,0,0,0,0,0,0
240232,1,1,1993,0,0,0,0,0,0,0,0,0,0
240232,2,1,1993,2,2,2,2,2,2,2,2,2,2
240233,1,1,1993,27,0,9,14,0,0,0,13,0,0
240234,1,1,1993,12,12,12,12,12,12,12,12,12,12
240235,0,1,1993,16,16,16,16,16,16,16,16,16,16
240235,1,1,1993,0,0,8,0,0,11,0,0,0,0
240236,1,1,1993,1,1,1,1,1,1,1,1,1,1
240237,1,1,1993,21,0,0,0,0,20,0,0,0,0
240237,2,1,1993,0,0,27,6,0,0,0,0,0,0
240238,0,1,1993,0,0,0,26,25,0,16,24,0,19
240238,1,1,1993,0,15,0,0,0,0,0,12,0,0
240239,1,1,1993,0,0,0,0,0,0,0,0,0,0
240239,2,1,1993,0,0,0,0,0,0,0,0,0,0
240240,1,1,1993,0,0,0,0,0,0,0,0,0,0
240240,2,1,1993,0,0,0,0,0,0,0,0,0,0
240241,0,1,1993,0,4,0,0,0,19,0,0,0,0
240241,1,1,1993,0,0,0,0,0,0,0,0,0,0
240242,0,1,1993,0,0,0,0,0,0,0,0,0,0
240242,1,1,1993,0,0,0,0,0,0,0,0,0,0
240244,0,1,1993,0,0,0,0,0,0,0,0,0,0
240244,1,1,1993,0,0,0,0,0,0,0,0,0,0
240245,0,1,1993,0,0,0,0,0,0,0,0,0,0
240245,1,1,1993,0,0,0,0,0,0,0,0,0,0
240246,1,1,1993,19,19,19,19,19,19,19,19,19,19
240246,2,1,1993,0,0,0,0,0,0,0,0,0,0
240247,1,1,1993,0,0,0,0,0,0,0,0,0,0
240247,2,1,1993,0,0,0,0,0,0,0,0,0,0
240248,1,1,1993,0,0,0,0,0,0,0,0,0,0
240249,1,1,1993,0,0,0,0,0,0,0,0,0,0
240249,2,1,1993,0,0,0,0,0,0,0,0,0,0
240250,1,1,1993,0,0,0,0,0,0,0,0,0,0
240251,1,1,1993,8,8,8,8,8,8,8,8,8,8
240253,0,1,1993,18,18,18,18,18,18,18,18,18,18
240253,1,1,1993,0,0,0,0,0,0,0,0,0,0
240254,1,1,1993,0,0,0,0,0,0,0,0,0,0
240254,2,1,1993,0,0,0,0,0,0,0,0,0,0
240255,1,1,1993,0,0,0,0,0,0,0,0,0,0
240256,1,1,1993,0,0,0,0,0,0,0,0,0,0
240256,2,1,1993,0,0,0,0,0,0,0,0,0,0
240257,1,1,1993,0,0,0,0,0,0,0,0,0,0
240257,2,1,1993,0,0,0,0,0,0,0,0,0,0
240258,0,1,1993,0,0,0,0,0,0,0,0,0,0
240258,1,1,1993,4,4,4,4,4,4,4,4,4,4
240259,1,1,1993,0,0,0,0,0,0,0,0,6,0
240259,2,1,1993,0,0,0,0,0,0,0,0,0,0
240260,1,1,1993,12,12,12,12,12,12,12,12,12,12
240260,2,1,1993,0,0,0,0,0,0,17,0,0,0
240261,1,1,1993,0,0,0,0,0,0,0,0,0,0
240262,0,1,1993,5,5,5,5,5,5,5,5,5,5
240262,1,1,1993,0,13,0,0,0,0,0,0,0,0
240263,0,1,1993,0,14,0,0,5,26,0,0,0,0
240263,1,1,1993,7,0,0,0,0,0,0,0,0,26
240264,1,1,1993,0,0,0,0,0,0,0,0,0,0
240265,1,1,1993,16,7,9,0,0,0,0,0,0,0
240265,2,1,1993,21,21,21,21,21,21,21,21,21,21
240266,1,1,1993,0,0,0,0,0,0,0,0,0,0
240266,2,1,1993,0,0,0,0,0,0,0,0,0,0
240267,1,1,1993,17,17,17,17,17,17,17,17,17,17
240268,1,1,1993,0,0,0,0,0,0,0,0,0,0
240269,1,1,1993,0,0,0,0,0,0,0,0,0,0
240269,2,1,1993,0,0,0,0,0,0,0,0,0,0
240270,0,1,1993,0,0,21,0,0,0,0,0,0,0
240270,1,1,1993,0,0,0,0,0,0,0,0,0,0
240271,1,1,1993,0,0,0,0,23,0,0,0,0,0
240271,2,1,1993,0,0,0,0,0,0,0,0,0,0
240272,1,1,1993,0,0,0,0,0,0,0,0,0,0
240273,0,1,1993,34,34,34,34,34,34,34,34,34,34
240273,1,1,1993,0,0,0,0,0,7,0,0,0,0
240274,0,1,1993,0,0,0,0,0,0,0,0,0,0
240274,1,1,1993,0,0,0,0,0,0,0,0,0,0
240275,1,1,1993,0,0,0,0,0,0,0,0,0,0
240275,2,1,1993,0,0,0,0,0,0,0,0,0,0
240276,1,1,1993,0,0,0,0,0,0,0,0,0,0
240276,2,1,1993,0,0,0,0,0,4,0,0,0,0
240277,1,1,1993,17,0,13,0,0,17,13,24,0,0
240278,1,1,1993,0,0,0,0,0,0,0,0,0,0
240278,2,1,1993,0,0,0,0,0,0,0,0,0,0
240279,1,1,1993,0,0,0,0,0,0,0,0,0,0
240279,2,1,1993,0,0,0,0,0,0,0,0,0,0
240280,0,1,1993,16,16,16,16,16,16,16,16,16,16
240280,1,1,1993,0,0,0,0,0,0,0,12,15,0
240281,0,1,1993,0,0,0,0,0,0,8,7,0,0
240281,1,1,1993,13,13,13,13,13,13,13,13,13,13
240282,1,1,1993,0,0,0,0,0,0,0,0,0,0
240283,0,1,1993,19,19,19,19,19,19,19,19,19,19
240283,1,1,1993,0,0,0,0,0,0,0,0,0,0
240284,1,1,1993,25,25,25,25,25,25,25,25,25,25
240285,1,1,1993,21,12,0,0,18,0,11,0,21,0
240287,0,1,1993,17,17,17,17,17,17,17,17,17,17
240287,0,2,1993,4,4,4,4,4,4,4,4,4,4
240287,0,3,1993,30,18,0,17,15,32,31,31,12,0
240287,1,1,1993,22,22,22,22,22,22,22,22,22,22
240288,1,1,1993,0,0,0,0,0,0,0,0,0,0
240288,2,1,1993,0,0,0,0,0,0,0,0,0,0
240289,0,1,1993,23,23,23,23,23,23,23,23,23,23
240289,1,1,1993,0,13,18,0,18,0,12,0,0,0
240291,1,1,1993,16,16,16,16,16,16,16,16,16,16
240292,1,1,1993,15,15,15,15,15,15,15,15,15,15
240293,1,1,1993,0,9,11,0,0,0,0,0,0,0
240294,0,1,1993,19,19,19,19,19,19,19,19,19,19
240294,1,1,1993,0,0,0,0,0,0,0,0,0,0
240295,1,1,1993,0,0,0,0,0,0,0,15,0,0
240296,1,1,1993,0,0,0,0,0,0,0,0,0,0
240297,1,1,1993,0,0,0,0,0,0,0,0,0,0
240297,2,1,1993,0,0,0,0,0,0,0,0,0,0
240298,1,1,1993,0,0,0,0,0,0,0,15,0,0
240298,2,1,1993,0,0,0,0,0,0,0,0,0,0
240299,1,1,1993,10,10,10,10,10,10,10,10,10,10
240300,1,1,1993,0,0,0,0,0,0,0,0,0,0
240301,1,1,1993,0,0,0,0,0,0,0,0,0,0
240301,2,1,1993,0,0,0,0,0,0,0,0,0,0
240303,1,1,1993,0,0,0,0,0,0,0,0,0,0
240303,2,1,1993,3,3,3,3,3,3,3,3,3,3
240304,1,1,1993,0,0,0,0,0,0,0,0,0,0
240304,2,1,1993,0,0,0,0,0,0,0,0,0,0
240305,1,1,1993,0,0,0,0,0,0,0,0,0,0
240306,1,1,1993,6,6,6,6,6,6,6,6,6,6
240306,2,1,1993,0,0,0,0,0,0,0,0,0,0
240307,1,1,1993,0,0,0,0,0,0,0,0,0,0
240307,2,1,1993,0,0,0,0,0,0,0,0,0,0
240308,0,1,1993,0,0,0,0,0,0,0,0,0,0
240308,1,1,1993,0,0,13,10,0,0,14,0,0,0
240310,1,1,1993,0,0,0,0,0,0,0,0,0,0
240311,1,1,1993,12,12,12,12,12,12,12,12,12,12
240312,1,1,1993,0,0,0,0,0,0,0,0,0,0
240313,0,1,1993,0,0,0,0,0,0,0,0,0,0
240313,1,1,1993,0,0,0,0,0,0,0,0,0,0
240314,1,1,1993,15,7,12,12,0,5,17,12,0,15
240315,1,1,1993,0,0,0,0,0,0,0,0,0,0
240316,1,1,1993,0,0,0,4,0,0,0,0,0,0
240318,1,1,1993,8,8,8,8,8,8,8,8,8,8
240319,1,1,1993,13,9,11,0,17,10,27,16,14,9
240320,1,1,1993,0,0,0,0,0,0,12,0,0,0
240320,2,1,1993,12,12,12,12,12,12,12,12,12,12
240321,1,1,1993,0,0,0,0,0,0,0,0,0,0
240321,2,1,1993,0,0,0,0,0,0,0,0,0,0
240322,1,1,1993,0,0,0,0,0,0,0,0,0,0
240322,2,1,1993,0,0,0,0,0,0,0,0,0,0
240324,1,1,1993,0,0,0,0,0,0,0,0,0,0
240326,1,1,1993,0,0,0,0,0,0,0,0,0,0
240326,2,1,1993,0,0,0,0,0,0,0,0,0,0
240327,1,1,1993,0,0,0,0,0,0,0,0,0,0
240328,1,1,1993,0,0,0,0,0,0,0,0,0,0
240329,0,1,1993,0,0,0,0,0,0,0,0,0,0
240329,1,1,1993,0,0,0,0,0,0,0,0,0,0
240330,1,1,1993,0,0,0,8,0,0,0,0,0,0
240330,2,1,1993,0,0,0,0,0,0,0,0,0,0
240331,1,1,1993,38,38,38,38,38,38,38,38,38,38
240332,0,1,1993,0,0,0,0,0,0,0,0,0,0
240332,1,1,1993,0,0,0,0,0,0,0,0,0,0
240333,1,1,1993,12,12,12,12,12,12,12,12,12,12
240334,1,1,1993,0,0,0,0,0,0,0,0,0,0
240335,1,1,1993,0,0,0,0,0,0,0,0,0,0
240336,1,1,1993,0,0,0,0,0,0,0,0,0,0
240336,2,1,1993,0,0,0,0,0,0,0,0,0,0
240337,1,1,1993,0,0,0,0,0,0,0,0,0,0
240337,2,1,1993,0,0,0,0,0,0,0,0,0,0
240338,0,1,1993,0,0,0,0,0,0,0,0,0,0
240338,1,1,1993,22,22,22,22,22,22,22,22,22,22
240341,1,1,1993,0,0,0,0,0,0,0,0,0,0
240341,2,1,1993,0,0,0,0,0,0,0,0,0,0
240342,0,1,1993,13,13,13,13,13,13,13,13,13,13
240342,1,1,1993,0,0,0,0,0,0,0,0,0,0
240343,1,1,1993,0,0,0,0,0,0,0,0,0,0
240344,1,1,1993,0,0,0,0,0,0,0,0,0,0
240344,2,1,1993,12,0,0,0,0,33,0,0,0,11
240345,1,1,1993,0,0,0,0,0,0,0,0,0,0