ST_CASE,VEH_NO,PER_NO,YEAR,P1,P2,P3,P4,P5,P6,P7,P8,P9,P10
240346,1,1,1993,10,10,10,10,10,10,10,10,10,10
240347,1,1,1993,0,0,0,0,0,0,0,0,23,0
240348,1,1,1993,63,63,63,63,63,63,63,63,63,63
240348,2,1,1993,0,0,0,0,0,0,0,0,0,0
240349,1,1,1993,3,3,3,3,3,3,3,3,3,3
240350,1,1,1993,0,0,0,0,0,0,0,0,0,0
240350,2,1,1993,0,0,0,0,0,0,0,0,0,0
240351,1,1,1993,0,0,0,0,0,0,0,0,0,0
240352,1,1,1993,9,9,9,9,9,9,9,9,9,9
240353,0,1,1993,0,0,0,0,0,0,0,0,0,0
240353,1,1,1993,0,0,0,0,0,0,0,0,0,18
240354,1,1,1993,0,0,0,0,0,0,0,0,0,0
240355,1,1,1993,0,0,0,0,0,0,0,0,0,0
240356,0,1,1993,0,0,0,0,0,0,0,0,0,0
240356,1,1,1993,0,0,0,0,0,0,0,0,0,0
240357,0,1,1993,0,0,0,0,0,0,0,0,0,0
240357,1,1,1993,0,0,0,0,0,0,0,0,0,0
240358,1,1,1993,0,0,0,0,0,0,6,0,0,14
240358,2,1,1993,0,0,18,0,0,15,0,0,0,0
240359,1,1,1993,0,0,0,0,0,0,0,0,0,0
240359,2,1,1993,0,0,0,0,0,0,0,0,0,0
240360,1,1,1993,11,11,11,11,11,11,11,11,11,11
240360,2,1,1993,0,0,0,0,0,0,0,0,0,0
240361,1,1,1993,0,0,0,0,0,0,0,0,0,0
240361,2,1,1993,0,0,0,0,0,0,0,0,0,0
240362,0,1,1993,0,0,0,0,0,0,0,0,0,0
240362,1,1,1993,0,0,0,0,0,0,0,0,0,0
240363,1,1,1993,14,14,14,14,14,14,14,14,14,14
240364,1,1,1993,0,0,0,0,0,0,0,0,0,0
240365,1,1,1993,20,20,20,20,20,20,20,20,20,20
240365,2,1,1993,0,0,0,0,0,0,0,0,0,0
240367,1,1,1993,0,0,4,0,0,0,0,6,0,0
240369,1,1,1993,12,0,0,0,0,0,0,0,0,0
240369,2,1,1993,0,0,0,0,0,0,0,0,0,0
240370,0,1,1993,17,17,17,17,17,17,17,17,17,17
240370,1,1,1993,0,0,0,0,0,0,0,0,0,0
240371,1,1,1993,0,0,0,0,0,0,0,0,0,0
240371,2,1,1993,0,0,0,0,0,0,0,0,0,0
240372,0,1,1993,21,21,21,21,21,21,21,21,21,21
240372,1,1,1993,0,0,0,0,0,0,0,0,0,0
240373,1,1,1993,0,0,18,0,0,0,0,0,0,0
240374,0,1,1993,25,25,25,25,25,25,25,25,25,25
240374,1,1,1993,0,0,0,0,0,0,18,0,0,0
240375,1,1,1993,0,0,0,9,17,0,18,0,8,17
240376,1,1,1993,0,0,0,0,0,0,0,0,0,0
240376,2,1,1993,0,0,0,0,0,0,0,0,0,0
240377,1,1,1993,0,0,0,0,0,0,0,0,0,0
240379,0,1,1993,0,0,0,0,0,0,0,0,0,0
240379,1,1,1993,0,0,0,0,0,0,0,0,0,0
240380,1,1,1993,0,0,0,0,0,0,0,0,0,0
240380,2,1,1993,1,1,1,1,1,1,1,1,1,1
240381,1,1,1993,11,11,11,11,11,11,11,11,11,11
240381,2,1,1993,0,0,0,0,0,0,0,0,0,0
240382,1,1,1993,0,0,0,0,0,0,0,0,0,0
240382,2,1,1993,0,0,0,0,0,0,0,0,0,0
240384,0,1,1993,15,15,15,15,15,15,15,15,15,15
240384,1,1,1993,0,0,0,0,0,0,0,0,0,11
240385,1,1,1993,3,3,3,3,3,3,3,3,3,3
240386,1,1,1993,0,0,14,0,0,0,0,0,0,0
240386,2,1,1993,9,9,9,9,9,9,9,9,9,9
240387,1,1,1993,12,12,12,12,12,12,12,12,12,12
240388,1,1,1993,0,0,0,0,0,0,0,0,0,0
240389,1,1,1993,0,0,0,0,0,0,0,0,0,0
240389,2,1,1993,0,0,0,0,0,0,0,0,0,22
240390,1,1,1993,0,0,0,0,0,0,0,0,0,0
240391,1,1,1993,20,20,20,20,20,20,20,20,20,20
240392,1,1,1993,0,0,0,0,0,0,0,0,0,0
240392,2,1,1993,0,0,0,0,0,0,0,0,0,0
240393,1,1,1993,0,0,0,0,0,0,0,0,0,0
240393,2,1,1993,0,0,0,0,0,0,0,0,0,0
240394,1,1,1993,0,0,0,0,0,0,0,0,0,0
240394,2,1,1993,0,0,0,0,0,0,0,0,0,0
240394,3,1,1993,0,0,0,0,0,0,0,0,0,0
240394,4,1,1993,0,0,0,0,0,0,0,0,0,0
240395,1,1,1993,22,22,22,22,22,22,22,22,22,22
240395,2,1,1993,0,0,0,0,0,0,0,0,0,12
240396,1,1,1993,0,0,0,0,0,0,0,0,0,0
240396,2,1,1993,0,0,0,0,0,0,0,0,0,0
240397,1,1,1993,10,10,10,10,10,10,10,10,10,10
240397,2,1,1993,31,0,0,18,0,14,0,0,0,0
240398,1,1,1993,0,0,0,0,0,0,0,0,0,0
240398,2,1,1993,0,0,0,0,0,0,13,0,0,0
240398,3,1,1993,0,0,0,0,0,0,0,0,0,0
240398,4,1,1993,0,22,0,0,0,0,0,0,0,0
240398,5,1,1993,0,0,0,0,0,0,0,0,0,0
240399,0,1,1993,0,0,0,0,0,0,0,0,0,0
240399,1,1,1993,0,0,0,0,0,0,0,0,0,0
240400,1,1,1993,0,0,0,0,0,0,0,0,0,0
240400,2,1,1993,0,0,0,0,0,0,0,0,0,0
240401,1,1,1993,0,0,0,0,0,0,0,0,0,0
240402,1,1,1993,21,21,21,21,21,21,21,21,21,21
240403,0,1,1993,0,0,0,0,0,0,0,0,0,0
240403,1,1,1993,0,0,0,0,0,0,0,0,0,0
240404,1,1,1993,0,0,0,0,0,0,0,0,0,0
240404,2,1,1993,0,0,0,0,0,0,0,0,0,0
240405,1,1,1993,8,8,8,8,8,8,8,8,8,8
240406,1,1,1993,0,0,0,0,0,0,0,0,0,0
240406,2,1,1993,0,0,0,0,0,0,0,0,0,0
240407,1,1,1993,0,0,0,0,0,0,0,0,0,0
240408,1,1,1993,0,0,0,0,0,0,0,0,0,0
240409,1,1,1993,0,0,0,0,0,0,0,0,0,0
240409,2,1,1993,0,0,0,0,0,0,0,0,0,0
240410,1,1,1993,21,10,15,26,15,21,33,22,17,21
240411,1,1,1993,0,11,0,0,0,3,8,21,0,23
240412,1,1,1993,0,0,0,0,0,0,0,0,0,0
240412,2,1,1993,0,0,0,0,0,0,0,0,0,0
240413,1,1,1993,0,4,0,0,0,2,0,0,0,0
240413,2,1,1993,0,0,0,0,0,0,0,0,0,0
240414,1,1,1993,0,0,0,0,0,0,0,0,0,0
240414,2,1,1993,0,0,0,0,0,0,0,0,0,0
240415,0,1,1993,0,0,0,0,0,0,0,0,0,0
240415,1,1,1993,2,2,2,2,2,2,2,2,2,2
240416,0,1,1993,19,19,19,19,19,19,19,19,19,19
240416,1,1,1993,0,0,0,0,0,0,0,0,0,0
240416,2,1,1993,0,0,0,0,0,0,0,0,0,0
240417,1,1,1993,0,0,0,0,0,0,0,0,0,0
240417,2,1,1993,0,0,0,0,0,0,0,0,0,0
240418,1,1,1993,0,0,0,0,0,0,0,0,0,0
240418,2,1,1993,0,0,0,0,0,0,0,0,0,0
240419,0,1,1993,24,24,24,24,24,24,24,24,24,24
240419,1,1,1993,0,0,0,0,0,0,0,0,0,0
240420,0,1,1993,0,0,0,0,0,0,0,0,0,0
240420,1,1,1993,0,0,0,0,0,0,0,0,0,0
240421,1,1,1993,0,0,0,0,0,0,0,0,0,0
240421,2,1,1993,0,0,0,0,0,0,0,0,0,0
240422,1,1,1993,0,0,0,0,0,0,0,0,0,0
240423,1,1,1993,23,23,23,23,23,23,23,23,23,23
240425,1,1,1993,8,0,14,16,8,3,0,19,20,0
240426,1,1,1993,25,25,25,25,25,25,25,25,25,25
240426,2,1,1993,0,0,0,0,0,0,0,0,0,0
240427,0,1,1993,0,0,0,0,0,0,0,0,0,0
240427,1,1,1993,0,0,0,0,0,0,0,0,0,0
240428,0,1,1993,24,24,24,24,24,24,24,24,24,24
240428,1,1,1993,0,0,0,0,0,0,0,0,11,0
240429,1,1,1993,0,0,0,0,0,0,0,0,0,0
240431,1,1,1993,0,0,0,0,0,0,0,0,0,0
240432,1,1,1993,0,0,0,0,0,0,0,0,0,0
240432,2,1,1993,0,0,0,0,0,0,0,16,0,0
240433,0,1,1993,0,0,0,0,0,0,0,0,0,0
240433,1,1,1993,0,0,0,0,0,0,0,0,0,0
240434,1,1,1993,41,41,41,41,41,41,41,41,41,41
240435,0,1,1993,0,0,0,0,0,0,0,0,0,0
240435,1,1,1993,8,8,0,0,0,0,0,0,11,0
240436,0,1,1993,0,0,0,0,0,0,0,0,0,0
240436,1,1,1993,12,12,12,12,12,12,12,12,12,12
240437,1,1,1993,22,0,10,0,0,10,35,29,14,0
240438,1,1,1993,0,0,13,0,0,0,0,0,0,0
240439,1,1,1993,3,3,3,3,3,3,3,3,3,3
240439,2,1,1993,0,0,0,17,0,0,0,0,0,0
240440,0,1,1993,0,0,0,0,0,0,0,0,0,10
240440,1,1,1993,0,0,0,0,0,0,0,0,0,0
240441,1,1,1993,0,0,0,0,0,0,0,0,0,0
240442,1,1,1993,9,9,9,9,9,9,9,9,9,9
240443,1,1,1993,0,0,0,0,0,0,0,0,0,0
240443,2,1,1993,0,7,0,0,0,0,0,0,0,0
240444,1,1,1993,0,0,0,0,0,0,0,0,0,0
240444,2,1,1993,0,0,0,0,0,0,0,0,18,0
240445,0,1,1993,0,0,0,0,0,0,0,0,0,0
240445,1,1,1993,0,0,0,0,0,0,0,0,0,0
240446,0,1,1993,0,0,0,0,0,0,0,0,0,0
240446,1,1,1993,0,0,0,0,0,0,0,0,0,0
240447,0,1,1993,23,23,23,23,23,23,23,23,23,23
240447,1,1,1993,19,0,0,0,0,0,0,0,0,17
240448,1,1,1993,0,0,0,0,0,0,0,0,0,0
240448,2,1,1993,0,0,0,0,0,0,0,0,0,0
240449,1,1,1993,0,0,17,3,0,20,0,0,0,21
240450,1,1,1993,0,0,0,0,0,0,0,0,0,0
240450,2,1,1993,0,0,0,0,0,0,0,0,0,0
240451,1,1,1993,0,0,0,0,0,0,0,0,0,0
240452,1,1,1993,0,0,0,0,0,7,0,0,0,0
240453,1,1,1993,14,14,14,14,14,14,14,14,14,14
240454,1,1,1993,0,0,12,0,8,18,0,0,15,0
240455,1,1,1993,0,0,0,0,0,0,0,0,0,0
240455,2,1,1993,0,0,0,0,0,0,0,0,0,0
240456,1,1,1993,0,0,0,0,0,0,0,0,0,0
240456,2,1,1993,0,0,0,0,0,0,0,0,0,0
240457,1,1,1993,0,0,0,0,0,0,0,0,0,0
240457,2,1,1993,0,0,0,0,0,0,0,0,0,0
240458,1,1,1993,0,17,0,0,16,8,0,13,12,0
240458,2,1,1993,0,0,0,9,0,0,0,0,0,0
240459,1,1,1993,0,0,0,0,0,0,0,0,0,0
240459,2,1,1993,0,0,0,0,0,0,0,0,0,0
240460,1,1,1993,0,0,0,0,0,0,0,0,0,0
240460,2,1,1993,0,0,0,0,0,0,0,0,0,0
240461,1,1,1993,0,0,0,0,0,0,0,0,0,0
240462,1,1,1993,9,9,9,9,9,9,9,9,9,9
240463,1,1,1993,18,18,18,18,18,18,18,18,18,18
240464,1,1,1993,7,7,7,7,7,7,7,7,7,7
240464,2,1,1993,0,0,0,0,0,0,0,0,0,0
240465,1,1,1993,12,12,12,12,12,12,12,12,12,12
240466,0,1,1993,0,33,15,28,28,23,16,18,26,41
240466,1,1,1993,0,0,0,0,0,0,0,0,0,6
240467,1,1,1993,0,0,0,0,0,0,0,0,0,0
240468,1,1,1993,0,0,0,0,0,0,0,0,0,0
240468,2,1,1993,0,0,9,0,0,0,0,0,0,0
240469,1,1,1993,19,19,19,19,19,19,19,19,19,19
240470,1,1,1993,0,0,0,0,0,3,0,2,0,8
240470,2,1,1993,12,12,12,12,12,12,12,12,12,12
240471,0,1,1993,0,0,0,0,0,0,0,0,0,0
240471,1,1,1993,0,0,0,0,0,0,0,0,0,25
240472,1,1,1993,15,15,15,15,15,15,15,15,15,15
240473,1,1,1993,0,0,0,0,0,0,0,0,0,0
240473,2,1,1993,0,0,0,0,0,0,0,0,0,0
240474,1,1,1993,0,0,0,0,0,0,0,0,0,0
240475,1,1,1993,0,0,0,0,0,0,0,0,0,0
240475,2,1,1993,0,0,0,0,0,0,0,0,0,0
240476,1,1,1993,15,8,0,0,0,10,0,0,0,0
240478,0,1,1993,0,0,0,0,0,0,0,0,0,0
240478,1,1,1993,11,0,0,0,0,0,0,0,0,0
240479,1,1,1993,10,5,11,11,0,6,0,17,10,14
240480,1,1,1993,0,0,0,0,0,0,0,0,0,0
240480,2,1,1993,0,0,0,0,0,0,0,0,0,0
240481,1,1,1993,14,0,0,0,19,8,9,0,25,10
240481,2,1,1993,0,0,0,0,0,17,0,0,0,0
240482,0,1,1993,0,0,0,0,0,0,10,10,3,0
240482,1,1,1993,0,0,0,0,0,0,0,0,0,0
240483,0,1,1993,0,0,0,0,0,0,0,0,0,0
240483,1,1,1993,0,0,0,0,0,0,0,0,0,0
240484,1,1,1993,0,0,0,0,0,0,0,0,0,0
240484,2,1,1993,0,0,0,0,0,0,0,0,0,0
240485,0,1,1993,14,0,52,0,24,46,5,0,13,15
240485,1,1,1993,0,0,0,0,0,0,0,0,0,0
240486,1,1,1993,0,0,0,0,0,0,0,0,0,0
240486,2,1,1993,0,0,0,0,0,0,0,0,0,0
240487,0,1,1993,0,0,0,0,0,0,0,0,0,0
240487,1,1,1993,0,0,0,0,0,0,0,0,0,0
240488,1,1,1993,11,11,11,11,11,11,11,11,11,11
240488,2,1,1993,0,0,0,0,0,0,0,0,0,0
240489,1,1,1993,0,0,0,0,0,0,0,0,0,0
240489,2,1,1993,0,0,0,0,0,0,0,0,0,0
240490,1,1,1993,0,0,0,0,0,0,0,0,0,0
240490,2,1,1993,0,0,0,0,0,0,0,0,16,13
240491,1,1,1993,21,21,21,21,21,21,21,21,21,21
240491,2,1,1993,0,0,0,0,0,0,0,0,0,36
240492,1,1,1993,0,0,0,0,0,0,14,0,0,28
240493,0,1,1993,0,20,0,21,25,16,19,0,0,7
240493,1,1,1993,0,0,0,0,0,0,0,0,0,0
240494,1,1,1993,0,0,0,0,0,17,0,0,0,0
240494,2,1,1993,0,0,0,0,0,0,0,0,0,0
240495,1,1,1993,12,12,12,12,12,12,12,12,12,12
240496,1,1,1993,13,13,13,13,13,13,13,13,13,13
240497,0,1,1993,0,0,0,0,0,0,0,0,0,0
240497,1,1,1993,0,0,0,0,0,0,0,0,0,0
240498,1,1,1993,0,0,0,0,0,0,0,0,0,0
240498,2,1,1993,0,0,0,0,0,0,0,0,0,0
240499,1,1,1993,0,0,0,0,0,0,0,0,0,0
240499,2,1,1993,9,9,9,9,9,9,9,9,9,9
240500,0,1,1993,0,0,0,0,0,0,0,0,0,0
240500,1,1,1993,0,0,0,0,0,7,0,0,0,0
240501,1,1,1993,0,0,0,0,0,0,0,0,0,0
240501,2,1,1993,0,0,0,0,0,0,0,0,0,0
240502,1,1,1993,0,0,0,0,0,0,0,0,0,0
240502,2,1,1993,0,0,0,0,0,0,0,0,0,0
240503,1,1,1993,19,19,19,19,19,19,19,19,19,19
240504,1,1,1993,0,0,0,0,0,0,0,0,0,0
240504,2,1,1993,0,0,0,0,0,0,0,0,0,0
240505,1,1,1993,0,0,0,0,0,0,0,0,0,0
240505,2,1,1993,0,0,0,0,0,0,0,0,0,0
240506,1,1,1993,27,27,27,27,27,27,27,27,27,27
240506,2,1,1993,0,0,0,0,0,0,0,0,0,0
240507,1,1,1993,27,27,27,27,27,27,27,27,27,27
240508,0,1,1993,11,11,11,11,11,11,11,11,11,11
240508,1,1,1993,16,16,16,16,16,16,16,16,16,16
240509,1,1,1993,30,30,30,30,30,30,30,30,30,30
240510,1,1,1993,21,21,21,21,21,21,21,21,21,21
240510,2,1,1993,0,0,0,0,0,0,0,0,0,0
240511,1,1,1993,0,14,0,0,0,0,0,18,0,0
240512,1,1,1993,0,0,0,0,0,0,0,0,0,0
240512,2,1,1993,7,7,7,7,7,7,7,7,7,7
240513,1,1,1993,3,3,3,3,3,3,3,3,3,3
240514,0,1,1993,0,0,0,0,0,15,0,14,0,19
240514,1,1,1993,0,0,0,0,0,0,0,0,0,0
240515,0,1,1993,0,0,0,0,0,0,0,0,0,0
240515,1,1,1993,0,0,0,0,0,0,0,0,0,0
240516,0,1,1993,0,0,0,0,0,0,0,0,0,0
240516,1,1,1993,0,0,0,0,0,0,0,0,0,0
240517,0,1,1993,0,0,0,0,0,0,0,0,0,0
240517,1,1,1993,0,0,0,0,0,0,0,0,0,0
240518,1,1,1993,0,0,0,12,0,0,0,0,0,0
240518,2,1,1993,0,0,0,0,0,0,0,0,0,16
240519,1,1,1993,4,4,4,4,4,4,4,4,4,4
240520,0,1,1993,0,0,0,0,0,0,0,0,0,0
240520,1,1,1993,0,0,0,0,0,0,0,0,0,0
240521,0,1,1993,14,14,14,14,14,14,14,14,14,14
240521,1,1,1993,0,0,0,0,0,0,0,0,0,0
240522,0,1,1993,23,23,23,23,23,23,23,23,23,23
240522,1,1,1993,0,0,0,0,0,0,0,0,0,0
240523,1,1,1993,33,33,33,33,33,33,33,33,33,33
240524,1,1,1993,0,0,0,0,0,0,0,0,0,0
240525,1,1,1993,0,0,0,0,0,0,0,0,0,0
240525,2,1,1993,0,0,0,0,0,0,0,0,0,0
240526,0,1,1993,0,0,0,0,0,0,0,0,0,0
240526,1,1,1993,0,0,0,0,0,0,0,0,0,0
240528,1,1,1993,0,0,0,0,0,0,0,0,0,0
240528,2,1,1993,6,0,0,6,0,0,0,0,0,0
240529,1,1,1993,10,10,10,10,10,10,10,10,10,10
240531,1,1,1993,0,0,0,0,0,0,0,0,0,0
240531,2,1,1993,0,0,0,0,0,0,0,0,0,0
240532,1,1,1993,11,11,11,11,11,11,11,11,11,11
240532,2,1,1993,0,0,0,0,0,0,0,0,0,0
240533,1,1,1993,0,0,0,0,0,0,0,0,0,0
240533,2,1,1993,0,0,0,0,0,0,0,0,0,0
240534,0,1,1993,0,0,0,0,0,0,0,0,0,0
240534,1,1,1993,0,0,0,0,0,0,0,0,4,0
240535,1,1,1993,0,0,0,0,0,0,0,0,0,0
240535,2,1,1993,0,0,0,0,0,0,0,0,0,0
240536,1,1,1993,6,0,0,0,0,0,0,0,0,0
240536,2,1,1993,0,0,0,0,0,0,0,0,0,0
240537,0,1,1993,20,20,20,20,20,20,20,20,20,20
240537,1,1,1993,0,0,0,0,0,0,0,0,0,0
240538,1,1,1993,2,2,2,2,2,2,2,2,2,2
240538,2,1,1993,0,0,0,0,0,0,0,0,0,0
240539,0,1,1993,0,0,0,0,0,0,0,0,0,0
240539,1,1,1993,0,0,0,0,0,0,0,0,0,0
240540,1,1,1993,0,0,0,0,0,0,0,0,0,0
240540,2,1,1993,0,0,0,0,0,0,0,0,0,0
240541,1,1,1993,0,0,0,0,0,0,0,0,0,0
240542,1,1,1993,0,0,0,0,0,0,0,0,0,0
240542,2,1,1993,0,0,0,0,0,0,0,0,0,0
240543,1,1,1993,0,0,0,0,0,0,0,0,0,0
240543,2,1,1993,0,0,0,0,0,3,0,0,0,0
240544,0,1,1993,0,0,0,0,0,0,0,0,0,0
240544,1,1,1993,0,0,0,0,0,0,0,0,0,0
240545,1,1,1993,0,0,0,0,0,0,0,0,0,0
240545,2,1,1993,0,0,0,0,0,0,0,0,0,0
240547,1,1,1993,0,0,0,0,0,0,0,0,0,0
240547,2,1,1993,0,0,0,0,0,0,0,0,0,0
240548,1,1,1993,0,0,0,0,0,0,0,0,0,0
240548,2,1,1993,0,0,16,0,0,0,0,0,0,0
240549,1,1,1993,0,0,0,0,0,0,0,0,0,0
240549,2,1,1993,0,0,0,0,0,0,0,0,0,0
240550,1,1,1993,12,12,12,12,12,12,12,12,12,12
240551,1,1,1993,0,0,0,0,0,0,0,0,0,0
240552,1,1,1993,0,0,0,0,0,0,0,0,0,0
240552,2,1,1993,0,0,0,0,0,0,0,0,0,0
240553,1,1,1993,0,0,18,0,0,0,0,0,0,0
240553,2,1,1993,0,0,0,0,0,0,0,0,0,0
240554,1,1,1993,0,0,0,0,0,0,0,0,0,0
240555,1,1,1993,0,0,0,0,0,0,0,0,0,0
240555,2,1,1993,0,0,10,0,0,16,0,0,0,0
240556,1,1,1993,0,0,0,0,0,0,0,0,0,0
240556,2,1,1993,0,20,0,0,21,0,0,0,0,0
240557,1,1,1993,0,0,0,0,0,0,0,0,0,0
240557,2,1,1993,0,0,0,0,0,0,0,0,0,0
240558,1,1,1993,0,0,8,0,32,0,14,0,0,19
240559,0,1,1993,0,0,0,0,0,0,0,0,0,0
240559,1,1,1993,0,0,0,0,4,19,0,0,9,0
240560,1,1,1993,0,0,0,23,0,0,0,7,0,0
240560,2,1,1993,0,0,0,0,0,0,0,0,0,0
240561,1,1,1993,8,8,8,8,8,8,8,8,8,8
240562,1,1,1993,0,0,0,0,0,0,0,0,0,0
240563,1,1,1993,27,27,27,27,27,27,27,27,27,27
240563,2,1,1993,0,0,0,0,0,0,0,0,0,0
240564,1,1,1993,25,25,25,25,25,25,25,25,25,25
240565,1,1,1993,5,0,0,0,0,7,15,0,0,0
240566,1,1,1993,0,0,0,0,0,0,0,0,0,0
240566,2,1,1993,0,0,0,0,0,0,0,0,0,0
240567,0,1,1993,0,0,0,0,0,0,0,0,0,0
240567,1,1,1993,19,0,23,17,23,18,0,0,4,0
240568,1,1,1993,0,17,25,11,0,0,0,0,0,0
240569,0,1,1993,18,18,18,18,18,18,18,18,18,18
240569,1,1,1993,0,0,0,0,0,0,0,9,0,20
240570,1,1,1993,16,16,16,16,16,16,16,16,16,16
240571,1,1,1993,0,0,0,0,0,0,0,0,0,0
240571,2,1,1993,0,0,0,0,0,0,0,0,12,0
240572,1,1,1993,9,9,9,9,9,9,9,9,9,9
240573,0,1,1993,0,0,0,0,0,0,0,0,0,0
240573,1,1,1993,12,0,0,0,0,0,0,0,0,0
240574,1,1,1993,0,0,0,0,0,0,0,0,0,0
240574,2,1,1993,0,0,0,0,0,0,0,0,0,0
240575,1,1,1993,0,0,0,0,0,0,0,0,0,0
240575,2,1,1993,0,0,0,0,0,0,0,0,0,0
240576,0,1,1993,0,0,10,0,0,0,0,0,0,26
240576,1,1,1993,0,0,0,0,0,0,0,0,0,0
240577,1,1,1993,0,0,0,0,0,0,0,0,0,0
240578,1,1,1993,14,14,14,14,14,14,14,14,14,14
240579,1,1,1993,0,0,0,0,0,0,0,0,0,0
240579,2,1,1993,0,0,14,0,0,0,0,0,0,0
240580,0,1,1993,0,0,0,0,0,0,0,0,0,0
240580,1,1,1993,0,0,0,0,0,0,0,0,0,0
240581,1,1,1993,0,0,0,0,0,0,0,0,0,0
240581,2,1,1993,0,0,0,0,0,0,0,0,0,0
240582,1,1,1993,15,15,15,15,15,15,15,15,15,15
240583,1,1,1993,0,0,0,0,0,0,0,0,0,0
240583,2,1,1993,0,0,0,0,0,0,0,0,0,0
240584,1,1,1993,0,0,0,0,0,0,0,0,0,0
240584,2,1,1993,4,0,0,0,0,0,0,0,0,0
240586,1,1,1993,5,14,5,8,15,16,4,0,13,4
240587,1,1,1993,1,1,1,1,1,1,1,1,1,1
240587,2,1,1993,0,0,0,0,0,0,0,0,0,0
240588,1,1,1993,0,0,0,0,0,0,0,0,0,0
240588,2,1,1993,19,19,19,19,19,19,19,19,19,19
240589,1,1,1993,0,0,0,0,0,0,0,0,0,0
240589,2,1,1993,0,0,0,0,0,0,0,0,0,0
240590,1,1,1993,0,0,0,0,0,0,0,0,0,0
240591,0,1,1993,0,0,0,0,0,0,0,0,0,0
240591,1,1,1993,0,0,0,0,0,0,0,0,0,0
240592,1,1,1993,0,0,0,0,0,0,0,0,0,0
240593,1,1,1993,0,0,0,0,0,0,0,0,0,0
240593,2,1,1993,0,0,0,0,0,0,0,0,0,0
240594,0,1,1993,0,0,0,0,0,0,0,0,0,0
240594,1,1,1993,0,0,0,0,0,0,0,0,9,0
240595,0,1,1993,7,7,7,7,7,7,7,7,7,7
240595,1,1,1993,0,0,0,0,0,0,0,0,0,0
240596,1,1,1993,22,22,22,22,22,22,22,22,22,22
240597,1,1,1993,0,12,8,3,0,0,0,6,0,0
240598,1,1,1993,0,0,0,0,0,0,0,0,0,0
240598,2,1,1993,0,0,0,0,0,0,0,0,0,0
240601,0,1,1993,0,0,0,0,0,0,0,0,0,0
240601,1,1,1993,0,0,0,0,0,0,0,0,0,0
240603,1,1,1993,14,14,14,14,14,14,14,14,14,14
240604,0,1,1993,0,0,0,0,0,0,0,0,0,0
240604,1,1,1993,0,0,0,0,0,0,0,0,0,0
240605,1,1,1993,0,0,0,0,0,0,0,0,0,0
240606,1,1,1993,0,0,0,0,0,0,0,0,0,0
240606,2,1,1993,0,0,0,0,0,0,0,0,0,0
240607,1,1,1993,0,19,0,0,0,0,0,0,0,21
240607,2,1,1993,20,20,20,20,20,20,20,20,20,20
240608,1,1,1993,0,0,0,0,0,0,0,0,0,0
240608,2,1,1993,0,0,0,0,0,0,0,0,0,0
240609,1,1,1993,0,0,0,0,0,0,0,0,0,0
240610,0,1,1993,10,10,10,10,10,10,10,10,10,10
240610,1,1,1993,0,0,0,0,0,0,0,0,0,0
240611,1,1,1993,20,20,20,20,20,20,20,20,20,20
240611,2,1,1993,20,0,8,27,13,0,0,0,0,18
240611,3,1,1993,0,0,0,0,0,0,0,0,0,0
240611,4,1,1993,0,0,0,0,0,0,0,0,0,0
240612,0,1,1993,0,0,0,0,0,0,0,0,0,0
240612,1,1,1993,0,0,0,0,0,0,0,0,0,0
240613,1,1,1993,0,0,0,0,0,0,0,0,0,0
240614,1,1,1993,0,11,0,0,18,0,15,0,0,0
240615,1,1,1993,0,0,0,0,0,0,0,0,0,0
240615,2,1,1993,0,0,0,0,0,0,0,0,0,0
240616,1,1,1993,0,0,0,0,0,0,0,0,3,0
240616,2,1,1993,0,0,0,0,0,0,0,0,0,0
240617,0,1,1993,20,20,20,20,20,20,20,20,20,20
240617,1,1,1993,0,0,10,0,23,4,0,0,16,30
240617,2,1,1993,18,0,22,16,0,16,0,0,12,0
240618,1,1,1993,0,0,0,0,0,0,0,0,0,0
240618,2,1,1993,0,0,0,0,0,0,0,0,0,0
240619,1,1,1993,0,0,0,0,0,0,0,0,0,0
240619,2,1,1993,0,0,0,0,0,0,0,0,0,0
240620,1,1,1993,0,0,0,0,0,0,0,0,0,0
240622,0,1,1993,9,0,0,0,2,0,0,19,11,0
240622,1,1,1993,0,0,0,0,0,0,0,0,0,0
240623,1,1,1993,0,0,0,0,0,0,0,0,0,0
240623,2,1,1993,0,0,0,0,0,0,0,0,0,0
240623,3,1,1993,0,0,0,0,0,0,0,0,0,0
240624,1,1,1993,0,0,0,0,0,0,0,0,0,0
240624,2,1,1993,0,0,0,0,0,0,0,0,0,0
240625,1,1,1993,0,0,0,0,0,0,0,0,0,0
240625,2,1,1993,0,0,0,0,0,0,0,15,0,0
240626,1,1,1993,0,0,0,0,0,0,0,0,0,0
240626,2,1,1993,0,0,0,0,0,0,0,0,0,0
240627,0,1,1993,20,20,20,20,20,20,20,20,20,20
240627,1,1,1993,0,0,6,23,0,39,0,0,5,0
240628,0,1,1993,31,31,31,31,31,31,31,31,31,31
240628,1,1,1993,0,0,0,0,0,0,0,0,0,0
240629,0,1,1993,37,37,37,37,37,37,37,37,37,37
240629,1,1,1993,0,0,9,12,7,0,9,0,22,10
240630,1,1,1993,0,0,15,0,0,0,0,0,0,0
240630,2,1,1993,0,0,0,0,0,0,0,0,0,0
240631,1,1,1993,0,0,0,0,0,0,0,0,0,0
240631,2,1,1993,0,0,0,0,0,0,0,0,0,0
240632,0,1,1993,0,0,0,0,0,0,0,0,0,0
240632,1,1,1993,0,0,15,0,29,0,0,7,0,0
240633,1,1,1993,10,8,21,6,0,0,11,7,0,22