ST_CASE,VEH_NO,PER_NO,YEAR,P1,P2,P3,P4,P5,P6,P7,P8,P9,P10
240634,1,1,1993,14,14,14,14,14,14,14,14,14,14
240634,2,1,1993,0,0,0,0,0,0,23,0,0,0
240636,0,1,1993,0,0,0,0,0,0,0,0,0,0
240636,1,1,1993,0,0,0,0,0,0,0,0,0,0
240637,1,1,1993,21,8,0,0,0,0,0,12,0,0
240637,2,1,1993,3,3,3,3,3,3,3,3,3,3
240638,1,1,1993,0,0,0,0,0,0,0,0,0,0
240638,2,1,1993,0,0,0,0,0,0,0,0,0,0
240639,1,1,1993,31,31,31,31,31,31,31,31,31,31
240639,2,1,1993,0,0,0,0,0,0,0,0,0,0
240640,1,1,1993,0,0,0,0,0,0,0,0,0,0
240640,2,1,1993,0,0,0,0,0,0,0,0,0,0
250001,0,1,1993,16,31,15,25,31,0,0,22,15,23
250001,1,1,1993,9,5,6,13,7,0,0,17,8,20
250002,1,1,1993,15,20,23,3,6,15,11,24,34,31
250003,1,1,1993,20,20,20,20,20,20,20,20,20,20
250004,0,1,1993,0,0,0,0,0,0,0,0,0,0
250004,1,1,1993,0,0,0,0,0,0,0,0,0,0
250004,2,1,1993,0,0,0,0,0,0,0,12,0,0
250005,0,1,1993,0,0,0,0,0,0,0,0,0,0
250005,1,1,1993,0,0,0,0,0,0,0,0,0,0
250005,2,1,1993,0,0,0,0,0,0,2,0,0,0
250006,1,1,1993,23,23,23,23,23,23,23,23,23,23
250007,1,1,1993,0,0,0,0,0,0,0,0,0,0
250007,2,1,1993,0,0,0,0,0,0,0,0,0,18
250008,1,1,1993,30,11,20,2,16,19,11,17,13,9
250008,2,1,1993,29,29,29,29,29,29,29,29,29,29
250009,1,1,1993,27,27,27,27,27,27,27,27,27,27
250012,0,1,1993,0,0,0,0,0,0,0,0,0,0
250012,1,1,1993,0,0,0,11,0,0,0,0,0,0
250013,1,1,1993,0,0,0,0,0,0,0,0,0,0
250014,1,1,1993,32,32,32,32,32,32,32,32,32,32
250015,1,1,1993,19,19,19,19,19,19,19,19,19,19
250016,1,1,1993,0,0,0,0,0,10,0,0,2,0
250016,2,1,1993,0,0,0,0,0,0,0,0,0,0
250017,1,1,1993,0,0,0,0,0,0,0,0,0,0
250018,1,1,1993,11,11,11,11,11,11,11,11,11,11
250019,1,1,1993,0,0,0,0,0,0,0,0,0,0
250019,2,1,1993,0,0,0,0,0,0,0,0,0,0
250020,1,1,1993,0,1,0,0,0,0,0,0,0,0
250021,1,1,1993,0,0,0,0,0,0,0,0,0,0
250021,2,1,1993,0,0,0,0,0,0,0,0,0,0
250022,1,1,1993,0,0,0,0,0,0,0,0,0,0
250023,0,1,1993,9,9,9,9,9,9,9,9,9,9
250023,0,2,1993,17,8,27,30,20,16,19,28,19,8
250023,1,1,1993,0,0,0,7,0,22,9,0,0,0
250024,0,1,1993,18,18,18,18,18,18,18,18,18,18
250024,0,2,1993,13,13,13,13,13,13,13,13,13,13
250024,1,1,1993,9,18,5,21,21,13,7,10,11,19
250025,1,1,1993,0,0,0,0,0,0,0,0,0,0
250025,2,1,1993,0,0,0,0,0,0,0,0,0,0
250026,1,1,1993,28,28,28,28,28,28,28,28,28,28
250027,1,1,1993,0,0,0,0,0,0,0,0,19,0
250027,2,1,1993,0,0,0,0,0,0,0,0,0,0
250028,1,1,1993,0,0,0,0,0,0,0,0,0,0
250029,1,1,1993,0,0,0,0,0,0,0,0,0,0
250029,2,1,1993,0,0,0,0,0,0,0,0,0,0
250030,1,1,1993,0,0,0,0,0,0,0,0,0,26
250030,2,1,1993,0,0,0,0,0,0,0,0,0,0
250031,1,1,1993,9,9,9,9,9,9,9,9,9,9
250031,2,1,1993,0,15,0,0,0,0,0,17,0,0
250032,1,1,1993,0,0,0,0,0,0,0,0,0,0
250032,2,1,1993,0,0,0,0,0,0,0,0,0,0
250033,1,1,1993,0,0,5,0,0,0,0,0,0,0
250033,2,1,1993,0,0,0,0,0,0,0,0,0,0
250034,0,1,1993,0,0,0,0,0,0,0,0,0,0
250034,1,1,1993,0,0,0,0,0,0,0,0,0,0
250035,1,1,1993,24,24,24,24,24,24,24,24,24,24
250036,1,1,1993,17,17,17,17,17,17,17,17,17,17
250037,1,1,1993,0,0,0,0,0,0,0,0,0,0
250038,1,1,1993,31,21,15,1,22,14,28,19,15,8
250039,0,1,1993,0,0,0,0,0,0,0,0,0,0
250039,1,1,1993,0,0,0,0,0,0,0,0,0,0
250040,0,1,1993,0,0,0,0,0,0,0,0,0,0
250040,1,1,1993,0,0,0,0,0,5,0,0,0,0
250041,1,1,1993,0,0,13,0,8,0,0,3,23,13
250042,1,1,1993,10,13,13,25,5,8,5,8,10,18
250043,1,1,1993,32,19,15,9,25,16,7,13,22,12
250044,1,1,1993,8,28,6,9,14,4,3,17,26,13
250044,2,1,1993,0,0,0,0,0,0,0,0,0,0
250044,3,1,1993,0,0,0,0,0,0,0,0,0,0
250045,1,1,1993,0,0,0,5,0,0,0,0,12,10
250046,1,1,1993,7,7,7,7,7,7,7,7,7,7
250047,1,1,1993,1,1,1,1,1,1,1,1,1,1
250048,1,1,1993,0,0,0,0,0,0,0,0,0,0
250049,1,1,1993,0,0,0,0,0,0,0,0,0,0
250049,2,1,1993,0,0,0,0,0,0,0,0,0,0
250049,3,1,1993,0,0,0,0,0,0,0,0,0,0
250050,0,1,1993,0,0,0,0,0,0,0,0,0,0
250050,1,1,1993,0,0,0,0,0,0,0,0,0,7
250051,1,1,1993,0,0,0,0,0,0,0,0,0,0
250052,1,1,1993,0,0,0,0,0,0,0,0,0,0
250052,2,1,1993,0,0,0,0,0,0,0,0,0,0
250053,1,1,1993,0,0,0,0,0,0,0,0,0,0
250053,2,1,1993,0,0,0,0,0,0,0,0,0,0
250054,1,1,1993,0,0,0,0,0,0,0,0,0,0
250055,1,1,1993,0,0,0,0,0,0,0,0,0,0
250055,2,1,1993,0,0,0,0,0,0,0,0,7,0
250056,1,1,1993,0,0,0,0,0,0,0,0,0,0
250057,1,1,1993,0,0,0,0,0,0,0,0,0,0
250057,2,1,1993,0,0,0,0,0,0,0,0,0,0
250058,0,1,1993,0,0,0,0,0,0,0,0,0,0
250058,1,1,1993,0,0,0,0,0,0,0,3,0,0
250059,0,1,1993,0,0,0,0,0,0,0,0,15,0
250059,1,1,1993,0,0,0,0,0,0,0,0,0,0
250060,1,1,1993,4,0,0,0,0,0,0,0,0,0
250060,2,1,1993,13,14,7,16,19,22,19,9,0,6
250061,1,1,1993,0,0,0,0,0,0,0,0,0,0
250062,0,1,1993,0,0,0,0,0,0,0,0,0,0
250062,1,1,1993,0,0,0,0,0,6,0,11,0,0
250063,1,1,1993,0,0,0,0,0,0,0,0,0,0
250064,1,1,1993,0,0,0,3,0,0,0,0,0,0
250064,2,1,1993,0,0,0,0,0,0,0,0,0,0
250064,3,1,1993,0,0,0,0,0,0,0,0,0,0
250065,0,1,1993,0,0,0,0,0,0,0,0,0,0
250065,1,1,1993,0,0,0,0,0,0,0,0,0,36
250067,1,1,1993,0,0,0,0,0,0,0,0,0,0
250068,1,1,1993,0,0,0,0,0,0,0,0,0,0
250068,2,1,1993,0,0,8,0,0,0,0,0,0,0
250069,1,1,1993,0,0,0,0,0,0,0,0,0,0
250069,2,1,1993,0,0,0,0,0,0,0,0,0,0
250070,1,1,1993,0,0,0,0,0,0,0,0,0,0
250070,2,1,1993,0,16,0,13,0,0,0,0,0,0
250071,1,1,1993,5,5,5,5,5,5,5,5,5,5
250071,2,1,1993,0,0,0,0,0,0,0,0,0,0
250072,1,1,1993,0,0,0,0,0,0,0,0,0,0
250072,2,1,1993,0,0,0,0,0,0,0,0,0,0
250073,1,1,1993,0,0,0,0,0,0,0,0,0,0
250073,2,1,1993,0,0,0,0,0,0,0,0,0,16
250074,1,1,1993,0,0,0,0,19,0,16,0,0,0
250074,2,1,1993,0,0,0,0,0,0,0,0,0,0
250075,1,1,1993,0,0,0,0,0,0,0,0,0,0
250076,1,1,1993,5,5,5,5,5,5,5,5,5,5
250076,2,1,1993,3,0,11,9,8,0,13,0,10,8
250078,1,1,1993,0,0,0,0,0,0,0,0,0,0
250078,2,1,1993,0,0,0,0,0,0,0,0,0,0
250078,3,1,1993,0,0,0,0,0,0,0,0,0,11
250079,1,1,1993,17,17,17,17,17,17,17,17,17,17
250080,0,1,1993,0,0,0,0,0,0,0,0,0,0
250081,1,1,1993,0,0,0,0,0,0,0,0,0,0
250082,0,1,1993,0,0,0,0,0,0,0,0,0,0
250082,1,1,1993,30,0,0,0,0,0,0,0,0,0
250083,1,1,1993,0,0,0,0,0,0,0,0,0,0
250084,1,1,1993,5,0,0,0,0,0,0,0,0,0
250084,2,1,1993,6,6,6,6,6,6,6,6,6,6
250085,1,1,1993,0,0,0,0,0,0,0,0,0,0
250086,1,1,1993,0,0,0,0,0,0,0,0,0,0
250086,2,1,1993,0,0,0,0,0,0,0,0,0,0
250087,0,1,1993,29,29,29,29,29,29,29,29,29,29
250087,1,1,1993,0,0,0,0,0,0,0,0,5,0
250088,0,1,1993,25,32,0,20,19,25,0,30,0,0
250088,1,1,1993,0,0,0,0,0,0,0,0,0,0
250088,2,1,1993,0,0,0,0,0,0,0,0,0,0
250089,1,1,1993,20,20,20,20,20,20,20,20,20,20
250089,2,1,1993,0,0,0,0,0,0,0,0,0,19
250090,1,1,1993,18,18,18,18,18,18,18,18,18,18
250091,1,1,1993,0,0,0,0,0,0,0,0,0,0
250091,2,1,1993,0,0,0,0,0,0,0,0,0,0
250092,1,1,1993,0,0,0,0,0,0,0,0,0,0
250092,2,1,1993,0,0,0,0,0,0,0,0,0,0
250093,0,1,1993,24,0,9,0,14,10,25,29,43,17
250093,1,1,1993,10,0,9,0,17,0,0,0,18,3
250094,1,1,1993,36,28,26,12,31,17,11,13,23,7
250095,1,1,1993,0,0,0,0,0,0,0,0,0,0
250096,1,1,1993,0,0,5,0,0,0,0,4,0,0
250096,2,1,1993,10,10,10,10,10,10,10,10,10,10
250097,1,1,1993,15,15,15,15,15,15,15,15,15,15
250098,1,1,1993,10,6,10,12,11,12,20,17,18,11
250099,1,1,1993,20,20,20,20,20,20,20,20,20,20
250100,1,1,1993,3,3,3,3,3,3,3,3,3,3
250101,1,1,1993,4,25,16,14,22,24,0,0,23,13
250102,1,1,1993,0,0,0,0,0,0,0,0,13,11
250103,0,1,1993,15,15,15,15,15,15,15,15,15,15
250103,1,1,1993,0,0,0,10,5,2,13,0,25,0
250104,0,1,1993,0,0,0,0,0,0,0,0,0,0
250104,1,1,1993,6,0,0,18,28,0,0,19,14,14
250105,1,1,1993,19,19,19,19,19,19,19,19,19,19
250105,2,1,1993,0,12,0,0,5,0,0,0,0,11
250106,1,1,1993,0,0,0,0,0,0,0,0,0,0
250106,2,1,1993,0,11,0,0,0,0,0,0,0,0
250107,1,1,1993,0,0,0,0,0,0,0,0,0,0
250107,2,1,1993,0,0,0,0,0,0,0,0,0,0
250108,1,1,1993,19,19,19,19,19,19,19,19,19,19
250109,0,1,1993,0,0,0,0,0,0,0,0,0,0
250109,1,1,1993,0,0,0,0,0,0,0,0,0,0
250110,1,1,1993,4,4,4,4,4,4,4,4,4,4
250111,1,1,1993,21,21,21,21,21,21,21,21,21,21
250112,1,1,1993,0,0,0,0,0,0,0,0,0,0
250112,2,1,1993,2,0,0,28,15,0,15,4,0,0
250113,1,1,1993,0,0,0,0,0,0,0,0,0,0
250113,2,1,1993,0,0,0,0,0,0,0,0,0,0
250114,1,1,1993,0,0,0,0,0,0,0,0,0,0
250115,0,1,1993,0,0,0,0,0,0,0,0,0,0
250115,1,1,1993,0,0,0,0,0,0,0,0,0,0
250116,0,1,1993,0,0,0,0,0,0,0,0,0,0
250116,1,1,1993,0,18,0,0,12,19,0,0,0,8
250117,1,1,1993,14,13,24,13,4,21,0,24,17,16
250118,1,1,1993,0,0,0,14,25,26,0,8,0,0
250119,1,1,1993,22,0,16,10,0,0,9,15,10,7
250119,2,1,1993,0,0,0,0,0,0,0,0,0,0
250121,0,1,1993,0,0,0,0,0,0,0,0,0,0
250121,1,1,1993,0,14,0,0,0,0,0,0,0,0
250122,1,1,1993,13,11,18,18,22,9,15,11,0,10
250122,2,1,1993,0,0,14,19,7,0,10,2,0,10
250122,3,1,1993,0,0,0,0,0,0,0,0,0,0
250122,4,1,1993,0,0,5,0,9,0,0,0,0,0
250123,1,1,1993,0,0,0,0,0,0,0,0,0,0
250124,1,1,1993,27,18,18,7,25,19,15,17,41,28
250125,1,1,1993,8,8,8,8,8,8,8,8,8,8
250126,1,1,1993,15,15,15,15,15,15,15,15,15,15
250127,0,1,1993,10,0,0,0,0,0,41,30,0,15
250127,1,1,1993,6,10,0,0,11,3,17,22,18,14
250129,0,1,1993,0,0,0,0,0,0,0,0,0,0
250129,1,1,1993,0,23,0,0,0,30,0,0,0,0
250130,0,1,1993,0,0,0,0,0,0,0,0,0,0
250130,1,1,1993,5,0,0,10,21,0,0,0,7,0
250131,1,1,1993,0,0,0,0,0,0,0,0,0,0
250131,2,1,1993,0,0,0,0,0,0,0,0,0,0
250132,1,1,1993,0,0,0,0,0,0,0,0,0,0
250133,1,1,1993,15,15,15,15,15,15,15,15,15,15
250133,2,1,1993,0,0,0,0,0,0,0,0,0,0
250134,1,1,1993,8,5,3,12,7,6,4,11,0,28
250135,1,1,1993,0,0,0,0,0,0,0,0,0,0
250135,2,1,1993,0,0,0,0,0,0,0,0,0,0
250135,3,1,1993,0,0,0,0,0,0,0,0,0,0
250136,1,1,1993,0,0,0,0,0,0,0,0,0,0
250137,1,1,1993,21,21,21,21,21,21,21,21,21,21
250138,1,1,1993,28,28,28,28,28,28,28,28,28,28
250139,0,1,1993,0,0,0,0,0,0,0,0,0,0
250139,1,1,1993,0,0,0,0,0,0,0,0,0,0
250140,0,1,1993,14,14,14,14,14,14,14,14,14,14
250140,1,1,1993,13,14,0,0,0,0,3,0,0,10
250141,0,1,1993,0,0,0,0,0,0,0,0,0,0
250141,1,1,1993,0,0,0,0,9,0,0,0,0,0
250142,1,1,1993,0,0,0,0,0,0,0,0,0,0
250142,2,1,1993,0,0,0,0,0,0,0,0,0,0
250143,1,1,1993,2,2,2,2,2,2,2,2,2,2
250144,0,1,1993,0,0,0,0,0,0,0,0,0,0
250144,1,1,1993,0,0,0,0,0,0,0,0,0,6
250145,1,1,1993,33,33,33,33,33,33,33,33,33,33
250145,2,1,1993,0,0,0,0,0,0,0,0,0,0
250146,1,1,1993,15,11,0,15,11,8,6,17,3,12
250147,1,1,1993,0,0,0,0,0,0,0,12,0,0
250147,2,1,1993,0,0,0,0,0,0,0,4,0,0
250148,1,1,1993,17,17,17,17,17,17,17,17,17,17
250149,0,1,1993,0,0,12,0,9,0,0,0,34,0
250149,1,1,1993,0,0,0,0,3,0,0,0,0,0
250150,0,1,1993,16,16,16,16,16,16,16,16,16,16
250150,1,1,1993,13,22,19,28,11,5,0,11,0,13
250151,1,1,1993,23,11,22,28,6,6,11,10,14,2
250151,2,1,1993,0,14,0,0,0,0,0,0,0,0
250152,1,1,1993,5,22,27,12,13,14,15,12,16,9
250153,1,1,1993,1,1,1,1,1,1,1,1,1,1
250153,2,1,1993,0,0,0,0,0,0,0,0,0,0
250154,1,1,1993,28,28,28,28,28,28,28,28,28,28
250156,0,1,1993,0,0,0,0,0,0,0,0,0,0
250156,1,1,1993,0,0,0,0,0,0,0,0,0,0
250157,1,1,1993,0,0,0,0,0,0,0,0,0,0
250157,2,1,1993,0,0,0,10,0,11,0,0,0,4
250158,1,1,1993,0,0,0,0,0,0,0,0,0,0
250159,1,1,1993,0,0,0,9,13,0,0,0,0,0
250159,2,1,1993,0,0,0,0,0,0,0,11,0,0
250160,0,1,1993,37,37,37,37,37,37,37,37,37,37
250160,1,1,1993,0,0,0,0,0,0,0,0,0,0
250161,1,1,1993,19,19,19,19,19,19,19,19,19,19
250162,0,1,1993,10,10,10,10,10,10,10,10,10,10
250162,1,1,1993,15,14,24,14,7,15,15,14,19,14
250163,0,1,1993,0,0,0,0,0,0,0,0,0,0
250163,1,1,1993,0,0,15,0,12,9,0,0,0,0
250164,1,1,1993,0,0,0,0,0,0,0,0,0,0
250164,2,1,1993,0,0,0,0,0,0,0,0,0,0
250165,0,1,1993,0,0,0,0,0,0,0,0,0,0
250165,1,1,1993,15,13,5,4,11,0,9,9,10,1
250166,1,1,1993,0,0,0,0,0,0,0,0,0,0
250167,1,1,1993,0,0,0,0,0,0,0,0,0,0
250167,2,1,1993,4,0,0,0,0,0,0,0,0,0
250167,3,1,1993,0,0,0,0,0,0,0,0,0,0
250168,0,1,1993,0,0,0,28,0,0,0,0,0,0
250168,1,1,1993,12,0,8,5,6,38,0,34,30,20
250169,1,1,1993,0,0,0,0,0,0,0,0,0,0
250169,2,1,1993,0,0,0,0,0,0,0,0,6,0
250170,1,1,1993,10,10,10,10,10,10,10,10,10,10
250171,1,1,1993,1,31,15,13,10,37,10,18,30,3
250172,1,1,1993,33,33,33,33,33,33,33,33,33,33
250173,1,1,1993,0,0,0,0,0,0,0,0,0,0
250174,0,1,1993,0,0,0,0,0,0,0,0,0,0
250174,1,1,1993,0,0,0,0,0,0,0,0,0,0
250175,1,1,1993,10,8,11,15,22,11,11,33,12,9
250176,0,1,1993,0,26,0,31,19,13,10,16,0,18
250176,1,1,1993,6,13,10,18,18,37,19,16,11,0
250177,1,1,1993,0,0,0,0,0,0,0,0,0,0
250178,1,1,1993,0,0,0,0,0,0,0,0,0,0
250178,2,1,1993,0,0,0,0,0,0,0,0,0,0
250179,1,1,1993,0,0,0,0,0,0,0,0,0,0
250180,0,1,1993,0,0,0,0,0,0,0,0,0,0
250180,1,1,1993,0,0,0,0,0,0,0,17,0,0
250182,1,1,1993,0,0,0,0,20,0,0,0,0,14
250182,2,1,1993,0,0,0,0,0,0,0,0,0,5
250183,1,1,1993,0,0,0,0,0,0,0,0,0,0
250184,1,1,1993,0,0,0,0,0,0,0,0,0,0
250184,2,1,1993,0,0,0,0,0,0,0,0,0,0
250185,1,1,1993,27,4,13,19,9,17,18,6,8,18
250185,2,1,1993,13,9,10,0,24,22,0,15,0,0
250186,0,1,1993,0,0,0,0,0,0,0,0,0,0
250186,1,1,1993,0,0,0,0,0,0,0,0,0,0
250187,1,1,1993,12,12,12,12,12,12,12,12,12,12
250188,0,1,1993,0,0,0,0,0,0,0,0,0,0
250188,1,1,1993,0,0,0,0,0,0,0,0,0,0
250189,1,1,1993,0,14,0,5,26,0,3,0,7,23
250189,2,1,1993,0,0,0,0,0,0,0,0,0,0
250190,1,1,1993,8,19,12,5,11,5,13,21,30,12
250190,2,1,1993,0,0,14,0,0,0,0,0,0,0
250191,1,1,1993,0,0,0,0,0,0,0,0,0,0
250191,2,1,1993,0,0,0,0,0,0,0,0,0,0
250192,1,1,1993,0,0,0,0,0,0,0,0,0,0
250192,2,1,1993,13,0,0,0,13,9,0,0,0,0
250193,1,1,1993,0,0,0,0,0,0,0,0,0,0
250193,2,1,1993,7,0,0,12,0,0,0,0,0,0
250194,1,1,1993,15,15,15,15,15,15,15,15,15,15
250195,1,1,1993,0,0,0,0,0,0,0,0,0,16
250196,1,1,1993,19,9,27,26,22,0,10,13,20,6
250197,1,1,1993,0,0,0,0,0,0,0,0,0,0
250198,1,1,1993,0,0,0,0,0,0,0,0,0,0
250199,1,1,1993,0,0,0,0,0,0,0,0,0,0
250201,1,1,1993,0,0,0,0,0,0,0,0,0,0
250202,1,1,1993,0,0,0,0,0,0,0,0,0,0
250203,0,1,1993,0,0,0,0,0,0,0,0,0,0
250203,0,2,1993,0,0,0,22,21,0,18,4,0,0
250203,1,1,1993,0,0,0,0,0,0,0,0,0,0
250204,1,1,1993,15,15,15,15,15,15,15,15,15,15
250205,1,1,1993,17,0,0,0,0,0,0,0,0,0
250205,2,1,1993,0,0,15,0,0,0,0,0,0,0
250207,1,1,1993,0,0,0,0,0,0,0,0,0,0
250208,1,1,1993,0,0,0,0,0,0,0,0,0,0
250208,2,1,1993,0,0,0,0,0,0,0,0,0,0
250209,0,1,1993,0,0,0,0,0,0,0,0,0,0
250209,1,1,1993,14,0,0,0,0,0,0,0,0,0
250210,1,1,1993,0,0,0,0,0,0,0,0,0,0
250211,1,1,1993,0,0,0,0,0,0,0,0,0,0
250211,2,1,1993,0,0,0,0,0,0,0,0,0,0
250212,1,1,1993,0,0,0,0,0,0,0,0,0,0
250212,2,1,1993,6,0,0,0,0,0,10,0,0,7
250212,3,1,1993,0,0,0,0,0,0,0,0,0,0
250213,1,1,1993,17,17,17,17,17,17,17,17,17,17
250213,2,1,1993,0,0,0,4,16,0,23,0,10,0
250214,1,1,1993,0,0,0,0,15,0,19,0,0,0
250214,2,1,1993,0,12,17,16,0,20,7,23,5,0
250215,1,1,1993,0,0,0,0,6,0,0,0,0,0
250215,2,1,1993,7,7,7,7,7,7,7,7,7,7
250216,1,1,1993,15,15,15,15,15,15,15,15,15,15
250217,1,1,1993,0,0,0,0,0,0,0,0,0,0
250217,2,1,1993,7,0,0,0,0,0,0,0,7,0
250218,1,1,1993,0,0,0,0,0,0,0,0,0,0
250218,2,1,1993,0,0,0,0,0,0,0,0,0,0
250219,1,1,1993,23,23,23,23,23,23,23,23,23,23
250220,1,1,1993,29,29,29,29,29,29,29,29,29,29
250221,0,1,1993,25,25,25,25,25,25,25,25,25,25
250221,1,1,1993,0,0,0,0,0,0,0,0,0,0
250222,1,1,1993,0,0,0,0,0,0,0,0,13,0
250222,2,1,1993,0,0,0,0,28,0,0,0,11,0
250222,3,1,1993,0,0,0,0,0,0,0,0,0,0
250222,4,1,1993,0,0,0,0,0,0,0,0,0,0
250222,5,1,1993,0,0,0,0,0,0,0,0,0,0
250223,1,1,1993,0,0,0,0,0,0,0,0,0,0
250223,2,1,1993,0,0,0,0,0,0,0,0,0,0
250224,1,1,1993,11,15,12,10,13,12,0,29,14,7
250224,2,1,1993,0,32,0,0,0,0,0,0,23,0
250225,1,1,1993,18,11,39,8,15,34,4,20,21,9
250226,1,1,1993,0,0,0,15,20,14,0,0,7,0
250227,1,1,1993,15,15,15,15,15,15,15,15,15,15
250229,1,1,1993,0,0,0,0,0,0,0,0,0,0
250229,2,1,1993,0,0,0,0,0,0,0,0,0,0
250231,1,1,1993,0,0,0,0,0,0,0,0,0,0
250231,2,1,1993,0,0,0,0,0,0,25,0,0,0
250232,1,1,1993,0,0,0,0,0,0,0,0,0,0
250233,1,1,1993,0,0,11,0,28,0,0,0,0,0
250233,2,1,1993,0,0,0,0,0,0,0,0,0,0
250233,3,1,1993,0,0,0,0,0,14,0,0,0,0
250233,4,1,1993,0,0,0,0,0,0,0,0,0,0
250233,5,1,1993,0,0,0,0,0,0,0,0,0,4
250234,1,1,1993,0,0,0,0,0,0,0,0,0,0
250234,2,1,1993,0,0,0,0,0,0,0,0,0,0
250235,1,1,1993,0,0,0,0,0,0,0,0,0,0
250235,2,1,1993,0,0,0,0,0,0,0,0,0,0
250236,1,1,1993,0,0,0,0,0,0,0,0,0,0
250237,1,1,1993,13,13,13,13,13,13,13,13,13,13
250238,1,1,1993,0,0,0,0,0,0,0,0,0,0
250239,1,1,1993,23,23,23,23,23,23,23,23,23,23
250240,0,1,1993,0,0,0,0,0,0,0,0,0,0
250240,1,1,1993,0,0,0,0,0,0,0,0,0,0
250241,0,1,1993,0,0,0,0,0,0,0,0,0,0
250241,1,1,1993,0,0,0,0,0,0,0,0,0,0
250242,1,1,1993,17,17,17,17,17,17,17,17,17,17
250243,1,1,1993,20,20,20,20,20,20,20,20,20,20
250244,1,1,1993,0,0,0,0,0,0,0,0,0,0
250245,0,1,1993,14,14,14,14,14,14,14,14,14,14
250245,1,1,1993,0,27,12,0,0,0,0,0,0,0
250246,1,1,1993,24,24,24,24,24,24,24,24,24,24
250247,1,1,1993,14,14,14,14,14,14,14,14,14,14
250247,2,1,1993,7,0,0,0,0,0,0,0,10,0
250248,1,1,1993,0,21,0,0,29,0,0,0,0,0
250248,2,1,1993,0,0,0,0,0,0,0,0,0,0
250249,1,1,1993,18,18,18,18,18,18,18,18,18,18
250249,2,1,1993,0,0,0,0,0,0,0,4,0,0
250250,1,1,1993,19,19,19,19,19,19,19,19,19,19
250251,0,1,1993,0,0,0,0,0,0,0,0,0,0
250251,1,1,1993,0,0,0,0,0,0,0,0,0,0
250252,1,1,1993,0,0,0,0,0,0,0,0,0,0
250253,0,1,1993,0,0,0,0,0,0,0,0,0,0
250253,1,1,1993,0,0,0,0,0,0,0,0,0,0
250254,0,1,1993,24,15,17,0,10,17,0,0,17,0
250254,0,2,1993,33,40,0,19,31,10,20,21,29,0
250254,1,1,1993,15,17,13,11,15,21,17,7,17,11
250255,0,1,1993,0,0,0,0,0,0,0,0,0,0
250255,1,1,1993,19,6,17,13,16,13,9,19,19,12
250256,0,1,1993,0,0,0,0,0,0,0,0,11,0
250256,1,1,1993,0,0,0,0,0,0,0,0,0,0
250257,1,1,1993,0,0,0,0,0,0,0,0,0,0
250258,1,1,1993,0,0,0,0,11,3,0,0,0,0
250259,1,1,1993,23,23,23,23,23,23,23,23,23,23
250260,0,1,1993,14,14,14,14,14,14,14,14,14,14
250260,1,1,1993,0,0,0,0,0,0,4,0,0,0
250261,1,1,1993,14,0,0,22,0,0,0,21,0,0
250261,2,1,1993,0,0,0,0,0,0,0,0,0,0
250262,1,1,1993,0,0,0,0,0,3,0,4,0,0
250262,2,1,1993,0,0,0,0,0,0,0,0,0,0
250263,1,1,1993,0,0,17,8,0,27,0,12,0,13
250263,2,1,1993,0,0,0,0,0,0,9,0,0,0
250264,1,1,1993,0,8,9,13,20,4,0,0,14,9
250265,1,1,1993,0,0,0,0,0,0,0,0,11,0
250266,0,1,1993,0,0,0,0,0,0,0,0,0,0
250266,0,2,1993,27,10,26,16,14,0,0,2,16,29
250266,1,1,1993,0,0,0,0,0,0,0,0,0,0
250267,1,1,1993,0,0,0,0,0,0,0,0,0,0
250268,1,1,1993,0,0,0,0,0,0,0,0,0,0
250269,1,1,1993,22,22,22,22,22,22,22,22,22,22
250270,1,1,1993,0,0,0,0,0,0,0,0,0,0
250271,1,1,1993,0,0,0,0,0,0,0,0,0,0
250271,2,1,1993,0,0,0,0,0,0,0,0,0,0
250272,1,1,1993,0,0,0,0,0,0,0,0,0,0
250273,1,1,1993,20,20,20,20,20,20,20,20,20,20
250274,1,1,1993,0,0,0,0,0,0,0,0,0,0
250274,2,1,1993,0,0,0,0,0,0,0,0,0,0
250275,0,1,1993,4,4,4,4,4,4,4,4,4,4
250275,1,1,1993,9,0,0,0,0,20,5,0,4,12
250276,1,1,1993,0,0,0,0,30,0,0,0,4,0
250276,2,1,1993,0,0,0,0,0,0,0,0,0,0
250277,1,1,1993,0,0,0,0,18,0,0,0,0,0
250277,2,1,1993,0,0,0,0,0,0,0,0,8,0
250278,1,1,1993,0,0,0,0,0,0,0,0,0,0
250278,2,1,1993,0,0,0,13,0,0,0,0,0,0
250279,0,1,1993,0,0,0,0,0,0,0,0,0,0
250279,0,2,1993,0,0,0,0,13,22,15,0,21,0
250279,0,3,1993,0,0,10,20,25,10,0,8,0,0
250279,0,4,1993,0,0,16,0,29,0,0,0,25,0
250279,1,1,1993,15,16,13,15,0,14,19,19,14,14
250280,1,1,1993,0,0,0,0,0,10,11,0,0,0
250281,1,1,1993,0,0,0,0,0,0,0,0,0,0
250281,2,1,1993,0,0,3,0,0,0,0,22,0,0
250282,1,1,1993,0,0,0,0,0,0,0,0,0,0
250282,2,1,1993,0,0,0,0,0,0,0,0,0,0