ST_CASE,VEH_NO,PER_NO,YEAR,P1,P2,P3,P4,P5,P6,P7,P8,P9,P10
250283,1,1,1993,0,0,0,0,0,0,0,0,0,0
250284,1,1,1993,0,0,0,0,0,0,0,0,0,0
250284,2,1,1993,0,0,0,0,0,0,0,0,0,0
250285,1,1,1993,0,0,0,0,0,0,15,0,0,0
250285,2,1,1993,0,0,0,0,0,0,0,0,0,0
250286,1,1,1993,0,0,0,0,0,0,0,0,0,0
250287,1,1,1993,0,0,0,0,0,0,0,0,0,0
250287,2,1,1993,0,0,0,0,0,0,0,0,0,0
250288,1,1,1993,0,0,0,0,0,0,0,0,0,0
250289,1,1,1993,0,0,0,0,0,0,0,0,0,0
250289,2,1,1993,0,0,0,0,0,0,0,0,0,0
250290,1,1,1993,10,10,10,10,10,10,10,10,10,10
250291,1,1,1993,0,13,0,0,12,0,0,0,0,0
250292,1,1,1993,0,0,0,0,0,0,0,0,0,0
250293,1,1,1993,0,0,0,0,0,0,13,0,4,0
250294,1,1,1993,8,0,0,0,0,20,0,10,0,0
250294,2,1,1993,0,11,0,0,0,0,0,0,0,0
250295,1,1,1993,0,0,0,0,0,0,0,0,0,0
250295,2,1,1993,0,0,0,0,0,13,0,0,0,0
250296,1,1,1993,7,7,7,7,7,7,7,7,7,7
250297,1,1,1993,0,0,0,0,0,0,0,0,0,14
250297,2,1,1993,0,0,0,0,0,0,0,0,0,0
250298,1,1,1993,0,0,0,4,0,0,0,0,0,0
250298,2,1,1993,2,2,2,2,2,2,2,2,2,2
250299,0,1,1993,0,0,0,0,0,0,0,0,0,0
250299,1,1,1993,0,0,0,0,0,0,0,6,0,0
250300,0,1,1993,0,0,0,0,0,0,0,0,0,0
250300,1,1,1993,0,15,0,10,0,25,0,0,0,24
250301,1,1,1993,0,6,0,5,0,0,0,0,0,0
250302,1,1,1993,0,0,0,0,0,0,0,0,0,0
250303,1,1,1993,14,14,14,14,14,14,14,14,14,14
250303,2,1,1993,0,0,0,0,18,0,0,0,0,0
250304,0,1,1993,7,7,7,7,7,7,7,7,7,7
250304,1,1,1993,0,0,20,0,0,0,0,0,0,0
250305,0,1,1993,0,0,0,0,0,0,0,0,0,0
250305,1,1,1993,12,6,4,9,3,10,0,0,0,14
250306,1,1,1993,0,0,0,0,0,0,0,0,0,0
250306,2,1,1993,0,0,0,0,0,0,0,0,0,0
250307,1,1,1993,8,17,6,7,10,8,13,19,13,12
250308,0,1,1993,0,0,0,0,0,0,0,0,0,0
250308,1,1,1993,0,0,4,0,0,0,0,0,0,0
250309,1,1,1993,6,14,11,20,11,26,14,13,4,19
250309,2,1,1993,24,4,17,4,0,21,13,0,0,8
250310,1,1,1993,0,0,0,0,0,0,0,0,0,0
250311,1,1,1993,0,0,0,0,12,0,0,0,5,0
250311,2,1,1993,0,0,0,15,0,0,0,0,0,0
250312,1,1,1993,10,10,10,10,10,10,10,10,10,10
250313,1,1,1993,0,23,0,0,24,5,18,0,0,0
250314,1,1,1993,13,4,0,15,17,6,8,7,14,17
250314,2,1,1993,0,0,0,0,0,0,0,0,0,0
250315,1,1,1993,10,12,0,0,19,6,0,0,0,0
250316,1,1,1993,0,0,0,0,0,0,0,0,0,0
250316,2,1,1993,0,13,0,0,0,0,0,0,6,0
250316,3,1,1993,0,0,0,0,0,0,0,0,0,0
250317,0,1,1993,0,0,0,0,0,0,0,0,0,0
250317,1,1,1993,21,0,0,7,5,6,8,7,0,18
250318,1,1,1993,16,16,16,16,16,16,16,16,16,16
250319,0,1,1993,35,35,35,35,35,35,35,35,35,35
250319,0,2,1993,25,64,28,21,14,20,30,24,10,0
250319,1,1,1993,17,17,17,17,17,17,17,17,17,17
250320,1,1,1993,0,7,8,0,13,0,13,10,8,18
250320,2,1,1993,0,0,11,0,0,0,0,13,0,0
250321,1,1,1993,25,25,25,25,25,25,25,25,25,25
250321,2,1,1993,0,0,27,19,0,0,0,0,9,0
250322,1,1,1993,0,0,0,0,0,0,0,0,0,0
250323,1,1,1993,20,20,20,20,20,20,20,20,20,20
250324,1,1,1993,18,2,18,9,15,14,11,26,17,30
250325,1,1,1993,0,0,0,0,0,0,0,0,0,4
250326,1,1,1993,0,0,12,0,0,0,0,0,0,0
250327,1,1,1993,0,0,0,0,0,10,0,0,0,0
250327,2,1,1993,0,0,0,0,0,0,0,0,0,0
250328,1,1,1993,0,0,0,0,0,0,0,0,0,0
250328,2,1,1993,0,0,0,0,0,0,0,0,0,0
250329,0,1,1993,0,0,0,0,0,0,0,0,0,0
250329,1,1,1993,0,0,0,0,0,10,0,4,0,0
250330,0,1,1993,0,32,0,0,0,0,39,0,0,26
250330,1,1,1993,0,0,0,0,0,0,0,8,0,13
250331,1,1,1993,0,0,0,0,0,0,0,0,4,0
250331,2,1,1993,0,0,0,0,0,0,0,21,0,0
250332,0,1,1993,0,0,0,0,0,0,0,0,0,0
250332,1,1,1993,0,0,11,0,0,0,0,0,0,0
250333,1,1,1993,0,0,0,0,0,0,0,0,0,0
250333,2,1,1993,0,0,0,0,0,0,0,0,0,0
250333,3,1,1993,0,0,0,0,0,0,0,0,0,0
250334,0,1,1993,0,0,0,0,0,0,0,0,0,0
250334,1,1,1993,0,0,0,0,0,0,0,0,0,0
250335,1,1,1993,0,0,0,0,0,0,0,0,0,0
250336,1,1,1993,14,25,9,7,15,4,14,22,19,37
250337,1,1,1993,0,0,0,0,0,0,0,0,0,0
250337,2,1,1993,0,0,0,0,0,0,0,0,0,0
250338,1,1,1993,0,0,0,0,0,0,0,0,0,0
250338,2,1,1993,20,0,0,0,23,0,30,0,0,0
250339,0,1,1993,0,0,0,0,0,0,0,0,41,0
250339,1,1,1993,0,0,0,0,0,0,0,0,0,0
250340,1,1,1993,0,0,12,3,0,0,12,20,20,6
250340,2,1,1993,0,0,0,0,0,0,0,0,0,0
250341,0,1,1993,0,0,0,0,0,0,0,0,0,0
250341,0,2,1993,0,0,0,7,24,25,0,42,9,0
250341,0,3,1993,0,0,33,22,23,37,31,0,0,0
250341,1,1,1993,25,0,0,0,0,0,0,0,17,0
250342,1,1,1993,18,0,0,17,0,0,0,0,0,0
250342,2,1,1993,0,0,0,0,0,0,0,3,0,0
250343,1,1,1993,0,0,0,0,0,0,0,0,0,0
250343,2,1,1993,0,0,0,0,0,0,0,0,0,0
250344,1,1,1993,0,0,0,0,9,0,0,0,0,0
250344,2,1,1993,0,0,0,0,0,0,0,0,0,0
250345,0,1,1993,0,13,0,0,0,0,0,0,0,0
250345,1,1,1993,0,0,4,0,0,0,0,0,0,0
250346,1,1,1993,0,0,0,0,0,0,0,0,10,0
250346,2,1,1993,0,0,0,0,0,0,0,0,0,0
250348,0,1,1993,28,0,0,12,0,18,0,0,0,0
250348,1,1,1993,0,0,0,0,0,0,0,0,0,0
250349,1,1,1993,18,18,18,18,18,18,18,18,18,18
250350,0,1,1993,0,0,0,0,0,0,0,0,0,0
250350,1,1,1993,0,0,0,0,0,0,0,13,0,0
250351,1,1,1993,0,0,0,0,0,0,0,0,0,0
250351,2,1,1993,0,0,0,0,0,0,0,0,0,0
250352,1,1,1993,7,16,0,0,6,15,0,0,27,8
250353,0,1,1993,0,0,0,20,9,0,0,0,0,30
250353,1,1,1993,0,0,0,0,0,0,0,0,0,15
250354,0,1,1993,23,23,23,23,23,23,23,23,23,23
250354,1,1,1993,0,0,0,0,0,0,0,0,0,0
250355,1,1,1993,9,9,9,9,9,9,9,9,9,9
250355,2,1,1993,21,0,0,0,0,0,0,0,16,0
250356,1,1,1993,0,0,0,0,27,0,0,0,0,0
250356,2,1,1993,10,10,10,10,10,10,10,10,10,10
250357,1,1,1993,0,0,0,0,0,0,0,7,0,0
250357,2,1,1993,0,0,0,0,0,0,0,0,0,0
250358,0,1,1993,19,19,19,19,19,19,19,19,19,19
250358,1,1,1993,7,20,5,5,18,7,37,9,2,10
250359,1,1,1993,0,22,0,18,23,26,30,6,22,10
250360,1,1,1993,15,7,8,15,5,20,0,10,17,0
250361,1,1,1993,21,5,18,25,10,12,15,14,21,11
250362,1,1,1993,0,0,0,0,0,0,0,0,0,0
250362,2,1,1993,0,0,0,0,0,0,0,0,0,0
250363,1,1,1993,20,20,20,20,20,20,20,20,20,20
250364,1,1,1993,20,11,0,0,0,0,0,0,0,16
250365,1,1,1993,0,0,0,0,0,0,0,0,0,0
250365,2,1,1993,0,0,0,0,0,0,0,0,0,0
250366,1,1,1993,0,0,24,0,0,10,0,0,0,0
250366,2,1,1993,0,0,0,0,0,0,0,0,0,0
250367,1,1,1993,0,0,0,0,13,0,0,0,0,0
250367,2,1,1993,0,0,0,0,0,0,0,0,0,0
250368,1,1,1993,0,0,0,0,0,0,0,0,0,0
250368,2,1,1993,17,8,29,15,11,19,22,12,16,24
250369,1,1,1993,0,0,0,0,0,0,0,0,0,0
250369,2,1,1993,0,0,4,0,0,0,0,0,0,0
250370,1,1,1993,4,19,0,12,8,9,4,18,6,8
250370,2,1,1993,22,22,22,22,22,22,22,22,22,22
250371,1,1,1993,51,20,25,22,11,33,17,0,13,0
250372,1,1,1993,10,10,10,10,10,10,10,10,10,10
250373,1,1,1993,0,0,0,0,0,8,0,0,0,0
250373,2,1,1993,0,0,0,0,11,0,0,0,0,0
250374,1,1,1993,0,0,0,0,0,0,0,0,0,0
250374,2,1,1993,0,0,0,0,0,0,0,0,0,0
250375,1,1,1993,12,12,12,12,12,12,12,12,12,12
250376,1,1,1993,12,12,12,12,12,12,12,12,12,12
250377,1,1,1993,8,0,3,0,8,9,15,11,30,12
250377,2,1,1993,0,0,0,0,0,0,0,0,0,0
250378,1,1,1993,0,0,0,0,0,0,0,0,0,0
250378,2,1,1993,0,0,0,0,0,0,0,0,0,0
250378,3,1,1993,0,0,0,0,0,0,0,0,0,0
250378,4,1,1993,0,0,0,0,0,0,0,0,0,0
250379,0,1,1993,16,23,9,0,17,18,0,19,17,0
250379,1,1,1993,10,21,32,22,11,20,0,0,9,9
250379,2,1,1993,0,0,0,0,0,0,0,0,0,0
250380,1,1,1993,0,0,0,0,5,0,0,13,0,0
250380,2,1,1993,10,10,10,10,10,10,10,10,10,10
250381,1,1,1993,0,0,0,0,0,20,0,0,0,0
250381,2,1,1993,0,0,0,0,0,0,0,0,0,0
250382,1,1,1993,0,0,0,0,0,0,0,0,0,0
250382,2,1,1993,10,6,24,11,8,9,2,0,6,22
250383,0,1,1993,0,0,0,0,0,0,0,0,0,0
250383,1,1,1993,0,0,0,0,0,0,0,0,0,0
250384,1,1,1993,7,7,7,7,7,7,7,7,7,7
250385,1,1,1993,18,18,18,18,18,18,18,18,18,18
250386,1,1,1993,0,0,0,0,0,0,0,0,0,0
250386,2,1,1993,0,0,0,0,0,0,12,0,0,0
250387,1,1,1993,0,0,0,0,8,0,0,5,0,0
250388,1,1,1993,0,0,0,0,0,0,0,0,0,0
250388,2,1,1993,0,0,0,0,0,0,0,0,0,0
250389,0,1,1993,27,18,21,0,28,0,19,9,0,0
250389,1,1,1993,0,9,20,0,12,0,0,0,0,0
250390,0,1,1993,0,0,0,0,0,0,0,0,0,0
250390,1,1,1993,0,0,0,0,0,0,0,0,0,0
250391,1,1,1993,13,0,9,11,18,8,11,0,0,10
250392,1,1,1993,0,0,0,0,0,0,0,0,0,0
250393,1,1,1993,0,0,0,0,0,0,0,0,0,0
250393,2,1,1993,0,11,5,0,13,0,0,0,5,11
250394,1,1,1993,0,0,0,0,0,0,0,0,0,0
250394,2,1,1993,0,0,0,0,0,0,0,0,0,0
250396,1,1,1993,14,0,0,0,7,5,0,0,13,17
250396,2,1,1993,0,0,0,0,0,14,0,0,0,0
250397,1,1,1993,22,22,22,22,22,22,22,22,22,22
250398,0,1,1993,0,0,0,0,0,0,0,0,0,0
250398,1,1,1993,0,0,0,0,0,0,0,0,0,0
250399,1,1,1993,0,0,0,0,0,0,0,0,0,0
250399,2,1,1993,7,14,0,21,17,26,0,11,0,8
250400,1,1,1993,13,13,13,13,13,13,13,13,13,13
250401,1,1,1993,27,27,27,27,27,27,27,27,27,27
250401,2,1,1993,0,0,0,0,0,16,0,0,0,0
250402,1,1,1993,1,1,1,1,1,1,1,1,1,1
250403,1,1,1993,23,23,23,23,23,23,23,23,23,23
250404,1,1,1993,31,31,31,31,31,31,31,31,31,31
250405,0,1,1993,0,0,0,0,0,0,0,0,0,0
250405,1,1,1993,0,0,0,0,0,0,0,0,0,0
250406,1,1,1993,20,20,20,20,20,20,20,20,20,20
250408,1,1,1993,21,0,0,22,2,8,0,22,5,24
250409,1,1,1993,0,0,0,0,0,0,0,0,0,0
250409,2,1,1993,0,0,0,0,4,0,0,0,0,0
250409,3,1,1993,0,0,0,0,0,0,0,0,0,0
250409,4,1,1993,0,0,0,0,0,0,0,0,0,0
250410,1,1,1993,0,0,0,0,0,0,0,0,0,0
250411,1,1,1993,0,0,0,0,0,0,0,0,0,0
250411,2,1,1993,0,0,0,0,0,0,0,0,0,0
250412,1,1,1993,20,20,20,20,20,20,20,20,20,20
250413,1,1,1993,10,10,10,10,10,10,10,10,10,10
250414,0,1,1993,0,0,0,0,0,0,0,0,0,0
250414,1,1,1993,0,0,0,0,8,0,0,0,0,0
250415,1,1,1993,0,0,0,9,0,0,0,0,0,0
250416,1,1,1993,33,33,33,33,33,33,33,33,33,33
250416,2,1,1993,0,0,0,0,0,0,0,0,0,0
250416,3,1,1993,0,0,8,0,0,24,0,0,24,0
250417,1,1,1993,0,0,0,0,0,0,0,0,0,0
250418,0,1,1993,0,0,0,0,0,0,0,0,0,0
250418,1,1,1993,0,6,0,0,15,0,14,0,0,0
250418,2,1,1993,0,0,0,0,0,0,0,0,0,0
250419,1,1,1993,17,17,17,17,17,17,17,17,17,17
250419,2,1,1993,0,0,0,0,0,0,0,0,0,0
250420,1,1,1993,0,0,0,0,0,0,0,0,0,0
250420,2,1,1993,15,0,0,0,0,0,0,5,0,0
250421,1,1,1993,0,0,0,0,0,0,0,0,0,0
250422,1,1,1993,0,0,0,0,0,0,0,0,0,0
250422,2,1,1993,0,0,0,0,0,0,0,0,0,0
250423,1,1,1993,8,8,16,8,7,13,9,16,16,8
250424,1,1,1993,0,21,0,0,26,14,5,10,18,0
250425,1,1,1993,19,21,19,25,19,16,14,15,15,22
250426,1,1,1993,12,25,12,22,14,7,8,21,14,8
250427,1,1,1993,0,0,0,0,0,0,0,0,0,0
250427,2,1,1993,0,0,0,0,0,0,0,0,17,0
250428,1,1,1993,4,7,36,7,32,13,20,16,22,5
250429,1,1,1993,30,30,30,30,30,30,30,30,30,30
250430,1,1,1993,14,14,14,14,14,14,14,14,14,14
250431,0,1,1993,0,0,0,0,0,0,0,0,0,0
250431,1,1,1993,0,0,0,0,0,0,0,0,0,0
250432,1,1,1993,0,0,0,0,0,0,0,0,0,0
250433,1,1,1993,0,0,0,0,0,0,0,0,0,0
250433,2,1,1993,0,0,0,0,0,0,0,0,0,0
250434,1,1,1993,0,0,0,0,0,6,0,0,0,0
250435,1,1,1993,20,20,20,20,20,20,20,20,20,20
250436,1,1,1993,26,26,26,26,26,26,26,26,26,26
250437,0,1,1993,0,0,0,0,0,0,0,0,0,0
250437,1,1,1993,0,0,0,0,0,0,0,0,0,0
250438,1,1,1993,0,0,0,0,0,0,0,0,0,0
250438,2,1,1993,0,0,0,0,0,0,0,0,0,0
250439,1,1,1993,26,26,26,26,26,26,26,26,26,26
250440,1,1,1993,0,0,0,0,0,0,0,0,0,0
250441,0,1,1993,20,20,20,20,20,20,20,20,20,20
250441,1,1,1993,14,6,13,0,22,13,24,20,0,23
250442,1,1,1993,0,0,0,0,0,0,0,0,0,0
250442,2,1,1993,0,0,11,0,0,0,0,0,7,0
250443,1,1,1993,0,0,0,0,0,0,0,0,0,0
250443,2,1,1993,0,0,0,0,0,0,0,10,0,0
250444,0,1,1993,35,35,35,35,35,35,35,35,35,35
250444,1,1,1993,0,0,0,0,0,0,0,0,0,0
250445,1,1,1993,0,0,0,27,0,23,22,0,0,10
250446,0,1,1993,0,0,0,0,0,0,0,0,0,0
250446,1,1,1993,0,16,0,0,3,0,7,0,0,0
250447,1,1,1993,0,0,0,0,0,0,0,0,0,15
250448,1,1,1993,0,0,0,8,0,0,11,0,16,8
250449,0,1,1993,0,0,0,0,0,0,0,0,0,0
250449,1,1,1993,0,0,0,0,0,0,0,0,0,0
250450,1,1,1993,0,0,0,0,0,0,0,0,0,0
250450,2,1,1993,0,0,0,0,0,0,0,0,0,0
250451,0,1,1993,0,0,0,0,0,0,7,0,0,0
250451,1,1,1993,0,20,0,0,0,0,0,0,0,0
250452,0,1,1993,0,0,0,0,0,0,0,0,0,0
250452,1,1,1993,0,0,0,0,29,0,0,7,0,0
250453,1,1,1993,13,0,13,0,0,8,0,11,0,7
250454,0,1,1993,0,20,18,26,0,26,24,0,13,32
250454,1,1,1993,32,12,7,6,9,25,3,10,11,11
250455,1,1,1993,10,3,15,18,24,26,7,12,17,26
250455,2,1,1993,0,7,9,13,0,0,0,0,7,9
250456,1,1,1993,0,0,0,0,0,0,0,0,0,0
250456,2,1,1993,0,0,0,0,0,0,0,0,0,0
250457,1,1,1993,0,0,0,0,0,0,0,0,0,0
250457,2,1,1993,0,0,0,0,0,0,8,0,0,0
250458,1,1,1993,0,0,0,0,0,0,0,0,0,0
250459,1,1,1993,0,0,0,0,0,0,0,0,0,0
250460,1,1,1993,0,0,0,0,0,0,0,0,0,0
250461,1,1,1993,16,16,16,16,16,16,16,16,16,16
250461,2,1,1993,7,15,11,23,18,6,18,14,21,3
250462,1,1,1993,0,0,0,0,0,0,0,0,0,0
250463,1,1,1993,0,0,0,0,0,0,0,0,0,4
250463,2,1,1993,0,0,0,0,0,0,0,0,0,0
250464,1,1,1993,0,0,0,0,0,0,0,0,0,0
260001,1,1,1993,16,7,11,10,10,12,5,11,15,25
260002,0,1,1993,34,34,34,34,34,34,34,34,34,34
260002,1,1,1993,4,0,0,0,9,0,0,0,0,0
260003,1,1,1993,0,0,0,0,0,0,0,0,0,0
260004,1,1,1993,24,24,24,24,24,24,24,24,24,24
260005,1,1,1993,0,0,0,0,0,0,0,0,0,0
260006,1,1,1993,0,0,0,0,0,0,0,0,0,0
260006,2,1,1993,0,0,0,0,0,0,0,0,0,0
260007,1,1,1993,0,0,0,0,0,0,0,0,0,0
260008,1,1,1993,30,30,30,30,30,30,30,30,30,30
260009,1,1,1993,0,0,0,0,0,0,0,0,0,0
260009,2,1,1993,0,0,0,0,0,0,0,0,0,0
260010,1,1,1993,0,0,0,0,0,0,0,0,0,0
260010,2,1,1993,0,0,0,0,0,0,0,0,0,0
260011,0,1,1993,0,0,0,0,0,0,0,0,0,0
260011,1,1,1993,0,0,0,0,0,0,0,0,0,0
260012,1,1,1993,16,16,16,16,16,16,16,16,16,16
260012,2,1,1993,0,0,0,0,0,0,0,0,0,0
260012,3,1,1993,0,0,0,0,0,0,0,0,0,0
260013,0,1,1993,0,0,0,0,0,0,0,0,0,0
260013,1,1,1993,0,0,0,0,0,0,0,0,0,0
260014,1,1,1993,18,18,18,18,18,18,18,18,18,18
260015,0,1,1993,11,0,0,0,0,26,0,0,0,0
260015,1,1,1993,0,0,0,0,0,0,0,0,0,0
260016,1,1,1993,13,13,13,13,13,13,13,13,13,13
260017,1,1,1993,20,20,20,20,20,20,20,20,20,20
260017,2,1,1993,0,0,0,24,0,0,0,0,0,0
260018,1,1,1993,18,18,18,18,18,18,18,18,18,18
260018,2,1,1993,0,0,0,0,0,0,0,0,0,0
260019,1,1,1993,26,26,26,26,26,26,26,26,26,26
260020,1,1,1993,21,21,21,21,21,21,21,21,21,21
260021,1,1,1993,23,23,23,23,23,23,23,23,23,23
260022,1,1,1993,24,24,24,24,24,24,24,24,24,24
260023,1,1,1993,0,0,0,0,0,0,0,0,0,0
260023,2,1,1993,0,0,0,0,0,0,0,0,0,0
260024,1,1,1993,23,23,23,23,23,23,23,23,23,23
260025,1,1,1993,0,0,0,0,0,0,0,0,0,0
260025,2,1,1993,0,0,0,0,0,0,0,0,0,0
260026,1,1,1993,0,0,0,0,0,0,0,0,0,0
260026,2,1,1993,0,0,0,0,0,0,0,0,0,0
260027,1,1,1993,0,0,0,0,0,0,0,0,0,0
260027,2,1,1993,0,0,0,0,0,0,0,0,0,0
260028,1,1,1993,0,0,0,0,0,0,0,0,0,0
260028,2,1,1993,36,0,0,0,0,0,0,0,16,0
260029,1,1,1993,0,0,0,0,0,0,0,0,0,0
260029,2,1,1993,0,0,0,0,0,0,0,0,0,9
260029,3,1,1993,0,0,0,0,0,0,0,0,0,0
260030,1,1,1993,0,0,0,0,0,7,0,0,0,0
260030,2,1,1993,0,0,0,0,0,0,0,0,0,0
260031,1,1,1993,5,5,5,5,5,5,5,5,5,5
260031,2,1,1993,0,0,0,0,0,0,0,0,0,0
260032,1,1,1993,0,0,0,0,0,0,0,0,0,0
260032,2,1,1993,0,0,0,0,0,0,0,0,0,0
260033,1,1,1993,0,0,0,20,0,19,0,0,0,0
260033,2,1,1993,0,0,0,0,0,0,0,0,0,0
260034,1,1,1993,0,0,0,0,0,0,0,0,0,0
260034,2,1,1993,0,0,0,0,0,0,0,0,0,0
260034,3,1,1993,0,0,0,0,19,0,0,0,0,0
260035,1,1,1993,0,0,0,0,0,0,0,0,0,0
260035,2,1,1993,0,0,0,0,0,0,0,0,0,0
260036,1,1,1993,12,12,12,12,12,12,12,12,12,12
260036,2,1,1993,0,0,0,0,0,0,0,0,9,0
260037,1,1,1993,7,7,7,7,7,7,7,7,7,7
260037,2,1,1993,0,0,0,9,0,0,0,0,0,21
260038,1,1,1993,0,0,16,0,0,0,0,0,10,0
260038,2,1,1993,0,0,0,0,0,0,0,0,0,0
260039,1,1,1993,25,25,25,25,25,25,25,25,25,25
260040,1,1,1993,18,18,18,18,18,18,18,18,18,18
260040,2,1,1993,0,0,0,0,0,0,0,0,0,0
260041,1,1,1993,0,0,0,0,0,0,0,0,0,0
260041,2,1,1993,0,0,0,0,0,0,0,0,0,0
260042,1,1,1993,0,0,0,0,0,0,0,0,0,0
260042,2,1,1993,0,0,0,0,0,0,0,0,0,0
260043,0,1,1993,0,0,0,0,0,0,0,0,0,0
260043,1,1,1993,0,0,0,0,0,0,0,0,0,0
260044,1,1,1993,0,0,0,0,0,0,0,0,0,0
260044,2,1,1993,0,0,0,0,0,0,0,0,0,0
260045,0,1,1993,0,23,10,0,0,0,0,0,0,0
260045,1,1,1993,0,0,0,0,0,0,0,0,0,0
260045,2,1,1993,0,0,0,0,0,0,0,0,0,0
260046,1,1,1993,11,11,11,11,11,11,11,11,11,11
260047,1,1,1993,0,0,0,0,0,0,0,0,0,0
260048,0,1,1993,9,0,0,35,0,0,0,0,0,0
260048,1,1,1993,0,0,0,0,0,0,0,0,0,0
260049,1,1,1993,25,25,25,25,25,25,25,25,25,25
260050,1,1,1993,18,18,18,18,18,18,18,18,18,18
260050,2,1,1993,0,0,0,0,0,0,0,0,0,0
260051,1,1,1993,0,0,0,0,0,0,0,0,0,0
260051,2,1,1993,0,0,0,0,0,0,0,0,0,0
260052,1,1,1993,29,17,0,19,9,19,10,20,11,0
260053,1,1,1993,19,19,19,19,19,19,19,19,19,19
260053,2,1,1993,0,0,0,0,0,0,0,0,0,0
260054,1,1,1993,31,18,20,13,19,17,13,22,12,14
260055,1,1,1993,0,0,0,0,0,0,0,0,0,0
260056,1,1,1993,13,13,13,13,13,13,13,13,13,13
260056,2,1,1993,0,0,0,0,0,0,0,0,0,0
260057,1,1,1993,6,13,19,8,24,12,16,16,20,26
260057,2,1,1993,0,0,0,0,0,0,0,0,0,0
260058,1,1,1993,21,21,21,21,21,21,21,21,21,21
260059,1,1,1993,0,0,0,0,0,0,0,0,0,0
260059,2,1,1993,10,10,10,10,10,10,10,10,10,10
260060,1,1,1993,17,17,17,17,17,17,17,17,17,17
260060,2,1,1993,16,16,16,16,16,16,16,16,16,16
260061,1,1,1993,0,10,0,0,0,0,0,0,0,0
260062,1,1,1993,0,3,0,12,0,27,9,0,0,0
260062,2,1,1993,8,8,8,8,8,8,8,8,8,8
260063,1,1,1993,17,12,9,25,13,22,22,26,29,2
260064,0,1,1993,0,0,0,0,0,0,20,0,0,0
260064,1,1,1993,0,0,0,0,0,0,0,0,0,0
260065,1,1,1993,0,0,0,0,0,0,0,0,0,0
260065,2,1,1993,0,0,0,0,0,0,0,0,0,0
260066,1,1,1993,19,14,29,23,24,19,27,22,29,24
260067,0,1,1993,12,8,27,15,47,18,30,0,27,22
260067,1,1,1993,0,9,7,2,0,10,0,11,7,17
260068,0,1,1993,0,0,0,0,0,0,0,0,0,0
260068,1,1,1993,0,0,0,0,0,22,0,0,0,0
260069,1,1,1993,0,13,13,18,5,13,22,23,9,16
260070,0,1,1993,0,0,0,31,21,0,0,16,33,0
260070,1,1,1993,0,7,7,11,12,0,0,21,16,0
260071,1,1,1993,12,19,11,16,6,40,14,19,34,27
260072,0,1,1993,29,29,29,29,29,29,29,29,29,29
260072,1,1,1993,0,0,0,0,0,0,0,0,0,0
260073,0,1,1993,9,0,0,0,0,12,0,0,0,0
260073,1,1,1993,0,0,0,0,0,0,0,0,0,0
260074,1,1,1993,6,6,6,6,6,6,6,6,6,6
260075,1,1,1993,21,21,21,21,21,21,21,21,21,21
260075,2,1,1993,0,0,0,0,0,0,0,0,0,0
260076,1,1,1993,0,0,0,0,0,0,0,0,0,0
260076,2,1,1993,0,0,0,0,0,0,0,0,0,0
260077,1,1,1993,0,0,0,0,0,0,0,0,0,0
260077,2,1,1993,0,0,0,0,0,0,0,0,0,0
260078,0,1,1993,0,0,0,0,0,0,0,0,0,0
260078,1,1,1993,0,14,25,0,0,0,0,0,0,0
260079,1,1,1993,10,10,10,10,10,10,10,10,10,10
260080,1,1,1993,5,5,5,5,5,5,5,5,5,5
260081,1,1,1993,16,16,16,16,16,16,16,16,16,16
260082,1,1,1993,20,20,20,20,20,20,20,20,20,20
260082,2,1,1993,0,0,0,0,0,0,0,0,0,0
260083,1,1,1993,45,45,45,45,45,45,45,45,45,45
260084,1,1,1993,15,0,0,0,4,18,0,0,0,0
260085,1,1,1993,18,18,18,18,18,18,18,18,18,18
260086,0,1,1993,9,0,0,0,0,0,0,0,0,0
260086,1,1,1993,0,0,0,0,0,0,0,0,0,2
260087,1,1,1993,0,19,0,14,0,19,30,0,0,29
260088,1,1,1993,0,0,0,0,0,0,0,0,0,0
260088,2,1,1993,0,0,0,0,0,0,0,0,0,0
260089,1,1,1993,22,22,22,22,22,22,22,22,22,22
260089,2,1,1993,0,0,0,0,0,0,0,0,4,0
260090,1,1,1993,0,0,0,0,0,0,0,0,0,0
260090,2,1,1993,0,0,0,0,0,0,0,0,0,0
260091,0,1,1993,0,0,0,28,0,0,0,0,0,32
260091,1,1,1993,0,0,0,0,0,0,0,0,0,0
260092,0,1,1993,0,0,0,0,0,0,0,0,0,0
260092,1,1,1993,0,0,0,0,0,0,0,0,0,0
260093,1,1,1993,23,23,23,23,23,23,23,23,23,23
260093,2,1,1993,0,0,0,0,0,0,0,0,0,0
260094,1,1,1993,0,0,0,0,0,0,0,0,0,0
260095,1,1,1993,0,0,0,0,0,0,0,0,0,0
260095,2,1,1993,0,0,0,0,0,0,0,0,0,0
260096,1,1,1993,17,17,17,17,17,17,17,17,17,17
260096,2,1,1993,0,0,0,0,0,0,0,0,0,0
260097,1,1,1993,21,21,21,21,21,21,21,21,21,21