ST_CASE,VEH_NO,PER_NO,YEAR,P1,P2,P3,P4,P5,P6,P7,P8,P9,P10
260377,1,1,1993,0,0,0,9,9,0,0,0,0,0
260377,2,1,1993,0,0,0,0,0,0,15,0,0,0
260378,1,1,1993,17,17,17,17,17,17,17,17,17,17
260379,0,1,1993,0,0,0,0,0,0,0,0,0,0
260379,1,1,1993,0,0,0,0,0,0,0,0,0,0
260380,1,1,1993,29,29,29,29,29,29,29,29,29,29
260380,2,1,1993,22,22,22,22,22,22,22,22,22,22
260381,1,1,1993,0,0,0,0,0,0,0,0,0,0
260381,2,1,1993,0,0,0,0,0,0,0,0,0,0
260382,1,1,1993,0,0,0,0,0,0,0,0,0,0
260382,2,1,1993,0,0,0,0,0,0,0,0,0,0
260383,1,1,1993,0,0,0,0,0,0,0,0,0,0
260383,2,1,1993,0,0,0,0,0,0,0,0,0,0
260384,1,1,1993,19,19,19,19,19,19,19,19,19,19
260384,2,1,1993,0,0,0,0,0,0,27,0,26,0
260385,0,1,1993,0,0,0,0,0,0,4,11,0,25
260385,1,1,1993,0,0,0,0,0,0,0,0,0,0
260386,1,1,1993,9,9,9,9,9,9,9,9,9,9
260386,2,1,1993,0,16,0,0,0,0,0,0,18,0
260387,1,1,1993,0,0,0,0,0,0,0,0,0,0
260387,2,1,1993,0,0,0,0,0,0,0,0,0,0
260388,1,1,1993,0,11,10,0,0,13,10,0,11,0
260388,2,1,1993,6,4,0,0,0,0,0,0,0,0
260389,1,1,1993,0,0,0,0,0,0,0,0,0,0
260390,1,1,1993,19,19,19,19,19,19,19,19,19,19
260391,1,1,1993,21,18,10,16,21,22,18,16,5,16
260392,1,1,1993,0,0,0,0,0,0,0,0,0,0
260392,2,1,1993,0,0,0,0,0,0,0,0,0,0
260393,0,1,1993,0,0,0,0,0,0,0,0,0,0
260393,1,1,1993,0,26,0,0,0,0,0,0,0,0
260393,2,1,1993,0,0,0,0,0,0,11,0,0,0
260394,1,1,1993,9,9,9,9,9,9,9,9,9,9
260394,2,1,1993,0,0,0,0,0,0,0,0,0,0
260395,1,1,1993,16,16,16,16,16,16,16,16,16,16
260395,2,1,1993,0,0,0,0,0,0,0,0,0,0
260396,1,1,1993,27,20,27,17,18,30,20,21,41,17
260397,1,1,1993,0,0,0,0,0,0,0,0,0,0
260398,1,1,1993,28,28,28,28,28,28,28,28,28,28
260399,1,1,1993,21,11,10,19,29,17,6,21,23,10
260399,2,1,1993,0,0,0,0,0,0,0,0,0,0
260400,1,1,1993,8,17,26,23,4,22,20,6,14,14
260401,1,1,1993,0,0,0,0,0,0,0,0,0,0
260401,2,1,1993,9,9,9,9,9,9,9,9,9,9
260402,1,1,1993,19,19,19,19,19,19,19,19,19,19
260403,1,1,1993,0,0,0,0,0,0,0,0,0,0
260404,1,1,1993,3,0,0,0,0,0,20,0,0,12
260404,2,1,1993,0,0,0,0,0,0,0,0,0,0
260404,3,1,1993,14,0,0,0,0,0,11,18,0,0
260405,0,1,1993,0,0,0,0,0,0,0,0,0,0
260405,1,1,1993,0,0,0,0,0,0,0,0,0,0
260406,1,1,1993,22,22,22,22,22,22,22,22,22,22
260407,1,1,1993,0,0,0,0,0,0,0,0,0,0
260407,2,1,1993,0,0,0,0,0,0,0,0,0,0
260408,1,1,1993,0,0,0,0,0,0,0,0,0,0
260408,2,1,1993,0,0,0,0,0,0,5,0,0,0
260409,1,1,1993,6,20,0,7,0,0,0,8,0,0
260410,1,1,1993,0,0,0,0,0,0,0,0,0,0
260410,2,1,1993,0,0,0,0,0,0,0,0,0,0
260411,1,1,1993,0,0,0,0,0,0,0,0,0,0
260411,2,1,1993,2,2,2,2,2,2,2,2,2,2
260412,1,1,1993,0,0,0,0,0,0,0,0,0,0
260412,2,1,1993,0,0,0,0,0,0,0,0,0,0
260413,1,1,1993,0,0,0,0,0,0,0,0,0,0
260413,2,1,1993,0,0,0,0,0,0,0,0,0,0
260413,3,1,1993,0,0,0,0,0,0,0,0,0,0
260414,1,1,1993,18,18,18,18,18,18,18,18,18,18
260414,2,1,1993,0,0,0,0,0,0,0,0,0,0
260416,1,1,1993,17,17,17,17,17,17,17,17,17,17
260416,2,1,1993,0,0,0,0,0,0,0,0,0,0
260417,0,1,1993,0,23,0,0,0,0,0,0,0,0
260417,1,1,1993,0,0,0,0,0,0,0,0,0,0
260418,1,1,1993,16,23,13,15,25,28,8,38,6,12
260419,1,1,1993,0,0,0,0,0,0,0,0,0,0
260420,1,1,1993,11,11,11,11,11,11,11,11,11,11
260421,0,1,1993,21,33,24,18,31,36,13,25,25,20
260421,1,1,1993,9,9,9,9,9,9,9,9,9,9
260422,0,1,1993,0,0,0,0,0,0,0,0,0,0
260422,1,1,1993,0,0,0,0,0,0,0,0,0,0
260423,1,1,1993,0,0,0,0,0,0,0,0,0,0
260423,2,1,1993,0,0,0,0,0,0,0,0,0,0
260424,1,1,1993,0,9,8,12,6,5,13,16,0,15
260424,2,1,1993,0,0,0,0,0,0,0,0,0,0
260424,3,1,1993,0,0,0,0,0,0,0,0,0,0
260425,1,1,1993,8,8,8,8,8,8,8,8,8,8
260426,1,1,1993,14,23,6,9,10,16,11,21,11,11
260426,2,1,1993,0,0,0,0,0,0,0,0,0,0
260427,1,1,1993,0,0,0,4,5,15,0,0,0,0
260427,2,1,1993,0,0,0,0,0,0,0,0,0,0
260428,1,1,1993,0,0,0,0,0,0,0,0,0,0
260428,2,1,1993,0,0,0,0,0,0,0,0,0,0
260429,1,1,1993,35,35,35,35,35,35,35,35,35,35
260430,1,1,1993,11,11,11,11,11,11,11,11,11,11
260431,1,1,1993,15,15,15,15,15,15,15,15,15,15
260432,1,1,1993,13,13,13,13,13,13,13,13,13,13
260433,1,1,1993,0,0,0,0,0,0,5,0,0,0
260433,2,1,1993,0,0,0,0,0,0,0,0,0,0
260434,1,1,1993,0,0,0,0,0,0,0,0,0,0
260434,2,1,1993,0,0,0,0,0,0,0,0,0,0
260434,3,1,1993,0,0,0,0,0,0,0,0,0,0
260434,4,1,1993,0,0,0,0,0,0,0,0,0,0
260434,5,1,1993,0,0,0,0,0,0,0,0,0,0
260435,1,1,1993,13,13,13,13,13,13,13,13,13,13
260435,2,1,1993,0,0,0,0,0,0,0,0,0,0
260436,0,1,1993,0,0,13,0,19,18,0,26,0,0
260436,1,1,1993,0,0,0,0,0,0,0,0,0,0
260437,1,1,1993,0,0,0,0,0,0,0,0,0,0
260437,2,1,1993,0,8,29,0,0,0,0,0,0,0
260437,3,1,1993,0,0,0,0,0,0,0,0,0,21
260438,1,1,1993,0,0,0,0,0,0,0,0,0,0
260438,2,1,1993,2,2,2,2,2,2,2,2,2,2
260439,1,1,1993,0,0,8,0,0,0,0,19,0,0
260439,2,1,1993,0,0,0,0,0,0,0,0,0,0
260440,1,1,1993,0,0,0,0,0,0,0,0,0,0
260440,2,1,1993,0,0,0,0,0,0,0,0,0,0
260441,1,1,1993,0,0,0,0,0,0,0,0,0,0
260441,2,1,1993,0,0,0,0,0,0,0,0,0,0
260442,1,1,1993,0,0,0,0,0,0,0,0,0,0
260442,2,1,1993,0,0,0,0,0,0,0,0,0,0
260443,1,1,1993,0,0,0,0,0,0,0,0,0,0
260443,2,1,1993,0,0,0,0,0,0,0,0,0,0
260444,1,1,1993,8,8,8,8,8,8,8,8,8,8
260445,0,1,1993,0,0,0,0,0,0,0,0,0,0
260445,1,1,1993,0,0,0,0,0,0,0,0,0,0
260446,1,1,1993,0,10,13,13,0,0,0,0,0,0
260447,1,1,1993,19,25,18,14,49,8,0,6,12,12
260447,2,1,1993,0,0,0,0,0,0,0,0,0,0
260448,0,1,1993,30,30,12,20,0,24,13,17,30,22
260448,1,1,1993,0,16,0,8,0,13,0,0,3,9
260449,1,1,1993,0,0,0,0,0,0,0,0,0,0
260449,2,1,1993,5,5,5,5,5,5,5,5,5,5
260450,1,1,1993,0,0,0,0,0,0,0,0,0,0
260451,1,1,1993,15,15,15,15,15,15,15,15,15,15
260452,1,1,1993,18,18,18,18,18,18,18,18,18,18
260453,1,1,1993,0,0,0,0,0,0,0,0,0,0
260454,1,1,1993,20,25,18,18,20,18,8,22,17,25
260455,0,1,1993,0,0,0,0,0,0,0,0,0,0
260455,1,1,1993,22,9,0,0,0,0,0,0,0,4
260456,0,1,1993,0,0,0,0,0,0,0,0,0,0
260456,1,1,1993,0,0,0,0,0,0,0,0,0,0
260457,1,1,1993,0,10,0,0,0,0,0,0,25,0
260457,2,1,1993,0,0,0,0,0,28,0,0,0,0
260458,1,1,1993,24,24,24,24,24,24,24,24,24,24
260458,2,1,1993,0,12,0,0,0,0,0,16,0,0
260459,0,1,1993,0,0,0,0,0,0,0,0,0,0
260459,1,1,1993,0,0,0,0,0,0,0,0,0,0
260460,1,1,1993,20,20,20,20,20,20,20,20,20,20
260461,1,1,1993,25,25,25,25,25,25,25,25,25,25
260462,1,1,1993,1,1,1,1,1,1,1,1,1,1
260462,2,1,1993,0,0,0,0,0,0,0,0,0,0
260463,1,1,1993,7,7,7,7,7,7,7,7,7,7
260463,2,1,1993,0,0,0,0,0,0,0,0,0,0
260464,1,1,1993,8,8,8,8,8,8,8,8,8,8
260464,2,1,1993,0,0,0,0,0,0,0,0,0,0
260465,1,1,1993,0,0,0,0,0,0,0,0,0,0
260465,2,1,1993,0,0,0,0,0,0,0,0,0,0
260466,1,1,1993,0,0,0,0,0,0,0,0,0,0
260466,2,1,1993,0,0,0,0,0,0,0,0,0,0
260467,0,1,1993,0,0,0,0,0,0,0,0,0,0
260467,1,1,1993,0,0,0,0,0,0,0,0,0,0
260468,1,1,1993,0,0,0,0,0,0,0,0,0,0
260469,1,1,1993,0,0,0,0,0,0,0,0,0,0
260469,2,1,1993,0,0,0,0,0,0,0,0,0,0
260470,1,1,1993,14,7,8,20,13,16,14,19,23,18
260471,1,1,1993,12,12,12,12,12,12,12,12,12,12
260472,1,1,1993,0,0,0,0,0,0,0,0,0,0
260473,0,1,1993,31,31,31,31,31,31,31,31,31,31
260473,1,1,1993,18,0,14,0,0,0,0,0,0,0
260474,1,1,1993,0,0,0,0,0,0,0,0,0,0
260474,2,1,1993,17,17,17,17,17,17,17,17,17,17
260475,1,1,1993,31,31,31,31,31,31,31,31,31,31
260475,2,1,1993,0,0,0,0,0,11,0,0,0,0
260475,3,1,1993,0,0,0,0,0,0,0,8,0,0
260476,1,1,1993,12,12,12,12,12,12,12,12,12,12
260476,2,1,1993,0,0,0,0,0,0,0,0,0,0
260477,1,1,1993,0,0,0,0,18,0,0,0,0,0
260477,2,1,1993,0,0,0,0,0,0,0,0,0,0
260478,1,1,1993,6,17,6,30,9,25,20,8,13,13
260478,2,1,1993,0,0,0,0,0,0,0,4,0,0
260479,1,1,1993,0,0,0,0,0,0,0,0,0,0
260479,2,1,1993,13,0,0,0,0,0,0,0,0,0
260479,3,1,1993,0,0,0,0,0,0,9,0,0,0
260479,4,1,1993,0,0,0,0,0,0,0,0,0,0
260480,1,1,1993,0,0,0,0,0,0,0,0,0,0
260480,2,1,1993,0,0,0,0,0,0,0,0,0,0
260481,1,1,1993,5,5,5,5,5,5,5,5,5,5
260481,2,1,1993,0,0,0,0,15,0,0,0,0,0
260482,1,1,1993,0,0,0,0,0,0,0,0,0,0
260483,1,1,1993,0,0,0,0,0,0,0,0,0,0
260484,1,1,1993,0,0,0,0,0,0,0,0,0,0
260485,1,1,1993,0,0,0,0,0,0,0,0,0,0
260485,2,1,1993,0,0,0,0,0,0,0,0,0,0
260486,1,1,1993,0,0,0,0,0,0,0,0,0,0
260487,0,1,1993,0,0,0,0,0,0,0,0,0,0
260487,1,1,1993,0,0,0,0,0,0,0,0,0,0
260488,0,1,1993,0,0,0,36,0,0,0,13,0,0
260488,1,1,1993,0,0,0,0,0,0,0,0,0,0
260489,0,1,1993,0,12,24,23,31,0,0,17,28,18
260489,1,1,1993,0,0,0,13,0,20,0,0,9,22
260490,1,1,1993,0,0,0,0,0,0,0,2,0,0
260490,2,1,1993,0,0,0,0,0,0,0,0,0,0
260491,0,1,1993,0,0,0,0,0,0,0,0,12,0
260491,1,1,1993,0,0,0,0,0,4,0,0,0,0
260493,0,1,1993,28,28,28,28,28,28,28,28,28,28
260493,1,1,1993,0,0,0,0,0,0,0,0,0,0
260494,1,1,1993,0,0,0,0,0,0,0,0,0,0
260494,2,1,1993,0,0,0,0,0,0,0,0,0,0
260495,1,1,1993,22,22,22,22,22,22,22,22,22,22
260496,1,1,1993,0,0,0,0,0,0,0,0,15,0
260497,0,1,1993,0,6,0,0,0,0,6,0,0,0
260497,1,1,1993,0,0,0,0,0,0,0,0,0,0
260497,2,1,1993,0,0,0,0,0,0,0,0,0,0
260498,0,1,1993,17,17,17,17,17,17,17,17,17,17
260498,1,1,1993,4,4,4,4,4,4,4,4,4,4
260499,1,1,1993,0,0,0,0,0,0,0,0,0,0
260500,1,1,1993,15,15,15,15,15,15,15,15,15,15
260500,2,1,1993,0,0,0,0,0,0,0,0,0,0
260500,3,1,1993,0,0,0,0,0,0,0,0,0,0
260501,1,1,1993,0,0,0,0,0,0,0,0,0,0
260501,2,1,1993,0,0,0,0,0,0,0,0,0,0
260502,1,1,1993,9,9,9,9,9,9,9,9,9,9
260503,1,1,1993,0,0,0,0,0,0,0,0,0,0
260503,2,1,1993,9,9,9,9,9,9,9,9,9,9
260504,0,1,1993,0,0,0,0,0,0,0,0,0,0
260504,1,1,1993,0,0,0,0,0,0,0,0,0,0
260505,1,1,1993,20,20,20,20,20,20,20,20,20,20
260505,2,1,1993,0,0,0,0,0,0,0,0,25,0
260506,1,1,1993,0,0,0,0,0,0,0,0,0,0
260506,2,1,1993,0,0,0,0,0,0,0,0,0,0
260507,1,1,1993,10,10,10,10,10,10,10,10,10,10
260508,1,1,1993,0,0,0,0,0,0,0,0,0,0
260509,1,1,1993,10,10,10,10,10,10,10,10,10,10
260510,1,1,1993,0,0,0,0,0,0,0,0,0,0
260510,2,1,1993,0,0,18,0,0,0,0,0,0,0
260511,1,1,1993,6,0,0,0,0,0,0,0,0,0
260511,2,1,1993,0,0,0,0,0,0,0,0,0,0
260512,1,1,1993,0,0,0,0,0,0,0,0,0,0
260512,2,1,1993,0,0,0,0,0,0,0,0,0,0
260513,1,1,1993,1,1,1,1,1,1,1,1,1,1
260514,1,1,1993,0,0,0,0,0,0,0,0,0,0
260515,1,1,1993,0,0,0,0,0,0,0,0,0,0
260515,2,1,1993,0,0,0,0,0,0,0,0,0,0
260516,0,1,1993,0,0,0,0,0,0,0,0,0,0
260516,1,1,1993,0,0,0,0,0,0,0,0,0,0
260517,1,1,1993,0,0,0,0,0,0,0,0,0,0
260517,2,1,1993,0,0,0,0,0,0,0,0,0,0
260518,0,1,1993,0,0,0,0,42,0,0,0,0,0
260518,1,1,1993,0,0,0,0,0,0,0,0,0,0
260519,0,1,1993,0,0,0,0,0,0,0,0,0,0
260519,1,1,1993,0,0,0,0,0,0,0,0,0,0
260520,1,1,1993,0,0,0,0,0,0,0,0,0,0
260520,2,1,1993,0,0,0,0,0,0,0,0,0,22
260521,1,1,1993,0,0,0,0,0,0,0,0,0,0
260522,1,1,1993,0,0,0,0,0,0,0,0,0,0
260523,1,1,1993,10,10,10,10,10,10,10,10,10,10
260524,1,1,1993,0,0,0,0,0,0,0,0,0,0
260524,2,1,1993,0,0,0,0,0,0,0,0,0,0
260525,1,1,1993,0,0,0,0,0,0,0,0,0,0
260526,1,1,1993,6,6,6,6,6,6,6,6,6,6
260527,1,1,1993,0,0,0,0,0,0,0,0,0,0
260528,1,1,1993,0,0,0,0,0,0,0,0,0,0
260528,2,1,1993,0,0,0,0,0,0,0,0,0,0
260529,1,1,1993,0,0,0,0,0,0,0,0,0,0
260529,2,1,1993,5,5,5,5,5,5,5,5,5,5
260530,1,1,1993,24,24,24,24,24,24,24,24,24,24
260531,1,1,1993,10,10,10,10,10,10,10,10,10,10
260532,1,1,1993,19,19,19,19,19,19,19,19,19,19
260533,1,1,1993,0,0,0,18,0,0,0,0,0,0
260533,2,1,1993,0,0,0,0,0,0,0,0,0,0
260534,0,1,1993,0,0,0,0,0,0,0,0,0,0
260534,1,1,1993,0,0,0,0,0,13,0,17,0,0
260535,1,1,1993,0,0,0,0,0,0,0,0,0,0
260535,2,1,1993,0,0,0,0,0,0,0,0,0,0
260536,1,1,1993,14,14,14,14,14,14,14,14,14,14
260537,1,1,1993,0,0,0,0,0,0,0,0,0,0
260537,2,1,1993,0,0,0,0,0,0,0,0,0,0
260537,3,1,1993,0,0,0,0,0,0,0,0,0,0
260538,1,1,1993,0,0,0,37,22,0,0,0,0,0
260538,2,1,1993,0,0,0,0,0,0,0,0,0,0
260539,1,1,1993,0,0,0,0,0,0,0,0,0,0
260540,1,1,1993,0,0,0,0,0,0,0,0,0,0
260540,2,1,1993,0,0,0,0,0,0,0,0,0,0
260541,1,1,1993,0,0,0,0,0,0,0,0,0,0
260541,2,1,1993,0,0,0,0,0,0,0,0,0,0
260542,1,1,1993,20,20,20,20,20,20,20,20,20,20
260543,0,1,1993,0,0,0,0,0,0,0,0,0,0
260543,1,1,1993,0,0,0,0,0,0,0,0,0,0
260544,1,1,1993,20,20,20,20,20,20,20,20,20,20
260545,1,1,1993,0,0,0,0,0,0,0,0,0,0
260545,2,1,1993,0,0,0,0,0,0,0,0,0,0
260546,1,1,1993,1,1,1,1,1,1,1,1,1,1
260546,2,1,1993,0,0,0,0,0,0,0,0,0,0
260547,1,1,1993,0,0,0,0,0,0,0,0,0,0
260547,2,1,1993,0,0,0,0,0,0,0,0,0,0
260548,1,1,1993,0,0,0,0,0,0,0,0,0,0
260549,1,1,1993,0,0,0,0,0,0,0,0,0,0
260549,2,1,1993,0,0,0,0,0,0,0,0,0,0
260550,1,1,1993,0,0,0,0,0,0,0,0,0,0
260551,1,1,1993,0,0,0,0,0,0,0,0,0,0
260551,2,1,1993,0,0,0,0,0,0,0,0,0,0
260552,1,1,1993,0,0,0,0,0,0,0,0,0,0
260552,2,1,1993,0,0,0,0,0,0,0,0,0,0
260553,1,1,1993,0,0,0,0,0,0,0,0,0,0
260553,2,1,1993,0,0,0,0,0,0,0,0,0,0
260554,1,1,1993,0,13,0,16,20,0,0,0,9,0
260554,2,1,1993,0,0,0,0,0,0,0,0,0,12
260555,1,1,1993,0,0,0,0,0,0,0,0,0,0
260556,1,1,1993,16,27,16,30,23,26,26,17,24,6
260557,0,1,1993,0,0,0,0,0,0,0,0,0,0
260557,1,1,1993,0,0,0,0,0,0,0,0,0,0
260558,1,1,1993,0,0,0,0,0,0,0,0,0,0
260559,1,1,1993,0,0,0,0,0,0,0,0,0,0
260559,2,1,1993,0,0,0,0,0,0,0,0,0,0
260560,1,1,1993,1,1,1,1,1,1,1,1,1,1
260560,2,1,1993,6,0,5,0,6,0,0,0,0,0
260561,0,1,1993,0,0,0,0,0,0,27,0,0,12
260561,1,1,1993,0,0,0,0,0,0,0,0,0,0
260562,1,1,1993,5,5,5,5,5,5,5,5,5,5
260562,2,1,1993,22,0,0,0,0,0,0,0,0,0
260563,0,1,1993,19,19,19,19,19,19,19,19,19,19
260563,1,1,1993,0,0,0,0,0,0,0,0,0,0
260563,2,1,1993,0,0,25,13,0,12,0,0,3,12
260564,1,1,1993,0,0,0,0,0,0,0,0,0,0
260564,2,1,1993,0,0,0,0,0,0,0,0,0,0
260565,1,1,1993,0,0,0,0,0,0,0,0,0,0
260566,1,1,1993,9,9,9,9,9,9,9,9,9,9
260566,2,1,1993,0,0,0,0,0,0,0,0,0,0
260567,1,1,1993,28,28,28,28,28,28,28,28,28,28
260568,1,1,1993,14,14,14,14,14,14,14,14,14,14
260569,0,1,1993,0,0,0,0,0,0,0,0,0,0
260569,1,1,1993,0,0,0,0,0,0,0,0,0,0
260570,1,1,1993,0,0,0,0,24,0,0,0,0,3
260571,1,1,1993,21,21,21,21,21,21,21,21,21,21
260571,2,1,1993,0,0,0,0,0,0,0,0,0,0
260572,0,1,1993,0,0,0,0,0,0,0,0,0,0
260572,1,1,1993,0,0,0,0,0,0,0,0,0,0
260573,1,1,1993,0,0,0,0,0,0,0,0,0,0
260573,2,1,1993,0,0,0,0,0,0,0,0,0,0
260574,0,1,1993,0,0,0,0,0,0,0,0,0,0
260574,1,1,1993,0,0,0,0,0,0,0,0,0,0
260575,1,1,1993,17,15,14,5,14,12,14,14,20,3
260575,2,1,1993,0,0,0,0,0,0,0,0,0,0
260575,3,1,1993,0,0,0,12,0,0,0,0,0,0
260576,1,1,1993,0,0,0,0,0,0,0,0,0,0
260576,2,1,1993,0,0,0,0,0,0,0,0,0,0
260577,1,1,1993,0,0,0,0,0,0,0,0,0,0
260578,1,1,1993,0,0,0,0,0,0,0,0,0,0
260578,2,1,1993,0,5,0,0,0,0,0,0,0,0
260579,1,1,1993,18,13,12,13,7,21,6,3,17,22
260580,1,1,1993,0,0,0,0,0,0,0,0,0,4
260581,1,1,1993,0,0,0,0,0,0,0,0,0,0
260581,2,1,1993,1,1,1,1,1,1,1,1,1,1
260582,1,1,1993,0,0,0,0,0,0,0,0,0,0
260582,2,1,1993,0,0,0,0,0,0,0,0,0,0
260583,1,1,1993,27,27,27,27,27,27,27,27,27,27
260584,1,1,1993,11,11,11,11,11,11,11,11,11,11
260584,2,1,1993,0,0,0,0,0,0,0,0,0,0
260585,0,1,1993,0,0,0,0,0,0,0,0,0,0
260585,1,1,1993,0,0,0,0,0,0,0,0,0,0
260586,0,1,1993,0,0,0,0,0,0,0,0,0,0
260586,1,1,1993,0,0,0,0,0,0,0,0,0,0
260587,1,1,1993,0,0,0,0,0,0,0,0,0,0
260587,2,1,1993,0,0,0,0,0,0,0,0,0,0
260588,1,1,1993,0,0,0,0,0,0,0,0,0,0
260589,1,1,1993,0,0,0,0,0,0,0,5,0,0
260589,2,1,1993,0,0,0,0,0,0,0,0,0,0
260590,1,1,1993,0,0,0,0,0,0,0,0,0,0
260592,0,1,1993,0,0,27,0,0,0,20,0,0,0
260592,1,1,1993,0,0,0,0,0,0,0,0,0,0
260593,1,1,1993,14,13,9,12,7,4,17,11,20,23
260594,1,1,1993,0,0,0,0,0,0,0,0,0,0
260594,2,1,1993,0,0,0,0,0,0,0,0,0,0
260595,1,1,1993,29,29,29,29,29,29,29,29,29,29
260596,1,1,1993,6,6,6,6,6,6,6,6,6,6
260597,1,1,1993,0,0,0,0,0,0,0,0,0,0
260597,2,1,1993,0,0,0,0,0,0,0,0,0,0
260598,1,1,1993,0,0,0,0,0,0,0,0,0,0
260599,1,1,1993,0,0,0,0,0,0,0,0,0,0
260599,2,1,1993,0,0,0,0,0,0,0,0,0,0
260600,0,1,1993,0,0,0,0,26,0,0,0,8,0
260600,1,1,1993,0,0,0,0,0,0,0,0,0,0
260601,1,1,1993,0,0,0,0,0,0,0,0,0,0
260601,2,1,1993,0,0,0,0,0,0,0,0,0,0
260602,1,1,1993,0,0,0,0,0,0,0,0,0,0
260602,2,1,1993,0,0,0,0,0,0,0,0,0,0
260603,1,1,1993,0,0,0,0,0,0,0,0,0,0
260603,2,1,1993,0,0,0,0,0,0,0,0,0,0
260604,1,1,1993,0,0,0,0,0,0,0,0,0,0
260604,2,1,1993,0,0,0,0,0,0,0,0,0,0
260605,1,1,1993,0,0,0,0,0,0,0,0,0,0
260605,2,1,1993,15,15,15,15,15,15,15,15,15,15
260606,1,1,1993,34,34,34,34,34,34,34,34,34,34
260607,0,1,1993,0,0,0,0,0,0,0,0,0,0
260607,1,1,1993,0,0,0,0,0,0,0,0,0,0
260608,0,1,1993,0,0,0,0,0,0,0,0,0,0
260608,1,1,1993,0,0,0,0,0,0,0,0,0,0
260609,1,1,1993,0,0,0,4,0,0,10,0,0,0
260610,1,1,1993,0,0,0,0,4,0,0,0,0,0
260610,2,1,1993,0,0,0,0,0,0,0,0,0,0
260610,3,1,1993,0,0,0,0,0,0,0,0,0,0
260610,4,1,1993,0,0,0,0,0,0,0,0,0,0
260611,0,1,1993,0,7,0,0,8,26,0,19,30,0
260611,1,1,1993,18,0,39,0,0,10,19,27,0,24
260612,1,1,1993,0,0,0,0,0,0,17,0,0,0
260612,2,1,1993,0,0,0,0,0,0,0,0,0,0
260613,1,1,1993,0,19,0,0,0,0,16,19,0,15
260614,1,1,1993,31,31,31,31,31,31,31,31,31,31
260615,1,1,1993,74,0,0,3,5,0,0,17,0,11
260616,0,1,1993,21,21,21,21,21,21,21,21,21,21
260616,1,1,1993,16,16,16,16,16,16,16,16,16,16
260617,0,1,1993,0,19,0,0,0,0,13,0,0,9
260617,1,1,1993,14,14,14,14,14,14,14,14,14,14
260618,0,1,1993,32,32,32,32,32,32,32,32,32,32
260618,1,1,1993,0,0,0,0,0,0,0,0,0,0
260619,1,1,1993,4,4,4,4,4,4,4,4,4,4
260620,1,1,1993,0,0,12,0,0,0,0,0,0,11
260620,2,1,1993,0,6,0,15,33,18,0,0,0,0
260621,1,1,1993,0,0,0,0,0,0,0,14,0,0
260621,2,1,1993,0,0,0,0,0,0,0,0,0,0
260622,1,1,1993,2,8,6,3,11,12,2,15,0,0
260622,2,1,1993,0,0,0,0,0,0,0,0,0,0
260623,0,1,1993,0,0,0,0,0,0,0,0,0,0
260623,1,1,1993,0,0,0,0,0,0,0,0,0,0
260624,1,1,1993,25,25,25,25,25,25,25,25,25,25
260625,1,1,1993,0,0,0,0,0,0,0,0,0,0
260625,2,1,1993,0,0,0,0,0,0,0,0,0,0
260626,1,1,1993,12,21,19,7,17,27,23,16,0,17
260627,1,1,1993,0,0,0,0,0,0,0,0,0,0
260627,2,1,1993,0,0,0,0,4,0,0,0,11,20
260628,0,1,1993,6,6,6,6,6,6,6,6,6,6
260628,1,1,1993,0,0,0,0,0,0,0,0,0,0
260629,1,1,1993,0,0,0,20,0,0,0,0,0,0
260629,2,1,1993,0,0,0,0,0,0,0,0,0,0
260630,1,1,1993,37,37,37,37,37,37,37,37,37,37
260630,2,1,1993,5,5,5,5,5,5,5,5,5,5
260631,1,1,1993,6,6,6,6,6,6,6,6,6,6
260632,1,1,1993,0,0,0,0,0,0,0,0,0,0
260632,2,1,1993,0,0,0,0,0,0,0,0,0,0
260633,0,1,1993,0,0,0,0,0,0,0,0,0,0
260633,1,1,1993,0,0,0,0,0,0,0,0,0,0
260634,1,1,1993,0,0,0,0,0,0,0,0,0,0
260635,1,1,1993,0,0,0,0,0,0,0,0,0,0
260635,2,1,1993,0,0,0,0,0,0,0,0,0,0
260636,1,1,1993,22,22,22,22,22,22,22,22,22,22
260637,1,1,1993,3,3,3,3,3,3,3,3,3,3
260638,1,1,1993,0,0,0,0,0,0,0,0,0,0
260638,2,1,1993,0,0,0,0,0,0,0,0,0,0
260639,1,1,1993,0,0,0,0,0,0,0,0,0,0
260640,0,1,1993,0,0,0,0,0,0,30,0,0,0
260640,1,1,1993,0,0,0,0,0,0,0,0,0,0
260641,1,1,1993,0,0,0,0,0,0,0,0,0,0
260641,2,1,1993,0,0,0,0,0,0,0,0,0,0
260642,1,1,1993,0,0,0,0,0,0,0,0,0,0
260642,2,1,1993,0,0,0,0,0,0,0,0,0,0
260643,1,1,1993,0,0,0,0,0,0,0,0,0,0
260643,2,1,1993,0,0,0,0,0,0,0,0,0,0
260644,1,1,1993,0,7,0,0,0,0,0,0,0,0
260645,1,1,1993,31,31,31,31,31,31,31,31,31,31
260646,1,1,1993,0,0,0,0,0,0,0,0,0,0
260646,2,1,1993,0,0,0,0,0,0,0,0,0,0
260647,0,1,1993,0,0,0,0,0,0,0,0,0,0
260647,1,1,1993,0,0,0,0,0,0,0,0,0,0
260648,1,1,1993,0,0,0,0,0,0,0,0,0,0
260648,2,1,1993,0,0,0,0,0,0,0,0,0,0
260649,1,1,1993,25,25,25,25,25,25,25,25,25,25
260650,1,1,1993,15,0,0,0,15,0,0,0,0,0
260650,2,1,1993,22,17,0,28,0,28,28,7,0,20