ST_CASE,VEH_NO,PER_NO,YEAR,P1,P2,P3,P4,P5,P6,P7,P8,P9,P10
260651,1,1,1993,0,0,0,0,0,0,0,0,0,0
260651,2,1,1993,0,0,0,0,0,0,0,0,0,0
260652,0,1,1993,11,11,11,11,11,11,11,11,11,11
260652,1,1,1993,0,0,0,0,0,4,0,4,0,0
260653,1,1,1993,0,0,0,0,0,0,0,0,14,0
260654,1,1,1993,0,0,12,0,0,0,0,0,0,0
260654,2,1,1993,0,0,0,0,0,0,0,0,0,0
260655,1,1,1993,24,24,24,24,24,24,24,24,24,24
260656,1,1,1993,4,4,4,4,4,4,4,4,4,4
260656,2,1,1993,0,0,0,0,0,0,0,0,0,0
260657,1,1,1993,0,0,0,0,0,0,0,0,0,0
260658,1,1,1993,0,0,0,0,0,0,0,0,0,0
260658,2,1,1993,0,0,0,0,0,0,0,0,0,0
260659,1,1,1993,0,0,0,0,0,0,0,0,0,0
260659,2,1,1993,0,0,0,10,0,0,0,0,0,0
260659,3,1,1993,0,0,11,0,0,0,0,0,24,0
260661,1,1,1993,16,5,10,13,14,21,12,21,8,12
260662,1,1,1993,0,0,0,0,0,0,0,0,0,0
260662,2,1,1993,4,4,4,4,4,4,4,4,4,4
260663,1,1,1993,0,0,24,0,0,0,0,0,0,0
260663,2,1,1993,0,0,0,0,0,0,0,0,0,0
260664,1,1,1993,11,0,0,0,0,0,0,0,0,0
260664,2,1,1993,0,0,0,0,0,0,0,0,0,0
260665,1,1,1993,0,0,0,0,0,0,0,0,0,0
260666,1,1,1993,0,0,0,0,0,0,14,0,0,0
260666,2,1,1993,0,0,0,0,0,0,0,0,0,0
260667,1,1,1993,0,0,0,0,0,0,0,0,0,0
260667,2,1,1993,0,0,0,0,0,0,0,0,0,0
260668,0,1,1993,0,0,0,0,0,0,0,0,0,0
260668,1,1,1993,0,0,0,0,0,14,0,0,0,0
260669,1,1,1993,22,22,22,22,22,22,22,22,22,22
260670,1,1,1993,0,0,0,0,15,12,10,0,0,0
260671,1,1,1993,14,14,14,14,14,14,14,14,14,14
260671,2,1,1993,0,0,0,0,0,0,0,0,0,0
260671,3,1,1993,0,0,0,0,0,0,0,0,0,7
260672,0,1,1993,23,23,23,23,23,23,23,23,23,23
260672,1,1,1993,21,16,36,0,33,13,0,31,4,18
260673,1,1,1993,16,20,0,10,20,29,0,17,16,6
260674,1,1,1993,11,11,11,11,11,11,11,11,11,11
260675,1,1,1993,0,0,0,0,0,0,0,0,0,0
260675,2,1,1993,0,0,0,0,0,0,0,0,0,0
260676,1,1,1993,0,0,0,0,0,0,0,0,0,0
260676,2,1,1993,0,0,0,0,0,0,0,0,0,0
260677,1,1,1993,0,0,0,0,0,0,0,0,0,0
260677,2,1,1993,0,0,0,0,0,0,0,0,0,0
260678,1,1,1993,0,0,0,0,0,0,0,0,0,0
260679,1,1,1993,0,0,0,0,0,0,0,0,0,0
260679,2,1,1993,0,0,0,0,0,0,0,0,0,0
260680,0,1,1993,0,18,0,0,0,0,28,0,0,0
260680,0,2,1993,0,21,17,0,0,34,0,0,0,0
260680,0,3,1993,25,18,0,6,0,0,11,20,0,10
260680,0,4,1993,29,0,0,0,0,5,0,0,3,5
260680,0,5,1993,0,0,0,0,0,0,10,0,0,0
260680,1,1,1993,0,0,0,0,0,0,0,0,0,0
260681,1,1,1993,0,0,0,0,0,0,0,0,0,4
260681,2,1,1993,0,0,0,0,0,0,0,0,0,0
260682,1,1,1993,0,0,0,0,0,0,0,0,0,0
260682,2,1,1993,0,0,0,0,0,0,0,0,0,0
260683,1,1,1993,0,0,0,0,0,0,0,0,0,0
260683,2,1,1993,0,0,0,0,0,0,0,0,0,0
260683,3,1,1993,0,0,0,0,0,0,0,0,0,0
260684,1,1,1993,19,19,19,19,19,19,19,19,19,19
260685,1,1,1993,0,0,0,0,0,0,0,0,0,0
260685,2,1,1993,0,0,0,0,0,6,0,0,2,0
260686,1,1,1993,0,0,0,0,0,0,0,0,0,0
260686,2,1,1993,0,0,0,0,0,0,0,0,0,0
260687,1,1,1993,0,0,18,10,14,0,0,0,0,0
260687,2,1,1993,7,0,35,12,12,16,7,0,16,23
260688,1,1,1993,23,23,23,23,23,23,23,23,23,23
260688,2,1,1993,0,8,0,0,3,10,0,0,9,0
260689,0,1,1993,6,6,6,6,6,6,6,6,6,6
260689,1,1,1993,0,0,0,17,0,0,0,0,7,0
260689,2,1,1993,0,0,0,0,0,0,0,0,0,0
260690,1,1,1993,14,14,14,14,14,14,14,14,14,14
260691,1,1,1993,0,0,0,0,0,0,0,0,0,0
260691,2,1,1993,0,0,0,0,0,0,0,0,0,0
260692,1,1,1993,0,0,0,0,0,0,0,0,0,0
260692,2,1,1993,0,0,0,0,0,0,0,0,0,0
260693,1,1,1993,0,0,0,0,0,0,0,0,0,0
260694,1,1,1993,0,0,0,0,0,0,0,0,0,0
260695,1,1,1993,26,26,26,26,26,26,26,26,26,26
260696,1,1,1993,0,0,0,0,0,0,0,0,0,0
260697,0,1,1993,0,0,0,0,0,0,0,0,8,0
260697,1,1,1993,4,4,4,4,4,4,4,4,4,4
260698,1,1,1993,0,0,0,0,0,0,0,0,0,0
260698,2,1,1993,0,0,0,0,0,0,0,0,0,0
260699,1,1,1993,12,12,12,12,12,12,12,12,12,12
260699,2,1,1993,0,0,0,0,0,0,0,0,0,0
260700,1,1,1993,9,9,9,9,9,9,9,9,9,9
260701,1,1,1993,18,18,18,18,18,18,18,18,18,18
260701,2,1,1993,0,0,0,0,0,0,0,0,0,0
260702,1,1,1993,0,0,0,0,0,0,0,0,0,0
260702,2,1,1993,0,0,0,0,0,0,0,0,0,0
260703,1,1,1993,15,15,15,15,15,15,15,15,15,15
260704,1,1,1993,0,0,0,0,0,0,0,0,0,0
260705,1,1,1993,0,0,0,0,0,0,0,0,0,0
260705,2,1,1993,0,0,0,0,0,0,0,0,0,0
260706,1,1,1993,0,0,0,0,0,0,0,0,0,0
260707,1,1,1993,17,17,17,17,17,17,17,17,17,17
260708,1,1,1993,24,24,24,24,24,24,24,24,24,24
260709,1,1,1993,0,0,0,0,0,0,0,0,0,0
260709,2,1,1993,0,0,0,0,0,0,0,0,0,0
260709,3,1,1993,0,0,0,0,0,0,0,0,0,0
260710,1,1,1993,0,0,0,0,0,0,0,0,0,0
260710,2,1,1993,0,0,0,0,0,0,0,0,0,0
260711,1,1,1993,15,18,18,23,3,0,4,23,16,13
260712,1,1,1993,0,0,0,0,0,0,0,0,0,0
260712,2,1,1993,0,0,0,0,0,0,0,0,0,0
260713,1,1,1993,9,9,9,9,9,9,9,9,9,9
260714,1,1,1993,0,0,0,0,0,0,0,0,0,0
260714,2,1,1993,0,0,0,0,0,0,0,0,0,0
260715,0,1,1993,0,0,0,0,0,0,0,0,0,0
260715,1,1,1993,0,0,0,0,0,0,0,0,0,0
260716,1,1,1993,0,0,0,0,0,0,0,0,0,0
260716,2,1,1993,0,7,0,9,18,6,28,8,2,13
260717,1,1,1993,7,0,0,0,0,0,0,0,0,0
260717,2,1,1993,0,0,0,0,0,0,0,24,0,0
260718,0,1,1993,29,15,14,26,34,17,27,0,13,16
260718,1,1,1993,18,18,18,18,18,18,18,18,18,18
260719,1,1,1993,20,20,20,20,20,20,20,20,20,20
260720,0,1,1993,0,26,0,0,0,0,24,0,0,0
260720,1,1,1993,0,3,0,0,0,0,0,0,0,0
260721,1,1,1993,0,0,0,0,0,0,0,0,0,0
260721,2,1,1993,0,0,0,0,0,0,0,0,0,0
260722,1,1,1993,0,0,0,0,0,0,0,0,0,0
260722,2,1,1993,0,0,0,0,0,0,0,0,0,0
260723,0,1,1993,0,0,0,0,0,0,0,0,0,0
260723,1,1,1993,0,0,0,0,0,0,0,0,0,0
260724,1,1,1993,0,0,0,0,0,0,0,0,0,0
260724,2,1,1993,0,0,0,0,0,0,0,0,0,0
260725,1,1,1993,21,21,21,21,21,21,21,21,21,21
260726,1,1,1993,0,0,0,0,0,0,0,0,0,0
260726,2,1,1993,0,0,0,0,0,0,0,0,0,0
260727,1,1,1993,0,0,0,0,0,0,0,0,0,0
260727,2,1,1993,0,0,0,0,0,0,0,0,0,0
260728,1,1,1993,17,17,17,17,17,17,17,17,17,17
260730,1,1,1993,0,0,0,0,0,0,0,0,0,0
260730,2,1,1993,0,0,0,0,0,0,0,0,0,0
260731,1,1,1993,0,0,0,0,0,0,0,0,0,0
260732,1,1,1993,12,12,12,12,12,12,12,12,12,12
260733,1,1,1993,18,18,18,18,18,18,18,18,18,18
260733,2,1,1993,3,3,3,3,3,3,3,3,3,3
260734,1,1,1993,12,10,41,0,0,0,27,0,25,0
260734,2,1,1993,0,0,0,0,0,0,0,0,0,0
260735,0,1,1993,0,0,0,0,0,0,0,0,0,0
260735,1,1,1993,0,0,0,0,0,20,0,0,0,0
260736,0,1,1993,0,0,0,0,0,0,0,0,0,0
260736,1,1,1993,0,0,0,0,0,0,0,0,0,0
260737,1,1,1993,22,20,18,33,21,12,10,4,30,19
260737,2,1,1993,15,15,15,15,15,15,15,15,15,15
260738,1,1,1993,16,16,16,16,16,16,16,16,16,16
260739,1,1,1993,0,0,0,0,0,0,0,0,0,0
260740,1,1,1993,0,0,0,0,0,0,0,0,9,0
260740,2,1,1993,0,0,0,0,0,0,0,0,0,0
260741,1,1,1993,0,0,0,0,0,0,0,0,0,0
260741,2,1,1993,0,0,0,0,0,0,0,0,0,0
260742,1,1,1993,0,0,0,0,0,0,0,0,0,0
260742,2,1,1993,0,0,0,0,0,0,0,0,0,0
260743,1,1,1993,0,0,0,0,0,0,0,0,0,0
260743,2,1,1993,0,0,0,0,0,0,0,0,0,0
260744,1,1,1993,0,0,0,0,0,0,0,0,0,0
260744,2,1,1993,0,0,0,0,0,0,0,0,0,0
260745,1,1,1993,0,0,0,0,0,0,0,0,0,0
260745,2,1,1993,0,0,0,0,0,0,0,0,0,0
260746,1,1,1993,0,0,0,0,0,0,0,0,0,0
260747,1,1,1993,0,0,0,0,0,0,0,0,0,0
260748,1,1,1993,0,0,0,0,0,0,0,0,0,4
260748,2,1,1993,0,0,0,0,0,0,0,0,0,0
260748,3,1,1993,0,0,0,0,0,0,0,0,0,0
260749,1,1,1993,0,0,0,0,0,0,0,0,0,0
260749,2,1,1993,0,0,0,0,0,0,0,0,0,0
260750,1,1,1993,0,0,0,0,0,0,0,0,0,0
260750,2,1,1993,0,0,0,0,0,0,0,0,0,0
260751,1,1,1993,21,21,21,21,21,21,21,21,21,21
260751,2,1,1993,0,0,0,0,0,0,0,0,0,0
260752,1,1,1993,9,9,9,9,9,9,9,9,9,9
260752,2,1,1993,0,0,0,0,0,0,0,0,0,0
260753,1,1,1993,0,0,0,0,0,0,0,0,0,0
260754,1,1,1993,19,19,19,19,19,19,19,19,19,19
260754,2,1,1993,0,0,0,0,0,0,0,0,0,0
260755,0,1,1993,18,18,18,18,18,18,18,18,18,18
260755,1,1,1993,21,21,21,21,21,21,21,21,21,21
260756,1,1,1993,0,0,0,0,0,0,0,0,0,0
260756,2,1,1993,0,0,0,0,0,0,0,0,0,0
260757,0,1,1993,21,21,21,21,21,21,21,21,21,21
260757,1,1,1993,0,0,0,0,0,0,0,0,0,0
260757,2,1,1993,19,0,0,0,0,0,0,0,0,0
260758,0,2,1993,0,0,0,0,0,18,0,0,0,0
260758,0,3,1993,0,0,0,0,0,0,0,0,0,0
260758,0,5,1993,0,34,0,15,8,21,3,15,17,0
260758,1,1,1993,0,0,0,0,0,0,0,0,0,0
260759,1,1,1993,0,0,0,0,0,0,0,0,0,0
260759,2,1,1993,0,0,0,0,0,0,0,0,0,0
260760,1,1,1993,0,0,0,0,0,0,0,0,0,0
260760,2,1,1993,0,0,0,0,0,0,0,0,0,0
260761,1,1,1993,0,0,0,0,0,0,0,0,0,0
260761,2,1,1993,0,12,0,0,0,0,30,0,0,0
260762,1,1,1993,1,1,1,1,1,1,1,1,1,1
260762,2,1,1993,0,0,0,0,7,0,0,0,0,0
260763,1,1,1993,0,0,0,0,0,0,0,0,0,0
260763,2,1,1993,0,0,10,0,0,0,0,0,0,0
260763,3,1,1993,0,0,0,0,0,0,0,0,0,0
260763,4,1,1993,0,0,0,0,0,0,0,0,0,0
260763,5,1,1993,0,0,0,0,0,0,0,0,0,0
260763,6,1,1993,12,0,0,0,0,0,0,0,0,0
260764,1,1,1993,0,0,0,0,0,0,0,0,0,0
260764,2,1,1993,0,0,0,0,0,0,0,0,0,0
260765,1,1,1993,13,23,29,29,13,0,31,12,26,13
260766,1,1,1993,0,0,0,0,0,0,0,0,0,0
260767,1,1,1993,0,0,0,0,0,0,0,0,0,0
260769,1,1,1993,0,0,0,0,0,0,0,0,0,0
260769,2,1,1993,0,0,0,0,0,0,0,0,0,0
260770,1,1,1993,0,0,0,0,0,0,0,0,0,0
260771,1,1,1993,15,15,15,15,15,15,15,15,15,15
260771,2,1,1993,0,0,18,0,0,0,0,0,0,0
260772,1,1,1993,30,30,30,30,30,30,30,30,30,30
260773,1,1,1993,0,0,0,0,0,0,0,0,0,0
260773,2,1,1993,0,0,0,0,0,0,0,0,0,0
260774,1,1,1993,0,0,0,0,0,0,0,0,0,0
260774,2,1,1993,0,0,0,0,0,0,0,0,0,0
260775,0,1,1993,0,0,0,0,0,0,0,0,0,0
260775,1,1,1993,0,0,0,0,0,0,0,0,0,0
260776,1,1,1993,0,0,0,0,0,0,0,0,0,0
260777,1,1,1993,0,0,0,0,0,0,0,0,0,0
260777,2,1,1993,0,0,0,0,0,0,0,0,0,0
260777,3,1,1993,0,0,0,0,0,0,0,0,0,0
260778,1,1,1993,0,0,0,0,0,0,0,0,0,0
260778,2,1,1993,0,0,0,0,0,0,0,0,0,0
260780,0,1,1993,9,9,9,9,9,9,9,9,9,9
260780,1,1,1993,14,19,18,6,0,9,10,11,6,0
260781,1,1,1993,20,20,20,20,20,20,20,20,20,20
260782,1,1,1993,3,3,3,3,3,3,3,3,3,3
260782,2,1,1993,15,15,15,15,15,15,15,15,15,15
260783,1,1,1993,17,12,0,18,20,10,20,0,22,0
260783,2,1,1993,0,0,0,0,0,0,0,0,0,0
260784,1,1,1993,0,0,0,0,0,0,0,0,0,0
260784,2,1,1993,0,0,0,0,0,0,0,0,0,0
260784,3,1,1993,0,0,0,0,0,0,0,0,0,0
260785,1,1,1993,0,0,0,0,0,0,0,0,0,0
260786,1,1,1993,0,0,0,0,0,0,0,0,0,0
260787,1,1,1993,0,0,0,0,13,25,0,0,0,0
260787,2,1,1993,0,0,0,0,0,0,0,0,0,0
260788,0,1,1993,0,7,0,0,0,0,0,0,0,0
260788,1,1,1993,0,0,0,0,0,0,0,0,0,0
260789,1,1,1993,0,0,0,0,0,0,0,0,0,0
260789,2,1,1993,0,0,0,0,0,0,0,0,0,0
260790,1,1,1993,26,26,26,26,26,26,26,26,26,26
260791,1,1,1993,7,7,7,7,7,7,7,7,7,7
260792,1,1,1993,0,0,0,0,0,0,0,0,0,0
260792,2,1,1993,0,0,0,0,0,0,0,0,0,0
260793,1,1,1993,0,0,0,0,0,0,0,0,0,0
260794,1,1,1993,0,0,0,0,0,0,0,0,0,0
260795,1,1,1993,21,21,21,21,21,21,21,21,21,21
260796,1,1,1993,23,23,23,23,23,23,23,23,23,23
260797,1,1,1993,0,0,0,0,0,0,0,0,0,0
260798,0,1,1993,0,0,0,0,0,0,0,0,0,0
260798,1,1,1993,0,0,0,0,0,0,0,0,0,0
260799,1,1,1993,20,20,20,20,20,20,20,20,20,20
260800,1,1,1993,0,0,0,0,0,0,0,0,0,0
260800,2,1,1993,0,0,0,0,0,0,0,0,0,0
260801,1,1,1993,0,0,0,0,0,0,0,0,0,0
260801,2,1,1993,0,0,0,0,0,12,0,0,0,0
260802,1,1,1993,13,13,13,13,13,13,13,13,13,13
260802,2,1,1993,0,0,0,0,0,0,0,0,0,0
260803,1,1,1993,8,8,8,8,8,8,8,8,8,8
260803,2,1,1993,0,0,0,0,0,0,0,0,0,0
260803,3,1,1993,0,0,0,0,0,0,0,0,0,0
260804,1,1,1993,0,13,13,0,2,8,0,11,5,17
260805,1,1,1993,0,0,0,0,0,0,0,0,0,0
260805,2,1,1993,0,0,0,0,0,0,0,0,0,0
260806,1,1,1993,16,33,11,26,19,15,24,9,14,19
260808,0,1,1993,25,25,25,25,25,25,25,25,25,25
260808,1,1,1993,0,0,0,0,0,0,0,0,0,0
260809,1,1,1993,0,0,0,0,0,0,0,0,0,0
260810,1,1,1993,23,23,23,23,23,23,23,23,23,23
260811,1,1,1993,0,0,0,0,0,0,0,0,0,0
260812,1,1,1993,3,3,3,3,3,3,3,3,3,3
260812,2,1,1993,0,0,0,0,0,0,0,0,0,0
260813,1,1,1993,29,29,29,29,29,29,29,29,29,29
260814,1,1,1993,0,0,0,0,0,0,0,0,0,0
260814,2,1,1993,0,0,0,0,0,0,0,0,0,0
260815,1,1,1993,14,14,14,14,14,14,14,14,14,14
260816,1,1,1993,18,18,18,18,18,18,18,18,18,18
260817,1,1,1993,12,24,25,17,28,30,35,21,24,10
260818,1,1,1993,12,12,12,12,12,12,12,12,12,12
260819,1,1,1993,0,0,0,0,0,0,0,0,0,0
260819,2,1,1993,0,0,0,0,0,0,0,0,0,0
260820,0,1,1993,27,27,27,27,27,27,27,27,27,27
260820,1,1,1993,9,0,0,0,0,18,13,0,0,0
260821,1,1,1993,0,0,0,0,0,0,0,0,0,0
260821,2,1,1993,0,0,0,0,0,0,0,0,0,0
260822,0,1,1993,14,14,14,14,14,14,14,14,14,14
260822,1,1,1993,0,0,0,0,0,0,0,0,0,0
260823,1,1,1993,0,0,0,0,0,0,0,0,0,0
260823,2,1,1993,0,0,0,0,0,0,0,0,0,0
260824,1,1,1993,0,0,0,0,0,0,0,0,0,0
260824,2,1,1993,0,0,0,0,0,0,0,0,0,0
260825,1,1,1993,0,0,0,0,0,0,0,0,0,0
260825,2,1,1993,0,0,0,0,0,0,0,0,0,0
260826,1,1,1993,0,0,0,0,0,0,26,21,0,0
260826,2,1,1993,0,0,0,0,0,0,0,0,0,0
260827,1,1,1993,0,0,0,0,0,0,0,0,0,0
260827,2,1,1993,0,0,0,0,0,0,0,0,0,0
260828,1,1,1993,0,0,0,0,0,0,0,0,0,0
260828,2,1,1993,0,0,0,0,0,0,0,0,0,0
260829,1,1,1993,0,0,0,0,0,0,0,0,0,0
260830,1,1,1993,27,27,27,27,27,27,27,27,27,27
260830,2,1,1993,0,0,0,0,0,0,0,0,0,0
260831,1,1,1993,0,0,0,0,0,0,0,0,0,0
260831,2,1,1993,0,0,0,0,0,0,7,0,0,0
260832,1,1,1993,19,0,0,0,0,0,0,0,0,0
260833,1,1,1993,15,13,3,0,17,14,16,5,12,12
260833,2,1,1993,19,15,14,18,12,3,14,13,11,7
260834,1,1,1993,0,0,0,0,0,0,0,0,0,0
260835,0,1,1993,20,20,20,20,20,20,20,20,20,20
260835,1,1,1993,0,0,0,0,0,0,0,0,0,0
260836,1,1,1993,12,12,12,12,12,12,12,12,12,12
260837,1,1,1993,13,24,15,34,13,12,3,28,19,10
260838,0,1,1993,0,0,0,34,0,0,0,0,0,0
260838,1,1,1993,0,0,0,0,0,0,0,0,0,0
260839,1,1,1993,17,17,17,17,17,17,17,17,17,17
260840,1,1,1993,24,24,24,24,24,24,24,24,24,24
260841,1,1,1993,0,0,0,0,0,0,0,0,0,0
260841,2,1,1993,0,0,0,0,0,0,0,0,0,0
260841,3,1,1993,0,0,0,0,0,0,0,0,0,0
260841,4,1,1993,0,0,0,0,0,0,0,0,0,0
260842,1,1,1993,0,0,0,0,0,0,0,0,0,0
260842,2,1,1993,0,0,0,0,0,0,0,0,0,0
260843,1,1,1993,2,2,2,2,2,2,2,2,2,2
260844,1,1,1993,17,17,17,17,17,17,17,17,17,17
260845,1,1,1993,0,0,0,0,0,0,0,0,0,0
260845,2,1,1993,0,0,0,0,0,0,0,0,0,0
260846,0,1,1993,21,25,39,0,0,0,0,0,6,23
260846,0,2,1993,0,35,0,0,0,0,0,0,0,0
260846,1,1,1993,13,15,10,22,13,12,7,4,12,7
260847,0,1,1993,0,11,0,0,0,0,0,0,20,0
260847,1,1,1993,0,0,0,0,0,0,0,0,0,0
260848,1,1,1993,0,0,0,0,0,0,0,0,29,0
260849,1,1,1993,0,0,0,0,0,0,0,0,0,0
260849,2,1,1993,0,0,0,0,0,0,0,24,0,9
260850,1,1,1993,0,0,0,0,0,0,0,0,0,0
260851,1,1,1993,0,0,0,0,0,0,0,0,0,0
260851,2,1,1993,0,0,0,0,0,0,0,0,0,0
260852,1,1,1993,0,0,0,0,0,0,0,0,0,0
260853,1,1,1993,0,0,0,0,0,0,23,0,0,0
260853,2,1,1993,18,0,0,0,0,0,0,9,0,0
260854,1,1,1993,0,0,0,0,0,0,0,0,0,0
260854,2,1,1993,0,0,0,0,0,0,0,0,0,0
260855,1,1,1993,0,0,0,0,0,0,0,0,0,0
260855,2,1,1993,0,0,0,0,0,0,0,0,0,0
260856,0,1,1993,0,0,0,0,0,0,0,0,0,0
260856,1,1,1993,0,0,0,0,0,0,0,0,0,0
260857,1,1,1993,15,15,15,15,15,15,15,15,15,15
260857,2,1,1993,0,0,0,0,0,0,0,0,0,0
260858,1,1,1993,0,0,0,0,0,0,0,0,0,0
260858,2,1,1993,0,0,0,0,0,0,0,0,0,0
260859,1,1,1993,28,28,28,28,28,28,28,28,28,28
260860,1,1,1993,22,22,22,22,22,22,22,22,22,22
260860,2,1,1993,0,0,0,0,0,0,0,0,0,0
260861,1,1,1993,0,0,0,0,0,0,0,0,0,0
260862,1,1,1993,0,0,0,0,0,0,0,0,0,0
260862,2,1,1993,0,0,0,0,0,0,0,0,0,0
260863,1,1,1993,0,0,0,0,0,0,0,0,0,0
260863,2,1,1993,0,0,0,0,0,0,0,0,0,0
260864,1,1,1993,0,0,0,0,0,0,15,0,0,0
260864,2,1,1993,12,12,12,12,12,12,12,12,12,12
260865,1,1,1993,0,0,0,0,0,0,0,0,0,0
260865,2,1,1993,0,0,0,0,0,0,0,0,0,0
260866,1,1,1993,21,21,21,21,21,21,21,21,21,21
260866,2,1,1993,0,0,0,0,0,0,0,0,0,0
260866,3,1,1993,0,0,0,0,0,0,0,0,0,0
260866,4,1,1993,0,0,0,0,0,0,0,0,0,0
260867,1,1,1993,11,10,0,0,5,43,0,7,18,0
260867,2,1,1993,0,0,0,0,0,0,0,0,0,0
260868,1,1,1993,0,0,0,0,0,0,0,0,0,0
260868,2,1,1993,0,0,0,0,0,0,0,0,0,0
260869,1,1,1993,0,0,0,0,0,0,0,0,0,0
260869,2,1,1993,0,0,0,0,0,0,0,0,0,0
260870,1,1,1993,20,20,20,20,20,20,20,20,20,20
260871,0,1,1993,0,0,0,0,0,0,0,0,0,0
260871,1,1,1993,0,0,0,0,0,0,0,0,0,0
260872,1,1,1993,21,21,21,21,21,21,21,21,21,21
260873,2,1,1993,0,0,0,0,0,0,0,0,0,0
260875,0,1,1993,0,0,0,0,0,0,0,0,0,0
260875,1,1,1993,0,0,0,0,0,0,0,0,0,0
260876,1,1,1993,0,0,0,0,0,0,0,0,0,0
260876,2,1,1993,15,15,15,15,15,15,15,15,15,15
260877,1,1,1993,0,0,0,0,0,0,0,0,0,0
260877,2,1,1993,0,0,0,0,0,0,0,0,0,0
260878,1,1,1993,0,0,0,0,0,0,0,0,0,0
260878,2,1,1993,0,0,0,0,0,0,0,0,0,0
260879,1,1,1993,0,0,0,0,0,0,0,0,0,0
260879,2,1,1993,0,0,0,0,0,0,0,0,0,0
260880,1,1,1993,11,11,11,11,11,11,11,11,11,11
260880,2,1,1993,0,0,0,0,0,0,0,0,0,0
260881,1,1,1993,19,19,19,19,19,19,19,19,19,19
260882,1,1,1993,0,0,0,0,0,0,0,0,0,0
260882,2,1,1993,0,0,0,0,0,0,0,0,0,0
260882,3,1,1993,0,0,0,0,0,0,0,0,0,0
260883,1,1,1993,0,0,0,0,0,0,0,0,0,0
260883,2,1,1993,0,0,0,0,0,0,0,0,0,0
260884,0,1,1993,0,0,0,0,0,0,0,0,0,0
260884,1,1,1993,0,0,0,0,17,0,0,0,0,0
260885,1,1,1993,0,0,0,0,0,0,0,0,0,0
260885,2,1,1993,0,0,0,0,0,0,0,0,0,0
260886,1,1,1993,0,0,0,0,0,0,0,0,0,0
260887,1,1,1993,0,0,0,0,0,0,0,0,0,0
260887,2,1,1993,16,0,6,0,20,0,0,11,10,0
260887,3,1,1993,0,0,0,0,0,0,0,0,0,12
260888,1,1,1993,0,0,0,0,0,0,0,0,0,0
260888,2,1,1993,0,0,0,0,0,0,0,0,0,0
260889,1,1,1993,33,33,33,33,33,33,33,33,33,33
260889,2,1,1993,0,27,0,0,10,0,0,0,0,9
260890,1,1,1993,9,21,19,14,10,14,18,33,32,27
260891,1,1,1993,8,8,8,8,8,8,8,8,8,8
260892,0,1,1993,0,0,0,0,0,0,0,0,0,0
260892,1,1,1993,10,2,0,0,4,0,7,0,0,14
260893,1,1,1993,0,0,0,0,8,0,0,0,0,0
260893,2,1,1993,0,0,0,0,0,0,0,0,0,0
260893,3,1,1993,0,5,9,0,0,0,0,0,0,0
260894,1,1,1993,0,0,0,0,0,0,0,0,0,0
260894,2,1,1993,0,0,0,0,0,0,0,0,0,0
260895,1,1,1993,0,0,0,0,0,0,0,0,0,0
260896,1,1,1993,0,0,0,0,0,0,0,0,0,0
260897,1,1,1993,0,4,0,0,0,8,13,20,0,0
260897,2,1,1993,13,23,20,0,0,0,0,0,0,0
260898,1,1,1993,0,0,0,0,0,0,0,0,0,0
260898,2,1,1993,0,0,0,0,0,0,0,0,0,0
260899,1,1,1993,11,31,5,10,9,10,6,7,17,16
260899,2,1,1993,0,0,0,0,0,0,0,0,0,0
260899,3,1,1993,0,0,0,0,0,0,0,0,0,0
260900,1,1,1993,26,26,26,26,26,26,26,26,26,26
260901,1,1,1993,0,0,0,0,0,0,7,0,0,0
260901,2,1,1993,0,0,0,0,0,0,0,0,0,0
260902,1,1,1993,0,0,0,0,0,0,0,0,0,0
260903,1,1,1993,32,32,32,32,32,32,32,32,32,32
260903,2,1,1993,0,0,0,0,0,0,0,0,0,9
260904,1,1,1993,0,0,0,10,0,0,0,0,0,0
260904,2,1,1993,0,0,0,0,0,0,0,0,0,0
260905,1,1,1993,0,0,0,0,0,0,0,0,0,0
260905,2,1,1993,16,16,16,16,16,16,16,16,16,16
260906,1,1,1993,13,13,13,13,13,13,13,13,13,13
260907,1,1,1993,0,0,0,0,0,0,0,0,0,0
260908,1,1,1993,17,0,0,0,0,0,0,7,0,0
260909,1,1,1993,11,13,0,0,13,0,30,0,0,31
260909,2,1,1993,7,0,0,6,0,0,0,0,0,0
260910,1,1,1993,0,0,0,0,0,0,0,0,0,7
260910,2,1,1993,0,0,0,0,0,0,0,0,0,0
260910,3,1,1993,0,0,0,0,0,0,0,0,13,0
260911,1,1,1993,22,22,22,22,22,22,22,22,22,22
260912,1,1,1993,0,0,0,0,4,0,8,16,0,39
260913,1,1,1993,0,0,0,0,0,0,0,0,0,0
260913,2,1,1993,0,0,0,0,0,0,0,0,0,0
260913,3,1,1993,0,0,0,0,0,0,0,0,0,6
260914,1,1,1993,0,26,0,11,12,4,10,0,16,15
260915,0,1,1993,2,2,2,2,2,2,2,2,2,2
260915,1,1,1993,29,13,24,7,3,25,20,18,10,8
260916,1,1,1993,0,23,0,0,0,0,0,0,0,0
260916,2,1,1993,0,0,0,0,0,0,0,0,0,0
260917,1,1,1993,28,28,28,28,28,28,28,28,28,28
260918,1,1,1993,42,42,42,42,42,42,42,42,42,42
260920,1,1,1993,0,0,0,0,0,0,0,0,0,0
260920,2,1,1993,0,0,0,0,0,35,0,0,21,14
260921,1,1,1993,12,12,12,12,12,12,12,12,12,12