ST_CASE,VEH_NO,PER_NO,YEAR,P1,P2,P3,P4,P5,P6,P7,P8,P9,P10
260922,1,1,1993,10,10,10,10,10,10,10,10,10,10
260923,1,1,1993,0,0,0,0,0,0,0,0,0,0
260923,2,1,1993,0,0,0,0,0,0,0,0,0,0
260924,0,1,1993,28,28,28,28,28,28,28,28,28,28
260924,1,1,1993,0,0,0,13,0,4,0,0,0,0
260925,1,1,1993,24,24,24,24,24,24,24,24,24,24
260925,2,1,1993,0,0,0,0,0,0,0,0,0,0
260926,1,1,1993,0,0,0,0,0,0,0,0,0,0
260926,2,1,1993,0,0,0,0,0,0,16,0,0,0
260927,0,1,1993,16,16,16,16,16,16,16,16,16,16
260927,1,1,1993,0,0,0,0,0,0,0,0,0,0
260928,0,1,1993,0,26,0,23,4,0,20,24,20,0
260928,0,2,1993,0,0,0,0,0,0,0,0,0,0
260928,1,1,1993,0,0,0,0,0,0,0,0,0,0
260929,1,1,1993,0,0,0,0,0,0,0,0,0,0
260929,2,1,1993,0,0,0,0,0,0,0,0,0,0
260930,0,1,1993,8,8,8,8,8,8,8,8,8,8
260930,1,1,1993,8,8,8,8,8,8,8,8,8,8
260931,1,1,1993,21,21,21,21,21,21,21,21,21,21
260931,2,1,1993,0,0,0,0,0,0,0,0,0,0
260932,0,1,1993,0,0,0,0,0,0,0,0,0,0
260932,1,1,1993,0,0,0,0,0,0,0,0,0,0
260933,1,1,1993,10,0,4,11,7,14,11,19,6,0
260933,2,1,1993,0,0,0,0,0,0,0,0,0,0
260934,1,1,1993,0,0,0,0,0,0,0,0,0,0
260935,1,1,1993,24,24,24,24,24,24,24,24,24,24
260936,1,1,1993,18,18,18,18,18,18,18,18,18,18
260936,2,1,1993,0,0,0,0,0,0,0,0,0,0
260937,1,1,1993,0,0,0,0,0,0,0,0,0,0
260938,1,1,1993,0,0,0,0,0,0,0,0,0,0
260939,1,1,1993,34,34,34,34,34,34,34,34,34,34
260940,1,1,1993,0,0,0,0,0,0,0,0,0,0
260940,2,1,1993,0,0,0,0,0,0,0,0,0,0
260941,1,1,1993,14,14,14,14,14,14,14,14,14,14
260942,1,1,1993,0,0,0,0,0,0,0,0,0,0
260943,0,1,1993,0,0,0,0,0,0,0,0,0,0
260943,1,1,1993,0,0,0,0,0,0,0,0,0,0
260943,2,1,1993,0,0,0,0,0,0,0,0,0,0
260944,0,1,1993,0,0,0,0,0,0,19,0,0,0
260944,1,1,1993,0,0,0,0,0,0,0,0,0,0
260945,1,1,1993,0,0,0,0,0,0,0,0,0,0
260946,1,1,1993,0,10,0,13,0,0,22,19,20,0
260946,2,1,1993,0,0,0,0,0,0,0,0,0,0
260947,1,1,1993,0,0,0,0,0,0,0,11,0,0
260948,1,1,1993,13,13,13,13,13,13,13,13,13,13
260949,0,1,1993,0,0,0,0,0,0,0,0,0,0
260949,1,1,1993,0,0,0,0,0,0,0,0,0,0
260950,1,1,1993,0,0,0,0,0,0,0,0,0,0
260951,0,1,1993,0,12,30,0,0,0,0,0,0,0
260951,1,1,1993,0,0,0,0,0,0,0,0,0,5
260952,1,1,1993,0,0,0,0,0,0,0,0,0,0
260952,2,1,1993,0,0,0,0,0,0,0,0,0,0
260953,1,1,1993,0,0,0,15,0,0,0,0,0,0
260953,2,1,1993,0,0,0,0,0,0,0,0,0,0
260954,1,1,1993,20,20,20,20,20,20,20,20,20,20
260955,1,1,1993,0,0,0,0,0,0,0,0,0,0
260955,2,1,1993,0,0,0,0,9,0,0,0,0,0
260956,0,1,1993,0,0,0,0,0,0,0,0,0,23
260956,1,1,1993,0,0,0,0,0,0,0,0,0,0
260957,1,1,1993,0,0,0,0,0,0,0,0,0,0
260957,2,1,1993,0,0,0,0,0,0,0,0,0,0
260957,3,1,1993,0,0,0,0,0,0,0,0,0,0
260958,1,1,1993,0,0,13,0,0,0,0,17,0,8
260959,0,1,1993,30,0,0,26,0,0,0,0,0,0
260959,1,1,1993,19,19,19,19,19,19,19,19,19,19
260960,1,1,1993,0,0,0,0,0,0,0,0,0,0
260960,2,1,1993,0,0,0,0,0,0,0,0,0,0
260961,1,1,1993,0,0,15,0,0,0,0,16,0,0
260962,1,1,1993,15,15,15,15,15,15,15,15,15,15
260963,1,1,1993,0,0,0,0,0,0,0,0,0,0
260964,1,1,1993,0,0,0,0,0,0,0,0,0,0
260964,2,1,1993,0,0,0,0,0,0,0,0,0,0
260965,1,1,1993,0,0,0,0,0,0,0,0,0,0
260965,2,1,1993,0,0,0,0,0,0,0,0,0,0
260966,1,1,1993,0,0,0,0,0,0,0,0,0,0
260966,2,1,1993,0,0,0,0,0,0,0,0,0,0
260967,0,1,1993,0,0,0,0,0,0,0,0,0,0
260967,1,1,1993,0,19,0,0,14,0,0,15,0,0
260968,1,1,1993,13,13,13,13,13,13,13,13,13,13
260969,1,1,1993,19,19,19,19,19,19,19,19,19,19
260970,1,1,1993,0,0,0,0,0,0,0,0,0,0
260970,2,1,1993,0,0,0,0,0,0,0,0,0,0
260971,1,1,1993,0,0,0,0,0,0,0,0,0,0
260971,2,1,1993,18,18,18,18,18,18,18,18,18,18
260972,1,1,1993,0,0,0,0,0,0,0,0,0,0
260973,1,1,1993,0,0,0,0,0,0,0,0,0,0
260973,2,1,1993,0,0,0,0,0,0,0,0,0,0
260975,1,1,1993,18,18,18,18,18,18,18,18,18,18
260976,1,1,1993,0,0,0,0,0,0,0,0,0,0
260976,2,1,1993,0,0,0,0,0,0,0,0,0,0
260977,1,1,1993,0,0,0,0,0,0,0,0,0,0
260977,2,1,1993,0,0,0,0,0,0,0,0,0,0
260978,1,1,1993,0,0,28,0,0,0,0,0,0,30
260979,0,2,1993,0,27,15,23,0,0,0,0,0,33
260979,1,1,1993,0,0,0,0,0,0,0,0,0,0
260979,2,1,1993,0,0,0,0,0,0,0,0,0,0
260980,1,1,1993,20,20,20,20,20,20,20,20,20,20
260980,2,1,1993,0,0,0,0,0,0,0,0,0,0
260980,3,1,1993,0,0,0,0,0,0,0,0,0,0
260981,1,1,1993,0,0,0,0,0,0,0,0,0,0
260981,2,1,1993,0,0,0,0,0,0,0,0,0,0
260982,1,1,1993,0,0,0,0,0,0,0,0,0,0
260982,2,1,1993,0,0,0,0,0,0,0,0,0,0
260983,0,1,1993,0,0,0,0,0,0,0,0,0,0
260983,1,1,1993,17,0,0,0,0,0,0,0,0,0
260984,0,1,1993,29,22,0,0,13,0,0,13,20,0
260984,1,1,1993,0,0,0,0,0,0,0,0,0,0
260986,1,1,1993,17,17,17,17,17,17,17,17,17,17
260987,1,1,1993,0,0,0,0,0,0,0,0,0,0
260987,2,1,1993,0,0,0,0,0,0,0,0,0,0
260988,1,1,1993,0,0,0,0,0,0,0,0,0,0
260988,2,1,1993,0,0,0,0,0,0,0,0,0,0
260989,1,1,1993,19,19,19,19,19,19,19,19,19,19
260989,2,1,1993,0,0,0,0,0,0,0,0,0,0
260990,0,1,1993,28,28,28,28,28,28,28,28,28,28
260990,1,1,1993,0,0,0,0,0,0,0,0,0,0
260991,0,1,1993,30,28,37,0,0,18,0,0,0,0
260991,1,1,1993,0,0,0,0,0,0,0,0,0,0
260992,0,1,1993,0,0,0,0,0,0,0,0,0,0
260992,1,1,1993,0,0,0,0,0,0,0,0,0,0
260993,1,1,1993,0,0,0,0,0,0,0,0,0,0
260993,2,1,1993,0,0,0,0,0,0,0,0,0,0
260994,1,1,1993,0,0,0,0,0,0,0,0,0,0
260994,2,1,1993,0,0,0,0,0,0,0,0,0,0
260995,1,1,1993,0,0,0,0,0,0,0,0,0,0
260996,1,1,1993,0,0,0,0,0,0,0,0,0,0
260997,0,1,1993,0,0,0,0,0,0,0,0,0,0
260997,1,1,1993,0,0,0,0,0,0,0,0,0,0
260998,1,1,1993,17,17,17,17,17,17,17,17,17,17
260999,0,1,1993,0,0,0,0,0,0,0,0,0,0
260999,1,1,1993,0,0,0,0,0,0,0,0,0,0
261000,1,1,1993,23,23,23,23,23,23,23,23,23,23
261001,1,1,1993,21,21,21,21,21,21,21,21,21,21
261002,1,1,1993,0,0,0,0,0,0,0,0,0,0
261002,2,1,1993,0,0,0,0,0,0,0,0,0,0
261003,1,1,1993,0,0,0,0,0,0,0,0,0,14
261003,2,1,1993,0,0,0,0,0,0,0,0,0,0
261004,1,1,1993,18,18,18,18,18,18,18,18,18,18
261005,1,1,1993,0,0,0,0,0,0,0,0,0,0
261005,2,1,1993,0,0,0,0,0,0,0,0,0,0
261006,1,1,1993,0,0,0,0,0,0,0,0,0,0
261006,2,1,1993,1,1,1,1,1,1,1,1,1,1
261006,3,1,1993,0,0,0,0,0,0,0,0,0,0
261006,4,1,1993,0,0,0,0,0,0,0,0,0,0
261006,5,1,1993,0,2,0,0,0,0,18,0,0,0
261007,0,1,1993,0,0,0,0,0,0,0,0,0,0
261007,1,1,1993,0,0,0,15,14,0,0,0,0,0
261008,1,1,1993,0,0,0,0,0,0,0,0,0,0
261009,1,1,1993,0,0,0,0,0,0,0,0,0,0
261009,2,1,1993,0,0,0,0,0,0,0,0,0,0
261010,1,1,1993,0,0,0,0,0,0,0,0,0,0
261010,2,1,1993,0,25,0,17,0,0,11,0,0,0
261010,3,1,1993,0,0,0,0,0,0,0,0,0,0
261011,1,1,1993,0,0,0,20,3,7,15,12,0,0
261012,1,1,1993,0,0,0,0,0,0,0,0,0,0
261012,2,1,1993,0,0,0,0,0,0,0,0,0,0
261013,1,1,1993,0,0,0,0,0,0,0,0,0,0
261013,2,1,1993,0,0,0,0,0,0,0,0,0,0
261014,1,1,1993,42,15,25,0,25,0,0,0,13,0
261015,0,1,1993,0,0,0,0,18,0,0,17,0,0
261015,1,1,1993,0,0,0,0,0,0,0,0,0,0
261016,1,1,1993,25,22,30,27,29,42,15,16,39,19
261017,1,1,1993,0,31,0,29,19,13,0,14,16,5
261018,0,1,1993,21,21,21,21,21,21,21,21,21,21
261018,1,1,1993,0,0,0,2,0,16,0,0,0,6
261019,1,1,1993,4,4,4,4,4,4,4,4,4,4
261019,2,1,1993,0,0,0,0,0,0,0,0,0,0
261020,1,1,1993,0,0,0,0,0,0,0,0,0,0
261020,2,1,1993,0,0,0,0,0,0,0,0,0,0
261021,1,1,1993,0,0,0,0,0,0,0,0,0,0
261022,1,1,1993,0,0,0,0,0,0,0,0,0,0
261022,2,1,1993,0,0,0,0,0,0,0,0,0,0
261023,1,1,1993,8,14,13,22,5,0,27,10,20,14
261024,1,1,1993,0,0,0,0,0,0,0,0,0,0
261024,2,1,1993,0,0,0,0,0,0,0,0,0,0
261024,3,1,1993,0,0,0,0,0,0,0,0,0,0
261024,4,1,1993,0,0,0,0,0,0,0,0,0,0
261025,0,1,1993,19,19,19,19,19,19,19,19,19,19
261025,1,1,1993,0,12,0,0,0,0,0,0,7,17
261026,1,1,1993,9,0,17,11,9,0,0,20,18,34
261027,1,1,1993,0,0,0,0,0,0,0,0,0,0
261028,0,1,1993,0,0,0,0,0,0,0,0,0,0
261028,1,1,1993,0,0,0,0,0,0,0,0,0,0
261029,1,1,1993,0,0,0,0,0,0,0,0,0,0
261029,2,1,1993,0,0,0,0,0,0,0,0,0,0
261030,1,1,1993,0,0,0,0,0,0,0,0,0,0
261030,2,1,1993,0,0,0,0,0,0,0,0,0,0
261031,1,1,1993,0,0,0,0,0,0,0,0,0,0
261032,1,1,1993,0,0,0,0,0,0,0,0,0,0
261032,2,1,1993,0,0,0,0,0,0,0,0,0,0
261032,3,1,1993,0,0,0,0,0,0,0,0,0,0
261033,1,1,1993,0,0,0,0,0,0,0,0,0,0
261033,2,1,1993,0,0,0,0,0,0,0,0,0,0
261034,1,1,1993,0,0,0,0,0,0,0,0,0,0
261035,1,1,1993,29,29,29,29,29,29,29,29,29,29
261035,2,1,1993,5,5,5,5,5,5,5,5,5,5
261036,1,1,1993,31,31,31,31,31,31,31,31,31,31
261037,1,1,1993,0,0,0,0,0,0,0,0,0,0
261037,2,1,1993,0,0,0,0,0,0,0,0,0,0
261038,1,1,1993,0,0,0,0,0,0,0,0,0,0
261039,1,1,1993,0,0,0,0,0,0,0,0,0,0
261039,2,1,1993,0,0,15,0,0,0,0,0,0,0
261040,0,1,1993,0,0,0,0,0,0,0,0,0,0
261040,0,2,1993,0,34,0,16,13,29,19,23,10,0
261040,1,1,1993,0,0,0,0,0,0,0,0,0,0
261040,2,1,1993,0,0,0,3,0,0,0,0,0,0
261041,1,1,1993,8,8,8,8,8,8,8,8,8,8
261041,2,1,1993,0,0,0,0,0,0,0,0,0,0
261041,3,1,1993,0,0,0,0,0,0,0,0,0,0
261041,4,1,1993,0,0,0,0,0,0,0,0,0,0
261041,5,1,1993,0,0,0,0,0,0,0,0,0,0
261041,6,1,1993,0,0,0,0,0,0,0,0,0,0
261042,1,1,1993,0,0,0,0,0,0,0,0,0,0
261042,2,1,1993,0,0,0,0,0,0,0,0,0,0
261043,0,1,1993,0,0,0,0,0,0,0,0,0,0
261043,1,1,1993,0,0,0,0,0,0,0,0,0,0
261044,1,1,1993,0,0,0,0,0,0,0,0,0,0
261044,2,1,1993,0,0,0,0,0,0,0,0,0,0
261045,0,1,1993,11,11,11,11,11,11,11,11,11,11
261045,1,1,1993,0,13,0,0,0,0,15,0,0,5
261046,1,1,1993,17,17,17,17,17,17,17,17,17,17
261046,2,1,1993,0,0,0,0,0,0,0,0,0,0
261047,1,1,1993,0,0,0,0,0,0,0,0,0,0
261047,2,1,1993,0,0,0,0,0,0,0,0,0,0
261048,1,1,1993,0,0,0,0,0,0,0,0,0,0
261048,2,1,1993,0,0,0,0,0,0,0,0,0,0
261049,0,1,1993,0,0,0,0,0,0,0,0,0,0
261049,1,1,1993,0,0,0,0,0,0,0,0,0,0
261049,2,1,1993,0,0,0,0,0,0,0,0,0,0
261050,1,1,1993,0,0,0,0,0,0,0,0,0,0
261050,2,1,1993,0,0,0,0,0,0,0,0,0,0
261051,1,1,1993,18,18,18,18,18,18,18,18,18,18
261052,1,1,1993,0,0,0,0,0,0,0,0,0,0
261053,0,1,1993,0,0,0,0,0,0,0,0,0,0
261053,1,1,1993,0,0,15,18,0,0,13,22,8,0
261054,0,1,1993,0,0,0,0,0,0,0,0,0,0
261054,1,1,1993,0,0,0,0,0,0,0,0,0,0
261055,0,1,1993,0,0,0,0,0,0,0,0,0,0
261055,1,1,1993,16,16,16,16,16,16,16,16,16,16
261056,1,1,1993,9,9,9,9,9,9,9,9,9,9
261056,2,1,1993,0,0,0,0,9,12,0,16,0,0
261057,1,1,1993,16,16,16,16,16,16,16,16,16,16
261058,0,1,1993,21,18,27,0,0,27,9,37,12,31
261058,1,1,1993,0,0,0,0,0,0,0,0,0,0
261059,1,1,1993,0,0,0,0,0,0,0,0,0,0
261059,2,1,1993,0,10,10,0,10,22,0,23,0,4
261060,1,1,1993,0,0,0,0,0,0,0,0,0,0
261060,2,1,1993,0,0,0,0,0,0,5,0,0,0
261061,1,1,1993,11,20,14,11,16,24,31,11,15,11
261061,2,1,1993,0,0,0,0,0,0,0,8,0,0
261062,1,1,1993,10,0,23,11,11,11,13,0,0,28
261062,2,1,1993,0,0,0,0,0,0,0,0,0,0
261063,1,1,1993,20,20,20,20,20,20,20,20,20,20
261063,2,1,1993,0,0,0,0,0,0,0,0,0,0
261064,1,1,1993,0,0,0,0,0,0,0,0,0,0
261064,2,1,1993,0,0,0,0,0,0,0,0,0,0
261065,1,1,1993,19,0,0,0,14,10,22,0,20,0
261066,1,1,1993,25,25,25,25,25,25,25,25,25,25
261066,2,1,1993,0,0,0,9,0,0,0,0,0,0
261067,1,1,1993,5,5,5,5,5,5,5,5,5,5
261067,2,1,1993,8,22,0,0,0,0,0,0,0,0
261067,3,1,1993,0,0,0,0,23,0,0,0,0,0
261068,1,1,1993,0,0,0,0,0,0,0,0,0,0
261068,2,1,1993,8,22,18,16,40,16,0,6,18,8
261069,1,1,1993,0,0,0,0,0,0,0,0,0,0
261069,2,1,1993,0,0,0,0,0,0,0,0,0,0
261070,1,1,1993,26,26,26,26,26,26,26,26,26,26
261070,2,1,1993,0,0,0,0,0,0,0,0,0,0
261071,1,1,1993,10,10,10,10,10,10,10,10,10,10
261071,2,1,1993,0,0,0,0,0,0,0,0,0,0
261072,0,1,1993,0,0,21,0,0,0,0,0,0,0
261072,0,2,1993,0,14,0,0,0,9,0,0,0,21
261072,0,3,1993,0,0,8,33,0,0,0,0,11,0
261072,1,1,1993,0,0,0,0,0,0,0,0,0,0
261073,1,1,1993,0,0,0,0,0,0,0,0,0,0
261073,2,1,1993,0,0,0,0,0,0,0,0,0,0
261073,3,1,1993,0,0,0,0,0,0,0,0,0,0
261074,0,1,1993,11,0,23,20,0,0,0,0,0,0
261074,1,1,1993,0,0,0,0,0,0,0,0,0,0
261075,1,1,1993,13,6,0,9,12,8,11,0,11,0
261075,2,1,1993,0,0,0,0,0,6,14,0,0,0
261076,1,1,1993,0,0,0,0,0,0,0,0,0,0
261077,1,1,1993,0,0,0,0,0,0,0,0,0,0
261078,1,1,1993,0,0,0,0,0,0,0,0,0,0
261078,2,1,1993,0,0,0,6,0,0,0,0,8,0
261079,0,1,1993,0,0,0,0,0,0,0,0,0,0
261079,1,1,1993,0,0,0,0,0,0,0,0,0,0
261080,1,1,1993,18,18,18,18,18,18,18,18,18,18
261080,2,1,1993,0,0,0,0,0,0,0,0,0,0
261080,3,1,1993,0,0,0,0,0,0,0,0,0,0
261081,1,1,1993,15,27,0,21,27,23,22,22,0,29
261082,0,1,1993,0,0,0,0,26,0,0,0,0,0
261082,0,2,1993,0,22,25,31,19,10,0,0,0,0
261082,0,3,1993,0,0,19,22,39,8,0,0,23,0
261082,1,1,1993,0,0,0,0,0,0,0,0,0,0
261083,1,1,1993,0,0,0,0,0,0,0,0,0,0
261083,2,1,1993,0,0,0,0,0,0,0,0,0,0
261084,1,1,1993,0,0,0,0,0,0,0,0,0,0
261085,1,1,1993,0,0,0,0,0,0,0,0,0,0
261085,2,1,1993,0,0,0,0,0,0,0,0,0,0
261086,1,1,1993,15,17,18,21,14,8,17,15,16,24
261087,1,1,1993,0,0,0,0,0,0,0,0,0,0
261087,2,1,1993,0,0,0,0,0,0,0,0,0,0
261088,1,1,1993,31,31,31,31,31,31,31,31,31,31
261089,1,1,1993,0,0,0,0,0,0,0,0,0,0
261089,2,1,1993,0,0,0,0,8,0,0,0,0,0
261089,3,1,1993,0,9,0,0,0,0,0,0,0,0
261090,1,1,1993,0,0,0,0,0,0,0,0,0,0
261090,2,1,1993,0,0,0,0,0,0,0,0,0,0
261091,1,1,1993,7,7,7,7,7,7,7,7,7,7
261092,1,1,1993,0,0,0,0,0,0,0,0,0,0
261093,1,1,1993,0,0,0,0,0,0,0,0,0,0
261094,1,1,1993,30,30,30,30,30,30,30,30,30,30
261095,1,1,1993,0,0,0,0,0,0,0,0,0,0
261095,2,1,1993,0,0,0,0,0,0,0,0,0,0
261096,0,1,1993,19,5,14,18,15,28,18,12,15,22
261096,1,1,1993,0,0,0,0,0,0,0,0,0,0
261097,1,1,1993,0,0,0,0,0,0,0,0,0,0
261097,2,1,1993,0,0,0,0,0,0,0,0,0,0
261097,3,1,1993,0,0,0,0,0,0,0,0,0,0
261098,1,1,1993,24,24,24,24,24,24,24,24,24,24
261099,1,1,1993,17,14,7,0,42,15,20,15,12,29
261100,1,1,1993,0,0,0,0,0,0,0,0,0,0
261100,2,1,1993,0,0,0,0,0,0,0,0,0,0
261101,1,1,1993,0,0,0,0,0,0,0,0,0,0
261102,1,1,1993,15,15,15,15,15,15,15,15,15,15
261103,1,1,1993,15,15,15,15,15,15,15,15,15,15
261104,1,1,1993,0,0,0,0,0,0,0,0,0,0
261104,2,1,1993,0,0,0,0,0,0,0,0,0,0
261105,0,1,1993,32,32,32,32,32,32,32,32,32,32
261105,1,1,1993,0,0,0,0,0,0,0,0,0,0
261107,1,1,1993,0,0,0,0,0,0,0,0,0,0
261107,2,1,1993,0,0,0,0,0,0,0,0,0,0
261108,1,1,1993,0,0,0,0,8,0,0,0,0,0
261108,2,1,1993,0,0,0,0,0,14,0,0,0,0
261109,0,1,1993,16,0,15,28,22,20,25,32,16,12
261109,1,1,1993,0,0,0,0,0,0,0,0,0,0
261110,1,1,1993,0,0,0,0,0,0,0,0,0,0
261111,1,1,1993,17,7,22,22,16,18,38,10,23,15
261112,1,1,1993,0,0,0,0,0,0,0,0,0,0
261112,2,1,1993,0,0,0,0,0,0,0,0,0,0
261113,1,1,1993,0,0,0,0,0,0,0,0,0,0
261113,2,1,1993,0,0,0,0,0,0,0,0,0,0
261114,1,1,1993,0,0,0,0,0,0,0,0,0,0
261115,1,1,1993,0,0,0,0,0,0,0,0,0,0
261116,1,1,1993,0,0,0,0,0,0,0,0,0,0
261116,2,1,1993,0,0,0,0,0,0,0,0,0,0
261117,1,1,1993,0,0,0,0,0,0,0,0,0,0
261117,2,1,1993,10,10,10,10,10,10,10,10,10,10
261117,3,1,1993,0,0,0,0,0,0,0,0,0,0
261118,1,1,1993,0,0,0,0,0,0,0,0,0,0
261118,2,1,1993,0,0,0,0,0,0,0,0,0,0
261119,1,1,1993,0,0,0,0,0,0,0,0,0,0
261119,2,1,1993,0,0,0,0,0,0,0,0,0,0
261121,1,1,1993,0,0,0,0,0,0,0,0,0,0
261121,2,1,1993,0,0,0,0,0,0,0,0,0,0
261122,1,1,1993,20,20,20,20,20,20,20,20,20,20
261122,2,1,1993,0,0,0,0,0,0,0,0,0,0
261123,0,1,1993,13,13,13,13,13,13,13,13,13,13
261123,1,1,1993,8,15,18,16,27,21,23,20,16,36
261124,1,1,1993,0,0,0,0,0,0,0,0,8,0
261125,1,1,1993,26,26,26,26,26,26,26,26,26,26
261126,1,1,1993,0,0,0,0,0,0,0,0,0,0
261126,2,1,1993,0,0,0,0,0,0,0,0,0,0
261127,1,1,1993,18,18,18,18,18,18,18,18,18,18
261128,0,1,1993,30,0,21,14,0,0,0,0,0,0
261128,1,1,1993,0,0,0,0,0,0,0,0,0,0
261129,1,1,1993,0,0,0,0,0,0,0,0,0,0
261129,2,1,1993,0,0,0,0,0,0,0,0,0,0
261130,1,1,1993,25,25,25,25,25,25,25,25,25,25
261131,1,1,1993,0,0,0,0,0,0,0,0,0,0
261131,2,1,1993,0,0,0,0,0,0,0,0,0,0
261131,3,1,1993,0,0,0,0,0,0,0,0,0,0
261132,1,1,1993,14,14,14,14,14,14,14,14,14,14
261133,1,1,1993,0,0,0,0,0,0,0,0,0,0
261133,2,1,1993,0,0,0,0,0,0,0,0,0,0
261134,1,1,1993,0,0,0,0,0,0,0,0,0,0
261134,2,1,1993,0,0,0,0,0,0,0,0,0,0
261135,1,1,1993,1,1,1,1,1,1,1,1,1,1
261136,1,1,1993,0,0,0,0,0,0,0,0,0,0
261136,2,1,1993,0,0,0,0,0,0,0,0,0,0
261137,1,1,1993,0,0,0,0,0,0,0,0,15,0
261137,2,1,1993,7,0,6,13,0,0,0,9,0,0
261138,1,1,1993,7,0,0,0,0,0,0,0,0,0
261138,2,1,1993,0,0,0,0,0,0,0,0,0,0
261138,3,1,1993,0,0,0,0,0,0,0,0,0,0
261139,1,1,1993,0,0,0,0,0,0,0,0,0,0
261139,2,1,1993,0,0,0,0,0,0,0,0,0,0
261140,1,1,1993,0,0,0,13,0,15,0,0,0,0
261141,1,1,1993,0,0,0,0,0,0,0,0,0,0
261141,2,1,1993,0,0,0,0,0,0,0,0,0,0
261142,1,1,1993,0,0,0,0,0,0,0,0,0,0
261142,2,1,1993,0,0,0,0,0,0,0,0,0,0
261143,1,1,1993,22,22,22,22,22,22,22,22,22,22
261143,2,1,1993,18,18,18,18,18,18,18,18,18,18
261143,3,1,1993,0,0,0,0,0,0,0,0,0,0
261144,1,1,1993,27,27,27,27,27,27,27,27,27,27
261144,2,1,1993,0,0,0,14,0,0,0,0,0,0
261145,1,1,1993,0,0,0,0,0,0,0,0,0,0
261145,2,1,1993,0,0,0,0,0,0,0,0,0,0
261146,1,1,1993,0,0,0,0,0,0,0,0,0,0
261146,2,1,1993,0,0,0,0,0,0,0,0,0,0
261147,1,1,1993,0,0,0,0,0,0,0,0,0,0
261147,2,1,1993,0,0,0,0,0,0,0,0,0,0
261148,1,1,1993,1,1,1,1,1,1,1,1,1,1
261148,2,1,1993,0,0,0,0,0,0,0,0,0,0
261149,1,1,1993,0,0,0,0,0,0,0,0,0,0
261149,2,1,1993,0,0,0,0,0,0,0,0,0,0
261150,1,1,1993,0,0,0,0,0,0,0,0,0,0
261150,2,1,1993,0,0,0,16,0,0,0,0,0,11
261151,1,1,1993,0,0,0,0,0,0,0,0,0,0
261151,2,1,1993,0,0,0,0,0,0,0,0,0,0
261152,1,1,1993,24,24,24,24,24,24,24,24,24,24
261153,0,1,1993,15,0,21,0,12,0,0,19,0,50
261153,1,1,1993,0,0,0,0,0,0,0,0,0,0
261154,0,1,1993,22,0,19,27,16,0,41,0,0,11
261154,1,1,1993,0,0,0,0,10,0,0,0,0,0
261154,2,1,1993,0,0,0,0,0,14,0,0,0,0
261154,3,1,1993,0,0,0,0,0,0,0,0,0,0
261155,1,1,1993,0,0,0,0,0,0,0,0,0,0
261155,2,1,1993,0,0,0,0,0,0,0,0,0,0
261156,1,1,1993,21,16,23,18,12,9,10,12,19,29
261156,2,1,1993,0,0,0,0,0,0,0,0,0,0
261157,1,1,1993,10,10,10,10,10,10,10,10,10,10
261158,0,1,1993,0,0,0,0,0,0,0,0,0,0
261158,0,2,1993,0,0,0,0,0,0,0,0,0,0
261158,1,1,1993,0,0,0,0,0,0,0,0,0,0
261159,1,1,1993,23,23,23,23,23,23,23,23,23,23
261159,2,1,1993,6,6,6,6,6,6,6,6,6,6
261160,1,1,1993,26,26,26,26,26,26,26,26,26,26
261161,1,1,1993,12,12,12,12,12,12,12,12,12,12
261162,0,1,1993,24,23,12,25,5,35,0,0,22,11
261162,1,1,1993,0,6,11,10,0,0,0,8,29,12
261163,1,1,1993,0,0,0,0,0,0,0,0,0,0
261163,2,1,1993,0,0,0,0,0,0,0,0,0,0
261164,1,1,1993,0,0,0,0,0,0,0,0,0,0
261164,2,1,1993,0,0,0,0,0,0,0,0,17,0
261165,1,1,1993,0,0,0,0,0,0,0,0,0,0
261165,2,1,1993,0,0,0,0,0,0,0,0,0,0
261166,0,1,1993,23,23,23,23,23,23,23,23,23,23
261166,1,1,1993,0,21,0,19,0,13,0,0,0,0
261167,1,1,1993,23,23,23,23,23,23,23,23,23,23
261167,2,1,1993,6,14,29,14,14,14,11,14,14,14
261168,0,1,1993,0,0,0,25,0,0,13,29,0,0
261168,1,1,1993,0,0,0,0,0,0,0,0,0,0
261170,0,1,1993,0,0,0,0,0,38,0,0,0,0
261170,1,1,1993,0,0,0,0,0,0,0,0,0,0
261172,1,1,1993,20,20,20,20,20,20,20,20,20,20
261172,2,1,1993,0,0,0,0,0,0,0,0,0,0
261173,1,1,1993,20,20,20,20,20,20,20,20,20,20
261173,2,1,1993,8,8,8,8,8,8,8,8,8,8
261174,1,1,1993,14,14,14,14,14,14,14,14,14,14
261175,1,1,1993,22,22,22,22,22,22,22,22,22,22
261176,1,1,1993,26,26,26,26,26,26,26,26,26,26
261177,0,1,1993,0,0,0,0,21,12,0,13,0,0
261177,1,1,1993,0,0,0,0,0,0,0,0,0,0
261178,1,1,1993,7,7,7,7,7,7,7,7,7,7
261178,2,1,1993,8,17,23,9,9,15,13,39,13,16
261179,1,1,1993,11,11,11,11,11,11,11,11,11,11
261180,1,1,1993,0,5,7,0,0,0,0,0,21,0
261180,2,1,1993,0,0,0,0,0,0,0,0,0,0
261181,1,1,1993,9,9,9,9,9,9,9,9,9,9