ST_CASE,VEH_NO,PER_NO,YEAR,P1,P2,P3,P4,P5,P6,P7,P8,P9,P10
270173,1,1,1993,0,0,0,0,0,0,0,0,0,0
270173,2,1,1993,0,0,0,0,0,0,0,0,0,0
270174,0,1,1993,47,47,47,47,47,47,47,47,47,47
270174,1,1,1993,0,0,0,0,8,0,12,6,0,0
270175,1,1,1993,0,0,0,0,0,0,0,0,0,0
270176,1,1,1993,0,0,0,0,0,0,0,0,0,0
270176,2,1,1993,12,12,12,12,12,12,12,12,12,12
270177,1,1,1993,0,0,0,0,0,0,0,0,0,0
270177,2,1,1993,0,0,0,0,0,0,0,0,0,0
270177,3,1,1993,28,0,0,0,5,0,0,0,0,0
270178,1,1,1993,0,0,0,0,0,0,0,0,0,0
270178,2,1,1993,0,0,0,0,0,0,0,0,0,0
270179,1,1,1993,0,0,0,0,0,10,0,0,0,0
270179,2,1,1993,0,0,0,0,0,0,0,0,0,0
270180,1,1,1993,0,0,0,0,0,0,0,0,0,0
270180,2,1,1993,0,0,0,0,0,0,0,0,0,0
270181,1,1,1993,13,13,13,13,13,13,13,13,13,13
270182,1,1,1993,0,0,0,0,0,0,0,0,0,0
270182,2,1,1993,0,0,0,0,0,0,0,0,0,0
270183,1,1,1993,19,19,19,19,19,19,19,19,19,19
270184,0,1,1993,0,0,0,0,0,0,0,0,0,0
270184,1,1,1993,15,20,18,23,14,21,21,7,17,3
270185,1,1,1993,0,0,0,0,0,0,0,0,0,0
270186,0,1,1993,0,0,0,24,0,0,0,0,0,0
270186,1,1,1993,0,0,0,0,0,0,0,0,0,0
270187,1,1,1993,0,0,0,0,0,0,0,0,12,0
270187,2,1,1993,0,0,0,0,0,0,0,0,0,0
270188,1,1,1993,10,10,10,10,10,10,10,10,10,10
270188,2,1,1993,0,5,16,4,27,10,10,0,13,12
270188,3,1,1993,27,27,27,27,27,27,27,27,27,27
270189,1,1,1993,0,0,0,0,0,0,0,0,0,0
270189,2,1,1993,0,0,0,0,0,0,0,0,0,0
270190,1,1,1993,0,0,0,0,0,0,0,0,0,0
270190,2,1,1993,0,0,0,0,0,0,0,0,0,0
270191,0,1,1993,0,0,0,0,0,0,0,0,0,0
270191,1,1,1993,0,0,0,0,0,0,0,0,0,0
270192,1,1,1993,22,20,0,17,11,38,19,12,0,15
270193,1,1,1993,16,16,16,16,16,16,16,16,16,16
270193,2,1,1993,10,12,11,11,14,15,2,16,8,16
270194,1,1,1993,0,0,0,0,0,0,0,0,0,0
270194,2,1,1993,0,0,0,0,0,0,0,0,0,0
270195,1,1,1993,19,19,19,19,19,19,19,19,19,19
270196,0,1,1993,27,27,27,27,27,27,27,27,27,27
270196,1,1,1993,0,7,0,0,5,0,0,0,0,0
270197,1,1,1993,0,0,0,16,12,7,23,0,0,0
270198,1,1,1993,22,20,0,19,26,23,21,0,0,6
270199,1,1,1993,0,0,0,0,0,0,0,0,0,0
270199,2,1,1993,0,0,0,0,0,0,0,0,0,0
270200,1,1,1993,12,12,12,12,12,12,12,12,12,12
270201,1,1,1993,12,15,20,22,24,16,14,22,13,21
270202,1,1,1993,8,14,7,16,6,18,8,11,12,13
270203,1,1,1993,0,0,0,0,0,0,0,0,0,0
270203,2,1,1993,0,0,0,0,0,0,0,0,0,0
270204,1,1,1993,7,7,7,7,7,7,7,7,7,7
270205,1,1,1993,0,0,0,0,0,0,0,0,0,0
270206,1,1,1993,15,11,17,17,25,19,13,17,10,18
270206,2,1,1993,0,0,0,0,0,0,0,0,0,0
270207,1,1,1993,13,13,13,13,13,13,13,13,13,13
270208,1,1,1993,0,0,26,0,0,0,16,0,0,18
270209,1,1,1993,0,0,0,0,0,16,0,0,0,0
270209,2,1,1993,0,0,0,0,0,0,0,0,0,0
270210,1,1,1993,0,0,0,0,0,0,0,0,0,18
270211,1,1,1993,0,0,0,0,0,0,0,0,0,0
270211,2,1,1993,9,17,17,17,2,14,0,0,31,19
270211,3,1,1993,0,0,0,0,0,0,0,0,0,0
270211,4,1,1993,0,0,0,0,0,0,0,0,0,0
270212,1,1,1993,12,12,12,12,12,12,12,12,12,12
270213,1,1,1993,0,0,0,0,0,0,0,0,0,0
270213,2,1,1993,0,0,0,0,0,0,0,0,0,0
270214,0,1,1993,0,0,0,0,0,0,0,0,0,0
270214,1,1,1993,0,0,0,0,0,0,0,0,0,0
270215,1,1,1993,0,0,0,0,0,0,0,0,0,0
270215,2,1,1993,0,0,0,0,0,0,0,0,0,0
270216,1,1,1993,26,26,26,26,26,26,26,26,26,26
270217,1,1,1993,20,20,20,20,20,20,20,20,20,20
270218,1,1,1993,0,0,0,0,0,0,0,0,0,0
270218,2,1,1993,0,0,0,0,0,0,0,0,0,0
270220,1,1,1993,1,1,1,1,1,1,1,1,1,1
270220,2,1,1993,0,0,0,0,0,0,0,0,0,0
270221,1,1,1993,0,0,0,0,0,0,0,0,0,0
270221,2,1,1993,0,0,0,20,7,0,0,0,0,0
270222,0,1,1993,0,0,14,6,0,0,0,0,0,31
270222,1,1,1993,0,0,0,0,0,0,0,0,0,0
270223,1,1,1993,2,2,2,2,2,2,2,2,2,2
270224,1,1,1993,20,20,20,20,20,20,20,20,20,20
270225,1,1,1993,0,0,0,13,0,14,0,0,0,0
270225,2,1,1993,0,0,0,0,0,0,0,0,0,0
270226,1,1,1993,0,13,0,15,17,7,26,0,0,0
270226,2,1,1993,0,0,9,0,6,0,10,11,0,0
270226,3,1,1993,0,0,0,0,8,0,0,0,0,0
270227,1,1,1993,0,0,0,0,0,0,0,0,0,0
270227,2,1,1993,0,0,0,0,0,0,0,0,0,0
270228,1,1,1993,24,24,24,24,24,24,24,24,24,24
270228,2,1,1993,0,18,21,22,10,13,18,18,25,34
270229,1,1,1993,0,0,0,0,0,0,23,0,0,0
270229,2,1,1993,0,0,0,0,18,0,4,19,0,14
270230,1,1,1993,18,18,18,18,18,18,18,18,18,18
270231,1,1,1993,0,0,0,0,0,0,0,0,0,0
270231,2,1,1993,0,0,0,0,0,0,0,0,0,0
270232,0,1,1993,0,0,0,0,0,0,0,0,0,0
270232,1,1,1993,0,0,0,0,0,0,0,0,0,0
270233,1,1,1993,18,0,0,0,0,0,0,0,9,0
270233,2,1,1993,0,0,0,0,0,0,0,0,0,0
270234,1,1,1993,30,18,0,0,0,0,13,9,5,0
270234,2,1,1993,4,4,4,4,4,4,4,4,4,4
270235,0,1,1993,27,3,0,8,0,0,0,0,20,17
270235,1,1,1993,0,0,0,0,0,0,0,0,0,0
270236,1,1,1993,21,21,21,21,21,21,21,21,21,21
270237,1,1,1993,0,0,0,0,0,0,0,0,0,0
270237,2,1,1993,0,0,0,0,0,0,0,0,0,0
270238,1,1,1993,24,15,26,17,15,12,21,0,10,25
270239,1,1,1993,0,0,0,0,0,0,0,14,0,0
270240,1,1,1993,0,0,0,0,0,0,0,15,0,0
270240,2,1,1993,0,0,0,0,0,0,0,0,0,0
270241,1,1,1993,0,0,0,0,0,0,0,0,0,0
270241,2,1,1993,0,0,0,0,0,0,0,0,0,0
270242,1,1,1993,0,0,0,0,0,0,0,0,0,0
270242,2,1,1993,7,0,23,0,9,4,4,0,15,15
270243,1,1,1993,0,0,0,0,0,0,0,0,0,0
270243,2,1,1993,0,0,0,0,0,0,0,0,0,0
270244,1,1,1993,13,7,7,25,14,9,21,0,0,0
270245,1,1,1993,21,21,21,21,21,21,21,21,21,21
270246,1,1,1993,0,0,0,0,0,0,0,0,0,0
270247,0,1,1993,0,0,0,0,0,0,0,0,0,0
270247,1,1,1993,0,0,0,0,0,0,0,0,0,0
270248,1,1,1993,0,0,0,0,0,0,0,0,0,0
270248,2,1,1993,0,0,0,0,0,0,0,0,0,0
270249,1,1,1993,0,0,0,0,0,0,0,0,0,0
270249,2,1,1993,0,0,0,0,0,0,0,0,0,0
270250,1,1,1993,9,9,9,9,9,9,9,9,9,9
270251,1,1,1993,0,0,0,26,0,0,0,0,0,0
270251,2,1,1993,0,0,0,0,0,0,0,0,0,0
270252,1,1,1993,0,0,0,0,0,0,0,0,0,0
270253,0,1,1993,0,0,0,0,0,0,0,0,0,0
270253,0,2,1993,0,0,0,0,0,0,0,0,0,0
270253,0,3,1993,9,10,19,0,0,15,0,0,0,30
270253,1,1,1993,13,10,9,14,26,6,26,35,23,5
270254,1,1,1993,0,0,8,0,0,0,0,0,0,0
270254,2,1,1993,0,0,0,0,0,0,0,0,0,0
270256,1,1,1993,0,0,0,0,0,0,0,0,0,0
270256,2,1,1993,0,0,0,0,0,0,0,0,0,0
270258,1,1,1993,0,0,0,0,0,0,0,0,0,0
270258,2,1,1993,0,0,0,0,0,0,0,0,0,0
270259,1,1,1993,0,0,0,0,0,0,0,0,0,0
270259,2,1,1993,0,0,0,0,0,0,0,0,0,0
270260,1,1,1993,0,0,0,0,0,0,0,0,0,0
270260,2,1,1993,0,0,0,0,0,0,0,0,0,0
270261,0,1,1993,0,0,0,0,0,0,0,16,0,0
270261,1,1,1993,0,0,0,0,0,0,0,0,0,0
270262,1,1,1993,38,38,38,38,38,38,38,38,38,38
270263,1,1,1993,21,21,21,21,21,21,21,21,21,21
270264,1,1,1993,0,0,0,0,0,0,0,0,0,0
270265,1,1,1993,0,0,0,0,0,0,0,0,0,0
270265,2,1,1993,0,0,0,0,0,0,0,0,0,0
270266,1,1,1993,0,0,0,0,0,0,0,0,0,0
270267,1,1,1993,0,0,0,0,0,0,0,0,0,0
270267,2,1,1993,0,0,0,0,0,0,0,0,0,0
270268,1,1,1993,0,0,0,0,0,0,0,0,0,0
270268,2,1,1993,0,0,0,0,0,0,0,0,0,0
270269,1,1,1993,28,28,28,28,28,28,28,28,28,28
270269,2,1,1993,0,0,0,0,0,0,0,0,0,22
270270,1,1,1993,0,0,0,0,0,0,0,0,0,0
270270,2,1,1993,0,0,0,0,0,0,0,0,0,0
270270,3,1,1993,0,0,0,0,0,0,0,0,0,0
270271,1,1,1993,0,0,0,0,0,0,0,0,0,0
270271,2,1,1993,0,0,0,0,0,0,0,0,0,0
270272,1,1,1993,21,10,9,11,10,10,25,26,23,7
270272,2,1,1993,0,0,0,0,0,0,0,0,0,6
270273,1,1,1993,0,0,0,0,0,0,0,0,0,0
270273,2,1,1993,0,13,0,0,0,0,0,0,0,0
270274,1,1,1993,0,0,0,0,0,0,0,0,0,0
270274,2,1,1993,0,0,0,0,0,0,0,0,0,0
270276,1,1,1993,0,0,0,0,0,0,0,0,0,0
270276,2,1,1993,0,0,0,0,0,0,0,0,0,0
270276,3,1,1993,0,0,0,0,0,0,0,0,0,0
270277,1,1,1993,0,0,0,16,0,26,0,0,0,0
270278,1,1,1993,0,0,0,0,0,0,0,0,0,0
270278,2,1,1993,0,0,0,0,0,0,0,0,0,0
270278,3,1,1993,0,0,0,10,0,0,0,0,0,0
270279,1,1,1993,0,0,0,0,0,0,0,0,0,0
270279,2,1,1993,0,0,0,0,0,0,0,0,0,0
270281,1,1,1993,0,0,6,0,24,0,26,9,18,13
270282,1,1,1993,0,0,0,0,0,0,0,5,0,0
270282,2,1,1993,0,0,0,0,0,0,0,0,0,0
270283,1,1,1993,0,0,0,0,0,0,0,0,0,0
270283,2,1,1993,0,0,0,0,0,0,0,0,0,0
270284,1,1,1993,0,0,0,0,0,0,0,0,0,0
270284,2,1,1993,0,0,0,0,0,0,0,0,0,0
270284,3,1,1993,0,0,0,0,0,0,0,0,0,0
270285,1,1,1993,26,26,26,26,26,26,26,26,26,26
270286,0,1,1993,0,0,0,0,0,0,0,0,0,0
270286,1,1,1993,0,0,0,0,0,0,0,0,0,0
270287,1,1,1993,0,0,0,0,0,0,0,0,0,0
270287,2,1,1993,0,0,0,0,0,0,0,0,0,0
270288,1,1,1993,0,0,0,0,0,0,0,0,0,0
270288,2,1,1993,0,0,0,0,0,0,0,0,0,0
270289,1,1,1993,0,0,0,0,0,0,0,0,0,0
270289,2,1,1993,0,0,0,0,0,0,0,0,0,0
270289,3,1,1993,21,7,0,0,0,0,0,0,0,0
270290,1,1,1993,33,33,33,33,33,33,33,33,33,33
270290,2,1,1993,0,0,14,0,0,0,0,0,0,0
270291,1,1,1993,13,13,13,13,13,13,13,13,13,13
270292,1,1,1993,6,6,6,6,6,6,6,6,6,6
270293,1,1,1993,0,0,0,0,0,0,0,0,0,0
270293,2,1,1993,0,0,0,0,0,0,0,0,0,0
270294,0,1,1993,17,17,17,17,17,17,17,17,17,17
270294,1,1,1993,0,0,0,0,0,0,0,0,0,0
270295,0,1,1993,0,0,0,0,0,0,0,0,0,0
270295,1,1,1993,0,0,0,0,0,0,0,0,0,0
270296,1,1,1993,0,0,0,0,0,0,0,0,0,0
270296,2,1,1993,0,0,0,0,0,0,0,0,0,0
270297,1,1,1993,0,0,0,0,0,0,0,0,0,0
270297,2,1,1993,0,0,0,0,0,0,0,0,0,0
270298,1,1,1993,0,0,0,0,0,0,0,0,0,0
270298,2,1,1993,0,0,0,0,0,0,0,0,0,0
270299,1,1,1993,0,0,0,0,0,0,0,0,0,0
270299,2,1,1993,0,0,0,0,0,0,0,0,0,0
270300,0,1,1993,0,0,0,0,0,0,0,0,0,0
270300,1,1,1993,0,0,0,0,0,0,0,7,0,0
270301,1,1,1993,0,0,0,0,0,0,0,0,0,0
270302,1,1,1993,23,12,0,6,20,10,12,15,7,11
270302,2,1,1993,39,39,39,39,39,39,39,39,39,39
270303,1,1,1993,28,10,29,0,0,13,10,5,0,0
270303,2,1,1993,18,11,21,8,0,12,10,0,0,14
270304,1,1,1993,12,12,12,12,12,12,12,12,12,12
270305,1,1,1993,0,0,0,0,0,0,0,0,0,0
270305,2,1,1993,0,0,0,0,0,0,0,0,0,0
270306,1,1,1993,0,0,0,0,0,0,0,0,0,0
270306,2,1,1993,0,0,0,0,0,0,0,0,0,0
270307,1,1,1993,0,0,0,0,0,0,0,0,0,0
270308,1,1,1993,3,20,6,12,20,10,9,19,9,0
270308,2,1,1993,0,0,0,0,0,0,0,0,0,0
270309,1,1,1993,0,0,7,8,10,8,12,10,29,18
270310,1,1,1993,0,0,0,0,0,0,0,0,0,0
270311,1,1,1993,0,0,0,0,0,0,0,0,0,0
270312,1,1,1993,0,57,0,0,0,13,0,0,0,5
270313,0,1,1993,0,0,0,0,0,0,0,0,0,0
270313,1,1,1993,0,0,0,0,0,0,23,0,0,0
270314,1,1,1993,0,0,0,0,0,0,0,0,0,0
270315,1,1,1993,0,0,0,0,0,0,0,0,0,0
270316,1,1,1993,0,0,0,0,0,0,0,0,0,0
270316,2,1,1993,15,15,15,15,15,15,15,15,15,15
270317,1,1,1993,0,0,0,0,0,0,0,0,0,0
270317,2,1,1993,0,0,0,0,0,0,0,0,0,0
270318,1,1,1993,0,0,0,0,0,0,0,0,0,0
270318,2,1,1993,0,12,0,0,0,0,0,0,0,0
270318,3,1,1993,0,0,0,0,0,0,0,0,0,0
270319,1,1,1993,0,0,0,0,0,0,0,0,0,0
270319,2,1,1993,0,0,0,0,0,0,0,0,0,0
270320,1,1,1993,3,5,4,12,11,0,9,9,13,9
270320,2,1,1993,14,30,14,9,4,7,24,7,19,24
270321,1,1,1993,0,0,0,0,0,0,0,0,0,0
270321,2,1,1993,0,0,0,0,0,0,0,0,0,0
270322,1,1,1993,7,14,0,7,15,0,10,12,18,10
270322,2,1,1993,11,10,8,22,13,32,22,5,8,10
270323,1,1,1993,22,22,22,22,22,22,22,22,22,22
270324,1,1,1993,20,24,19,12,6,22,18,14,12,21
270326,1,1,1993,0,0,0,0,0,0,0,0,0,0
270327,1,1,1993,0,0,0,0,0,0,0,0,0,0
270328,1,1,1993,0,0,0,0,0,0,0,0,5,0
270328,2,1,1993,0,0,0,0,0,0,0,0,0,0
270329,1,1,1993,17,17,17,17,17,17,17,17,17,17
270330,1,1,1993,0,0,0,0,0,0,0,0,0,0
270330,2,1,1993,0,0,0,0,0,0,0,0,0,0
270331,1,1,1993,0,0,0,0,0,0,0,0,0,0
270331,2,1,1993,0,0,0,0,0,0,0,0,0,0
270332,0,1,1993,38,38,38,38,38,38,38,38,38,38
270332,1,1,1993,0,0,0,0,0,0,8,0,0,5
270333,1,1,1993,0,0,0,0,0,0,0,0,0,0
270333,2,1,1993,0,0,0,0,0,0,0,0,0,0
270334,1,1,1993,16,10,5,22,7,0,21,0,23,13
270335,1,1,1993,23,23,23,23,23,23,23,23,23,23
270336,1,1,1993,0,0,0,0,0,0,0,0,5,0
270337,0,1,1993,0,0,0,0,0,0,0,0,0,0
270337,1,1,1993,0,0,0,0,0,0,0,0,0,0
270338,0,1,1993,9,9,9,9,9,9,9,9,9,9
270338,0,2,1993,0,0,0,0,0,0,0,0,0,0
270338,1,1,1993,0,0,0,0,13,0,0,0,0,0
270339,1,1,1993,0,0,0,0,0,0,0,0,0,0
270339,2,1,1993,0,0,0,0,0,0,0,0,0,0
270340,1,1,1993,0,0,0,0,0,0,0,0,0,0
270340,2,1,1993,0,0,0,0,0,0,0,0,0,0
270341,1,1,1993,0,0,0,0,0,0,0,0,0,0
270341,2,1,1993,0,0,26,0,0,0,0,0,0,0
270342,1,1,1993,0,0,0,0,0,0,0,0,0,0
270342,2,1,1993,0,0,0,0,0,0,0,0,0,0
270343,1,1,1993,0,0,0,0,0,0,0,0,0,0
270343,2,1,1993,0,0,0,0,0,0,0,0,0,0
270344,1,1,1993,0,0,0,0,0,0,0,0,0,0
270345,1,1,1993,3,0,8,0,0,0,0,18,0,0
270345,2,1,1993,0,0,0,0,0,0,0,0,0,0
270346,0,1,1993,16,0,0,0,0,0,0,0,0,0
270346,1,1,1993,0,0,0,0,0,0,0,0,0,0
270347,0,1,1993,0,0,0,0,0,0,0,0,0,0
270347,1,1,1993,0,0,0,0,0,0,0,0,0,0
270348,1,1,1993,0,0,0,0,0,0,0,0,0,0
270349,1,1,1993,0,0,0,0,0,0,0,0,0,0
270349,2,1,1993,0,0,0,0,0,0,0,0,0,0
270349,3,1,1993,0,0,0,0,0,0,0,0,0,0
270350,1,1,1993,0,0,0,0,0,0,0,0,0,0
270351,1,1,1993,7,0,10,0,16,0,0,0,23,14
270352,1,1,1993,0,0,0,0,0,0,0,0,0,0
270352,2,1,1993,0,0,0,0,0,0,0,0,0,0
270353,1,1,1993,14,14,14,14,14,14,14,14,14,14
270354,1,1,1993,22,22,22,22,22,22,22,22,22,22
270355,1,1,1993,32,32,32,32,32,32,32,32,32,32
270355,2,1,1993,0,0,0,0,0,0,0,0,0,0
270356,1,1,1993,0,0,0,0,2,0,0,0,0,0
270356,2,1,1993,0,0,0,0,0,0,0,0,0,0
270357,1,1,1993,0,0,0,0,0,0,0,0,0,0
270358,1,1,1993,0,0,0,0,0,0,0,0,0,0
270359,1,1,1993,0,0,0,0,0,0,0,0,0,0
270361,1,1,1993,0,0,0,0,0,0,0,6,0,0
270361,2,1,1993,0,0,0,11,0,0,22,0,0,0
270362,1,1,1993,0,0,0,0,0,0,0,0,0,0
270362,2,1,1993,0,0,0,0,0,0,0,0,0,0
270363,1,1,1993,0,0,0,0,0,0,0,0,0,0
270363,2,1,1993,0,0,0,0,0,0,0,0,0,0
270364,1,1,1993,0,0,0,0,0,0,0,0,0,0
270365,1,1,1993,13,13,13,13,13,13,13,13,13,13
270367,1,1,1993,0,0,0,0,0,0,0,0,0,0
270367,2,1,1993,0,0,0,0,0,0,0,0,0,0
270368,1,1,1993,0,0,0,0,0,0,0,0,0,0
270368,2,1,1993,0,0,0,0,0,0,0,0,20,0
270369,0,1,1993,11,11,11,11,11,11,11,11,11,11
270369,1,1,1993,40,7,19,23,20,27,0,18,0,0
270370,1,1,1993,2,2,2,2,2,2,2,2,2,2
270370,2,1,1993,0,0,0,0,0,0,0,0,0,0
270371,1,1,1993,0,0,0,0,0,0,0,0,0,0
270371,2,1,1993,0,0,0,0,0,0,0,0,0,0
270372,1,1,1993,19,19,19,19,19,19,19,19,19,19
270372,2,1,1993,0,0,0,10,0,0,7,0,7,0
270373,1,1,1993,0,0,0,0,0,0,0,0,0,0
270373,2,1,1993,0,0,0,0,0,0,0,0,0,0
270374,1,1,1993,34,28,20,13,20,6,9,6,26,0
270375,0,1,1993,0,0,0,0,0,0,0,0,0,0
270375,1,1,1993,0,0,0,0,0,0,0,0,0,0
270376,0,1,1993,23,23,23,23,23,23,23,23,23,23
270376,1,1,1993,0,0,0,0,0,0,0,10,0,0
270377,1,1,1993,0,0,0,0,0,0,0,0,0,0
270377,2,1,1993,7,17,11,13,5,9,18,16,25,13
270378,1,1,1993,16,15,22,0,26,26,21,0,27,14
270380,1,1,1993,0,0,0,0,0,0,0,0,0,0
270380,2,1,1993,0,0,0,0,0,0,0,0,0,0
270381,1,1,1993,28,28,28,28,28,28,28,28,28,28
270382,1,1,1993,0,0,0,0,0,0,0,0,0,0
270382,2,1,1993,0,0,0,0,0,0,0,0,0,0
270384,1,1,1993,0,0,0,0,0,0,0,0,0,0
270385,1,1,1993,0,0,0,0,0,0,0,0,0,0
270386,1,1,1993,24,24,24,24,24,24,24,24,24,24
270387,1,1,1993,28,28,28,28,28,28,28,28,28,28
270388,0,1,1993,25,25,25,25,25,25,25,25,25,25
270388,1,1,1993,23,23,23,23,23,23,23,23,23,23
270389,1,1,1993,0,0,0,0,0,0,0,0,17,0
270389,2,1,1993,8,8,8,8,8,8,8,8,8,8
270389,3,1,1993,0,0,0,0,0,0,0,3,0,0
270390,1,1,1993,26,26,26,26,26,26,26,26,26,26
270390,2,1,1993,0,0,0,0,0,0,0,0,0,0
270391,1,1,1993,0,0,0,0,0,0,0,0,0,0
270391,2,1,1993,0,0,0,0,0,0,0,0,0,0
270392,0,1,1993,0,0,0,0,0,0,0,0,0,0
270392,1,1,1993,0,0,0,0,0,0,0,0,0,0
270393,1,1,1993,0,0,0,0,0,0,0,0,0,0
270393,2,1,1993,0,0,0,0,0,0,0,0,0,0
270394,1,1,1993,17,17,17,17,17,17,17,17,17,17
270395,1,1,1993,0,0,0,0,0,0,0,0,0,0
270395,2,1,1993,0,0,0,0,0,0,0,0,0,0
270396,1,1,1993,0,0,0,0,0,0,0,0,0,0
270396,2,1,1993,0,0,0,0,0,0,0,0,0,0
270397,1,1,1993,13,13,13,13,13,13,13,13,13,13
270398,0,1,1993,25,25,25,25,25,25,25,25,25,25
270398,1,1,1993,0,0,0,0,0,0,0,0,0,0
270399,1,1,1993,0,0,0,0,0,0,0,0,0,0
270400,1,1,1993,24,24,24,24,24,24,24,24,24,24
270401,0,1,1993,0,0,0,0,0,0,0,0,0,0
270401,1,1,1993,0,0,0,0,0,0,0,0,0,0
270402,1,1,1993,0,0,0,0,0,0,14,0,0,0
270402,2,1,1993,29,29,29,29,29,29,29,29,29,29
270403,1,1,1993,0,20,0,0,0,0,0,2,0,0
270404,1,1,1993,16,16,16,16,16,16,16,16,16,16
270405,1,1,1993,0,0,0,0,0,0,0,0,0,0
270405,2,1,1993,0,0,0,0,0,0,0,0,0,0
270406,1,1,1993,21,21,21,21,21,21,21,21,21,21
270407,1,1,1993,0,0,0,0,0,0,0,0,0,0
270407,2,1,1993,0,0,0,0,0,0,0,0,0,0
270408,1,1,1993,0,15,19,15,0,29,0,0,0,0
270409,1,1,1993,11,11,11,11,11,11,11,11,11,11
270410,1,1,1993,0,0,0,0,0,0,0,0,0,0
270410,2,1,1993,0,0,0,0,0,0,0,0,0,0
270410,3,1,1993,0,0,0,0,0,0,0,0,0,0
270411,1,1,1993,0,0,0,0,0,0,0,0,0,0
270411,2,1,1993,0,0,0,0,0,0,0,0,0,0
270412,1,1,1993,0,2,0,11,0,5,21,4,12,10
270412,2,1,1993,35,16,0,11,8,4,20,22,18,17
270413,1,1,1993,28,28,28,28,28,28,28,28,28,28
270413,2,1,1993,0,0,0,0,0,0,0,0,0,0
270414,1,1,1993,0,0,0,0,0,0,0,0,0,0
270415,1,1,1993,0,0,0,0,0,0,0,0,0,0
270416,1,1,1993,0,0,0,0,0,0,0,0,0,0
270416,2,1,1993,0,0,0,0,0,0,0,0,0,0
270416,3,1,1993,0,0,0,0,0,0,0,0,0,0
270417,1,1,1993,0,0,0,0,0,0,0,0,0,0
270417,2,1,1993,17,17,17,17,17,17,17,17,17,17
270418,1,1,1993,10,10,10,10,10,10,10,10,10,10
270418,2,1,1993,0,0,0,0,0,0,0,0,0,0
270419,0,1,1993,22,22,22,22,22,22,22,22,22,22
270419,1,1,1993,0,0,0,0,0,0,0,0,0,0
270420,1,1,1993,8,20,11,14,25,14,24,20,2,16
270420,2,1,1993,23,23,23,23,23,23,23,23,23,23
270421,1,1,1993,24,24,24,24,24,24,24,24,24,24
270422,0,1,1993,0,0,0,0,0,0,0,0,0,0
270422,1,1,1993,0,0,0,0,0,0,0,0,0,0
270423,1,1,1993,0,0,0,0,0,0,0,0,0,0
270423,2,1,1993,0,0,0,0,0,0,0,0,0,0
270425,1,1,1993,0,0,0,0,0,0,0,0,0,0
270425,2,1,1993,0,0,0,0,0,0,0,0,0,0
270426,1,1,1993,0,0,0,0,0,0,0,0,0,0
270426,2,1,1993,0,0,0,0,0,0,0,0,0,0
270427,1,1,1993,0,0,0,0,0,0,0,0,0,0
270427,2,1,1993,0,0,0,0,0,0,0,0,0,0
270428,1,2,1993,9,25,21,0,20,5,16,14,9,0
270429,1,1,1993,0,0,0,0,0,0,0,0,0,0
270429,2,1,1993,21,15,20,0,40,0,16,0,24,26
270430,1,1,1993,0,0,0,0,0,0,0,0,0,0
270430,2,1,1993,0,0,0,0,0,0,0,0,0,0
270431,1,1,1993,17,17,17,17,17,17,17,17,17,17
270432,1,1,1993,26,26,26,26,26,26,26,26,26,26
270432,2,1,1993,0,0,0,0,0,0,0,0,0,0
270433,1,1,1993,0,0,0,0,0,0,0,0,0,0
270434,1,1,1993,0,0,0,0,0,0,0,0,0,0
270434,2,1,1993,0,0,0,0,0,0,0,0,0,0
270435,1,1,1993,11,21,8,31,48,18,21,15,14,12
270435,2,1,1993,0,20,0,0,0,0,0,0,0,0
270436,1,1,1993,0,0,0,0,0,0,0,0,0,0
270436,2,1,1993,0,0,0,0,0,0,0,0,0,0
270437,1,1,1993,0,0,0,0,0,0,0,0,4,0
270437,2,1,1993,0,0,0,0,0,0,0,0,0,0
270438,0,1,1993,0,0,0,0,0,0,0,0,0,0
270438,1,1,1993,0,0,0,0,0,0,0,0,0,0
270439,1,1,1993,0,0,0,0,0,0,0,0,0,0
270439,2,1,1993,0,0,0,0,0,0,0,0,0,0
270440,1,1,1993,22,22,22,22,22,22,22,22,22,22
270441,1,1,1993,0,0,0,0,0,0,0,0,0,0
270441,2,1,1993,0,0,0,0,2,0,0,0,0,0
270442,0,1,1993,25,25,25,25,25,25,25,25,25,25
270442,1,1,1993,0,0,0,0,0,0,0,0,0,0
270443,1,1,1993,0,0,0,0,0,0,11,0,0,0
270443,2,1,1993,0,0,36,0,0,0,0,0,0,0
270444,1,1,1993,0,0,0,0,0,0,0,0,0,0
270444,2,1,1993,0,0,0,0,0,0,0,0,0,0
270445,0,1,1993,0,0,0,0,0,0,10,39,0,0
270445,1,1,1993,0,0,0,0,0,0,0,0,0,0
270446,1,1,1993,0,0,0,0,0,0,0,0,0,0
270446,2,1,1993,0,0,0,0,0,0,0,0,0,0
270446,3,1,1993,0,0,0,0,0,0,0,0,0,0
270447,1,1,1993,16,16,16,16,16,16,16,16,16,16
270447,2,1,1993,0,0,0,0,0,0,0,0,0,0
270448,1,1,1993,0,0,0,0,0,0,0,0,0,0
270448,2,1,1993,0,0,0,0,0,0,0,0,0,0
270449,1,1,1993,0,0,0,0,0,0,0,0,0,0
270450,1,1,1993,33,33,33,33,33,33,33,33,33,33
270451,1,1,1993,0,0,0,0,0,0,0,0,0,0
270451,2,1,1993,0,0,0,0,0,0,0,0,0,0