ST_CASE,VEH_NO,PER_NO,YEAR,P1,P2,P3,P4,P5,P6,P7,P8,P9,P10
280257,1,1,1993,19,19,19,19,19,19,19,19,19,19
280257,2,1,1993,0,0,0,0,0,24,0,0,0,0
280258,1,1,1993,0,0,0,0,0,0,0,0,16,0
280259,1,1,1993,17,17,17,17,17,17,17,17,17,17
280259,2,1,1993,0,0,0,0,0,0,0,0,0,0
280260,1,1,1993,0,0,7,0,29,0,0,20,0,9
280261,1,1,1993,0,0,0,19,0,0,0,0,0,0
280261,2,1,1993,0,0,0,0,22,0,15,25,0,16
280262,1,1,1993,26,26,26,26,26,26,26,26,26,26
280262,2,1,1993,0,0,0,0,0,0,0,0,0,0
280263,1,1,1993,4,4,4,4,4,4,4,4,4,4
280264,1,1,1993,12,12,12,12,12,12,12,12,12,12
280265,1,1,1993,17,34,3,25,23,16,39,27,0,16
280266,1,1,1993,0,0,0,34,0,0,0,0,0,0
280266,2,1,1993,12,0,0,2,0,0,0,0,0,0
280267,1,1,1993,0,0,14,0,0,9,11,0,0,0
280267,2,1,1993,33,33,33,33,33,33,33,33,33,33
280268,0,1,1993,0,0,0,0,0,0,0,0,0,0
280268,1,1,1993,9,9,9,9,9,9,9,9,9,9
280269,1,1,1993,9,9,9,9,9,9,9,9,9,9
280269,2,1,1993,13,13,13,13,13,13,13,13,13,13
280271,0,1,1993,31,0,22,0,0,21,50,29,45,11
280271,1,1,1993,22,0,0,8,0,0,10,0,0,22
280272,1,1,1993,0,0,0,0,0,19,0,0,0,0
280273,1,1,1993,0,0,0,0,0,0,0,0,0,0
280274,1,1,1993,0,0,0,0,0,0,0,0,0,0
280274,2,1,1993,0,0,0,0,0,0,0,0,0,0
280275,1,1,1993,0,0,0,0,0,0,0,0,0,0
280276,1,1,1993,18,24,35,0,28,0,5,18,6,16
280277,1,1,1993,0,0,0,0,0,0,0,0,0,0
280277,2,1,1993,0,0,0,0,0,0,0,0,0,0
280278,1,1,1993,17,17,17,17,17,17,17,17,17,17
280279,1,1,1993,0,0,0,0,0,0,0,0,0,0
280280,1,1,1993,26,26,26,26,26,26,26,26,26,26
280281,0,1,1993,22,22,22,22,22,22,22,22,22,22
280281,1,1,1993,0,21,0,0,0,0,0,4,0,0
280282,1,1,1993,17,19,7,0,21,0,0,13,13,0
280283,1,1,1993,2,2,2,2,2,2,2,2,2,2
280284,1,1,1993,0,0,0,0,0,0,0,0,0,0
280285,1,1,1993,1,1,1,1,1,1,1,1,1,1
280286,1,1,1993,1,1,1,1,1,1,1,1,1,1
280286,2,1,1993,0,0,0,0,0,0,0,0,3,0
280287,0,1,1993,24,0,0,20,0,0,0,7,0,0
280287,1,1,1993,0,9,0,0,26,14,18,8,0,0
280288,1,1,1993,20,0,8,0,0,0,0,0,0,0
280289,1,1,1993,10,10,10,10,10,10,10,10,10,10
280290,1,1,1993,0,0,0,0,0,0,0,0,0,0
280292,1,1,1993,0,0,0,0,0,0,0,0,0,0
280292,2,1,1993,0,0,0,0,0,0,0,0,0,0
280293,1,1,1993,0,0,0,0,0,0,0,17,0,0
280293,2,1,1993,0,0,0,0,0,0,0,0,0,0
280294,1,1,1993,18,0,9,0,21,0,0,8,0,13
280294,2,1,1993,17,17,17,17,17,17,17,17,17,17
280295,1,1,1993,25,25,25,25,25,25,25,25,25,25
280296,1,1,1993,0,0,0,0,0,0,0,0,0,0
280297,0,1,1993,0,0,0,0,0,0,0,0,0,0
280297,1,1,1993,0,0,0,0,0,0,0,0,0,0
280298,1,1,1993,0,0,0,0,0,0,0,0,0,0
280299,0,1,1993,0,0,0,0,0,0,0,0,0,0
280299,1,1,1993,0,0,0,0,0,0,0,0,0,0
280300,1,1,1993,0,0,0,0,0,0,0,0,0,0
280300,2,1,1993,0,0,0,0,0,0,0,0,0,0
280301,1,1,1993,0,10,6,11,25,0,0,0,11,26
280301,2,1,1993,24,24,24,24,24,24,24,24,24,24
280302,1,1,1993,0,0,0,0,0,0,16,10,0,0
280303,1,1,1993,0,0,0,0,0,0,0,0,0,0
280303,2,1,1993,3,3,3,3,3,3,3,3,3,3
280304,1,1,1993,0,0,0,0,0,0,0,0,0,0
280304,2,1,1993,0,0,0,0,0,0,0,0,0,0
280305,1,1,1993,10,10,10,10,10,10,10,10,10,10
280306,1,1,1993,15,0,4,0,16,15,0,22,0,9
280308,1,1,1993,0,0,0,0,0,0,0,0,0,0
280308,2,1,1993,0,0,0,0,0,0,0,0,0,0
280309,1,1,1993,0,0,0,0,0,0,0,0,0,0
280310,1,1,1993,0,0,0,0,0,0,0,0,0,0
280311,0,1,1993,0,0,0,0,0,0,0,0,0,0
280311,1,1,1993,0,0,0,0,0,0,0,0,0,0
280312,1,1,1993,13,0,19,0,14,0,0,0,0,6
280313,1,1,1993,0,0,8,0,8,0,0,0,0,0
280313,2,1,1993,10,10,10,10,10,10,10,10,10,10
280314,1,1,1993,0,0,0,0,0,0,0,0,0,0
280314,2,1,1993,0,0,0,0,0,0,0,0,0,0
280315,1,1,1993,0,14,0,0,15,0,0,0,0,0
280315,2,1,1993,7,0,0,0,0,0,9,0,0,0
280316,0,1,1993,0,0,0,0,0,0,0,0,0,0
280316,1,1,1993,0,0,0,0,0,0,0,0,0,0
280317,1,1,1993,6,0,31,0,0,11,0,23,28,0
280318,1,1,1993,0,0,0,0,0,0,0,0,0,0
280318,2,1,1993,0,0,0,0,0,0,0,0,0,0
280319,1,1,1993,0,21,19,0,0,0,0,15,0,0
280319,2,1,1993,17,16,0,0,0,0,0,24,0,0
280320,1,1,1993,0,0,0,0,0,0,0,0,0,0
280322,0,1,1993,12,12,12,12,12,12,12,12,12,12
280322,1,1,1993,0,0,0,0,0,0,0,0,0,0
280323,0,1,1993,0,0,0,0,0,0,0,0,0,0
280323,1,1,1993,0,0,0,21,16,0,16,0,0,0
280324,1,1,1993,0,0,0,0,0,0,0,0,0,0
280325,0,1,1993,15,15,15,15,15,15,15,15,15,15
280325,1,1,1993,21,0,0,0,0,0,29,0,16,8
280326,1,1,1993,0,11,0,14,0,0,22,25,0,0
280327,1,1,1993,11,17,0,0,0,0,0,0,0,0
280327,2,1,1993,0,0,0,0,0,0,0,0,0,0
280328,1,1,1993,0,0,0,0,0,0,0,0,0,0
280330,1,1,1993,1,1,1,1,1,1,1,1,1,1
280330,2,1,1993,1,1,1,1,1,1,1,1,1,1
280330,3,1,1993,0,0,0,0,0,0,0,0,0,0
280331,1,1,1993,4,4,4,4,4,4,4,4,4,4
280331,2,1,1993,2,2,2,2,2,2,2,2,2,2
280332,1,1,1993,19,19,19,19,19,19,19,19,19,19
280333,0,1,1993,23,23,23,23,23,23,23,23,23,23
280333,1,1,1993,0,0,14,9,7,0,14,12,0,0
280334,1,1,1993,0,0,0,0,0,0,0,0,0,0
280334,2,1,1993,0,0,19,0,0,0,0,0,0,0
280335,1,1,1993,0,0,0,18,0,0,0,0,13,0
280335,2,1,1993,0,0,24,0,0,23,23,0,30,25
280336,1,1,1993,0,0,0,14,17,0,0,0,0,0
280336,2,1,1993,0,0,31,0,0,0,0,0,0,0
280336,3,1,1993,0,0,0,0,0,0,0,0,0,0
280337,1,1,1993,0,0,0,0,0,0,0,0,0,0
280337,2,1,1993,14,14,14,14,14,14,14,14,14,14
280338,1,1,1993,0,0,0,0,0,0,0,0,0,0
280339,1,1,1993,29,29,29,29,29,29,29,29,29,29
280339,2,1,1993,0,0,0,0,0,0,0,0,0,0
280340,1,1,1993,0,0,0,0,0,0,0,0,0,0
280340,2,1,1993,0,0,0,0,0,0,0,0,0,0
280341,1,1,1993,0,0,16,0,0,0,0,0,0,0
280342,1,1,1993,14,14,14,14,14,14,14,14,14,14
280343,1,1,1993,0,0,0,0,0,0,0,0,0,0
280343,2,1,1993,0,22,0,0,0,0,0,0,0,0
280344,1,1,1993,4,4,4,4,4,4,4,4,4,4
280345,1,1,1993,0,0,0,0,0,0,0,0,0,0
280346,1,1,1993,0,0,0,0,0,0,0,0,8,0
280347,1,1,1993,13,13,13,13,13,13,13,13,13,13
280347,2,1,1993,9,9,9,9,9,9,9,9,9,9
280348,1,1,1993,13,0,0,0,10,0,0,0,0,0
280349,1,1,1993,0,0,16,24,27,0,24,0,0,28
280349,2,1,1993,0,0,15,0,0,0,0,0,0,0
280350,1,1,1993,10,10,10,10,10,10,10,10,10,10
280351,1,1,1993,0,0,0,0,0,0,0,0,0,0
280351,2,1,1993,0,0,0,0,0,0,0,0,0,0
280352,1,1,1993,0,0,0,0,0,0,0,0,0,0
280352,2,1,1993,17,17,17,17,17,17,17,17,17,17
280353,1,1,1993,0,0,0,0,0,0,0,0,0,0
280354,1,1,1993,0,0,0,0,0,0,0,0,0,0
280354,2,1,1993,0,0,0,0,0,0,0,0,0,0
280355,1,1,1993,29,0,18,21,0,21,23,0,18,0
280356,1,1,1993,11,11,11,11,11,11,11,11,11,11
280357,0,1,1993,27,27,27,27,27,27,27,27,27,27
280357,1,1,1993,10,31,16,0,4,19,0,0,0,24
280358,1,1,1993,0,0,15,0,34,16,19,0,15,12
280359,1,1,1993,16,16,16,16,16,16,16,16,16,16
280360,1,1,1993,0,0,0,0,0,0,0,0,0,0
280361,1,1,1993,0,0,0,0,22,0,0,0,0,0
280361,2,1,1993,0,0,0,0,6,0,0,0,0,0
280362,0,1,1993,50,0,0,0,0,0,25,0,0,0
280362,1,1,1993,0,15,34,22,17,0,0,13,0,0
280363,1,1,1993,10,10,10,10,10,10,10,10,10,10
280364,1,1,1993,0,0,0,0,0,0,0,0,0,0
280365,1,1,1993,0,0,0,0,0,0,0,0,0,0
280366,1,1,1993,24,0,0,12,0,0,0,0,0,10
280366,2,1,1993,0,13,0,0,12,0,0,0,0,13
280367,1,1,1993,0,0,0,0,0,0,0,0,0,16
280367,2,1,1993,0,0,0,0,0,0,0,0,0,0
280368,1,1,1993,8,9,19,0,0,0,0,0,0,18
280369,1,1,1993,0,0,0,0,0,0,0,0,0,0
280369,2,1,1993,0,0,0,0,0,0,0,0,0,0
280370,0,1,1993,0,0,0,0,0,0,0,0,0,0
280370,1,1,1993,14,0,0,16,0,0,0,0,0,0
280371,1,1,1993,19,19,19,19,19,19,19,19,19,19
280372,1,1,1993,21,21,21,21,21,21,21,21,21,21
280373,0,1,1993,26,26,26,26,26,26,26,26,26,26
280373,1,1,1993,0,0,0,0,0,0,0,0,0,0
280374,1,1,1993,0,0,0,0,13,0,0,7,0,0
280375,1,1,1993,2,20,0,18,0,34,25,0,0,0
280375,2,1,1993,0,0,13,14,0,0,14,0,0,0
280376,1,1,1993,6,16,25,8,18,0,32,14,23,0
280377,1,1,1993,0,0,0,0,0,0,0,0,0,0
280377,2,1,1993,0,0,0,0,0,0,0,0,0,0
280378,1,1,1993,13,13,13,13,13,13,13,13,13,13
280379,1,1,1993,0,0,0,0,0,0,5,0,0,0
280379,2,1,1993,0,0,0,0,0,0,0,0,0,0
280379,3,1,1993,6,19,0,0,16,0,0,0,0,0
280379,4,1,1993,0,0,0,0,0,0,0,0,0,0
280380,1,1,1993,0,0,10,0,0,6,0,0,0,13
280380,2,1,1993,11,11,11,11,11,11,11,11,11,11
280381,0,1,1993,1,1,1,1,1,1,1,1,1,1
280381,1,1,1993,2,16,0,0,13,11,0,0,10,0
280382,1,1,1993,0,0,0,0,0,0,0,0,0,0
280383,1,1,1993,16,16,16,16,16,16,16,16,16,16
280383,2,1,1993,0,0,0,0,0,0,0,0,0,0
280384,1,1,1993,0,0,0,0,0,0,0,0,0,0
280384,2,1,1993,0,0,0,0,0,0,0,0,0,0
280385,1,1,1993,6,0,0,0,0,12,0,0,0,0
280385,2,1,1993,0,0,0,0,0,0,0,0,0,0
280386,1,1,1993,0,0,8,0,0,0,27,0,0,24
280387,1,1,1993,0,0,0,0,0,0,0,0,0,0
280387,2,1,1993,0,0,0,0,0,0,0,0,0,0
280388,1,1,1993,10,10,10,10,10,10,10,10,10,10
280388,2,1,1993,25,25,25,25,25,25,25,25,25,25
280389,0,1,1993,13,0,23,14,5,17,0,0,0,18
280389,1,1,1993,10,0,26,0,0,20,26,0,6,0
280390,1,1,1993,13,13,13,13,13,13,13,13,13,13
280391,1,1,1993,0,0,0,0,0,0,0,0,0,0
280391,2,1,1993,13,13,13,13,13,13,13,13,13,13
280392,1,1,1993,0,0,0,0,0,0,0,0,11,0
280392,2,1,1993,0,0,23,0,23,0,21,0,0,0
280393,1,1,1993,0,0,0,0,0,0,0,0,0,0
280393,2,1,1993,0,0,0,0,0,0,0,0,0,0
280394,0,1,1993,0,0,0,0,0,0,0,0,0,0
280394,1,1,1993,14,14,14,14,14,14,14,14,14,14
280395,1,1,1993,31,31,31,31,31,31,31,31,31,31
280396,1,1,1993,0,0,0,0,0,0,0,0,0,0
280396,2,1,1993,14,14,14,14,14,14,14,14,14,14
280398,1,1,1993,0,0,0,46,0,0,0,0,0,0
280398,2,1,1993,19,0,28,0,0,0,27,25,0,0
280399,1,1,1993,0,0,0,16,0,16,5,0,0,7
280400,1,1,1993,0,0,0,0,0,0,0,0,0,0
280401,1,1,1993,0,0,0,0,0,0,0,0,0,0
280401,2,1,1993,0,0,0,0,0,0,0,0,0,0
280402,1,1,1993,0,7,29,30,19,34,25,33,12,19
280403,1,1,1993,17,17,17,17,17,17,17,17,17,17
280404,1,1,1993,0,0,0,0,0,0,0,0,0,0
280404,2,1,1993,0,0,0,0,0,0,0,0,0,0
280405,0,1,1993,0,0,0,0,11,0,0,0,0,0
280405,1,1,1993,0,0,11,0,0,0,0,0,0,0
280406,1,1,1993,0,0,0,0,0,0,0,0,0,0
280406,2,1,1993,0,0,0,0,0,0,0,0,0,0
280407,0,1,1993,28,28,28,28,28,28,28,28,28,28
280407,1,1,1993,20,20,20,20,20,20,20,20,20,20
280408,1,1,1993,24,24,24,24,24,24,24,24,24,24
280408,2,1,1993,10,10,10,10,10,10,10,10,10,10
280409,1,1,1993,0,13,20,25,0,0,0,0,0,0
280409,2,1,1993,0,0,25,0,0,0,0,0,0,0
280410,1,1,1993,0,0,0,0,0,0,0,0,0,0
280410,2,1,1993,20,20,20,20,20,20,20,20,20,20
280411,1,1,1993,33,33,33,33,33,33,33,33,33,33
280412,1,1,1993,15,15,15,15,15,15,15,15,15,15
280413,0,1,1993,25,0,22,0,21,23,0,25,11,15
280413,1,1,1993,21,0,0,0,0,13,0,11,14,21
280414,1,1,1993,19,18,26,0,23,23,0,0,0,0
280415,1,1,1993,0,0,0,0,0,0,0,0,0,0
280415,2,1,1993,0,0,0,0,0,0,0,0,0,0
280416,1,1,1993,0,0,0,0,0,0,0,0,0,0
280417,1,1,1993,0,0,0,0,0,0,0,0,0,0
280417,2,1,1993,35,0,0,0,0,0,0,0,0,0
280418,1,1,1993,0,0,0,0,0,0,0,0,0,0
280418,2,1,1993,0,16,0,0,0,0,0,0,0,0
280419,1,1,1993,16,16,16,16,16,16,16,16,16,16
280420,1,1,1993,0,0,0,0,0,0,0,0,0,0
280421,1,1,1993,19,0,13,0,0,8,0,0,0,0
280421,2,1,1993,0,0,0,0,0,0,3,0,0,6
280422,1,1,1993,0,0,0,0,0,0,0,0,0,0
280422,2,1,1993,0,0,0,0,0,0,0,0,0,0
280423,1,1,1993,20,20,20,20,20,20,20,20,20,20
280424,1,1,1993,0,0,0,0,0,0,0,0,0,0
280424,2,1,1993,0,0,0,0,0,0,0,0,0,0
280425,1,1,1993,0,0,0,0,0,0,0,0,0,0
280425,2,1,1993,0,0,0,0,0,0,0,0,0,0
280426,1,1,1993,0,0,24,7,0,13,0,0,15,0
280427,1,1,1993,12,12,12,12,12,12,12,12,12,12
280427,2,1,1993,0,14,11,0,12,0,0,15,22,0
280428,1,1,1993,5,16,17,25,7,18,0,0,13,15
280429,0,1,1993,22,22,22,22,22,22,22,22,22,22
280429,1,1,1993,0,0,0,0,0,0,0,0,0,0
280430,1,1,1993,0,0,0,0,0,0,0,0,0,0
280430,2,1,1993,23,23,23,23,23,23,23,23,23,23
280431,0,1,1993,21,21,21,21,21,21,21,21,21,21
280431,1,1,1993,9,30,0,0,0,0,0,0,24,0
280432,1,1,1993,0,0,23,0,0,0,0,32,27,0
280432,2,1,1993,17,17,17,17,17,17,17,17,17,17
280433,1,1,1993,0,0,0,0,0,0,0,0,0,0
280433,2,1,1993,0,0,0,0,0,0,0,0,0,0
280434,1,1,1993,28,28,28,28,28,28,28,28,28,28
280435,1,1,1993,7,7,7,7,7,7,7,7,7,7
280436,1,1,1993,0,0,0,0,0,0,0,0,20,0
280437,1,1,1993,0,0,0,0,0,0,0,0,0,0
280437,2,1,1993,24,24,24,24,24,24,24,24,24,24
280439,1,1,1993,14,14,14,14,14,14,14,14,14,14
280440,1,1,1993,0,0,0,0,0,0,16,0,0,25
280441,1,1,1993,18,18,18,18,18,18,18,18,18,18
280441,2,1,1993,0,0,0,0,0,0,0,0,9,0
280444,0,1,1993,18,18,18,18,18,18,18,18,18,18
280444,1,1,1993,10,10,10,10,10,10,10,10,10,10
280445,1,1,1993,0,0,0,0,0,0,0,0,0,0
280445,2,1,1993,15,15,15,15,15,15,15,15,15,15
280446,1,1,1993,0,0,0,0,0,0,0,0,0,0
280447,1,1,1993,33,33,33,33,33,33,33,33,33,33
280448,1,1,1993,11,11,11,11,11,11,11,11,11,11
280448,2,1,1993,9,0,0,0,0,0,0,0,0,8
280449,1,1,1993,0,0,23,0,0,0,14,0,19,0
280449,2,1,1993,0,0,0,0,0,0,0,0,0,0
280450,1,1,1993,0,0,11,0,0,0,0,0,0,0
280450,2,1,1993,0,0,0,0,0,0,0,18,0,0
280451,1,1,1993,0,0,0,0,0,0,0,0,0,0
280452,1,1,1993,10,14,16,0,22,10,0,0,0,13
280453,1,1,1993,5,0,9,0,12,0,0,0,0,0
280453,2,1,1993,12,12,12,12,12,12,12,12,12,12
280454,1,1,1993,26,26,26,26,26,26,26,26,26,26
280455,1,1,1993,22,22,22,22,22,22,22,22,22,22
280455,2,1,1993,0,0,0,0,0,0,0,0,0,0
280456,1,1,1993,0,0,0,0,0,0,0,0,0,0
280456,2,1,1993,0,0,0,0,0,0,0,0,0,0
280457,1,1,1993,0,5,30,26,0,0,0,0,0,0
280457,2,1,1993,13,13,13,13,13,13,13,13,13,13
280458,1,1,1993,10,10,10,10,10,10,10,10,10,10
280458,2,1,1993,0,0,0,0,0,11,0,0,0,0
280459,1,1,1993,0,0,0,0,0,0,0,0,0,0
280459,2,1,1993,0,21,4,23,0,17,28,0,20,8
280459,3,1,1993,7,0,15,0,0,15,0,0,14,4
280461,1,1,1993,0,0,0,0,0,0,19,0,0,0
280462,1,1,1993,0,0,0,0,0,0,0,0,0,0
280462,2,1,1993,0,0,0,0,0,0,0,0,0,0
280463,1,1,1993,0,0,0,0,0,0,0,0,0,0
280463,2,1,1993,0,0,0,0,0,0,0,0,0,0
280464,1,1,1993,0,0,3,0,0,0,0,0,0,21
280465,1,1,1993,0,0,0,0,0,0,0,0,0,0
280465,2,1,1993,0,0,12,0,0,0,0,0,0,0
280466,1,1,1993,0,0,14,0,0,7,0,0,0,21
280467,1,1,1993,7,7,7,7,7,7,7,7,7,7
280468,1,1,1993,0,0,0,0,0,0,0,0,0,0
280468,2,1,1993,0,0,0,0,0,0,0,0,0,0
280469,1,1,1993,0,0,0,0,0,0,0,0,0,0
280470,0,1,1993,32,32,32,32,32,32,32,32,32,32
280470,1,1,1993,26,26,26,26,26,26,26,26,26,26
280471,1,1,1993,0,0,0,0,0,0,0,0,0,0
280471,2,1,1993,20,20,20,20,20,20,20,20,20,20
280472,1,1,1993,0,0,0,0,0,0,0,0,0,0
280473,1,1,1993,0,0,0,0,0,0,0,0,0,0
280473,2,1,1993,3,3,3,3,3,3,3,3,3,3
280474,1,1,1993,0,0,0,0,0,0,0,0,0,0
280475,1,1,1993,40,40,40,40,40,40,40,40,40,40
280475,2,1,1993,37,37,37,37,37,37,37,37,37,37
280476,1,1,1993,29,16,0,12,18,21,26,24,25,0
280477,1,1,1993,0,22,18,0,0,5,15,0,0,0
280478,1,1,1993,8,8,8,8,8,8,8,8,8,8
280479,1,1,1993,24,24,24,24,24,24,24,24,24,24
280480,1,1,1993,24,24,24,24,24,24,24,24,24,24
280481,1,1,1993,22,22,22,22,22,22,22,22,22,22
280482,1,1,1993,0,0,0,0,0,0,8,0,0,0
280483,1,1,1993,0,0,0,0,0,0,0,0,0,0
280483,2,1,1993,17,17,17,17,17,17,17,17,17,17
280484,1,1,1993,0,0,0,0,0,0,0,0,0,0
280485,1,1,1993,0,0,0,0,0,0,0,0,0,0
280485,2,1,1993,0,0,0,0,0,0,0,0,0,0
280486,1,1,1993,26,0,15,0,0,0,36,15,30,25
280486,2,1,1993,0,0,0,0,0,0,0,0,0,0
280487,1,1,1993,0,0,0,0,0,16,38,7,0,0
280487,2,1,1993,0,0,0,0,0,0,0,0,23,0
280487,3,1,1993,0,0,19,0,0,0,0,0,0,0
280488,1,1,1993,0,21,0,0,0,0,0,0,0,0
280489,1,1,1993,0,0,0,0,0,0,0,0,0,0
280489,2,1,1993,0,0,0,0,0,0,0,0,0,0
280490,1,1,1993,14,14,14,14,14,14,14,14,14,14
280491,1,1,1993,0,0,2,0,0,0,0,0,0,0
280491,2,1,1993,0,0,0,0,0,0,0,14,6,0
280492,1,1,1993,0,0,0,0,5,0,0,0,0,0
280492,2,1,1993,0,0,0,0,0,0,0,0,0,0
280493,1,1,1993,23,0,10,35,0,15,21,0,0,6
280494,1,1,1993,0,0,0,0,0,0,0,0,0,0
280495,1,1,1993,0,0,0,0,0,0,0,0,0,0
280497,1,1,1993,14,13,0,20,0,0,17,0,17,9
280498,1,1,1993,16,16,16,16,16,16,16,16,16,16
280499,1,1,1993,27,27,27,27,27,27,27,27,27,27
280500,1,1,1993,9,0,9,10,24,0,6,23,19,0
280501,1,1,1993,0,0,0,14,25,31,0,0,17,12
280501,2,1,1993,0,10,0,0,0,0,0,0,0,0
280502,0,1,1993,0,2,19,32,0,17,0,0,22,29
280502,1,1,1993,0,0,0,0,0,0,0,0,0,0
280503,1,1,1993,3,3,3,3,3,3,3,3,3,3
280504,1,1,1993,0,0,0,0,0,0,0,0,0,0
280504,2,1,1993,26,26,26,26,26,26,26,26,26,26
280506,1,1,1993,29,29,29,29,29,29,29,29,29,29
280506,2,1,1993,0,0,0,0,0,0,0,12,7,0
280507,1,1,1993,18,18,18,18,18,18,18,18,18,18
280508,1,1,1993,0,0,0,0,0,0,13,0,0,0
280508,2,1,1993,15,0,0,0,0,0,0,0,0,0
280508,3,1,1993,0,0,0,0,0,0,0,0,0,0
280509,1,1,1993,9,10,0,12,0,0,0,0,0,14
280509,2,1,1993,0,0,14,0,0,0,0,0,0,9
280510,1,1,1993,0,0,0,0,0,0,0,0,0,0
280511,1,1,1993,19,19,19,19,19,19,19,19,19,19
280513,1,1,1993,0,0,0,0,0,0,0,0,0,0
280513,2,1,1993,0,0,0,0,0,0,0,0,0,0
280513,3,1,1993,0,0,0,0,0,0,0,0,0,0
280513,4,1,1993,0,0,0,0,0,6,0,0,0,0
280513,5,1,1993,0,0,0,5,0,0,0,0,0,0
280514,1,1,1993,0,0,0,13,17,0,0,0,23,0
280515,0,1,1993,0,0,0,0,0,17,16,0,0,0
280515,1,1,1993,0,0,0,0,0,0,0,0,0,0
280516,1,1,1993,0,0,0,0,0,0,0,0,0,0
280516,2,1,1993,2,2,2,2,2,2,2,2,2,2
280517,1,1,1993,19,19,19,19,19,19,19,19,19,19
280518,1,1,1993,0,0,0,0,0,0,0,0,0,0
280519,1,1,1993,0,0,0,0,0,0,0,0,0,0
280520,1,1,1993,0,0,36,27,13,0,0,0,0,0
280521,0,1,1993,0,0,0,0,0,0,0,0,0,0
280521,1,1,1993,0,0,0,0,0,11,0,0,0,0
280522,1,1,1993,0,0,0,0,0,0,0,0,0,0
280522,2,1,1993,0,0,0,0,0,0,0,0,0,0
280523,1,1,1993,0,0,0,17,0,0,0,0,0,0
280523,2,1,1993,6,6,6,6,6,6,6,6,6,6
280524,1,1,1993,0,0,0,12,0,0,0,0,0,0
280524,2,1,1993,0,0,0,0,0,0,0,0,0,0
280527,1,1,1993,0,0,0,0,0,0,0,0,0,0
280528,1,1,1993,0,0,0,0,0,0,0,0,0,0
280529,1,1,1993,11,0,0,0,18,11,14,0,0,0
280529,2,1,1993,0,0,0,0,0,0,0,0,0,0
280530,1,1,1993,0,0,0,0,8,0,0,0,0,15
280530,2,1,1993,0,0,0,0,0,9,0,0,0,0
280531,0,1,1993,18,18,18,18,18,18,18,18,18,18
280531,1,1,1993,0,0,0,0,0,0,0,0,0,0
280532,1,1,1993,19,19,19,19,19,19,19,19,19,19
280533,1,1,1993,25,25,25,25,25,25,25,25,25,25
280533,2,1,1993,11,0,0,0,0,0,0,0,0,0
280534,1,1,1993,0,0,0,0,0,0,0,0,0,0
280536,1,1,1993,0,0,0,0,0,0,0,0,0,0
280536,2,1,1993,0,0,0,0,0,0,0,0,0,0
280537,1,1,1993,15,15,15,15,15,15,15,15,15,15
280538,1,1,1993,0,0,0,0,0,0,0,0,0,0
280538,2,1,1993,0,20,0,0,0,0,4,0,0,0
280539,1,1,1993,0,0,0,0,0,0,8,0,0,0
280539,2,1,1993,0,0,0,0,0,19,0,0,25,0
280540,1,1,1993,0,0,0,0,0,0,0,0,0,0
280541,1,1,1993,19,19,19,19,19,19,19,19,19,19
280542,1,1,1993,12,12,12,12,12,12,12,12,12,12
280543,1,1,1993,5,5,5,5,5,5,5,5,5,5
280544,1,1,1993,4,21,23,10,0,0,0,0,0,0
280545,1,1,1993,17,17,17,17,17,17,17,17,17,17
280546,1,1,1993,27,27,27,27,27,27,27,27,27,27
280547,1,1,1993,0,0,0,0,0,0,0,0,0,0
280547,2,1,1993,0,0,0,0,19,0,0,0,0,0
280548,1,1,1993,0,0,0,0,8,0,0,0,0,0
280548,2,1,1993,0,0,0,7,7,0,7,0,0,0
280549,1,1,1993,0,0,0,0,0,31,0,0,6,0
280550,1,1,1993,4,0,14,0,9,0,6,0,18,11
280551,1,1,1993,0,0,0,15,0,0,0,0,0,0
280551,2,1,1993,0,0,0,22,0,0,0,0,0,13
280552,1,1,1993,0,3,0,0,0,0,0,0,0,0
280552,2,1,1993,0,0,0,0,0,0,0,0,0,0
280553,1,1,1993,12,0,13,0,0,7,11,0,0,6
280553,2,1,1993,0,13,32,0,0,0,0,0,0,0
280553,3,1,1993,34,34,34,34,34,34,34,34,34,34
280554,1,1,1993,22,22,22,22,22,22,22,22,22,22
280555,1,1,1993,0,0,0,0,0,0,0,0,0,0
280555,2,1,1993,26,0,12,0,0,0,0,15,0,0
280556,1,1,1993,0,0,0,0,0,0,0,0,0,0
280556,2,1,1993,0,0,0,0,0,0,0,0,0,0
280557,1,1,1993,25,25,25,25,25,25,25,25,25,25
280557,2,1,1993,0,11,0,0,0,0,0,0,0,0
280558,1,1,1993,0,0,0,0,24,0,26,0,10,0
280558,2,1,1993,0,0,0,0,0,0,0,0,0,0
280559,1,1,1993,6,6,6,6,6,6,6,6,6,6
280560,1,1,1993,13,0,0,0,0,18,0,0,13,0