ST_CASE,VEH_NO,PER_NO,YEAR,P1,P2,P3,P4,P5,P6,P7,P8,P9,P10
280561,1,1,1993,0,0,0,0,0,0,0,0,0,0
280561,2,1,1993,0,0,0,0,0,0,0,0,0,0
280562,1,1,1993,13,0,13,0,0,0,0,0,0,7
280562,2,1,1993,22,0,0,0,20,0,12,0,11,10
280563,1,1,1993,1,1,1,1,1,1,1,1,1,1
280563,2,1,1993,0,7,2,22,5,0,0,0,17,0
280564,1,1,1993,12,6,20,0,21,11,21,20,0,5
280565,1,1,1993,0,0,0,0,0,0,0,16,0,0
280566,1,1,1993,0,0,36,16,0,0,17,0,0,0
280567,1,1,1993,23,23,23,23,23,23,23,23,23,23
280568,1,1,1993,0,0,0,0,0,0,6,0,0,0
280568,2,1,1993,0,0,0,0,0,0,0,0,0,0
280569,1,1,1993,0,0,0,0,0,0,0,0,0,0
280569,2,1,1993,0,0,0,0,0,0,0,0,0,0
280570,1,1,1993,0,0,0,0,0,0,0,0,0,0
280571,0,1,1993,16,16,16,16,16,16,16,16,16,16
280571,1,1,1993,0,0,0,0,5,0,0,17,22,6
280572,1,1,1993,20,20,20,20,20,20,20,20,20,20
280573,1,1,1993,0,0,0,0,0,0,0,0,0,0
280573,2,1,1993,0,0,0,0,0,0,0,0,0,0
280574,1,1,1993,33,33,33,33,33,33,33,33,33,33
280574,2,1,1993,0,0,0,0,0,0,0,0,0,0
280574,3,1,1993,0,0,0,0,0,0,0,0,0,0
280574,4,1,1993,0,0,0,0,0,0,0,0,0,0
280575,1,1,1993,18,20,12,23,17,15,21,6,23,0
280576,1,1,1993,0,0,0,0,0,0,0,0,0,0
280576,2,1,1993,0,0,0,0,0,0,0,0,0,0
280577,1,1,1993,0,0,0,0,0,0,9,0,17,0
280578,1,1,1993,0,0,0,0,0,0,0,0,0,0
280578,2,1,1993,0,0,0,0,0,0,0,0,0,0
280579,1,1,1993,0,0,0,0,0,0,0,0,0,0
280580,1,1,1993,21,21,21,21,21,21,21,21,21,21
280581,0,1,1993,0,0,0,0,0,0,0,0,0,0
280581,1,1,1993,0,0,0,0,16,0,0,0,9,0
280582,1,1,1993,28,28,28,28,28,28,28,28,28,28
280583,1,1,1993,0,0,31,0,0,0,0,0,0,0
280583,2,1,1993,0,0,0,0,0,0,0,0,0,0
280584,1,1,1993,0,0,0,0,0,0,0,0,0,0
280584,2,1,1993,0,0,0,0,0,0,0,0,0,0
280585,0,1,1993,29,29,29,29,29,29,29,29,29,29
280585,1,1,1993,0,0,0,0,0,0,0,0,0,0
280586,1,1,1993,24,24,24,24,24,24,24,24,24,24
280587,1,1,1993,20,20,20,20,20,20,20,20,20,20
280588,1,1,1993,0,0,0,0,0,0,0,0,0,0
280588,2,1,1993,0,0,0,0,0,0,0,0,0,0
280589,1,1,1993,25,0,25,0,19,20,32,19,0,0
280590,1,1,1993,4,4,4,4,4,4,4,4,4,4
280591,1,1,1993,0,0,0,0,0,0,0,0,16,5
280592,1,1,1993,5,5,5,5,5,5,5,5,5,5
280593,1,1,1993,12,12,12,12,12,12,12,12,12,12
280594,1,1,1993,0,0,0,0,0,0,0,0,11,0
280594,2,1,1993,0,0,0,0,0,0,0,0,0,0
280595,1,1,1993,0,0,0,0,0,0,0,0,0,0
280595,2,1,1993,0,0,0,0,0,0,0,0,0,0
280596,1,1,1993,0,0,0,0,0,0,0,0,0,0
280597,1,1,1993,1,1,1,1,1,1,1,1,1,1
280599,1,1,1993,10,0,19,0,0,0,0,0,0,0
280600,0,1,1993,0,0,0,0,0,0,0,0,0,0
280600,1,1,1993,0,0,0,0,0,0,0,0,0,10
280601,1,1,1993,20,20,20,20,20,20,20,20,20,20
280603,1,1,1993,14,14,14,14,14,14,14,14,14,14
280604,1,1,1993,17,24,12,4,35,21,0,0,35,11
280605,1,1,1993,0,0,0,0,0,0,0,0,0,0
280605,2,1,1993,0,0,0,0,0,0,0,25,0,0
280605,3,1,1993,0,0,0,0,0,0,0,0,0,0
280606,1,1,1993,0,0,0,0,0,0,0,18,0,0
280606,2,1,1993,0,0,0,0,0,0,0,0,0,0
280606,3,1,1993,0,20,0,0,0,0,0,0,0,0
280607,1,1,1993,18,18,18,18,18,18,18,18,18,18
280608,0,1,1993,17,19,20,0,18,10,21,16,16,15
280608,1,1,1993,0,18,13,0,18,21,12,0,17,0
280609,1,1,1993,0,0,0,0,0,0,0,0,10,0
280610,1,1,1993,0,0,0,0,14,0,0,0,0,0
280611,1,1,1993,5,0,0,0,0,0,0,0,0,0
280611,2,1,1993,10,0,0,0,0,0,14,0,0,0
280612,1,1,1993,10,10,10,10,10,10,10,10,10,10
280613,1,1,1993,15,15,15,15,15,15,15,15,15,15
280614,1,1,1993,0,0,0,0,0,0,0,0,0,0
280614,2,1,1993,0,0,0,0,0,0,0,0,0,0
280615,1,1,1993,0,0,0,0,0,0,0,0,0,0
280616,1,1,1993,10,14,34,10,0,25,0,21,12,27
280617,1,1,1993,0,0,0,0,0,0,0,0,0,0
280617,2,1,1993,14,14,14,14,14,14,14,14,14,14
280618,1,1,1993,10,10,10,10,10,10,10,10,10,10
280619,1,1,1993,0,0,0,0,0,0,0,0,0,0
280620,1,1,1993,0,0,0,0,0,0,0,0,0,0
280620,2,1,1993,0,0,0,0,0,0,0,0,0,0
280621,1,1,1993,29,9,11,7,8,0,11,11,25,0
280622,0,1,1993,0,0,0,0,0,0,0,0,0,0
280622,1,1,1993,0,0,0,0,0,0,0,0,0,0
280623,1,1,1993,0,0,0,0,0,0,0,0,0,0
280624,1,1,1993,0,0,0,0,0,0,0,0,0,0
280624,2,1,1993,0,0,0,0,0,0,20,0,0,6
280625,1,1,1993,0,0,0,0,0,0,0,0,0,0
280626,1,1,1993,5,5,5,5,5,5,5,5,5,5
280627,1,1,1993,0,0,0,0,0,0,0,0,0,0
280627,2,1,1993,0,0,0,0,0,0,0,0,0,0
280628,1,1,1993,0,0,0,0,0,0,0,0,0,0
280629,1,1,1993,0,8,8,0,0,0,21,15,0,0
280629,2,1,1993,11,0,0,9,0,8,0,0,6,0
280630,1,1,1993,0,0,0,0,0,0,0,0,0,0
280632,1,1,1993,7,7,7,7,7,7,7,7,7,7
280633,1,1,1993,23,23,23,23,23,23,23,23,23,23
280633,2,1,1993,0,0,0,0,0,0,0,0,0,0
280633,3,1,1993,0,0,0,0,0,8,3,0,0,0
280634,1,1,1993,0,0,0,0,0,0,0,0,0,0
280634,2,1,1993,0,0,0,0,0,0,0,0,0,0
280635,1,1,1993,0,0,0,0,0,0,0,0,0,0
280635,2,1,1993,0,0,0,0,0,0,0,0,0,0
280636,0,1,1993,0,0,0,0,0,0,0,0,0,0
280636,1,1,1993,3,3,3,3,3,3,3,3,3,3
280637,1,1,1993,0,0,0,0,0,0,0,0,0,0
280637,2,1,1993,0,0,0,0,0,0,0,0,0,0
280638,0,1,1993,31,12,0,16,10,0,0,0,0,54
280638,1,1,1993,0,0,0,0,16,0,0,0,17,0
280639,1,1,1993,28,28,28,28,28,28,28,28,28,28
280640,1,1,1993,16,10,16,26,15,15,0,29,0,17
280640,2,1,1993,13,19,11,25,14,0,10,12,24,0
280641,1,1,1993,0,0,0,0,0,0,0,0,0,0
280641,2,1,1993,0,0,0,0,0,0,0,0,0,0
280642,1,1,1993,0,0,0,0,0,0,0,0,0,0
280642,2,1,1993,0,0,0,0,0,0,0,0,0,0
280643,1,1,1993,42,42,42,42,42,42,42,42,42,42
280644,0,1,1993,0,23,0,0,24,36,37,30,12,14
280644,1,1,1993,0,0,7,0,0,0,0,0,0,0
280645,1,1,1993,10,10,10,10,10,10,10,10,10,10
280645,2,1,1993,5,5,5,5,5,5,5,5,5,5
280646,1,1,1993,0,7,11,0,0,7,12,10,0,5
280647,1,1,1993,8,8,8,8,8,8,8,8,8,8
280647,2,1,1993,0,0,0,0,22,0,0,0,0,0
280648,1,1,1993,22,0,21,18,14,0,19,0,21,8
280649,1,1,1993,0,0,0,0,0,0,0,0,0,0
280649,2,1,1993,0,0,0,0,0,0,0,0,0,0
280650,1,1,1993,39,39,39,39,39,39,39,39,39,39
280651,1,1,1993,0,0,0,0,0,0,0,0,0,0
280651,2,1,1993,0,0,0,0,0,0,0,0,0,0
280652,1,1,1993,0,0,0,0,0,0,0,0,0,0
280653,1,1,1993,0,0,0,0,0,0,31,0,0,0
280653,2,1,1993,8,0,0,0,0,0,16,0,0,19
280655,1,1,1993,16,0,0,14,16,27,0,24,0,13
280656,1,1,1993,0,0,0,1,0,0,0,0,0,0
280656,2,1,1993,19,19,19,19,19,19,19,19,19,19
280657,0,1,1993,0,0,0,0,0,0,0,0,0,0
280657,1,1,1993,0,0,0,0,0,0,0,0,0,0
280658,0,1,1993,13,13,13,13,13,13,13,13,13,13
280658,0,2,1993,22,46,27,0,30,0,26,23,15,5
280658,1,1,1993,0,11,13,0,0,0,13,0,0,0
280659,1,1,1993,12,18,0,0,12,0,17,9,26,19
280660,1,1,1993,21,0,0,20,0,0,30,24,5,0
280661,1,1,1993,0,0,0,0,0,0,0,0,0,0
280662,1,1,1993,0,0,0,0,0,0,0,0,0,0
280662,2,1,1993,14,0,0,0,0,0,0,17,0,13
280662,3,1,1993,0,0,0,0,0,0,18,0,0,15
280663,1,1,1993,0,0,37,0,0,0,0,0,0,9
280664,1,1,1993,0,0,0,0,0,0,0,0,0,0
280665,1,1,1993,33,33,33,33,33,33,33,33,33,33
280666,1,1,1993,26,26,26,26,26,26,26,26,26,26
280667,1,1,1993,0,0,0,0,0,0,0,0,0,0
280667,2,1,1993,0,0,0,0,0,0,0,0,0,0
280667,3,1,1993,0,0,0,0,0,24,0,0,0,0
280668,1,1,1993,0,0,0,0,0,0,0,0,0,0
280668,2,1,1993,0,0,0,0,0,0,0,0,0,0
280669,1,1,1993,0,0,0,0,0,0,0,0,0,0
280669,2,1,1993,0,0,0,0,0,8,0,0,0,0
280669,3,1,1993,0,0,0,0,0,0,0,0,0,0
280670,1,1,1993,16,16,16,16,16,16,16,16,16,16
280672,1,1,1993,19,19,19,19,19,19,19,19,19,19
280673,1,1,1993,0,0,0,0,0,0,0,0,0,0
280673,2,1,1993,15,0,0,0,11,15,0,12,8,17
280674,1,1,1993,0,0,0,0,0,0,0,0,0,0
280674,2,1,1993,0,0,0,0,0,0,0,0,0,0
280675,1,1,1993,0,0,0,0,0,0,0,0,0,0
280675,2,1,1993,0,0,4,0,0,0,0,0,0,0
280676,1,1,1993,0,0,0,0,0,0,0,0,0,0
280676,2,1,1993,0,0,0,0,0,0,0,0,0,0
280677,1,1,1993,0,12,7,5,0,0,0,0,0,0
280677,2,1,1993,0,0,0,0,0,0,0,0,0,0
280678,1,1,1993,0,15,0,0,0,11,0,11,0,0
280678,2,1,1993,14,14,14,14,14,14,14,14,14,14
280679,1,1,1993,0,0,0,0,0,0,0,0,0,0
280679,2,1,1993,0,0,0,0,33,0,0,0,0,0
280683,1,1,1993,21,21,21,21,21,21,21,21,21,21
280684,0,1,1993,23,0,0,0,0,0,13,0,0,21
280684,1,1,1993,0,0,9,19,21,0,0,5,0,11
280685,1,1,1993,16,16,16,16,16,16,16,16,16,16
280686,1,1,1993,11,11,11,11,11,11,11,11,11,11
280687,1,1,1993,0,0,0,0,0,0,0,0,0,0
280687,2,1,1993,0,0,0,0,0,0,0,0,0,0
280687,3,1,1993,0,0,0,0,0,0,0,0,28,0
280688,1,1,1993,0,0,0,0,0,0,0,0,0,0
280689,1,1,1993,15,15,15,15,15,15,15,15,15,15
280689,2,1,1993,0,0,0,0,0,0,0,0,0,0
280690,0,1,1993,0,8,0,0,0,0,0,0,0,0
280690,1,1,1993,0,0,0,0,0,0,0,0,0,15
280691,0,1,1993,35,30,23,0,44,0,2,18,10,15
280691,1,1,1993,0,0,0,25,0,0,12,0,9,26
280692,0,1,1993,11,5,0,30,0,0,13,11,7,18
280692,1,1,1993,0,0,0,14,19,21,0,0,16,0
280693,1,1,1993,0,0,19,0,0,0,0,0,0,0
280693,2,1,1993,28,28,28,28,28,28,28,28,28,28
280694,1,1,1993,26,19,0,13,12,7,16,0,11,18
280695,1,1,1993,0,0,0,0,0,0,0,0,0,0
280695,2,1,1993,0,0,0,0,0,0,0,0,0,0
280696,1,1,1993,19,19,19,19,19,19,19,19,19,19
280697,1,1,1993,13,13,13,13,13,13,13,13,13,13
280698,1,1,1993,0,0,0,0,0,10,0,0,0,0
280699,1,1,1993,17,17,17,17,17,17,17,17,17,17
280700,1,1,1993,27,27,27,27,27,27,27,27,27,27
280700,2,1,1993,0,0,0,0,0,0,0,0,0,0
280701,1,1,1993,4,16,16,23,12,8,38,14,0,0
280702,1,1,1993,0,0,0,0,0,0,0,0,0,0
280702,2,1,1993,0,0,0,0,0,0,0,9,0,0
280704,1,1,1993,0,0,0,0,0,0,0,0,0,0
280704,2,1,1993,0,0,0,0,0,0,0,0,0,0
280705,1,1,1993,32,32,32,32,32,32,32,32,32,32
280705,2,1,1993,0,0,0,0,0,0,0,0,0,0
280706,1,1,1993,0,0,0,0,0,0,0,0,0,0
280707,1,1,1993,8,8,8,8,8,8,8,8,8,8
280708,1,1,1993,23,15,0,26,9,18,14,0,9,0
280709,1,1,1993,31,31,31,31,31,31,31,31,31,31
280709,2,1,1993,23,0,0,8,6,20,10,0,5,0
280710,1,1,1993,0,0,0,0,0,0,0,0,0,0
280711,0,1,1993,22,24,0,15,0,0,14,0,0,0
280711,1,1,1993,12,12,12,12,12,12,12,12,12,12
280712,1,1,1993,12,12,12,12,12,12,12,12,12,12
280714,1,1,1993,0,0,0,0,0,0,0,0,0,0
280715,1,1,1993,0,19,11,0,0,0,0,7,15,0
280716,1,1,1993,0,0,0,0,0,0,0,0,0,0
280716,2,1,1993,15,11,0,45,8,0,10,0,16,16
280717,1,1,1993,0,0,0,0,19,0,13,14,0,0
280718,0,1,1993,0,0,0,0,0,0,0,0,0,0
280718,1,1,1993,0,0,0,0,0,0,0,0,0,0
280719,1,1,1993,6,6,6,6,6,6,6,6,6,6
280719,2,1,1993,0,16,0,23,0,18,0,14,18,24
280720,1,1,1993,7,18,20,37,0,22,11,2,0,21
280721,1,1,1993,8,16,0,0,0,0,0,42,0,0
280721,2,1,1993,0,0,0,12,0,0,0,0,0,0
280722,1,1,1993,0,0,0,0,0,12,0,0,4,0
280722,2,1,1993,11,15,0,0,0,16,0,0,0,0
280723,1,1,1993,20,12,23,29,11,31,11,25,15,36
280724,1,1,1993,6,0,7,0,0,0,11,0,0,6
280724,2,1,1993,5,5,5,5,5,5,5,5,5,5
280725,1,1,1993,0,0,0,0,0,0,0,0,0,0
280726,0,1,1993,4,11,0,0,0,0,25,16,28,0
280726,1,1,1993,6,6,6,6,6,6,6,6,6,6
280727,1,1,1993,0,0,0,0,0,0,0,0,0,0
280729,1,1,1993,21,21,21,21,21,21,21,21,21,21
280729,2,1,1993,9,9,9,9,9,9,9,9,9,9
280730,1,1,1993,0,0,0,0,0,0,0,0,0,0
280730,2,1,1993,0,0,0,0,0,0,0,0,0,0
280731,1,1,1993,0,0,0,0,0,0,19,0,0,0
280732,1,1,1993,0,0,8,13,0,0,0,0,0,20
280733,1,1,1993,0,0,0,0,0,0,0,0,0,0
280733,2,1,1993,0,0,0,0,0,0,0,0,0,0
290001,0,1,1993,23,23,23,23,23,23,23,23,23,23
290001,1,1,1993,0,0,0,6,6,0,0,0,9,0
290002,1,1,1993,0,0,0,0,0,0,0,0,0,0
290003,1,1,1993,0,0,0,0,0,0,0,0,0,0
290004,1,1,1993,0,0,0,0,0,0,0,0,0,0
290005,1,1,1993,19,19,19,19,19,19,19,19,19,19
290006,1,1,1993,14,14,14,14,14,14,14,14,14,14
290007,1,1,1993,0,0,0,0,0,0,0,0,0,0
290008,1,1,1993,0,0,0,0,0,0,0,0,0,0
290008,2,1,1993,0,0,0,0,0,0,0,0,0,0
290009,1,1,1993,0,0,0,0,0,0,0,0,0,0
290009,2,1,1993,0,0,0,0,0,0,0,0,0,21
290009,3,1,1993,0,0,0,0,0,0,0,0,0,0
290010,1,1,1993,17,18,20,25,12,20,14,24,39,21
290011,1,1,1993,0,0,0,0,0,0,0,0,0,0
290011,2,1,1993,0,0,0,0,0,0,0,0,0,0
290012,1,1,1993,4,20,0,17,34,23,23,18,0,16
290012,2,1,1993,0,0,0,0,0,0,0,0,0,0
290014,1,1,1993,0,0,0,0,0,0,0,0,0,0
290014,2,1,1993,29,8,7,13,5,10,14,20,6,8
290015,1,1,1993,0,0,0,0,0,0,0,0,0,0
290015,2,1,1993,0,0,0,0,0,0,0,0,0,0
290016,1,1,1993,26,26,26,26,26,26,26,26,26,26
290017,1,1,1993,0,0,0,0,8,0,0,0,0,0
290017,2,1,1993,14,14,14,14,14,14,14,14,14,14
290018,1,1,1993,0,0,0,0,0,0,0,0,0,0
290019,0,1,1993,0,0,0,0,0,0,0,0,0,0
290019,1,1,1993,0,0,0,0,0,0,12,0,0,0
290020,0,1,1993,0,0,0,0,0,0,0,0,0,0
290020,1,1,1993,2,2,2,2,2,2,2,2,2,2
290021,0,1,1993,0,0,0,0,0,0,0,0,0,0
290021,1,1,1993,0,0,0,0,0,0,0,0,7,0
290022,1,1,1993,31,0,0,0,0,16,12,0,14,11
290023,1,1,1993,0,0,7,0,0,0,0,0,21,14
290023,2,1,1993,0,10,0,0,0,0,0,0,0,9
290024,0,1,1993,25,25,25,25,25,25,25,25,25,25
290024,1,1,1993,0,6,0,0,12,6,18,0,0,0
290024,2,1,1993,3,0,0,0,0,13,2,6,0,9
290025,0,1,1993,0,0,0,0,0,0,0,0,0,0
290025,1,1,1993,0,0,0,0,0,0,0,0,0,0
290026,1,1,1993,29,29,29,29,29,29,29,29,29,29
290027,1,1,1993,7,7,7,7,7,7,7,7,7,7
290028,0,1,1993,19,0,0,0,0,0,0,0,0,0
290028,1,1,1993,0,0,0,0,0,0,0,0,0,0
290029,0,1,1993,0,0,0,0,0,0,0,0,0,0
290029,1,1,1993,0,0,0,0,0,0,0,0,0,0
290030,0,1,1993,0,0,0,0,23,12,0,0,17,0
290030,1,1,1993,0,0,0,0,0,0,0,0,0,0
290031,1,1,1993,20,20,20,20,20,20,20,20,20,20
290032,1,1,1993,0,0,0,0,0,0,0,0,0,0
290032,2,1,1993,0,0,0,0,0,0,0,21,19,0
290033,1,1,1993,9,9,9,9,9,9,9,9,9,9
290034,1,1,1993,0,0,0,0,0,0,0,0,11,0
290034,2,1,1993,0,0,0,0,0,0,0,0,0,0
290035,0,1,1993,7,7,7,7,7,7,7,7,7,7
290035,1,1,1993,0,0,0,0,15,0,0,0,20,0
290036,0,1,1993,1,1,1,1,1,1,1,1,1,1
290036,1,1,1993,0,0,0,0,0,0,0,7,0,0
290037,1,1,1993,23,21,21,18,2,7,20,15,24,22
290038,1,1,1993,5,15,15,8,5,10,21,0,21,11
290039,0,1,1993,0,0,0,21,0,0,0,16,0,15
290039,1,1,1993,0,8,0,0,0,0,7,0,0,0
290040,0,1,1993,0,0,0,0,0,0,0,0,0,0
290040,1,1,1993,33,33,33,33,33,33,33,33,33,33
290041,1,1,1993,13,13,13,13,13,13,13,13,13,13
290042,1,1,1993,0,0,0,0,0,0,0,0,0,17
290042,2,1,1993,0,0,0,0,0,0,0,0,0,0
290043,1,1,1993,24,24,24,24,24,24,24,24,24,24
290043,2,1,1993,0,0,0,0,0,18,0,0,0,0
290044,0,1,1993,0,0,0,0,21,0,0,0,0,17
290044,0,2,1993,29,0,0,15,11,17,8,26,32,0
290044,1,1,1993,0,0,0,0,4,0,0,0,0,0
290045,1,1,1993,12,12,12,12,12,12,12,12,12,12
290045,2,1,1993,0,0,5,0,14,9,0,0,0,0
290046,0,1,1993,0,0,0,0,0,0,0,0,0,0
290046,1,1,1993,0,0,0,0,0,0,0,0,0,0
290047,1,1,1993,0,0,0,0,0,0,0,0,0,0
290047,2,1,1993,0,0,0,0,0,0,0,0,0,0
290048,1,1,1993,26,26,26,26,26,26,26,26,26,26
290048,2,1,1993,0,0,0,0,0,0,0,0,0,0
290049,1,1,1993,28,28,28,28,28,28,28,28,28,28
290050,1,1,1993,34,0,28,0,17,0,0,35,5,0
290051,1,1,1993,21,21,21,21,21,21,21,21,21,21
290052,1,1,1993,11,9,24,10,0,14,17,0,15,0
290053,1,1,1993,4,18,48,29,18,24,21,10,19,18
290054,1,1,1993,19,19,19,19,19,19,19,19,19,19
290054,2,1,1993,2,2,2,2,2,2,2,2,2,2
290055,1,1,1993,28,28,28,28,28,28,28,28,28,28
290056,1,1,1993,21,21,21,21,21,21,21,21,21,21
290057,1,1,1993,7,7,7,7,7,7,7,7,7,7
290058,1,1,1993,13,13,13,13,13,13,13,13,13,13
290059,1,1,1993,16,16,16,16,16,16,16,16,16,16
290060,1,1,1993,29,29,29,29,29,29,29,29,29,29
290061,0,1,1993,0,0,0,0,0,0,0,0,0,0
290061,1,1,1993,0,0,0,0,0,0,0,0,0,0
290062,1,1,1993,0,0,0,0,0,0,0,0,0,0
290062,2,1,1993,0,0,0,0,0,0,0,0,0,0
290063,1,1,1993,0,0,0,0,0,0,0,0,0,0
290063,2,1,1993,0,0,0,0,0,0,0,0,0,0
290064,0,1,1993,0,24,0,0,0,26,25,16,35,0
290064,0,2,1993,0,0,0,0,13,0,0,0,0,26
290064,1,1,1993,0,0,0,0,0,0,0,0,0,0
290065,0,1,1993,0,28,2,0,0,0,6,0,21,0
290065,0,2,1993,0,0,0,6,0,11,14,0,13,0
290065,1,1,1993,0,0,0,0,10,0,0,0,0,0
290066,1,1,1993,0,0,0,0,11,0,0,0,0,0
290066,2,1,1993,0,0,0,0,0,0,0,29,15,14
290067,1,1,1993,23,23,23,23,23,23,23,23,23,23
290068,1,1,1993,0,0,0,0,0,0,0,0,0,0
290069,1,1,1993,27,29,7,0,9,0,13,0,0,0
290069,2,1,1993,0,0,0,0,0,0,0,0,0,0
290070,1,1,1993,0,0,0,0,0,0,0,0,0,0
290071,0,1,1993,0,0,0,0,0,0,0,0,0,0
290071,1,1,1993,0,0,0,0,0,18,0,0,0,0
290072,1,1,1993,34,34,34,34,34,34,34,34,34,34
290072,2,1,1993,0,0,0,0,0,0,0,0,0,0
290073,1,1,1993,0,0,0,0,0,17,0,0,0,0
290073,2,1,1993,0,0,0,0,0,0,0,0,0,0
290074,1,1,1993,0,0,0,0,0,0,0,0,0,0
290075,1,1,1993,0,0,0,0,0,0,0,0,0,0
290075,2,1,1993,0,0,0,0,0,0,0,0,0,0
290076,1,1,1993,0,0,0,0,0,0,0,0,0,0
290076,2,1,1993,0,0,0,0,0,0,0,0,0,0
290077,1,1,1993,0,0,0,0,0,0,0,0,0,0
290077,2,1,1993,0,0,0,0,0,0,0,0,0,0
290078,1,1,1993,0,0,0,0,0,0,0,0,0,0
290079,0,1,1993,28,28,28,28,28,28,28,28,28,28
290079,1,1,1993,15,0,15,0,0,0,0,18,11,0
290080,1,1,1993,16,15,23,28,12,24,24,13,23,21
290081,1,1,1993,0,0,0,0,0,0,0,0,0,0
290081,2,1,1993,5,0,0,0,0,0,0,0,0,0
290082,1,1,1993,6,6,6,6,6,6,6,6,6,6
290082,2,1,1993,24,12,18,29,8,0,16,18,25,23
290083,1,1,1993,18,18,18,18,18,18,18,18,18,18
290083,2,1,1993,0,0,32,0,0,0,0,16,6,10
290084,1,1,1993,5,6,18,11,23,0,5,0,20,37
290085,1,1,1993,0,17,11,10,0,0,0,12,0,0
290085,2,1,1993,0,0,22,0,23,0,0,0,0,14
290086,1,1,1993,23,23,23,23,23,23,23,23,23,23
290086,2,1,1993,0,0,0,0,0,0,0,0,0,0
290087,1,1,1993,0,0,0,0,0,0,0,4,0,0
290087,2,1,1993,0,0,0,0,0,0,0,0,0,0
290087,3,1,1993,0,0,0,0,0,0,0,0,0,0
290088,1,1,1993,0,0,0,0,0,0,0,0,0,20
290088,2,1,1993,0,0,0,0,0,21,0,0,0,0
290089,1,1,1993,12,12,12,12,12,12,12,12,12,12
290089,2,1,1993,19,21,25,18,12,25,23,15,19,19
290090,1,1,1993,34,10,24,17,13,31,19,26,11,31
290091,1,1,1993,13,13,13,13,13,13,13,13,13,13
290092,1,1,1993,11,11,11,11,11,11,11,11,11,11
290093,0,1,1993,31,31,31,31,31,31,31,31,31,31
290093,1,1,1993,11,0,5,0,0,0,0,0,0,0
290093,2,1,1993,0,0,0,0,0,0,0,0,0,0
290093,3,1,1993,0,0,0,0,0,0,0,0,0,0
290094,0,1,1993,0,0,0,0,0,0,0,0,0,0
290094,1,1,1993,18,13,0,0,0,0,0,0,0,19
290096,1,1,1993,0,0,0,0,0,0,0,0,0,0
290096,2,1,1993,0,0,8,0,0,0,0,0,11,0
290097,1,1,1993,0,0,0,0,0,0,0,0,0,0
290097,2,1,1993,0,0,0,0,0,0,0,0,0,0
290098,1,1,1993,0,0,0,0,0,0,0,0,0,0
290098,2,1,1993,0,0,0,0,0,0,0,0,0,0
290098,3,1,1993,0,0,0,0,0,0,0,0,0,0
290099,1,1,1993,0,0,0,0,0,0,0,0,0,0
290100,1,1,1993,21,0,18,13,19,6,21,28,0,7
290101,0,1,1993,0,13,43,0,19,23,18,14,0,0
290101,0,2,1993,9,0,24,10,8,16,21,9,22,0
290101,1,1,1993,0,0,0,0,0,0,0,12,0,0
290101,2,1,1993,0,0,0,0,0,0,0,0,0,0
290102,0,1,1993,23,23,23,23,23,23,23,23,23,23
290102,1,1,1993,0,0,0,0,0,0,0,0,0,0
290103,1,1,1993,31,31,31,31,31,31,31,31,31,31
290104,1,1,1993,0,0,0,0,0,0,0,0,17,12
290104,2,1,1993,0,0,0,0,8,0,0,0,0,0
290104,3,1,1993,0,0,0,0,0,0,0,0,0,0
290105,1,1,1993,0,0,35,0,0,0,0,0,0,0
290105,2,1,1993,16,16,16,16,16,16,16,16,16,16
290106,1,1,1993,0,0,0,0,0,0,0,0,0,0
290106,2,1,1993,0,0,0,0,0,0,0,0,0,0
290107,1,1,1993,0,0,0,0,0,0,0,0,0,0
290107,2,1,1993,0,0,10,0,0,0,0,0,7,0
290108,1,1,1993,0,0,0,0,0,0,0,0,0,0
290108,2,1,1993,0,0,14,0,0,0,0,0,0,15
290109,1,1,1993,0,19,0,0,6,0,0,15,10,28
290110,1,1,1993,0,0,0,0,0,0,0,0,0,0
290110,2,1,1993,0,0,0,0,0,0,0,0,0,15
290111,1,1,1993,0,0,0,0,0,0,0,0,0,0
290111,2,1,1993,0,0,0,0,0,0,0,0,0,0
290111,3,1,1993,0,0,0,0,4,15,0,0,0,0
290112,1,1,1993,0,0,0,0,0,0,0,0,0,0
290112,2,1,1993,0,0,0,0,0,0,0,0,0,0
290113,1,1,1993,23,23,23,23,23,23,23,23,23,23
290114,1,1,1993,18,7,7,17,10,14,8,17,16,0
290114,2,1,1993,0,0,17,0,0,0,0,0,0,0
290115,1,1,1993,0,0,0,0,0,0,0,0,0,0
290116,1,1,1993,17,0,0,0,0,0,0,0,0,0
290116,2,1,1993,0,0,0,0,0,0,0,0,0,0
290117,1,1,1993,0,0,0,0,0,0,0,0,0,0
290117,2,1,1993,0,0,0,14,0,0,0,0,0,0
290117,3,1,1993,0,22,0,0,0,0,0,0,0,0
290118,1,1,1993,16,13,23,9,13,8,11,18,0,17