ST_CASE,VEH_NO,PER_NO,YEAR,P1,P2,P3,P4,P5,P6,P7,P8,P9,P10
290119,1,1,1993,0,0,0,0,0,0,0,0,0,0
290120,1,1,1993,0,0,0,0,0,0,0,0,0,0
290120,2,1,1993,0,0,0,0,0,0,0,7,0,0
290120,3,1,1993,0,0,0,0,0,0,0,0,0,0
290121,1,1,1993,0,0,0,0,0,0,0,0,0,0
290121,2,1,1993,0,0,0,0,0,0,0,0,0,0
290122,0,1,1993,25,25,25,25,25,25,25,25,25,25
290122,1,1,1993,0,0,0,0,0,0,27,0,0,0
290122,2,1,1993,0,11,0,0,0,0,0,0,0,6
290123,1,1,1993,0,0,0,0,0,0,0,0,0,0
290126,1,1,1993,0,0,0,0,0,0,0,13,0,0
290126,2,1,1993,17,0,0,10,0,0,6,0,0,0
290127,1,1,1993,0,0,0,0,0,0,0,0,0,0
290127,2,1,1993,0,0,0,0,0,0,0,0,0,0
290128,1,1,1993,14,14,14,14,14,14,14,14,14,14
290129,1,1,1993,11,11,11,11,11,11,11,11,11,11
290129,2,1,1993,0,0,0,0,0,0,0,0,0,0
290130,1,1,1993,0,9,0,0,0,0,0,0,0,0
290131,1,1,1993,0,0,0,0,0,0,0,0,0,0
290131,2,1,1993,0,0,0,0,0,0,0,0,0,0
290132,1,1,1993,0,0,0,0,0,0,0,0,0,0
290133,0,1,1993,0,0,0,0,0,0,0,0,0,0
290133,1,1,1993,0,0,20,0,5,7,18,0,0,22
290134,1,1,1993,24,24,24,24,24,24,24,24,24,24
290135,1,1,1993,26,26,26,26,26,26,26,26,26,26
290136,1,1,1993,0,0,0,0,0,0,0,0,0,0
290136,2,1,1993,0,0,0,0,0,0,0,0,0,0
290137,1,1,1993,0,0,3,18,0,9,14,0,0,6
290137,2,1,1993,16,0,0,0,0,0,0,0,0,0
290138,1,1,1993,24,24,24,24,24,24,24,24,24,24
290138,2,1,1993,0,0,0,0,0,0,0,0,0,0
290139,1,1,1993,0,0,26,0,0,0,0,0,0,0
290140,1,1,1993,0,22,0,0,0,0,0,0,15,0
290140,2,1,1993,18,18,18,18,18,18,18,18,18,18
290141,1,1,1993,9,9,9,9,9,9,9,9,9,9
290141,2,1,1993,0,0,0,0,0,0,0,0,0,8
290142,0,1,1993,32,32,32,32,32,32,32,32,32,32
290142,1,1,1993,0,0,0,0,0,0,0,0,0,0
290143,1,1,1993,16,0,16,8,0,0,27,31,26,0
290143,2,1,1993,0,0,0,0,0,0,0,0,0,3
290144,1,1,1993,0,0,0,0,0,0,0,0,0,0
290144,2,1,1993,6,8,16,7,28,23,7,16,19,9
290145,1,1,1993,0,0,0,0,0,0,0,0,0,0
290145,2,1,1993,11,0,0,0,0,0,0,0,0,0
290146,1,1,1993,0,0,0,0,0,0,0,0,0,0
290146,2,1,1993,0,0,0,0,0,0,0,0,0,0
290147,1,1,1993,19,19,19,19,19,19,19,19,19,19
290147,2,1,1993,0,0,20,0,0,0,0,0,0,0
290148,1,1,1993,0,0,0,0,0,0,0,0,0,0
290148,2,1,1993,0,0,0,0,0,0,12,0,0,0
290149,1,1,1993,17,17,17,17,17,17,17,17,17,17
290150,1,1,1993,22,22,22,22,22,22,22,22,22,22
290151,1,1,1993,20,20,20,20,20,20,20,20,20,20
290151,2,1,1993,0,0,0,0,0,0,0,0,0,0
290152,1,1,1993,16,16,16,16,16,16,16,16,16,16
290153,1,1,1993,0,0,0,0,0,0,0,0,0,0
290153,2,1,1993,0,0,0,0,0,0,0,0,0,0
290154,1,1,1993,0,33,0,0,0,8,11,0,18,0
290155,1,1,1993,0,0,0,0,0,0,0,0,0,0
290155,2,1,1993,0,0,0,0,0,0,0,0,0,0
290155,3,1,1993,0,0,0,0,0,0,0,0,0,0
290156,1,1,1993,0,0,0,0,0,0,0,0,0,0
290156,2,1,1993,0,0,0,0,0,0,0,0,0,0
290156,3,1,1993,0,0,0,0,0,0,0,0,0,0
290157,1,1,1993,19,19,19,19,19,19,19,19,19,19
290158,1,1,1993,0,0,0,0,0,0,0,24,0,27
290158,2,1,1993,0,0,0,0,0,0,0,0,0,0
290158,3,1,1993,0,0,0,0,0,0,0,0,0,0
290159,1,1,1993,0,0,0,0,0,0,0,0,0,0
290159,2,1,1993,0,0,0,0,0,0,0,0,0,0
290160,1,1,1993,0,0,0,0,0,0,0,0,0,0
290161,1,1,1993,0,0,7,0,6,13,11,6,0,0
290161,2,1,1993,12,12,12,12,12,12,12,12,12,12
290162,1,1,1993,25,0,0,0,0,0,0,0,0,0
290163,1,1,1993,15,15,15,15,15,15,15,15,15,15
290164,1,1,1993,0,0,0,0,5,18,17,0,14,0
290165,1,1,1993,16,16,16,16,16,16,16,16,16,16
290165,2,1,1993,11,11,11,11,11,11,11,11,11,11
290166,1,1,1993,0,8,25,0,15,0,0,0,0,24
290166,2,1,1993,18,18,18,18,18,18,18,18,18,18
290167,1,1,1993,0,0,0,0,12,0,0,0,0,9
290167,2,1,1993,0,11,0,0,0,0,0,0,0,0
290168,1,1,1993,0,0,0,0,0,0,0,0,0,0
290168,2,1,1993,0,10,0,13,0,0,0,0,0,0
290169,1,1,1993,0,0,0,0,0,0,0,0,0,0
290169,2,1,1993,17,0,15,15,12,0,11,0,0,0
290171,1,1,1993,11,0,0,11,0,0,0,0,27,0
290172,1,1,1993,0,0,0,0,0,0,0,0,0,0
290173,1,1,1993,5,5,5,5,5,5,5,5,5,5
290174,1,1,1993,0,0,0,0,0,0,0,0,0,0
290174,2,1,1993,0,0,0,20,0,0,0,0,0,0
290175,1,1,1993,12,12,12,12,12,12,12,12,12,12
290176,1,1,1993,0,0,0,0,0,0,0,0,0,0
290176,2,1,1993,5,25,5,3,24,4,8,9,8,9
290178,0,1,1993,0,0,0,0,0,0,0,0,0,0
290178,1,1,1993,0,0,0,0,0,0,0,0,0,0
290179,1,1,1993,0,0,0,0,0,0,0,0,0,0
290180,0,1,1993,1,1,1,1,1,1,1,1,1,1
290180,1,1,1993,0,0,0,0,0,0,0,0,0,0
290180,2,1,1993,0,0,0,0,0,0,0,0,0,0
290181,1,1,1993,0,0,0,0,0,0,0,0,0,0
290181,2,1,1993,0,0,0,0,0,0,0,0,0,0
290182,1,1,1993,0,5,18,8,0,13,0,15,27,0
290182,2,1,1993,17,17,17,17,17,17,17,17,17,17
290183,1,1,1993,0,0,0,0,0,0,0,0,0,0
290184,1,1,1993,2,0,8,0,4,15,17,32,29,14
290185,1,1,1993,31,31,31,31,31,31,31,31,31,31
290185,2,1,1993,0,0,0,0,0,0,0,17,0,0
290185,3,1,1993,0,0,0,0,0,0,0,0,0,0
290186,1,1,1993,0,0,0,0,0,0,0,0,0,0
290186,2,1,1993,0,0,0,0,0,0,0,0,0,0
290187,1,1,1993,0,0,0,0,0,0,0,0,0,0
290188,1,1,1993,30,30,30,30,30,30,30,30,30,30
290189,1,1,1993,0,0,0,0,0,0,0,0,0,0
290189,2,1,1993,0,0,0,0,0,0,0,0,0,0
290190,1,1,1993,0,0,0,0,0,0,0,0,0,0
290190,2,1,1993,0,0,0,0,0,0,0,0,0,0
290191,1,1,1993,0,0,0,0,0,0,0,0,0,0
290192,1,1,1993,0,0,0,0,0,0,0,0,0,0
290193,1,1,1993,0,0,0,0,0,0,0,0,0,0
290194,1,1,1993,0,0,0,0,0,0,0,0,0,0
290194,2,1,1993,0,20,0,13,10,12,10,19,23,17
290195,1,1,1993,0,0,0,0,0,0,0,0,0,0
290195,2,1,1993,0,0,0,0,0,0,0,0,0,0
290196,1,1,1993,30,30,30,30,30,30,30,30,30,30
290197,1,1,1993,26,26,26,26,26,26,26,26,26,26
290197,2,1,1993,0,12,0,0,0,25,0,0,0,0
290198,0,1,1993,26,26,26,26,26,26,26,26,26,26
290198,1,1,1993,0,0,0,0,0,0,0,0,0,0
290199,1,1,1993,22,22,22,22,22,22,22,22,22,22
290200,0,1,1993,0,0,0,0,0,0,0,0,0,0
290200,1,1,1993,0,0,0,0,0,0,0,0,7,0
290201,1,1,1993,0,0,0,0,0,0,0,0,0,0
290201,2,1,1993,0,0,0,0,0,0,0,0,0,0
290202,1,1,1993,0,0,0,14,0,0,0,0,0,0
290203,1,1,1993,0,0,21,0,27,0,0,0,0,0
290203,2,1,1993,0,0,0,0,27,0,3,0,0,0
290203,3,1,1993,0,17,0,0,0,0,0,0,0,0
290203,4,1,1993,0,0,0,0,0,0,0,0,0,0
290204,1,1,1993,0,0,0,0,14,0,0,0,0,0
290204,2,1,1993,0,20,0,10,0,0,0,35,23,0
290205,1,1,1993,8,0,0,0,0,0,10,0,0,0
290205,2,1,1993,0,0,0,0,0,0,0,0,0,0
290206,1,1,1993,0,0,0,0,0,0,0,0,0,0
290206,2,1,1993,0,22,0,21,0,0,0,0,8,0
290207,1,1,1993,0,0,0,0,0,0,0,0,0,0
290207,2,1,1993,0,0,0,0,0,0,0,0,0,0
290208,1,1,1993,0,0,0,0,0,0,0,0,0,0
290208,2,1,1993,0,16,0,0,0,0,0,0,0,0
290209,1,1,1993,0,0,0,0,0,0,0,0,0,0
290209,2,1,1993,0,0,0,0,0,0,0,0,0,0
290210,1,1,1993,17,17,17,17,17,17,17,17,17,17
290211,1,1,1993,16,16,16,16,16,16,16,16,16,16
290212,1,1,1993,0,0,0,0,0,0,0,0,0,16
290212,2,1,1993,0,0,0,0,0,0,0,0,0,0
290213,1,1,1993,0,0,0,0,0,0,0,0,0,0
290213,2,1,1993,27,27,27,27,27,27,27,27,27,27
290214,0,1,1993,11,24,15,0,0,24,0,4,6,30
290214,1,1,1993,0,0,0,0,0,0,0,0,0,0
290214,2,1,1993,0,0,0,0,0,0,0,0,0,0
290215,1,1,1993,0,0,0,0,0,0,0,0,0,0
290216,1,1,1993,0,0,0,0,0,0,0,0,0,0
290216,2,1,1993,0,0,0,0,0,0,0,0,0,0
290217,0,1,1993,0,0,0,0,0,0,0,0,0,0
290217,1,1,1993,21,0,12,0,0,3,0,0,15,13
290218,1,1,1993,0,0,0,0,0,0,0,0,0,0
290218,2,1,1993,0,0,0,0,2,0,0,0,0,0
290218,3,1,1993,0,0,0,0,0,0,0,0,0,0
290219,1,1,1993,9,9,9,9,9,9,9,9,9,9
290220,1,1,1993,19,19,19,19,19,19,19,19,19,19
290221,1,1,1993,0,0,0,0,0,0,0,0,19,0
290221,2,1,1993,0,0,0,0,0,0,0,0,0,0
290222,1,1,1993,33,9,0,0,19,15,11,0,12,18
290222,2,1,1993,0,19,0,0,0,0,0,0,0,0
290223,1,1,1993,18,18,18,18,18,18,18,18,18,18
290224,1,1,1993,32,32,32,32,32,32,32,32,32,32
290225,1,1,1993,6,6,6,6,6,6,6,6,6,6
290226,1,1,1993,0,0,0,0,0,0,0,0,0,0
290227,0,1,1993,0,0,0,0,0,0,0,0,0,0
290227,1,1,1993,0,0,0,0,0,0,0,0,0,0
290229,1,1,1993,0,0,0,0,0,0,0,0,0,0
290229,2,1,1993,0,16,0,0,16,0,0,26,0,0
290231,1,1,1993,0,0,0,0,0,0,0,0,0,0
290231,2,1,1993,0,0,0,0,0,0,0,0,0,0
290232,1,1,1993,0,0,0,0,0,0,0,0,0,0
290233,1,1,1993,0,0,7,0,18,0,0,0,0,0
290233,2,1,1993,0,0,20,0,18,0,0,0,0,0
290234,0,1,1993,0,0,0,0,0,0,0,0,0,0
290234,1,1,1993,0,0,0,0,0,0,0,0,0,0
290234,2,1,1993,0,0,0,0,0,0,0,0,0,0
290235,1,1,1993,0,0,0,0,0,0,0,0,0,0
290236,1,1,1993,0,17,0,19,18,12,13,15,22,12
290237,1,1,1993,0,0,0,0,0,0,0,0,0,0
290237,2,1,1993,0,0,0,0,0,0,0,0,0,0
290238,1,1,1993,0,0,0,0,0,0,0,0,0,0
290238,2,1,1993,0,0,0,0,0,23,17,0,0,0
290239,1,1,1993,10,13,23,19,33,35,16,31,30,32
290240,1,1,1993,19,0,0,0,0,2,0,8,0,0
290241,1,1,1993,0,0,0,0,0,14,0,0,0,6
290241,2,1,1993,0,20,0,17,0,0,0,0,6,3
290241,3,1,1993,0,0,0,18,0,6,0,0,0,21
290242,1,1,1993,2,0,0,12,12,0,0,0,0,13
290242,2,1,1993,15,15,15,15,15,15,15,15,15,15
290243,1,1,1993,0,0,0,0,0,0,0,0,0,0
290243,2,1,1993,0,0,0,0,0,0,0,0,0,9
290244,1,1,1993,0,23,0,0,26,23,0,0,0,0
290244,2,1,1993,22,22,22,22,22,22,22,22,22,22
290245,1,1,1993,0,0,0,0,17,9,0,0,0,19
290246,1,1,1993,0,0,0,0,0,0,0,0,0,0
290246,2,1,1993,2,2,2,2,2,2,2,2,2,2
290247,1,1,1993,0,15,0,0,22,0,0,0,12,0
290248,1,1,1993,0,0,0,0,24,27,0,0,0,5
290248,2,1,1993,0,0,0,0,3,0,0,0,0,4
290249,1,1,1993,18,18,18,18,18,18,18,18,18,18
290250,1,1,1993,6,6,6,6,6,6,6,6,6,6
290251,1,1,1993,0,0,0,0,0,0,0,0,0,14
290252,1,1,1993,0,0,0,0,0,11,0,0,0,0
290252,2,1,1993,10,10,10,10,10,10,10,10,10,10
290253,1,1,1993,0,0,0,0,0,0,14,0,16,0
290253,2,1,1993,0,0,0,0,0,0,0,0,0,0
290254,0,1,1993,0,0,0,0,0,0,0,0,0,0
290254,1,1,1993,0,0,0,0,0,0,0,7,0,0
290255,1,1,1993,14,0,0,0,0,0,0,0,0,0
290255,2,1,1993,0,0,0,0,0,0,0,0,0,0
290256,1,1,1993,1,1,1,1,1,1,1,1,1,1
290256,2,1,1993,0,0,2,0,0,0,0,0,0,0
290257,0,1,1993,0,0,0,0,0,0,0,0,0,0
290257,1,1,1993,1,1,1,1,1,1,1,1,1,1
290258,1,1,1993,5,5,5,5,5,5,5,5,5,5
290259,1,1,1993,21,21,21,21,21,21,21,21,21,21
290259,2,1,1993,11,11,11,11,11,11,11,11,11,11
290260,1,1,1993,0,0,0,0,0,15,0,0,0,0
290261,1,1,1993,0,0,0,0,0,0,0,0,0,0
290261,2,1,1993,0,0,0,0,0,0,0,0,0,0
290262,1,1,1993,0,0,0,0,0,0,0,0,0,0
290262,2,1,1993,0,0,0,0,0,0,0,0,0,0
290263,1,1,1993,5,5,5,5,5,5,5,5,5,5
290263,2,1,1993,0,0,0,0,0,22,0,0,0,0
290264,1,1,1993,25,25,25,25,25,25,25,25,25,25
290265,1,1,1993,0,0,0,0,0,0,0,0,0,0
290265,2,1,1993,0,0,0,0,0,18,0,0,0,0
290266,1,1,1993,0,7,0,0,0,4,0,0,0,0
290267,1,1,1993,0,0,0,0,0,0,0,0,0,0
290267,2,1,1993,0,0,0,0,0,0,0,0,0,0
290268,1,1,1993,0,0,0,0,0,0,0,0,0,0
290268,2,1,1993,15,17,0,22,27,0,35,0,0,15
290269,1,1,1993,20,20,20,20,20,20,20,20,20,20
290270,1,1,1993,25,0,0,16,24,0,0,0,14,0
290270,2,1,1993,13,13,13,13,13,13,13,13,13,13
290271,1,1,1993,9,9,9,9,9,9,9,9,9,9
290272,1,1,1993,14,14,14,14,14,14,14,14,14,14
290273,0,1,1993,23,23,23,23,23,23,23,23,23,23
290273,1,1,1993,0,0,0,13,0,0,3,26,0,0
290274,0,1,1993,46,0,0,0,0,0,0,0,0,0
290274,1,1,1993,0,0,0,0,0,0,0,0,0,0
290275,1,1,1993,7,0,0,0,0,0,0,0,3,0
290275,2,1,1993,0,0,0,0,0,0,0,0,0,0
290276,1,1,1993,0,0,0,0,0,0,0,0,0,0
290276,2,1,1993,0,12,0,0,0,0,0,0,0,0
290277,1,1,1993,0,0,0,0,0,0,8,0,0,0
290278,1,1,1993,0,0,0,0,0,0,0,0,0,0
290278,2,1,1993,2,2,2,2,2,2,2,2,2,2
290279,1,1,1993,0,0,0,0,0,0,0,0,0,0
290280,1,1,1993,0,0,0,0,0,0,0,0,0,0
290280,2,1,1993,0,0,0,0,0,0,0,0,0,0
290280,3,1,1993,0,0,7,0,0,0,0,0,0,0
290281,0,1,1993,0,0,0,0,0,0,0,0,0,0
290281,1,1,1993,23,0,0,0,9,0,0,0,0,0
290282,1,1,1993,18,18,31,33,12,15,7,20,10,11
290283,1,1,1993,0,0,0,0,0,0,0,0,0,0
290283,2,1,1993,0,0,0,0,0,0,0,0,0,0
290285,0,1,1993,0,0,0,0,17,20,26,22,0,42
290285,1,1,1993,0,0,0,0,0,2,0,0,0,0
290286,1,1,1993,12,12,12,12,12,12,12,12,12,12
290287,1,1,1993,0,0,0,0,20,0,11,0,0,8
290288,1,1,1993,36,36,36,36,36,36,36,36,36,36
290289,1,1,1993,13,13,13,13,13,13,13,13,13,13
290290,1,1,1993,30,30,30,30,30,30,30,30,30,30
290290,2,1,1993,0,0,0,0,10,0,21,0,0,0
290291,1,1,1993,9,9,9,9,9,9,9,9,9,9
290292,1,1,1993,0,0,0,0,0,0,0,0,0,0
290292,2,1,1993,0,0,0,0,21,0,0,0,0,0
290293,1,1,1993,0,0,0,0,0,0,0,0,0,0
290294,1,1,1993,1,1,1,1,1,1,1,1,1,1
290295,1,1,1993,12,12,12,12,12,12,12,12,12,12
290295,2,1,1993,0,0,0,0,0,0,0,0,0,0
290296,1,1,1993,0,0,0,0,0,0,0,0,0,0
290297,1,1,1993,0,0,0,16,0,0,0,0,0,0
290297,2,1,1993,0,0,0,0,0,0,0,0,0,0
290298,0,1,1993,0,0,0,0,0,0,0,0,0,0
290298,1,1,1993,10,0,0,0,0,0,0,0,0,0
290299,0,1,1993,30,30,30,30,30,30,30,30,30,30
290299,1,1,1993,0,2,23,19,9,0,0,0,0,6
290300,1,1,1993,0,0,0,0,0,0,0,0,0,0
290300,2,1,1993,0,0,0,0,0,13,0,0,0,6
290301,1,1,1993,0,0,0,0,0,0,0,0,0,0
290301,2,1,1993,0,0,0,0,0,0,0,0,0,0
290302,1,1,1993,0,0,0,0,0,0,0,0,0,0
290302,2,1,1993,28,28,28,28,28,28,28,28,28,28
290303,1,1,1993,0,16,0,3,0,0,0,0,0,0
290303,2,1,1993,0,0,0,0,0,0,0,0,0,0
290304,1,1,1993,10,0,4,0,0,0,0,0,0,0
290304,2,1,1993,0,0,0,0,0,0,0,0,0,0
290305,1,1,1993,6,3,20,8,14,12,11,19,11,16
290306,0,1,1993,26,26,26,26,26,26,26,26,26,26
290306,2,1,1993,0,0,7,0,0,0,0,0,0,0
290307,1,1,1993,0,11,0,21,13,25,7,13,6,16
290308,1,1,1993,0,0,0,0,0,0,0,0,0,0
290308,2,1,1993,17,12,24,0,0,21,0,18,0,0
290309,1,1,1993,18,29,10,9,34,21,35,15,15,18
290310,1,1,1993,0,0,0,0,0,0,0,0,0,0
290310,2,1,1993,14,14,14,14,14,14,14,14,14,14
290311,1,1,1993,0,13,8,0,0,0,0,17,0,0
290312,1,1,1993,8,8,8,8,8,8,8,8,8,8
290313,0,1,1993,0,0,0,0,0,0,0,0,0,0
290313,1,1,1993,0,0,0,0,0,0,0,0,0,0
290314,0,1,1993,0,0,0,0,0,0,0,0,0,0
290314,1,1,1993,0,0,0,3,0,0,0,0,0,0
290315,1,1,1993,31,31,31,31,31,31,31,31,31,31
290315,2,1,1993,0,0,0,0,0,0,0,0,0,0
290316,1,1,1993,0,0,13,0,0,0,6,7,0,0
290317,1,1,1993,26,9,15,13,15,0,14,17,17,24
290318,1,1,1993,0,0,0,0,0,0,0,0,0,0
290319,1,1,1993,16,16,16,16,16,16,16,16,16,16
290320,1,1,1993,0,25,0,0,0,17,0,0,0,0
290321,1,1,1993,0,0,0,11,0,0,12,0,25,0
290322,1,1,1993,3,3,3,3,3,3,3,3,3,3
290322,2,1,1993,0,0,0,0,0,0,0,0,0,0
290323,1,1,1993,9,24,15,0,10,3,10,0,11,13
290324,0,1,1993,0,0,0,0,0,0,0,0,0,0
290324,0,2,1993,0,0,0,0,0,0,0,0,0,0
290324,1,1,1993,0,0,0,0,0,0,0,0,0,0
290325,1,1,1993,10,10,10,10,10,10,10,10,10,10
290326,1,1,1993,0,0,23,18,0,0,0,9,0,0
290326,2,1,1993,0,0,2,0,0,8,0,0,0,0
290327,1,1,1993,14,4,13,22,20,12,20,18,24,23
290327,2,1,1993,13,24,9,18,9,0,0,0,7,0
290328,1,1,1993,13,0,7,16,2,0,15,18,9,0
290328,2,1,1993,0,0,0,0,0,0,0,0,0,0
290329,1,1,1993,34,34,34,34,34,34,34,34,34,34
290329,2,1,1993,0,0,0,0,0,0,0,0,0,0
290330,1,1,1993,7,39,12,0,24,17,8,24,13,8
290330,2,1,1993,6,0,0,0,0,0,0,0,0,0
290330,3,1,1993,0,0,0,0,0,0,0,0,0,0
290330,4,1,1993,0,0,0,20,17,15,13,8,0,0
290330,5,1,1993,0,4,0,0,0,0,0,0,0,0
290331,1,1,1993,15,3,21,0,15,14,22,21,16,0
290331,2,1,1993,0,7,0,0,0,16,8,4,0,0
290331,3,1,1993,18,9,0,21,0,11,0,0,25,0
290332,1,1,1993,13,13,13,13,13,13,13,13,13,13
290333,1,1,1993,0,0,15,0,12,0,8,8,5,7
290334,1,1,1993,2,2,2,2,2,2,2,2,2,2
290335,1,1,1993,0,0,0,0,12,0,0,0,0,0
290335,2,1,1993,0,0,0,0,0,0,0,0,0,0
290336,1,1,1993,20,15,0,0,0,0,0,0,0,0
290337,1,1,1993,17,17,17,17,17,17,17,17,17,17
290338,1,1,1993,0,0,0,0,0,0,0,0,0,0
290338,2,1,1993,0,0,0,0,0,0,0,0,0,0
290339,1,1,1993,13,13,13,13,13,13,13,13,13,13
290339,2,1,1993,0,0,6,0,0,0,0,0,0,13
290340,1,1,1993,0,0,0,0,0,0,0,0,0,0
290340,2,1,1993,0,0,0,0,0,0,0,0,0,0
290341,1,1,1993,29,29,29,29,29,29,29,29,29,29
290342,1,1,1993,10,10,10,10,10,10,10,10,10,10
290343,0,1,1993,22,22,22,22,22,22,22,22,22,22
290343,1,1,1993,0,0,0,0,0,0,17,6,5,30
290344,1,1,1993,11,11,11,11,11,11,11,11,11,11
290345,1,1,1993,0,0,0,0,0,0,0,0,0,0
290345,2,1,1993,0,0,0,0,0,0,0,0,0,0
290346,0,1,1993,13,13,13,13,13,13,13,13,13,13
290346,1,1,1993,0,14,21,0,6,0,8,7,14,0
290347,1,1,1993,0,0,0,12,0,0,0,0,8,0
290347,2,1,1993,0,0,0,0,0,0,0,0,0,0
290348,1,1,1993,0,0,17,0,0,0,0,29,0,0
290348,2,1,1993,0,0,0,0,0,0,0,0,0,0
290349,1,1,1993,0,0,0,0,0,0,0,0,0,0
290350,1,1,1993,0,0,12,0,0,12,8,12,0,0
290350,2,1,1993,23,23,23,23,23,23,23,23,23,23
290351,1,1,1993,0,0,0,0,0,0,0,0,0,0
290352,1,1,1993,0,0,0,0,0,0,0,0,0,0
290352,2,1,1993,0,0,0,0,0,0,0,0,0,0
290353,1,1,1993,18,0,11,23,0,15,17,10,0,0
290353,2,1,1993,0,0,0,0,0,0,0,0,0,0
290354,1,1,1993,0,0,0,0,0,0,0,0,0,0
290355,0,1,1993,18,0,10,0,0,0,11,0,24,0
290355,0,2,1993,0,23,0,21,16,28,11,0,30,0
290356,1,1,1993,23,0,13,22,10,21,27,26,22,17
290357,1,1,1993,0,8,0,0,0,0,0,0,0,18
290357,2,1,1993,0,0,0,0,0,0,0,0,0,0
290358,1,1,1993,0,0,0,0,0,0,0,0,0,0
290359,1,1,1993,0,0,0,0,0,0,0,0,0,0
290360,1,1,1993,12,12,12,12,12,12,12,12,12,12
290360,2,1,1993,14,0,0,0,0,0,0,0,14,31
290361,1,1,1993,21,21,21,21,21,21,21,21,21,21
290361,2,1,1993,0,0,0,0,0,0,0,0,0,0
290362,1,1,1993,9,9,9,9,9,9,9,9,9,9
290362,2,1,1993,18,18,18,18,18,18,18,18,18,18
290363,1,1,1993,23,23,23,23,23,23,23,23,23,23
290363,2,1,1993,0,0,0,0,0,0,0,0,0,0
290363,3,1,1993,0,0,0,0,0,0,0,0,0,0
290364,1,1,1993,0,0,0,0,0,0,0,0,0,0
290364,2,1,1993,0,0,0,0,0,0,0,0,0,0
290365,1,1,1993,19,19,19,19,19,19,19,19,19,19
290366,1,1,1993,0,0,0,0,0,0,0,0,0,0
290366,2,1,1993,37,37,37,37,37,37,37,37,37,37
290367,1,1,1993,17,17,17,17,17,17,17,17,17,17
290368,1,1,1993,0,0,0,0,0,0,0,0,0,0
290368,2,1,1993,0,0,0,0,0,0,0,0,0,0
290369,0,1,1993,0,0,0,0,0,0,0,19,0,0
290369,1,1,1993,0,0,0,0,0,0,0,0,0,0
290369,2,1,1993,0,7,0,0,0,0,0,0,0,0
290370,1,1,1993,21,21,21,21,21,21,21,21,21,21
290372,1,1,1993,22,22,22,22,22,22,22,22,22,22
290373,1,1,1993,0,0,0,0,0,0,0,4,0,2
290373,2,1,1993,9,9,9,9,9,9,9,9,9,9
290374,1,1,1993,8,8,8,8,8,8,8,8,8,8
290375,1,1,1993,0,0,0,0,0,0,0,0,0,0
290375,2,1,1993,0,0,0,58,0,6,0,0,0,0
290376,1,1,1993,0,0,0,0,0,0,0,0,0,0
290376,2,1,1993,0,0,0,0,0,0,0,0,0,0
290376,3,1,1993,0,0,0,0,0,0,0,19,0,0
290377,1,1,1993,0,0,0,0,0,0,0,6,0,0
290377,2,1,1993,0,0,0,0,12,0,0,10,0,0
290378,1,1,1993,14,14,14,14,14,14,14,14,14,14
290378,2,1,1993,8,9,0,0,0,0,0,0,0,8
290379,0,1,1993,14,14,14,14,14,14,14,14,14,14
290379,0,2,1993,9,9,9,9,9,9,9,9,9,9
290379,1,1,1993,0,0,0,0,0,0,0,0,0,0
290380,1,1,1993,0,0,28,0,0,0,0,11,0,0
290380,2,1,1993,0,0,0,0,0,0,0,0,0,0
290381,1,1,1993,0,0,0,0,0,0,0,13,0,0
290381,2,1,1993,0,0,0,0,0,0,0,0,0,0
290381,3,1,1993,0,0,0,0,0,0,0,10,0,0
290382,1,1,1993,9,9,9,9,9,9,9,9,9,9
290383,0,1,1993,0,0,0,0,0,0,0,0,0,0
290383,1,1,1993,0,0,0,0,0,0,0,0,0,0
290384,1,1,1993,0,0,0,0,0,0,0,0,0,0
290385,1,1,1993,19,0,12,21,13,16,0,0,0,22
290386,1,1,1993,0,0,0,0,0,0,0,0,0,0
290386,2,1,1993,0,0,0,0,0,0,0,0,0,0
290387,0,1,1993,0,0,0,0,24,0,0,0,0,0
290387,1,1,1993,0,7,0,0,0,0,0,0,0,0
290389,0,1,1993,18,18,18,18,18,18,18,18,18,18
290389,1,1,1993,23,23,23,23,23,23,23,23,23,23
290389,2,1,1993,0,2,13,0,0,4,16,0,0,0
290390,1,1,1993,13,0,8,0,18,0,0,7,0,0
290391,1,1,1993,15,15,15,15,15,15,15,15,15,15
290392,1,1,1993,0,0,13,15,12,0,22,18,7,15
290393,1,1,1993,0,0,0,0,0,0,0,0,0,0
290394,1,1,1993,0,0,0,0,0,0,0,0,0,0
290394,2,1,1993,0,0,0,0,0,0,0,0,0,0
290394,3,1,1993,0,0,0,0,0,0,0,0,0,0
290394,4,1,1993,15,0,0,0,0,0,0,12,0,0
290394,5,1,1993,0,0,0,0,0,0,0,0,0,0
290394,6,1,1993,0,0,0,0,0,0,0,0,0,0
290394,7,1,1993,0,0,0,0,18,0,0,0,0,0
290394,8,1,1993,0,0,0,0,0,0,0,0,0,0
290395,1,1,1993,0,0,0,0,0,0,0,0,0,0