ST_CASE,VEH_NO,PER_NO,YEAR,P1,P2,P3,P4,P5,P6,P7,P8,P9,P10
290395,2,1,1993,0,0,0,0,0,0,0,0,22,0
290396,1,1,1993,0,0,0,0,0,0,0,0,0,0
290397,1,1,1993,0,0,0,0,0,0,0,0,0,0
290398,1,1,1993,0,0,0,0,0,0,0,0,0,19
290398,2,1,1993,0,0,0,0,0,0,0,0,0,0
290398,3,1,1993,0,0,0,0,0,0,0,0,0,0
290399,0,1,1993,18,18,18,18,18,18,18,18,18,18
290399,1,1,1993,16,16,16,16,16,16,16,16,16,16
290400,1,1,1993,18,21,17,13,40,24,25,31,14,17
290401,1,1,1993,32,32,32,32,32,32,32,32,32,32
290403,1,1,1993,0,0,0,0,0,0,0,0,0,0
290403,2,1,1993,0,0,0,0,0,0,0,0,0,0
290404,1,1,1993,0,0,0,0,0,0,0,0,0,0
290405,1,1,1993,16,16,16,16,16,16,16,16,16,16
290406,1,1,1993,18,18,18,18,18,18,18,18,18,18
290407,1,1,1993,11,11,11,11,11,11,11,11,11,11
290408,1,1,1993,0,0,0,0,0,0,0,0,0,0
290408,2,1,1993,0,0,0,0,0,0,14,26,0,0
290409,1,1,1993,0,0,0,0,0,0,0,0,0,0
290410,1,1,1993,0,0,0,0,0,0,0,0,0,0
290410,2,1,1993,0,0,21,0,0,0,0,5,0,0
290411,1,1,1993,0,0,0,0,0,0,0,0,0,0
290411,2,1,1993,12,11,0,0,0,7,0,0,0,0
290412,1,1,1993,0,0,0,0,0,0,0,0,0,0
290412,2,1,1993,0,0,40,30,27,0,0,0,18,0
290413,1,1,1993,0,0,0,0,0,0,0,0,0,0
290413,2,1,1993,0,0,0,0,0,0,0,0,0,0
290414,1,1,1993,0,0,0,0,0,0,0,0,0,0
290416,1,1,1993,22,22,22,22,22,22,22,22,22,22
290416,2,1,1993,0,0,0,0,0,0,0,0,0,0
290416,3,1,1993,0,0,0,0,0,0,0,0,0,0
290417,1,1,1993,13,26,24,0,26,17,14,14,15,26
290420,1,1,1993,0,0,0,0,3,0,0,0,4,0
290421,1,1,1993,0,24,0,0,0,0,0,0,0,0
290421,2,1,1993,0,0,0,0,0,0,0,0,0,0
290422,1,1,1993,15,13,0,0,0,0,0,16,0,0
290422,2,1,1993,17,0,28,0,0,20,0,0,24,18
290422,3,1,1993,8,0,35,12,7,19,10,22,11,15
290424,1,1,1993,24,24,24,24,24,24,24,24,24,24
290424,2,1,1993,0,0,0,0,0,0,0,0,0,0
290425,1,1,1993,7,0,16,14,0,16,10,0,0,0
290426,1,1,1993,0,0,0,0,0,0,0,0,0,0
290426,2,1,1993,0,0,0,0,0,0,0,0,0,0
290427,0,1,1993,0,0,0,0,0,0,0,0,0,0
290427,1,1,1993,20,16,21,18,6,16,5,3,30,12
290428,1,1,1993,0,0,0,0,0,0,0,0,0,0
290428,2,1,1993,0,0,0,0,0,0,0,0,0,0
290429,1,1,1993,0,0,0,10,20,0,0,19,0,0
290430,1,1,1993,7,7,7,7,7,7,7,7,7,7
290431,1,1,1993,0,0,0,0,0,0,0,0,0,0
290431,2,1,1993,0,8,0,0,0,0,0,0,0,0
290432,1,1,1993,0,0,0,0,0,0,0,0,0,0
290434,1,1,1993,0,11,7,0,0,0,0,0,0,5
290434,2,1,1993,0,0,0,0,0,0,0,0,0,0
290435,0,1,1993,19,19,19,19,19,19,19,19,19,19
290435,0,2,1993,24,24,0,23,25,19,31,0,17,32
290435,1,1,1993,0,0,0,0,0,0,0,0,0,0
290436,1,1,1993,0,0,0,0,0,0,0,0,0,0
290437,0,1,1993,0,0,0,0,0,0,0,0,0,0
290437,1,1,1993,0,0,0,0,0,0,0,0,0,0
290438,1,1,1993,12,12,12,12,12,12,12,12,12,12
290439,1,1,1993,23,23,23,23,23,23,23,23,23,23
290440,1,1,1993,0,0,0,0,12,0,19,14,0,10
290441,1,1,1993,0,0,0,0,0,0,0,0,0,0
290442,1,1,1993,0,0,0,0,0,0,0,0,0,0
290443,1,1,1993,10,18,19,0,7,13,9,9,16,11
290444,1,1,1993,0,0,0,0,0,0,0,0,0,0
290444,2,1,1993,0,0,0,0,0,0,0,0,0,0
290445,1,2,1993,0,24,0,41,0,15,0,0,0,0
290446,1,1,1993,0,0,0,0,0,0,0,0,0,0
290446,2,1,1993,32,4,0,16,0,0,0,0,17,0
290446,3,1,1993,0,0,0,0,0,0,0,0,0,0
290447,1,1,1993,18,0,19,14,3,0,28,16,27,8
290448,1,1,1993,0,13,13,0,0,0,0,0,0,0
290448,2,1,1993,0,0,0,0,0,0,0,0,0,7
290449,1,1,1993,15,15,15,15,15,15,15,15,15,15
290450,1,1,1993,4,4,4,4,4,4,4,4,4,4
290451,1,1,1993,31,31,31,31,31,31,31,31,31,31
290452,1,1,1993,0,12,0,0,0,0,13,0,0,0
290452,2,1,1993,0,0,0,0,0,0,0,0,0,0
290453,1,1,1993,0,0,0,0,0,0,0,0,0,0
290454,1,1,1993,0,0,0,0,0,0,0,0,0,0
290454,2,1,1993,0,15,0,0,0,0,0,0,0,0
290454,3,1,1993,0,8,20,0,0,0,21,0,0,0
290454,4,1,1993,0,0,0,0,0,0,0,0,0,0
290455,1,1,1993,27,12,7,26,14,24,9,24,32,23
290455,2,1,1993,0,0,0,0,0,0,0,0,0,0
290455,3,1,1993,0,0,13,0,11,0,0,21,0,14
290456,0,1,1993,0,0,0,0,0,0,0,0,0,0
290456,1,1,1993,0,0,0,0,0,0,0,0,0,0
290457,1,1,1993,0,0,0,0,0,0,0,0,0,0
290457,2,1,1993,0,0,0,0,0,0,0,0,0,0
290458,1,1,1993,26,27,0,0,0,0,0,0,0,0
290459,1,1,1993,0,0,0,0,0,0,0,0,0,0
290459,2,1,1993,0,0,0,0,25,0,0,0,0,0
290460,1,1,1993,0,0,0,0,0,0,0,0,0,0
290460,2,1,1993,0,0,0,0,0,0,0,0,0,0
290461,1,1,1993,0,0,0,0,0,14,0,0,23,17
290461,2,1,1993,0,0,0,0,0,0,0,0,0,0
290462,1,1,1993,30,30,30,30,30,30,30,30,30,30
290463,1,1,1993,10,10,10,10,10,10,10,10,10,10
290463,2,1,1993,0,0,0,0,0,0,0,0,5,0
290464,1,1,1993,0,0,0,0,0,0,0,0,0,0
290465,1,1,1993,0,0,0,0,0,0,0,0,0,15
290466,1,1,1993,0,24,0,0,0,15,13,0,0,0
290466,2,1,1993,0,0,0,9,0,0,0,9,0,0
290467,1,1,1993,23,23,23,23,23,23,23,23,23,23
290468,1,1,1993,0,17,15,0,0,0,0,5,0,0
290468,2,1,1993,9,9,9,9,9,9,9,9,9,9
290468,3,1,1993,0,0,0,0,0,0,0,0,0,0
290469,1,1,1993,0,0,0,0,0,0,0,0,0,0
290470,1,1,1993,5,0,0,0,0,0,0,0,0,0
290470,2,1,1993,0,0,0,0,0,0,0,0,0,14
290471,1,1,1993,0,0,0,0,0,0,0,0,0,0
290472,1,1,1993,0,0,26,30,12,0,23,21,0,19
290472,2,1,1993,0,0,0,0,0,0,0,0,0,0
290473,1,1,1993,0,0,0,0,0,0,0,0,0,0
290473,2,1,1993,0,0,0,0,0,0,0,0,0,0
290473,3,1,1993,0,0,0,0,0,0,0,0,0,0
290475,1,1,1993,25,25,25,25,25,25,25,25,25,25
290476,0,1,1993,0,0,0,0,0,0,0,0,0,0
290476,1,1,1993,17,17,17,17,17,17,17,17,17,17
290476,2,1,1993,20,0,23,9,16,17,0,0,18,27
290477,1,1,1993,18,12,13,10,11,12,8,16,13,13
290478,1,1,1993,3,9,0,0,0,10,0,19,0,0
290478,2,1,1993,0,0,0,0,0,0,0,0,0,0
290479,1,1,1993,0,0,0,0,15,0,0,0,0,0
290479,2,1,1993,11,0,0,0,0,0,0,28,0,0
290480,1,1,1993,0,0,0,0,0,0,0,0,0,0
290480,2,1,1993,0,0,0,0,0,0,0,0,0,0
290481,1,1,1993,18,18,18,18,18,18,18,18,18,18
290482,1,1,1993,0,0,0,0,0,0,0,0,0,0
290483,1,1,1993,16,16,16,16,16,16,16,16,16,16
290484,1,1,1993,10,0,0,0,0,0,0,0,0,0
290484,2,1,1993,0,0,0,0,0,0,0,0,0,0
290485,1,1,1993,0,0,0,0,0,0,0,0,0,0
290485,2,1,1993,0,0,0,0,0,0,0,0,0,0
290486,1,1,1993,22,13,11,6,16,20,12,31,12,8
290487,1,1,1993,9,9,9,9,9,9,9,9,9,9
290488,1,1,1993,0,0,0,0,0,0,9,0,0,0
290488,2,1,1993,3,3,3,3,3,3,3,3,3,3
290489,1,1,1993,15,15,15,15,15,15,15,15,15,15
290491,1,1,1993,0,0,0,0,0,15,0,0,0,0
290491,2,1,1993,0,0,0,0,0,0,0,0,0,0
290491,3,1,1993,0,0,22,0,0,0,0,0,0,0
290492,1,1,1993,14,20,20,0,19,24,27,21,22,26
290493,1,1,1993,0,6,0,0,0,0,0,0,0,0
290493,2,1,1993,0,0,0,0,0,0,0,0,0,0
290494,1,1,1993,0,0,0,0,0,0,0,0,0,0
290494,2,1,1993,0,0,0,0,0,0,0,0,0,5
290495,1,1,1993,21,21,21,21,21,21,21,21,21,21
290495,2,1,1993,0,0,0,0,0,0,0,0,0,0
290496,1,1,1993,0,0,0,0,0,0,0,0,0,0
290496,2,1,1993,0,0,0,24,0,0,14,0,14,0
290497,1,1,1993,0,0,0,0,2,0,0,0,0,0
290497,2,1,1993,0,0,0,0,17,0,0,0,0,0
290498,1,1,1993,0,0,0,0,0,0,0,0,0,0
290498,2,1,1993,0,0,11,0,0,0,3,25,0,0
290499,0,1,1993,0,0,0,0,0,0,0,0,0,0
290499,1,1,1993,0,0,0,0,0,0,0,0,0,0
290500,0,1,1993,2,2,2,2,2,2,2,2,2,2
290500,1,1,1993,0,0,0,0,0,0,0,0,0,0
290501,0,1,1993,19,19,19,19,19,19,19,19,19,19
290501,1,1,1993,0,22,0,0,12,0,0,0,22,0
290502,0,1,1993,0,0,0,0,0,0,0,0,0,0
290502,1,1,1993,6,0,0,0,0,0,0,0,0,0
290503,1,1,1993,0,0,0,0,0,0,0,0,0,0
290504,1,1,1993,0,0,0,0,0,0,0,0,0,0
290505,1,1,1993,22,22,22,22,22,22,22,22,22,22
290506,1,1,1993,27,27,27,27,27,27,27,27,27,27
290507,1,1,1993,0,0,0,0,0,26,0,0,0,0
290507,2,1,1993,0,0,0,0,0,0,0,0,0,0
290508,0,1,1993,13,0,16,0,30,0,0,16,0,0
290508,1,1,1993,0,0,0,0,0,0,0,0,0,0
290508,2,1,1993,0,0,23,0,0,0,0,0,0,0
290509,1,1,1993,0,0,0,0,0,9,0,0,0,0
290509,2,1,1993,6,0,3,0,6,0,0,0,0,0
290510,1,1,1993,0,9,0,0,0,0,0,0,0,22
290510,2,1,1993,0,7,0,0,0,0,0,24,18,0
290511,1,1,1993,20,25,19,16,0,22,23,12,23,20
290512,1,1,1993,10,0,0,2,14,16,7,10,14,4
290513,1,1,1993,0,0,0,0,0,0,0,0,0,0
290513,2,1,1993,0,0,0,0,0,0,0,0,0,0
290514,1,1,1993,3,3,3,3,3,3,3,3,3,3
290514,2,1,1993,0,0,0,0,0,0,0,0,0,0
290515,1,1,1993,25,29,12,30,12,35,25,19,17,14
290516,1,1,1993,22,22,22,22,22,22,22,22,22,22
290517,1,1,1993,16,0,0,14,0,0,0,15,13,0
290518,1,1,1993,12,18,16,17,28,24,4,10,4,9
290519,1,1,1993,0,0,0,0,0,0,0,0,0,0
290519,2,1,1993,0,0,0,0,23,0,22,0,0,0
290520,0,1,1993,0,26,47,0,28,0,20,0,0,0
290520,1,1,1993,10,10,10,10,10,10,10,10,10,10
290521,1,1,1993,0,0,0,0,0,0,0,0,0,0
290521,2,1,1993,0,0,0,0,0,0,0,0,0,0
290522,1,1,1993,0,0,0,0,0,0,0,0,0,0
290523,1,1,1993,0,0,0,0,0,0,0,0,0,0
290523,2,1,1993,0,0,0,0,0,0,0,0,0,0
290524,1,1,1993,0,0,0,0,0,0,0,0,0,7
290525,1,1,1993,22,22,22,22,22,22,22,22,22,22
290526,1,1,1993,0,7,0,0,0,0,0,0,0,0
290527,1,1,1993,1,1,1,1,1,1,1,1,1,1
290527,2,1,1993,0,0,0,0,0,0,0,0,0,7
290528,1,1,1993,42,42,42,42,42,42,42,42,42,42
290529,1,1,1993,23,23,23,23,23,23,23,23,23,23
290530,1,1,1993,13,0,0,0,0,6,0,0,0,11
290531,1,1,1993,8,8,8,8,8,8,8,8,8,8
290531,2,1,1993,0,4,0,20,24,0,0,2,24,0
290532,1,1,1993,0,0,0,0,0,0,0,0,0,0
290533,1,1,1993,7,12,18,7,9,23,13,20,11,19
290534,1,1,1993,10,10,10,10,10,10,10,10,10,10
290535,1,1,1993,0,0,0,0,0,0,0,0,0,0
290536,1,1,1993,0,0,0,0,0,0,0,0,0,0
290536,2,1,1993,0,0,0,6,0,0,0,0,0,0
290536,3,1,1993,0,0,0,0,0,0,0,0,0,0
290536,4,1,1993,0,18,0,0,0,0,0,0,0,0
290537,1,1,1993,17,17,17,17,17,17,17,17,17,17
290538,1,1,1993,0,0,0,0,0,0,0,0,0,0
290538,2,1,1993,0,0,0,0,0,0,0,0,0,0
290539,1,1,1993,0,0,0,0,0,0,0,0,0,0
290540,1,1,1993,16,15,15,20,14,17,17,32,0,6
290541,0,1,1993,4,20,25,11,37,29,18,16,28,13
290541,1,1,1993,20,0,11,26,20,0,0,0,0,0
290542,1,1,1993,0,0,0,0,0,0,0,0,0,13
290542,2,1,1993,0,0,0,22,0,0,0,0,16,0
290543,1,1,1993,34,34,34,34,34,34,34,34,34,34
290544,1,1,1993,23,23,23,23,23,23,23,23,23,23
290546,1,1,1993,17,17,17,17,17,17,17,17,17,17
290547,1,1,1993,0,0,0,0,0,0,0,0,22,0
290548,1,1,1993,16,16,16,16,16,16,16,16,16,16
290549,1,1,1993,23,23,23,23,23,23,23,23,23,23
290550,0,1,1993,0,0,0,0,0,0,0,0,0,0
290550,1,1,1993,0,0,0,0,0,0,0,0,0,0
290551,1,1,1993,0,0,0,0,0,0,0,0,0,0
290551,2,1,1993,0,0,0,0,0,0,0,0,0,0
290552,1,1,1993,0,0,0,0,0,0,0,0,0,0
290552,2,1,1993,0,0,0,0,0,0,0,0,0,0
290553,1,1,1993,0,0,0,0,0,0,0,0,0,0
290554,1,1,1993,0,0,0,0,0,0,0,0,0,0
290554,2,1,1993,0,0,0,0,0,0,0,0,0,0
290555,1,1,1993,17,8,14,11,12,22,24,0,21,20
290555,2,1,1993,0,0,0,0,0,0,0,0,0,0
290556,1,1,1993,0,0,0,0,0,0,0,0,0,0
290556,2,1,1993,15,0,0,0,0,0,0,0,0,0
290557,1,1,1993,6,0,0,0,0,0,0,0,0,0
290557,2,1,1993,0,0,0,0,0,0,0,0,0,0
290558,1,1,1993,18,18,18,18,18,18,18,18,18,18
290558,2,1,1993,0,0,16,0,0,12,11,0,0,0
290559,1,1,1993,0,0,0,20,0,0,0,0,0,11
290559,2,1,1993,0,0,0,0,0,0,0,0,0,0
290560,1,1,1993,0,0,0,0,0,0,0,0,0,0
290561,1,1,1993,29,29,29,29,29,29,29,29,29,29
290562,0,1,1993,0,46,0,20,29,0,0,32,0,18
290562,1,1,1993,10,6,17,24,12,4,23,17,15,19
290563,1,1,1993,33,33,33,33,33,33,33,33,33,33
290564,1,1,1993,10,0,11,0,0,0,15,0,0,36
290564,2,1,1993,0,0,0,0,0,0,0,0,0,0
290565,1,1,1993,14,10,15,28,16,29,27,13,9,17
290565,2,1,1993,2,2,2,2,2,2,2,2,2,2
290566,1,1,1993,0,0,0,0,0,0,0,0,0,0
290567,1,1,1993,0,0,0,0,0,0,0,0,0,0
290567,2,1,1993,0,0,27,7,0,20,21,0,14,16
290568,1,1,1993,27,27,27,27,27,27,27,27,27,27
290568,2,1,1993,0,0,0,26,0,0,13,0,0,0
290569,1,1,1993,19,19,19,19,19,19,19,19,19,19
290570,0,1,1993,0,0,0,0,0,0,0,0,0,0
290570,1,1,1993,7,15,0,11,0,0,0,11,0,11
290571,1,1,1993,12,10,17,0,7,0,0,0,0,14
290572,1,1,1993,22,22,22,22,22,22,22,22,22,22
290573,1,1,1993,0,0,0,0,0,0,0,0,0,0
290573,2,1,1993,0,0,0,0,0,0,0,0,0,0
290573,3,1,1993,0,24,28,0,0,0,0,0,0,0
290573,4,1,1993,0,0,0,0,0,0,0,0,0,0
290574,1,1,1993,0,0,0,0,0,0,0,0,0,0
290574,2,1,1993,0,0,0,0,0,0,0,0,0,0
290575,1,1,1993,0,0,0,0,0,0,0,7,0,0
290575,2,1,1993,0,0,0,0,0,0,0,0,0,0
290576,0,1,1993,0,0,0,0,0,0,0,0,0,0
290576,1,1,1993,0,0,0,0,0,0,0,0,0,0
290577,1,1,1993,0,0,0,0,0,0,0,0,0,0
290578,1,1,1993,0,0,0,0,0,0,0,0,0,0
290579,1,1,1993,0,0,0,0,0,0,0,0,0,17
290579,2,1,1993,0,0,0,0,0,0,0,0,0,0
290580,1,1,1993,0,0,0,0,0,0,0,0,0,0
290580,2,1,1993,0,0,0,0,0,0,0,0,0,0
290581,1,1,1993,0,0,0,0,0,0,0,0,0,0
290582,1,1,1993,0,0,0,0,0,0,0,0,0,0
290582,2,1,1993,0,0,0,0,0,0,0,0,0,0
290582,3,1,1993,0,0,0,0,0,0,0,0,0,0
290583,1,1,1993,0,0,0,0,0,0,0,0,0,0
290583,2,1,1993,0,0,0,0,0,0,0,0,0,0
290584,1,1,1993,10,10,10,10,10,10,10,10,10,10
290585,1,1,1993,7,7,7,7,7,7,7,7,7,7
290586,1,1,1993,0,0,0,0,0,0,0,0,0,0
290586,2,1,1993,0,0,0,0,0,0,0,0,0,0
290587,1,1,1993,6,6,6,6,6,6,6,6,6,6
290588,1,1,1993,27,20,17,19,13,7,0,10,14,34
290589,1,1,1993,0,0,0,0,0,0,8,0,0,0
290589,2,1,1993,0,0,0,0,0,0,0,0,0,0
290589,3,1,1993,0,0,21,0,0,0,0,0,0,0
290590,0,1,1993,0,0,0,0,0,0,0,0,0,0
290590,1,1,1993,12,12,12,12,12,12,12,12,12,12
290591,1,1,1993,34,34,34,34,34,34,34,34,34,34
290592,1,1,1993,0,0,0,0,0,0,0,0,0,0
290592,2,1,1993,0,0,0,0,0,0,0,0,0,0
290593,0,1,1993,29,29,29,29,29,29,29,29,29,29
290593,1,1,1993,0,0,0,16,0,22,0,0,15,0
290594,1,1,1993,0,0,0,0,0,0,0,0,0,0
290594,2,1,1993,0,0,0,0,0,0,0,0,0,7
290595,0,1,1993,0,0,0,0,0,0,0,0,0,0
290595,1,1,1993,0,10,0,18,0,12,0,0,0,0
290597,1,1,1993,0,0,0,0,0,0,7,0,0,0
290597,2,1,1993,0,0,0,0,0,0,0,0,0,0
290598,1,1,1993,0,0,0,0,0,0,0,0,0,0
290598,2,1,1993,0,0,0,0,0,0,0,0,0,0
290599,1,1,1993,0,0,0,0,0,0,0,0,0,0
290599,2,1,1993,0,0,0,0,0,16,0,0,0,0
290600,1,1,1993,25,25,25,25,25,25,25,25,25,25
290601,0,1,1993,0,0,0,0,0,0,0,0,0,0
290601,1,1,1993,0,0,0,0,0,0,0,0,0,0
290602,0,1,1993,39,0,17,0,0,0,23,0,30,0
290602,1,1,1993,20,11,12,8,10,17,14,15,17,17
290603,1,1,1993,0,0,0,0,0,0,0,0,0,0
290603,2,1,1993,0,0,0,0,0,0,0,0,0,0
290604,1,1,1993,7,7,7,7,7,7,7,7,7,7
290605,1,1,1993,0,8,0,0,0,0,0,0,0,0
290606,0,1,1993,28,28,28,28,28,28,28,28,28,28
290606,1,1,1993,0,0,0,0,0,0,0,0,0,0
290606,2,1,1993,0,19,10,0,0,0,0,8,0,0
290607,1,1,1993,27,27,27,27,27,27,27,27,27,27
290607,2,1,1993,24,0,22,5,15,0,0,22,12,17
290607,3,1,1993,14,0,0,0,0,0,0,0,0,0
290607,4,1,1993,0,0,0,0,0,0,0,11,0,0
290608,1,1,1993,0,0,0,0,0,0,0,0,0,0
290609,1,1,1993,10,10,10,10,10,10,10,10,10,10
290610,0,1,1993,28,28,28,28,28,28,28,28,28,28
290611,1,1,1993,0,0,0,0,0,11,0,0,0,0
290611,2,1,1993,0,0,19,0,20,0,0,0,0,0
290612,1,1,1993,9,4,0,15,8,13,3,18,12,21
290612,2,1,1993,0,0,0,0,0,0,0,0,0,0
290612,3,1,1993,0,0,11,0,0,0,0,0,0,0
290613,0,1,1993,1,1,1,1,1,1,1,1,1,1
290613,1,1,1993,0,13,0,11,15,15,0,28,0,11
290614,1,1,1993,0,8,7,7,25,13,27,23,23,13
290615,0,1,1993,0,0,0,0,0,0,0,0,0,0
290615,1,1,1993,0,0,0,0,0,0,0,0,0,0
290616,1,1,1993,0,0,0,0,0,0,0,0,0,0
290617,1,1,1993,0,0,0,0,0,11,0,0,0,0
290618,1,1,1993,0,0,0,0,0,0,0,0,0,0
290619,1,1,1993,0,0,0,0,0,0,0,0,0,0
290619,2,1,1993,0,0,0,0,0,0,0,10,0,0
290620,1,1,1993,3,3,3,3,3,3,3,3,3,3
290621,1,1,1993,24,13,24,13,18,20,23,14,30,21
290623,1,1,1993,14,14,14,14,14,14,14,14,14,14
290624,1,1,1993,0,0,0,0,0,6,0,12,0,0
290625,1,1,1993,0,0,0,0,0,5,0,0,0,9
290626,1,1,1993,0,0,0,0,0,0,0,0,0,0
290627,1,1,1993,7,22,14,15,18,12,15,14,0,21
290627,2,1,1993,0,0,0,0,0,0,0,0,0,0
290628,1,1,1993,0,0,0,0,0,0,0,0,0,0
290628,2,1,1993,0,0,0,0,0,0,0,0,0,0
290629,1,1,1993,0,0,0,0,0,0,0,0,0,0
290630,1,1,1993,0,0,0,0,0,0,0,0,0,0
290630,2,1,1993,0,0,0,0,0,0,0,0,0,0
290631,1,1,1993,15,15,15,15,15,15,15,15,15,15
290632,1,1,1993,0,0,0,0,0,0,0,0,0,0
290633,1,1,1993,0,0,0,0,0,0,0,0,0,0
290633,2,1,1993,0,0,0,0,0,0,0,0,0,0
290634,1,1,1993,0,0,0,0,0,0,0,0,0,0
290634,2,1,1993,0,0,0,0,0,0,0,0,0,0
290636,1,1,1993,26,26,26,26,26,26,26,26,26,26
290637,1,1,1993,2,2,2,2,2,2,2,2,2,2
290638,1,1,1993,0,0,0,0,0,0,0,0,0,0
290638,2,1,1993,0,0,0,0,0,11,0,0,0,0
290639,1,1,1993,0,0,0,0,0,0,0,0,0,0
290639,2,1,1993,0,0,0,0,0,17,0,0,14,0
290640,1,1,1993,15,15,15,15,15,15,15,15,15,15
290640,2,1,1993,0,0,0,0,0,0,0,0,0,0
290642,0,1,1993,21,21,21,21,21,21,21,21,21,21
290642,1,1,1993,16,16,16,16,16,16,16,16,16,16
290643,1,1,1993,6,6,0,0,0,20,0,10,0,0
290644,1,1,1993,0,0,0,0,0,0,0,0,0,0
290645,1,1,1993,0,0,0,0,0,0,0,0,0,0
290645,2,1,1993,0,0,0,0,0,0,0,0,0,0
290646,1,1,1993,0,0,0,0,0,0,0,0,0,0
290646,2,1,1993,0,0,0,0,0,0,0,0,0,0
290647,1,1,1993,0,0,0,0,0,0,0,0,0,0
290647,2,1,1993,0,0,11,0,0,0,0,3,0,0
290648,0,1,1993,0,0,0,0,0,0,0,0,0,0
290648,1,1,1993,0,0,0,0,14,0,0,0,0,0
290649,1,1,1993,24,24,24,24,24,24,24,24,24,24
290649,2,1,1993,0,0,0,0,0,0,0,0,0,0
290650,1,1,1993,12,22,5,30,5,9,13,10,40,8
290651,1,1,1993,21,21,21,21,21,21,21,21,21,21
290652,1,1,1993,0,0,0,0,0,0,0,0,0,0
290653,1,1,1993,23,24,16,0,9,0,0,0,0,18
290654,1,1,1993,0,0,18,0,0,0,0,0,15,10
290655,1,1,1993,23,23,23,23,23,23,23,23,23,23
290656,1,1,1993,0,0,0,0,0,0,4,0,0,0
290656,2,1,1993,0,0,0,0,0,0,0,0,0,0
290657,1,1,1993,0,0,0,0,0,0,0,0,0,0
290658,1,1,1993,0,0,0,0,0,0,0,0,0,0
290659,1,1,1993,0,0,0,0,0,0,0,0,0,0
290659,2,1,1993,0,0,0,0,0,0,0,0,0,0
290660,1,1,1993,0,0,27,0,0,17,0,0,0,0
290660,2,1,1993,0,0,0,0,0,0,0,0,0,0
290661,1,1,1993,12,10,0,0,0,0,6,0,0,0
290662,0,1,1993,0,22,0,0,0,0,0,0,0,0
290662,1,1,1993,0,0,0,0,0,0,0,0,0,23
290663,0,1,1993,0,0,9,0,0,0,0,0,0,21
290663,1,1,1993,0,0,0,0,0,0,0,0,0,0
290663,2,1,1993,14,0,5,20,0,0,0,0,0,0
290664,1,1,1993,0,0,0,0,0,0,0,0,0,0
290664,2,1,1993,0,0,0,0,0,0,0,0,0,0
290665,1,1,1993,28,28,28,28,28,28,28,28,28,28
290665,2,1,1993,0,0,0,0,0,0,0,0,0,0
290666,1,1,1993,19,19,19,19,19,19,19,19,19,19
290667,1,1,1993,24,23,19,29,14,20,20,11,18,20
290668,1,1,1993,0,0,0,0,0,0,0,0,0,0
290668,2,1,1993,0,19,0,0,0,0,19,0,0,0
290669,0,1,1993,0,0,0,0,0,0,0,0,0,0
290669,1,1,1993,0,0,7,0,0,0,0,0,0,0
290670,0,1,1993,16,16,16,16,16,16,16,16,16,16
290670,1,1,1993,0,0,0,0,6,0,0,0,0,0
290671,1,1,1993,12,12,12,12,12,12,12,12,12,12
290672,1,1,1993,18,18,18,18,18,18,18,18,18,18
290673,0,1,1993,0,0,0,0,0,0,0,0,0,0
290673,1,1,1993,0,0,13,13,0,0,0,0,13,0
290674,1,1,1993,0,0,10,0,0,0,0,8,0,0
290674,2,1,1993,0,0,0,2,0,0,0,0,0,0
290675,1,1,1993,0,0,0,0,0,0,0,0,0,0
290675,2,1,1993,0,0,0,0,0,0,0,0,0,0
290676,1,1,1993,13,13,13,13,13,13,13,13,13,13
290677,1,1,1993,36,36,36,36,36,36,36,36,36,36
290678,0,1,1993,35,35,35,35,35,35,35,35,35,35
290678,1,1,1993,0,8,0,0,0,0,0,0,0,9
290679,1,1,1993,0,0,0,0,0,0,0,0,0,0
290679,2,1,1993,0,0,0,0,0,21,0,0,0,0
290680,1,1,1993,11,11,11,11,11,11,11,11,11,11
290680,2,1,1993,0,0,0,0,0,0,0,0,0,0
290681,1,1,1993,0,0,16,0,0,0,11,11,0,13
290682,1,1,1993,20,20,20,20,20,20,20,20,20,20
290682,2,1,1993,0,0,0,0,0,0,0,0,0,0
290682,3,1,1993,0,0,0,0,0,0,0,0,0,0
290683,1,1,1993,0,0,0,0,0,0,0,0,0,0
290683,2,1,1993,0,0,0,0,0,0,0,0,0,0
290684,1,1,1993,0,0,15,0,0,0,0,0,0,0
290684,2,1,1993,0,0,0,0,0,0,0,0,0,0
290685,1,1,1993,0,0,0,0,7,0,0,0,0,0
290685,2,1,1993,0,0,0,0,0,0,11,0,0,0
290686,1,1,1993,25,25,25,25,25,25,25,25,25,25
290686,2,1,1993,0,0,0,0,0,0,0,0,0,0
290687,1,1,1993,0,0,0,0,0,0,0,0,0,0
290687,2,1,1993,0,6,0,0,6,0,0,0,0,0
290688,1,1,1993,0,0,0,0,0,12,0,0,0,0
290688,2,1,1993,0,0,0,0,0,0,0,0,0,6
290689,1,1,1993,22,22,22,22,22,22,22,22,22,22