ST_CASE,VEH_NO,PER_NO,YEAR,P1,P2,P3,P4,P5,P6,P7,P8,P9,P10
290690,0,1,1993,9,9,9,9,9,9,9,9,9,9
290690,1,1,1993,23,14,28,0,22,11,5,2,27,0
290691,1,1,1993,26,26,26,26,26,26,26,26,26,26
290692,1,1,1993,22,22,22,22,22,22,22,22,22,22
290693,1,1,1993,20,17,5,13,23,0,7,16,19,17
290693,2,1,1993,0,0,0,0,0,0,0,0,0,0
290694,1,1,1993,6,14,18,24,16,15,22,17,23,16
290695,1,1,1993,11,11,11,11,11,11,11,11,11,11
290696,1,1,1993,32,32,32,32,32,32,32,32,32,32
290697,1,1,1993,0,0,0,19,0,0,17,22,0,0
290698,1,1,1993,0,0,0,0,0,0,0,0,0,0
290698,2,1,1993,0,0,10,0,0,0,6,0,0,0
290699,0,1,1993,0,0,0,0,0,0,0,0,0,29
290699,1,1,1993,0,0,0,0,0,0,0,0,0,0
290700,0,1,1993,1,1,1,1,1,1,1,1,1,1
290700,1,1,1993,0,14,18,0,0,0,0,0,0,0
290701,0,1,1993,20,20,20,20,20,20,20,20,20,20
290701,1,1,1993,0,0,0,0,9,0,0,0,0,0
290701,2,1,1993,0,0,0,19,0,0,11,0,0,0
290702,1,1,1993,0,0,0,0,0,0,0,0,0,0
290703,1,1,1993,0,0,0,0,0,0,0,0,0,0
290703,2,1,1993,0,0,9,0,11,15,0,0,0,0
290704,1,1,1993,6,6,6,6,6,6,6,6,6,6
290705,1,1,1993,25,25,25,25,25,25,25,25,25,25
290706,0,1,1993,20,21,19,20,9,28,23,13,26,16
290706,1,1,1993,16,16,16,16,16,16,16,16,16,16
290707,1,1,1993,19,19,19,19,19,19,19,19,19,19
290708,1,1,1993,10,0,0,0,0,0,0,0,0,0
290708,2,1,1993,0,0,0,0,0,0,0,0,0,0
290710,1,1,1993,35,12,0,24,0,10,0,0,0,0
290711,1,1,1993,0,0,0,0,0,0,0,0,0,0
290711,2,1,1993,0,0,0,0,0,0,0,0,0,0
290712,1,1,1993,0,0,0,0,0,0,0,0,0,0
290713,1,1,1993,0,0,0,0,0,0,0,0,0,0
290713,2,1,1993,0,0,0,0,0,0,0,0,0,0
290714,1,1,1993,13,13,13,13,13,13,13,13,13,13
290715,1,1,1993,13,17,0,31,15,21,24,0,27,0
290716,1,1,1993,20,20,20,20,20,20,20,20,20,20
290717,1,1,1993,0,0,0,0,0,0,0,0,0,0
290717,2,1,1993,10,10,10,10,10,10,10,10,10,10
290718,1,1,1993,0,0,0,0,0,0,0,0,0,0
290719,1,1,1993,15,11,0,9,0,0,9,26,13,5
290719,2,1,1993,0,0,0,0,0,0,0,0,0,7
290720,1,1,1993,0,0,0,0,0,0,0,0,0,22
290721,1,1,1993,18,14,0,0,0,11,8,13,0,9
290722,1,1,1993,15,18,0,24,0,17,0,40,25,9
290722,2,1,1993,0,0,0,0,17,0,0,0,0,0
290723,1,1,1993,19,19,19,19,19,19,19,19,19,19
290724,1,1,1993,0,0,0,0,0,0,0,0,0,0
290724,2,1,1993,0,0,0,0,0,0,0,0,0,0
290725,1,1,1993,0,0,0,0,0,22,0,0,0,0
290725,2,1,1993,0,0,0,0,0,0,0,0,0,0
290726,1,1,1993,0,0,0,0,0,0,0,0,0,0
290726,2,1,1993,0,0,0,0,0,0,0,0,0,0
290727,1,1,1993,0,0,0,0,0,0,0,0,0,0
290727,2,1,1993,0,0,0,0,0,0,0,0,0,0
290728,1,1,1993,0,0,0,0,0,0,0,0,3,0
290728,2,1,1993,0,0,0,0,0,0,0,0,0,0
290729,1,1,1993,10,10,10,10,10,10,10,10,10,10
290730,1,1,1993,0,0,0,0,0,0,0,12,0,0
290730,2,1,1993,0,0,0,12,12,0,0,0,0,0
290731,0,1,1993,19,19,19,19,19,19,19,19,19,19
290731,0,2,1993,0,0,0,0,0,0,0,0,0,0
290731,0,3,1993,19,19,19,19,19,19,19,19,19,19
290731,0,4,1993,19,30,23,14,30,20,23,12,4,16
290731,1,1,1993,0,21,0,0,16,0,0,0,0,0
290732,1,1,1993,0,0,0,0,0,0,0,0,0,0
290733,0,1,1993,0,0,0,0,0,0,0,0,0,0
290733,1,1,1993,13,0,0,0,0,0,0,0,11,0
290734,1,1,1993,9,0,0,0,0,18,0,3,14,14
290735,1,1,1993,21,21,21,21,21,21,21,21,21,21
290735,2,1,1993,8,8,8,8,8,8,8,8,8,8
290736,1,1,1993,0,0,0,0,0,0,0,0,0,0
290737,1,1,1993,0,0,0,0,0,0,0,0,0,0
290739,1,1,1993,33,11,0,12,0,16,0,0,13,0
290740,1,1,1993,0,0,0,0,0,0,0,0,0,0
290740,2,1,1993,0,0,0,0,0,0,0,0,0,0
290741,0,1,1993,0,0,0,0,0,0,0,0,0,0
290741,1,1,1993,19,35,16,27,13,29,15,6,20,17
290741,4,1,1993,0,0,0,0,0,0,0,0,0,0
290742,1,1,1993,0,0,0,0,0,0,0,0,0,0
290743,0,1,1993,28,28,28,28,28,28,28,28,28,28
290743,1,1,1993,0,0,0,0,0,0,0,0,0,0
290744,0,1,1993,0,0,0,0,0,0,0,0,0,0
290744,1,1,1993,3,0,0,0,0,10,0,0,3,7
290745,1,1,1993,0,0,0,0,0,0,0,0,0,0
290745,2,1,1993,0,0,0,0,0,0,0,0,0,0
290746,1,1,1993,0,0,0,0,0,0,0,0,0,0
290747,1,1,1993,0,0,0,0,0,0,0,0,0,0
290747,2,1,1993,0,0,0,0,0,0,0,0,0,0
290748,1,1,1993,34,34,34,34,34,34,34,34,34,34
290749,1,1,1993,3,3,3,3,3,3,3,3,3,3
290749,2,1,1993,0,0,0,0,0,16,0,0,0,0
290750,1,1,1993,0,9,0,13,0,0,16,0,10,0
290750,2,1,1993,0,6,0,0,0,16,1,0,0,0
290750,3,1,1993,0,0,0,0,0,0,0,0,0,0
290750,4,1,1993,0,0,9,0,0,0,0,0,0,0
290751,1,1,1993,0,0,0,0,0,0,0,0,0,0
290751,2,1,1993,0,0,0,0,0,0,0,0,0,0
290752,1,1,1993,25,25,25,25,25,25,25,25,25,25
290753,2,1,1993,0,0,0,0,0,0,0,0,0,0
290754,1,1,1993,10,10,10,10,10,10,10,10,10,10
290755,1,1,1993,20,20,20,20,20,20,20,20,20,20
290756,1,1,1993,15,15,15,15,15,15,15,15,15,15
290757,1,1,1993,21,21,21,21,21,21,21,21,21,21
290758,1,1,1993,16,16,16,16,16,16,16,16,16,16
290759,1,1,1993,12,12,12,12,12,12,12,12,12,12
290760,1,1,1993,0,0,0,0,0,0,0,0,0,0
290761,1,1,1993,0,0,0,0,0,0,0,0,0,0
290761,2,1,1993,0,0,0,0,0,0,0,0,0,0
290762,1,1,1993,14,14,14,14,14,14,14,14,14,14
290763,1,1,1993,17,17,17,17,17,17,17,17,17,17
290764,1,1,1993,0,0,0,0,0,0,0,0,0,0
290765,0,1,1993,0,0,0,0,0,0,0,0,0,0
290765,1,1,1993,0,0,0,0,8,0,0,0,6,0
290766,1,1,1993,0,0,0,0,0,0,0,0,0,0
290767,1,1,1993,26,26,26,26,26,26,26,26,26,26
290768,1,1,1993,0,0,0,0,0,0,0,0,0,0
290768,2,1,1993,0,0,0,0,0,0,0,0,7,0
290769,1,1,1993,20,20,20,20,20,20,20,20,20,20
290770,1,1,1993,0,0,0,0,0,10,9,0,18,25
290771,1,1,1993,20,20,20,20,20,20,20,20,20,20
290771,2,1,1993,0,0,0,0,0,0,0,0,0,0
290772,1,1,1993,0,0,21,17,16,10,10,0,0,21
290773,1,1,1993,0,0,0,0,0,0,0,0,0,0
290773,2,1,1993,0,0,0,0,0,0,0,0,0,0
290773,3,1,1993,0,0,0,0,0,0,0,0,0,0
290774,1,1,1993,9,33,0,0,0,2,0,0,0,0
290775,1,1,1993,25,25,25,25,25,25,25,25,25,25
290776,1,1,1993,0,0,0,0,0,0,0,0,0,0
290776,2,1,1993,0,0,0,0,0,0,0,0,0,0
290777,0,1,1993,16,29,0,12,0,21,0,0,0,0
290777,1,1,1993,0,0,0,0,0,0,0,0,0,10
290778,1,1,1993,18,0,0,0,0,0,9,0,0,13
290780,1,1,1993,0,0,0,0,0,0,0,0,0,0
290780,2,1,1993,0,0,0,0,0,0,0,0,2,0
290780,3,1,1993,0,0,0,0,0,0,0,0,0,0
290781,1,1,1993,12,12,15,0,0,0,34,0,0,0
290782,1,1,1993,0,21,30,0,18,9,8,14,13,14
290782,2,1,1993,0,0,0,0,0,0,0,0,0,0
290783,1,1,1993,0,0,0,0,0,0,0,0,0,0
290783,2,1,1993,0,0,0,0,0,0,0,0,0,0
290783,3,1,1993,0,0,0,0,0,0,0,0,0,0
290784,1,1,1993,0,0,0,0,0,0,0,0,0,0
290785,0,2,1993,0,12,0,19,0,24,0,8,8,0
290785,0,3,1993,0,0,0,0,0,0,0,0,0,0
290785,0,4,1993,7,21,0,0,0,12,31,10,25,0
290785,2,1,1993,10,10,10,10,10,10,10,10,10,10
290786,1,1,1993,0,0,5,7,0,0,6,0,0,0
290787,1,1,1993,0,0,0,0,0,0,0,0,0,0
290787,2,1,1993,0,0,14,0,0,0,0,0,0,0
290788,1,1,1993,16,14,6,4,27,21,13,6,12,11
290789,0,1,1993,0,0,0,0,0,0,0,0,0,0
290789,1,1,1993,0,13,0,4,20,0,0,0,0,0
290790,1,1,1993,21,21,21,21,21,21,21,21,21,21
290791,1,1,1993,0,0,0,0,0,0,0,0,0,0
290791,2,1,1993,0,20,0,0,0,0,0,0,0,0
290792,1,1,1993,16,16,16,16,16,16,16,16,16,16
290793,1,1,1993,3,20,13,0,0,22,5,0,0,0
290794,1,1,1993,15,15,15,15,15,15,15,15,15,15
290795,1,1,1993,26,26,26,26,26,26,26,26,26,26
290796,1,1,1993,24,24,24,24,24,24,24,24,24,24
290797,1,1,1993,0,0,0,0,0,0,0,0,0,0
290797,2,1,1993,0,0,0,0,0,0,0,0,0,0
290798,1,1,1993,0,25,0,12,25,0,30,0,0,0
290799,1,1,1993,23,23,23,23,23,23,23,23,23,23
290800,1,1,1993,22,22,22,22,22,22,22,22,22,22
290801,1,1,1993,17,0,0,0,13,11,0,20,0,0
290802,1,1,1993,12,0,14,0,0,0,18,0,6,0
290803,1,1,1993,24,24,24,24,24,24,24,24,24,24
290803,2,1,1993,0,0,0,21,0,12,0,0,19,13
290804,1,1,1993,0,0,20,0,0,0,0,0,0,0
290804,2,1,1993,0,0,0,0,0,0,0,0,0,0
290805,1,1,1993,9,9,9,9,9,9,9,9,9,9
290806,1,1,1993,17,17,17,17,17,17,17,17,17,17
290807,1,1,1993,0,26,0,0,0,0,0,0,0,0
290807,2,1,1993,0,0,0,0,0,0,0,0,0,0
290808,1,1,1993,0,0,0,0,0,0,0,0,0,0
290808,2,1,1993,0,23,0,0,0,0,0,0,0,0
290809,1,1,1993,0,0,0,0,0,0,0,0,0,0
290809,2,1,1993,0,0,0,0,0,0,0,0,15,0
290810,1,1,1993,0,0,0,0,0,0,0,0,0,0
290810,2,1,1993,0,0,0,0,0,0,0,0,0,0
290811,1,1,1993,0,0,0,0,0,0,0,0,0,0
290811,2,1,1993,0,0,0,11,0,0,0,0,0,0
290812,1,1,1993,0,0,0,0,0,0,0,0,0,0
290813,1,1,1993,0,0,0,9,11,0,0,0,0,17
290814,1,1,1993,0,0,0,0,0,0,0,0,0,0
290814,2,1,1993,0,0,0,0,0,0,0,0,0,0
290814,3,1,1993,20,0,0,16,17,0,10,0,12,0
290815,1,1,1993,0,0,0,0,0,0,0,0,0,0
290815,2,1,1993,0,0,13,0,0,0,0,0,0,0
290816,0,1,1993,4,4,4,4,4,4,4,4,4,4
290816,1,1,1993,0,0,0,17,12,0,0,0,12,0
290817,1,1,1993,0,0,0,0,0,0,0,0,0,0
290817,2,1,1993,0,0,0,0,0,0,0,0,0,0
290818,1,1,1993,0,0,0,0,0,0,0,0,0,0
290818,2,1,1993,0,0,0,0,0,0,0,0,0,0
290819,1,1,1993,31,31,31,31,31,31,31,31,31,31
290820,1,1,1993,19,19,19,19,19,19,19,19,19,19
290821,1,1,1993,0,0,33,19,16,15,16,32,14,10
290822,1,1,1993,0,0,0,0,0,0,0,0,0,0
290823,1,1,1993,8,17,8,11,14,8,19,25,6,0
290824,0,1,1993,0,0,0,0,44,19,6,0,0,0
290824,1,1,1993,0,0,0,0,0,0,0,0,0,0
290825,1,1,1993,0,32,0,0,0,21,0,0,0,14
290825,2,1,1993,0,0,0,0,0,0,0,0,0,0
290826,1,1,1993,24,24,24,24,24,24,24,24,24,24
290827,1,1,1993,34,34,34,34,34,34,34,34,34,34
290828,1,1,1993,14,14,14,14,14,14,14,14,14,14
290829,1,1,1993,7,18,0,36,6,9,19,0,0,38
290830,1,1,1993,0,0,0,0,0,8,0,0,0,0
290831,1,1,1993,0,0,0,0,0,0,0,0,0,0
290831,2,1,1993,0,0,0,0,0,0,0,0,0,0
290832,1,1,1993,0,0,0,0,0,0,0,0,0,0
290832,2,1,1993,30,0,0,0,0,0,0,0,11,0
290833,1,1,1993,0,0,0,10,9,7,0,0,0,0
290834,1,1,1993,10,10,10,10,10,10,10,10,10,10
290834,2,1,1993,0,0,0,0,0,9,0,0,0,0
290835,1,1,1993,13,13,13,13,13,13,13,13,13,13
290836,1,1,1993,9,9,9,9,9,9,9,9,9,9
290837,1,1,1993,23,23,23,23,23,23,23,23,23,23
290838,1,1,1993,0,0,0,0,0,0,0,0,0,0
290839,1,1,1993,0,0,0,0,0,0,0,0,0,0
290839,2,1,1993,0,0,0,0,0,0,0,14,0,0
290840,0,1,1993,26,26,26,26,26,26,26,26,26,26
290840,1,1,1993,0,0,0,0,0,19,0,0,0,0
290841,1,1,1993,22,22,22,22,22,22,22,22,22,22
290842,1,1,1993,30,35,26,14,14,9,34,0,18,20
290843,1,1,1993,0,0,0,0,0,0,0,0,0,0
290843,2,1,1993,0,0,0,0,0,0,0,0,0,0
290844,1,1,1993,28,0,11,0,0,17,22,21,28,10
290845,1,1,1993,0,0,0,0,0,0,0,0,0,0
290845,2,1,1993,0,0,0,0,0,0,0,0,0,0
290846,0,1,1993,0,0,0,0,0,0,0,0,0,0
290846,1,1,1993,0,2,7,0,20,0,0,0,0,0
290847,1,1,1993,18,18,18,18,18,18,18,18,18,18
290848,1,1,1993,0,33,25,0,26,24,17,24,17,23
290850,1,1,1993,5,0,7,24,13,14,0,5,0,4
290851,1,1,1993,0,0,0,0,0,0,0,15,0,0
290852,0,1,1993,0,0,0,0,0,0,0,0,0,0
290852,1,1,1993,3,3,0,0,0,0,0,19,15,0
290853,1,1,1993,0,0,0,0,0,0,0,0,0,0
290854,1,1,1993,0,0,0,0,0,0,0,0,0,0
290854,2,1,1993,32,32,32,32,32,32,32,32,32,32
290855,1,1,1993,27,27,27,27,27,27,27,27,27,27
290856,1,1,1993,0,0,0,0,0,0,0,0,0,0
290856,2,1,1993,0,0,0,0,0,0,0,0,0,0
290857,0,1,1993,0,0,0,0,0,0,0,0,0,0
290857,1,1,1993,0,0,0,0,0,12,0,0,0,0
290858,1,1,1993,0,0,0,0,12,0,0,0,0,0
290858,2,1,1993,0,0,0,0,0,0,0,0,0,0
290859,0,1,1993,0,0,0,0,0,0,0,0,0,0
290859,1,1,1993,5,0,0,0,13,0,0,0,14,0
290860,1,1,1993,22,22,22,22,22,22,22,22,22,22
290860,2,1,1993,0,0,0,0,0,0,0,0,0,0
290861,1,1,1993,27,27,26,14,10,42,11,0,35,15
290862,1,1,1993,0,0,0,0,0,0,0,0,0,0
290862,2,1,1993,0,0,0,0,0,0,0,0,0,0
290863,0,1,1993,0,0,0,0,0,0,0,0,0,0
290863,1,1,1993,0,0,0,0,0,0,0,0,0,14
290864,1,1,1993,17,0,0,24,17,0,26,23,18,11
290865,1,1,1993,17,17,17,17,17,17,17,17,17,17
290865,2,1,1993,0,0,0,0,0,0,0,0,0,0
290866,1,1,1993,5,18,14,20,0,0,11,16,9,3
290866,2,1,1993,0,0,0,0,0,0,0,0,0,0
290867,1,1,1993,25,25,25,25,25,25,25,25,25,25
290868,1,1,1993,0,0,0,0,0,0,12,0,0,0
290868,2,1,1993,0,0,0,0,0,0,0,0,0,0
290869,1,1,1993,0,0,0,0,0,0,0,0,5,0
290869,2,1,1993,0,0,0,0,0,0,0,0,0,0
300001,1,1,1993,25,25,25,25,25,25,25,25,25,25
300002,0,1,1993,0,0,0,0,0,0,0,0,0,0
300002,1,1,1993,0,0,0,0,0,0,0,0,0,0
300003,1,1,1993,0,0,0,0,0,0,0,0,0,0
300004,1,1,1993,0,0,0,0,0,0,0,0,0,0
300005,1,1,1993,14,14,14,14,14,14,14,14,14,14
300006,1,1,1993,23,23,23,23,23,23,23,23,23,23
300007,1,1,1993,17,17,17,17,17,17,17,17,17,17
300008,1,1,1993,0,0,0,0,0,0,0,0,0,0
300008,2,1,1993,0,0,0,0,0,0,0,0,0,0
300010,1,1,1993,0,0,0,0,0,0,0,0,0,0
300011,1,1,1993,16,16,16,16,16,16,16,16,16,16
300012,1,1,1993,0,0,0,0,0,0,0,0,0,0
300013,1,1,1993,0,0,0,0,0,0,0,0,0,0
300013,2,1,1993,0,0,0,0,0,11,0,0,0,0
300014,1,1,1993,0,0,0,0,0,0,0,0,0,0
300014,2,1,1993,0,0,0,0,0,0,0,0,0,0
300015,1,1,1993,0,0,0,0,0,0,0,0,0,0
300015,2,1,1993,0,0,0,0,0,0,0,0,0,0
300016,1,1,1993,21,21,21,21,21,21,21,21,21,21
300017,1,1,1993,0,0,0,0,0,0,0,0,0,0
300017,2,1,1993,0,0,0,0,0,0,0,0,0,0
300018,1,1,1993,23,23,23,23,23,23,23,23,23,23
300019,1,1,1993,0,0,0,0,0,0,0,0,0,0
300019,2,1,1993,28,28,28,28,28,28,28,28,28,28
300020,1,1,1993,0,0,0,0,0,0,0,0,0,0
300020,2,1,1993,30,30,30,30,30,30,30,30,30,30
300021,1,1,1993,0,0,0,0,0,0,0,0,0,0
300021,2,1,1993,0,0,0,0,0,0,0,0,0,0
300022,1,1,1993,0,0,0,0,0,0,0,0,0,0
300023,1,1,1993,14,14,14,14,14,14,14,14,14,14
300024,1,1,1993,0,0,0,0,0,0,0,0,0,0
300025,1,1,1993,22,22,22,22,22,22,22,22,22,22
300026,1,1,1993,17,17,17,17,17,17,17,17,17,17
300027,1,1,1993,21,21,21,21,21,21,21,21,21,21
300028,1,1,1993,17,17,17,17,17,17,17,17,17,17
300029,1,1,1993,17,17,17,17,17,17,17,17,17,17
300030,1,1,1993,10,10,10,10,10,10,10,10,10,10
300031,1,1,1993,0,0,0,0,0,0,0,0,0,0
300032,1,1,1993,22,22,22,22,22,22,22,22,22,22
300033,1,1,1993,12,12,12,12,12,12,12,12,12,12
300034,1,1,1993,20,20,20,20,20,20,20,20,20,20
300035,1,1,1993,0,0,0,0,0,0,0,0,0,0
300035,2,1,1993,0,0,0,0,0,0,0,0,0,0
300036,1,1,1993,21,21,21,21,21,21,21,21,21,21
300037,0,1,1993,17,17,17,17,17,17,17,17,17,17
300037,1,1,1993,27,27,27,27,27,27,27,27,27,27
300038,1,1,1993,0,0,0,0,0,0,0,0,0,0
300039,1,1,1993,6,6,6,6,6,6,6,6,6,6
300039,2,1,1993,0,0,0,0,0,0,0,0,0,0
300040,1,1,1993,0,0,0,0,0,0,0,0,0,0
300041,1,1,1993,25,25,25,25,25,25,25,25,25,25
300042,1,1,1993,0,0,0,0,0,0,0,0,0,0
300042,2,1,1993,0,0,0,0,0,0,0,0,0,0
300043,1,1,1993,17,17,17,17,17,17,17,17,17,17
300044,1,1,1993,22,22,22,22,22,22,22,22,22,22
300045,1,1,1993,0,0,0,0,0,0,0,0,0,0
300046,1,1,1993,0,0,0,0,0,0,0,0,0,0
300046,2,1,1993,0,0,0,0,0,0,0,0,0,0
300047,1,1,1993,9,9,9,9,9,9,9,9,9,9
300048,1,1,1993,0,0,0,0,0,0,0,0,0,0
300049,1,1,1993,22,22,22,22,22,22,22,22,22,22
300050,1,1,1993,0,0,0,0,0,0,0,0,0,0
300051,1,1,1993,0,0,0,0,0,0,0,0,0,0
300051,2,1,1993,0,0,0,0,0,0,0,0,0,0
300052,1,1,1993,27,27,27,27,27,27,27,27,27,27
300053,0,1,1993,0,0,0,0,0,0,0,0,0,0
300053,1,1,1993,0,0,0,0,0,0,0,0,0,0
300054,1,1,1993,7,7,7,7,7,7,7,7,7,7
300055,1,1,1993,0,0,0,0,0,0,0,0,0,0
300056,1,1,1993,15,15,15,15,15,15,15,15,15,15
300056,2,1,1993,0,0,0,0,0,0,0,0,0,0
300057,1,1,1993,13,13,13,13,13,13,13,13,13,13
300058,1,1,1993,19,19,19,19,19,19,19,19,19,19
300059,1,1,1993,16,16,16,16,16,16,16,16,16,16
300060,1,1,1993,0,0,0,0,0,0,0,0,0,0
300061,1,1,1993,16,16,16,16,16,16,16,16,16,16
300061,2,1,1993,0,0,0,0,0,0,0,0,0,0
300062,1,1,1993,0,0,0,0,0,0,0,0,0,0
300062,2,1,1993,0,0,0,0,0,0,0,0,0,0
300063,1,1,1993,0,0,0,0,0,0,0,0,0,0
300064,1,1,1993,33,0,0,39,24,11,0,0,0,0
300065,1,1,1993,20,20,20,20,20,20,20,20,20,20
300066,1,1,1993,1,1,1,1,1,1,1,1,1,1
300066,2,1,1993,22,22,22,22,22,22,22,22,22,22
300067,1,1,1993,0,0,0,0,0,0,0,0,0,0
300068,1,1,1993,0,0,0,0,0,0,0,0,0,0
300069,1,1,1993,25,25,25,25,25,25,25,25,25,25
300070,1,1,1993,21,21,21,21,21,21,21,21,21,21
300071,1,1,1993,0,0,0,0,0,0,0,0,0,0
300072,0,1,1993,25,25,25,25,25,25,25,25,25,25
300072,1,1,1993,0,0,0,0,0,0,0,0,0,0
300073,0,1,1993,0,0,0,0,0,0,0,0,0,0
300073,1,1,1993,0,0,0,0,0,0,0,0,0,0
300074,0,1,1993,0,0,0,0,0,0,0,0,0,0
300074,0,2,1993,0,21,0,0,0,0,0,9,21,0
300074,1,1,1993,0,0,0,0,0,0,0,0,0,0
300074,2,1,1993,0,0,0,0,0,0,0,0,0,0
300075,1,1,1993,0,0,0,0,0,0,0,0,0,0
300075,2,1,1993,0,0,0,0,0,0,0,0,0,0
300076,1,1,1993,7,7,7,7,7,7,7,7,7,7
300077,1,1,1993,24,24,24,24,24,24,24,24,24,24
300078,1,1,1993,20,20,20,20,20,20,20,20,20,20
300078,2,1,1993,0,0,0,0,0,0,0,0,0,0
300079,1,1,1993,0,0,0,0,0,0,0,0,0,0
300080,1,1,1993,30,30,30,30,30,30,30,30,30,30
300081,1,1,1993,24,24,24,24,24,24,24,24,24,24
300082,1,1,1993,19,19,19,19,19,19,19,19,19,19
300083,1,1,1993,0,0,0,0,0,0,0,0,0,0
300084,1,1,1993,1,1,1,1,1,1,1,1,1,1
300085,1,1,1993,0,0,0,0,0,0,0,0,0,0
300086,0,1,1993,17,17,17,17,17,17,17,17,17,17
300086,1,1,1993,5,5,5,5,5,5,5,5,5,5
300087,1,1,1993,19,19,19,19,19,19,19,19,19,19
300088,1,1,1993,3,3,3,3,3,3,3,3,3,3
300089,1,1,1993,0,0,0,0,0,0,0,0,0,0
300089,2,1,1993,0,0,0,0,0,0,0,0,0,0
300090,0,1,1993,22,22,22,22,22,22,22,22,22,22
300090,1,1,1993,0,0,0,0,0,0,0,0,0,0
300091,1,1,1993,20,20,20,20,20,20,20,20,20,20
300092,1,1,1993,14,14,14,14,14,14,14,14,14,14
300092,2,1,1993,0,0,0,0,0,0,0,0,0,0
300093,1,1,1993,15,15,15,15,15,15,15,15,15,15
300094,1,1,1993,3,3,3,3,3,3,3,3,3,3
300095,1,1,1993,0,0,0,0,0,0,0,0,0,0
300095,2,1,1993,0,0,0,0,0,0,0,0,0,0
300096,1,1,1993,24,10,11,11,9,8,14,14,21,6
300096,2,1,1993,25,25,25,25,25,25,25,25,25,25
300097,1,1,1993,16,16,16,16,16,16,16,16,16,16
300098,1,1,1993,3,3,3,3,3,3,3,3,3,3
300099,1,1,1993,0,0,0,0,0,0,0,0,0,0
300100,1,1,1993,0,0,0,0,0,0,0,0,0,0
300101,1,1,1993,15,15,15,15,15,15,15,15,15,15
300101,2,1,1993,0,0,0,0,0,0,0,0,0,0
300102,1,1,1993,0,0,0,0,0,0,0,0,0,0
300102,2,1,1993,0,0,0,0,0,0,0,0,0,0
300103,1,1,1993,0,0,0,0,0,0,0,0,0,0
300103,2,1,1993,27,27,27,27,27,27,27,27,27,27
300104,1,1,1993,20,20,20,20,20,20,20,20,20,20
300105,1,1,1993,0,0,0,0,0,0,0,0,0,0
300105,2,1,1993,0,0,0,0,0,0,0,0,0,0
300106,1,1,1993,2,2,2,2,2,2,2,2,2,2
300107,1,1,1993,0,0,0,0,0,0,0,0,0,0
300107,2,1,1993,0,0,0,0,0,0,0,0,0,0
300108,1,1,1993,20,20,20,20,20,20,20,20,20,20
300109,1,1,1993,29,29,29,29,29,29,29,29,29,29
300110,1,1,1993,0,0,0,0,0,0,0,0,0,0
300110,2,1,1993,0,0,0,0,0,0,0,0,0,0
300111,1,1,1993,0,0,0,0,0,0,0,0,0,0
300111,2,1,1993,23,23,23,23,23,23,23,23,23,23
300112,1,1,1993,0,0,0,0,0,0,0,0,0,0
300112,2,1,1993,37,37,37,37,37,37,37,37,37,37
300113,0,1,1993,25,25,25,25,25,25,25,25,25,25
300113,1,1,1993,22,22,22,22,22,22,22,22,22,22
300114,1,1,1993,20,20,20,20,20,20,20,20,20,20
300115,1,1,1993,6,6,6,6,6,6,6,6,6,6
300115,2,1,1993,6,6,6,6,6,6,6,6,6,6
300116,1,1,1993,0,0,0,0,0,0,0,0,0,0
300116,2,1,1993,20,20,20,20,20,20,20,20,20,20
300117,1,1,1993,15,15,15,15,15,15,15,15,15,15
300117,2,1,1993,0,0,0,0,0,0,0,0,0,0
300118,1,1,1993,0,0,0,0,0,0,0,0,0,0
300118,2,1,1993,0,0,0,0,0,0,0,0,0,0
300118,3,1,1993,0,0,0,0,0,0,0,0,0,0
300119,1,1,1993,9,9,9,9,9,9,9,9,9,9
300120,1,1,1993,0,0,0,0,0,0,0,0,0,0
300120,2,1,1993,0,0,0,0,0,0,0,0,0,0
300122,1,1,1993,0,0,0,0,0,0,0,0,0,0
300123,1,1,1993,22,22,22,22,22,22,22,22,22,22
300124,1,1,1993,18,18,18,18,18,18,18,18,18,18
300125,1,1,1993,22,22,22,22,22,22,22,22,22,22
300126,1,1,1993,29,29,29,29,29,29,29,29,29,29
300127,1,1,1993,0,0,0,0,0,0,0,0,0,0
300127,2,1,1993,26,26,26,26,26,26,26,26,26,26
300128,1,1,1993,22,22,22,22,22,22,22,22,22,22
300129,1,1,1993,25,25,25,25,25,25,25,25,25,25