ST_CASE,VEH_NO,PER_NO,YEAR,P1,P2,P3,P4,P5,P6,P7,P8,P9,P10
320023,2,1,1993,0,0,0,0,0,0,0,0,0,0
320024,1,1,1993,0,0,0,0,0,0,0,0,0,0
320024,2,1,1993,0,0,0,0,0,0,0,0,0,0
320024,3,1,1993,0,0,0,0,0,0,0,0,0,0
320025,1,1,1993,5,5,5,5,5,5,5,5,5,5
320025,2,1,1993,0,0,0,0,0,0,0,0,0,0
320026,1,1,1993,10,31,0,0,0,0,0,13,0,5
320027,1,1,1993,25,25,25,25,25,25,25,25,25,25
320028,1,1,1993,0,0,0,0,0,0,0,0,0,0
320029,1,1,1993,13,13,13,13,13,13,13,13,13,13
320029,2,1,1993,0,0,0,0,0,0,0,0,0,0
320030,1,1,1993,0,0,0,0,0,0,0,0,0,0
320031,1,1,1993,1,1,1,1,1,1,1,1,1,1
320031,2,1,1993,0,0,6,0,0,0,0,0,0,0
320032,1,1,1993,4,4,4,4,4,4,4,4,4,4
320032,2,1,1993,0,0,0,0,0,0,7,0,0,0
320033,1,1,1993,0,0,0,0,0,0,0,26,0,0
320034,0,1,1993,0,0,0,0,0,0,0,0,0,0
320034,1,1,1993,24,0,0,0,0,0,0,0,0,0
320035,1,1,1993,0,0,0,0,0,0,0,0,0,0
320035,2,1,1993,34,22,0,0,0,0,0,14,0,0
320036,1,1,1993,0,0,0,0,0,0,0,0,0,0
320036,2,1,1993,0,0,0,0,0,0,0,0,0,0
320037,1,1,1993,0,0,0,0,0,0,0,0,0,0
320037,2,1,1993,0,0,0,7,0,0,11,0,0,0
320038,1,1,1993,0,0,0,0,0,0,0,0,0,0
320038,2,1,1993,0,0,0,0,0,8,0,0,0,0
320039,0,1,1993,0,0,0,0,0,35,0,7,14,16
320039,1,1,1993,0,9,0,0,16,2,0,0,0,0
320040,1,1,1993,0,0,0,0,0,0,0,0,0,0
320041,0,1,1993,11,0,0,0,0,0,0,0,0,22
320041,1,1,1993,0,0,0,0,0,0,0,0,0,0
320042,1,1,1993,0,0,0,0,0,0,0,0,0,0
320042,2,1,1993,1,1,1,1,1,1,1,1,1,1
320043,1,1,1993,15,15,15,15,15,15,15,15,15,15
320044,1,1,1993,0,0,0,0,0,0,0,0,0,0
320045,1,1,1993,0,0,0,0,0,0,0,0,0,0
320046,1,1,1993,0,0,0,0,0,0,0,0,0,0
320047,1,1,1993,4,4,4,4,4,4,4,4,4,4
320048,1,1,1993,10,10,10,10,10,10,10,10,10,10
320048,2,1,1993,0,0,0,0,0,0,0,0,0,0
320049,1,1,1993,0,0,0,0,0,0,8,0,18,0
320050,0,1,1993,12,12,12,12,12,12,12,12,12,12
320050,1,1,1993,6,10,0,0,0,0,0,0,0,0
320050,2,1,1993,0,0,0,0,0,0,0,0,4,0
320051,1,1,1993,23,20,0,0,27,24,14,16,15,0
320052,1,1,1993,10,10,10,10,10,10,10,10,10,10
320053,1,1,1993,0,0,0,0,0,0,0,0,0,0
320054,1,1,1993,12,13,0,0,0,8,0,0,0,0
320055,1,1,1993,0,0,0,0,0,0,0,26,30,27
320056,1,1,1993,0,0,0,0,0,0,0,0,0,0
320056,2,1,1993,0,0,0,0,0,0,0,0,0,0
320057,1,1,1993,0,0,10,0,0,0,0,0,0,0
320057,2,1,1993,11,11,11,11,11,11,11,11,11,11
320058,1,1,1993,0,0,0,0,0,0,9,0,0,0
320058,2,1,1993,0,0,0,0,0,0,0,0,0,0
320060,0,1,1993,0,0,0,0,0,0,0,0,0,0
320060,1,1,1993,0,0,0,0,0,0,0,0,0,0
320061,1,1,1993,0,0,0,0,0,0,25,0,0,0
320062,0,1,1993,0,0,0,0,0,0,0,0,0,0
320062,1,1,1993,0,0,0,0,0,0,0,0,0,0
320063,1,1,1993,0,0,0,0,0,0,0,0,0,0
320064,1,1,1993,0,0,0,0,0,0,0,0,0,0
320064,2,1,1993,0,0,0,0,0,0,0,0,0,26
320064,3,1,1993,0,0,0,0,0,0,0,0,0,0
320064,4,1,1993,0,0,0,0,0,0,0,0,0,0
320065,0,1,1993,0,0,0,0,0,0,0,0,0,0
320065,1,1,1993,0,0,0,0,0,16,0,0,0,16
320066,0,1,1993,0,0,0,0,0,0,0,0,0,0
320066,1,1,1993,0,0,0,0,0,0,0,0,0,0
320067,1,1,1993,0,0,0,0,0,0,0,0,0,0
320067,2,1,1993,0,0,0,0,0,0,0,0,0,0
320067,3,1,1993,0,0,0,0,0,0,0,0,0,0
320068,1,1,1993,7,7,7,7,7,7,7,7,7,7
320069,1,1,1993,17,17,17,17,17,17,17,17,17,17
320070,0,1,1993,24,24,24,24,24,24,24,24,24,24
320070,1,1,1993,16,16,16,16,16,16,16,16,16,16
320071,1,1,1993,0,0,0,0,0,0,0,0,0,0
320071,2,1,1993,0,0,0,0,0,0,6,0,2,0
320071,3,1,1993,0,0,0,0,14,0,0,0,0,0
320072,1,1,1993,0,0,0,0,0,0,0,0,0,0
320073,1,1,1993,0,0,0,0,0,0,0,0,0,0
320073,2,1,1993,0,0,0,0,0,0,0,0,0,0
320073,3,1,1993,0,0,11,17,13,0,16,18,0,25
320074,0,1,1993,0,0,0,0,0,0,0,0,0,0
320074,1,1,1993,0,0,0,0,0,0,0,0,0,0
320075,1,1,1993,0,0,0,0,0,0,0,0,0,0
320075,2,1,1993,0,0,0,0,0,0,0,0,0,0
320076,1,1,1993,0,0,0,0,0,0,0,0,0,0
320076,2,1,1993,0,0,0,0,0,0,0,0,0,0
320077,0,1,1993,22,22,22,22,22,22,22,22,22,22
320077,1,1,1993,0,0,0,0,0,7,0,0,0,0
320078,1,1,1993,0,26,20,34,0,0,0,0,16,0
320079,1,1,1993,0,0,0,0,0,0,0,0,0,0
320080,1,1,1993,0,0,0,0,0,0,0,0,0,9
320080,2,1,1993,0,0,0,0,0,0,0,0,0,0
320080,3,1,1993,0,9,0,0,0,0,0,0,0,0
320081,0,1,1993,17,17,17,17,17,17,17,17,17,17
320081,0,2,1993,10,10,10,10,10,10,10,10,10,10
320081,1,1,1993,0,11,0,0,0,0,0,0,0,0
320082,1,1,1993,0,24,0,0,22,0,24,17,0,14
320083,1,1,1993,12,0,15,8,17,2,8,9,8,14
320084,1,1,1993,0,0,0,0,0,0,0,0,0,0
320085,0,1,1993,0,0,0,0,0,0,0,0,0,0
320085,1,1,1993,0,0,0,0,0,0,0,0,0,0
320086,1,1,1993,0,0,0,0,0,0,0,0,0,0
320086,2,1,1993,0,0,0,0,0,0,0,0,0,0
320087,1,1,1993,27,27,27,27,27,27,27,27,27,27
320088,1,1,1993,0,0,0,0,0,0,0,0,0,0
320088,2,1,1993,0,0,0,0,0,0,0,0,0,0
320089,1,1,1993,18,18,18,18,18,18,18,18,18,18
320089,2,1,1993,0,0,0,0,0,0,0,0,0,0
320090,1,1,1993,1,1,1,1,1,1,1,1,1,1
320091,1,1,1993,0,0,0,0,0,0,0,0,0,0
320091,2,1,1993,0,0,0,0,0,0,0,0,6,0
320092,1,1,1993,0,0,0,0,0,0,0,0,0,0
320092,2,1,1993,0,0,0,0,0,0,0,0,0,0
320093,1,1,1993,0,0,0,0,0,0,0,0,0,0
320093,2,1,1993,0,0,0,0,0,0,0,0,0,0
320094,1,1,1993,0,0,0,0,0,0,0,0,0,0
320094,2,1,1993,0,0,0,0,0,0,0,0,0,0
320095,0,1,1993,0,0,0,0,0,0,0,0,0,0
320095,1,1,1993,0,10,0,16,0,0,0,0,0,0
320096,0,1,1993,0,0,0,0,0,0,0,0,0,0
320096,1,1,1993,0,19,8,0,0,0,0,0,0,32
320097,1,1,1993,0,0,0,0,0,0,0,22,0,0
320098,1,1,1993,0,0,0,0,0,0,0,0,0,0
320099,1,1,1993,2,2,2,2,2,2,2,2,2,2
320100,1,1,1993,45,45,45,45,45,45,45,45,45,45
320101,1,1,1993,0,0,0,0,0,0,0,0,0,0
320102,1,1,1993,0,0,11,0,0,0,6,0,0,0
320103,1,1,1993,16,16,16,16,16,16,16,16,16,16
320103,2,1,1993,0,0,0,0,0,0,0,0,0,0
320104,1,1,1993,0,0,0,0,0,0,0,24,0,0
320105,1,1,1993,0,0,0,0,0,0,0,0,19,0
320106,1,1,1993,12,12,12,12,12,12,12,12,12,12
320107,1,1,1993,0,0,0,0,0,0,0,0,0,0
320108,1,1,1993,3,3,3,3,3,3,3,3,3,3
320109,1,1,1993,0,0,0,0,0,0,0,0,0,0
320109,2,1,1993,0,0,0,0,0,0,0,0,0,0
320110,1,1,1993,34,34,34,34,34,34,34,34,34,34
320110,2,1,1993,34,34,34,34,34,34,34,34,34,34
320111,0,1,1993,0,0,0,0,0,0,0,0,0,0
320111,1,1,1993,0,0,0,0,0,0,4,0,0,0
320112,1,1,1993,20,20,20,20,20,20,20,20,20,20
320112,2,1,1993,0,0,0,0,0,0,0,0,0,0
320112,3,1,1993,0,0,0,0,0,0,0,0,0,0
320113,1,1,1993,0,0,0,0,0,0,0,0,0,0
320113,2,1,1993,0,0,0,0,0,0,0,0,0,0
320113,3,1,1993,0,0,0,0,0,7,0,0,0,0
320114,1,2,1993,18,30,19,10,14,16,22,24,25,12
320115,1,1,1993,0,0,0,0,0,0,0,0,0,0
320116,1,1,1993,15,15,15,15,15,15,15,15,15,15
320117,0,1,1993,37,37,37,37,37,37,37,37,37,37
320117,1,1,1993,0,0,0,9,0,0,0,21,0,0
320118,1,1,1993,8,0,29,43,9,14,15,22,14,41
320119,1,1,1993,0,0,0,0,0,0,0,0,0,0
320119,2,1,1993,0,0,0,0,0,0,0,0,0,0
320120,1,1,1993,0,0,0,0,0,0,0,0,0,0
320120,2,1,1993,0,0,0,0,0,0,5,0,0,0
320121,0,1,1993,21,0,38,23,42,3,0,22,0,0
320121,0,2,1993,0,0,0,22,32,19,27,18,0,20
320121,1,1,1993,19,7,7,15,19,0,8,5,0,13
320122,1,1,1993,1,1,1,1,1,1,1,1,1,1
320122,2,1,1993,0,0,10,0,14,0,0,0,18,0
320123,1,1,1993,27,27,27,27,27,27,27,27,27,27
320123,2,1,1993,10,0,0,5,7,26,0,14,0,8
320124,1,1,1993,0,0,0,0,0,0,0,0,0,0
320124,2,1,1993,0,0,16,0,0,0,0,0,0,0
320125,1,1,1993,0,0,0,0,0,0,0,0,0,0
320126,0,1,1993,8,8,8,8,8,8,8,8,8,8
320126,1,1,1993,0,0,0,0,0,0,0,0,0,0
320127,1,1,1993,0,0,0,0,0,0,0,0,0,0
320127,2,1,1993,0,0,0,0,0,0,0,0,0,0
320128,1,1,1993,11,11,11,11,11,11,11,11,11,11
320129,1,1,1993,0,0,0,0,0,0,0,0,0,0
320129,2,1,1993,0,0,0,0,0,0,0,0,0,0
320130,1,1,1993,0,0,0,0,0,0,0,0,0,0
320130,2,1,1993,0,0,0,0,0,0,0,0,0,0
320131,0,1,1993,18,18,18,18,18,18,18,18,18,18
320131,1,1,1993,0,9,0,0,0,0,0,0,28,4
320131,2,1,1993,21,0,0,0,0,0,12,0,0,0
320132,1,1,1993,0,0,0,0,0,0,0,0,0,0
320132,2,1,1993,16,16,16,16,16,16,16,16,16,16
320133,1,1,1993,0,0,0,0,0,0,0,0,0,0
320133,2,1,1993,16,7,0,0,23,0,0,0,0,12
320134,0,1,1993,23,23,23,23,23,23,23,23,23,23
320134,1,1,1993,4,24,0,0,0,0,0,0,0,0
320135,1,1,1993,0,0,0,0,0,0,0,0,0,0
320135,2,1,1993,0,0,0,0,0,0,0,0,0,0
320136,1,1,1993,0,0,0,0,0,0,0,0,0,0
320136,2,1,1993,0,0,0,0,0,0,0,0,0,0
320137,1,1,1993,0,0,0,0,0,0,0,0,0,0
320137,2,1,1993,0,0,0,0,0,0,0,0,0,0
320138,1,1,1993,0,0,0,0,0,0,0,0,0,0
320138,2,1,1993,0,0,0,0,0,0,0,0,0,0
320139,1,1,1993,21,21,21,21,21,21,21,21,21,21
320139,2,1,1993,0,0,0,0,0,0,0,0,0,0
320140,0,1,1993,29,29,29,29,29,29,29,29,29,29
320140,1,1,1993,0,0,0,0,0,0,0,0,0,0
320141,1,1,1993,0,0,0,0,0,0,0,0,0,0
320141,2,1,1993,0,0,0,0,0,0,0,0,0,0
320142,1,1,1993,28,28,28,28,28,28,28,28,28,28
320143,1,1,1993,0,0,0,0,0,0,0,0,0,0
320145,1,1,1993,0,0,0,0,0,32,0,0,0,0
320145,2,1,1993,0,0,0,0,10,0,0,0,0,0
320147,0,1,1993,37,37,37,37,37,37,37,37,37,37
320147,1,1,1993,0,0,0,0,0,0,0,0,0,0
320147,2,1,1993,0,0,0,0,0,0,0,0,0,0
320148,1,1,1993,0,0,0,0,0,0,0,0,0,0
320149,1,1,1993,0,0,0,0,0,0,0,0,0,0
320149,2,1,1993,0,0,0,0,0,0,0,0,0,0
320150,1,1,1993,21,10,28,26,16,15,22,10,20,18
320151,1,1,1993,0,0,0,0,0,0,0,0,0,0
320151,2,1,1993,4,4,4,4,4,4,4,4,4,4
320152,1,1,1993,0,26,9,0,0,0,5,0,0,0
320153,1,1,1993,37,37,37,37,37,37,37,37,37,37
320154,1,1,1993,0,0,0,0,0,0,9,0,0,0
320155,0,1,1993,12,34,0,0,19,0,0,4,27,20
320155,1,1,1993,0,0,0,0,0,0,0,0,0,0
320156,1,1,1993,18,18,18,18,18,18,18,18,18,18
320157,1,1,1993,12,12,12,12,12,12,12,12,12,12
320158,1,1,1993,0,0,0,0,0,0,0,0,0,0
320159,1,1,1993,12,12,12,12,12,12,12,12,12,12
320159,2,1,1993,0,18,0,0,0,0,0,0,0,0
320160,1,1,1993,12,12,12,12,12,12,12,12,12,12
320160,2,1,1993,0,0,0,0,0,0,0,0,0,0
320161,1,1,1993,0,0,0,0,0,0,0,0,0,0
320161,2,1,1993,0,0,0,0,0,0,0,0,0,0
320162,0,1,1993,27,27,27,27,27,27,27,27,27,27
320162,1,1,1993,0,0,0,0,0,8,0,8,0,0
320163,1,1,1993,22,21,27,0,0,0,21,18,14,9
320164,0,1,1993,20,20,20,20,20,20,20,20,20,20
320164,0,2,1993,22,22,22,22,22,22,22,22,22,22
320164,1,1,1993,0,0,0,19,9,4,0,0,0,11
320165,1,1,1993,24,14,36,13,24,11,19,14,15,19
320166,1,1,1993,12,12,12,12,12,12,12,12,12,12
320167,0,1,1993,0,0,0,0,0,0,0,0,0,0
320167,1,1,1993,0,0,0,0,0,0,0,0,0,0
320168,1,1,1993,14,0,0,0,16,0,0,0,14,12
320168,2,1,1993,0,0,0,0,0,0,0,0,0,0
320169,0,1,1993,0,0,0,0,0,0,0,0,0,0
320169,1,1,1993,0,0,0,0,0,0,0,0,0,0
320170,1,1,1993,21,21,21,21,21,21,21,21,21,21
320170,2,1,1993,0,0,0,0,0,0,0,0,0,0
320171,1,1,1993,0,0,0,0,0,0,0,0,0,0
320171,2,1,1993,0,0,0,0,0,0,0,0,0,0
320172,0,1,1993,0,0,0,2,0,0,0,0,0,0
320172,1,1,1993,0,0,0,0,0,0,0,0,0,0
320173,0,1,1993,0,0,0,0,0,0,0,0,0,0
320173,1,1,1993,25,25,25,25,25,25,25,25,25,25
320174,0,1,1993,0,0,0,0,0,0,0,0,0,0
320174,1,1,1993,11,11,11,11,11,11,11,11,11,11
320175,1,1,1993,0,0,0,11,0,0,20,13,0,0
320176,1,1,1993,0,0,0,0,0,0,0,0,0,0
320176,2,1,1993,0,0,0,0,0,0,0,0,0,0
320177,0,1,1993,0,0,18,0,0,21,0,0,18,38
320177,1,1,1993,0,14,0,0,0,0,0,0,0,0
320178,1,1,1993,28,28,28,28,28,28,28,28,28,28
320178,2,1,1993,0,0,0,0,0,0,0,0,0,0
320179,0,1,1993,0,0,0,0,0,0,0,0,0,0
320179,1,1,1993,0,0,0,0,0,0,0,0,0,0
320180,1,1,1993,0,0,8,0,0,0,0,0,0,0
320180,2,1,1993,0,0,0,0,0,0,0,3,0,0
320180,3,1,1993,21,0,0,0,0,0,0,0,0,0
320180,4,1,1993,0,0,0,0,0,0,0,0,0,0
320181,1,1,1993,0,0,0,0,0,0,0,0,0,0
320181,2,1,1993,0,0,0,0,0,0,0,0,0,0
320181,3,1,1993,0,0,0,0,0,0,0,0,0,0
320182,1,1,1993,0,0,0,0,0,0,0,0,0,0
320182,2,1,1993,0,0,0,0,0,0,0,0,0,0
320183,1,1,1993,0,0,0,9,0,13,0,0,0,0
320184,1,1,1993,0,0,0,12,0,0,0,0,0,0
320184,2,1,1993,0,0,0,0,0,0,0,0,0,0
320185,1,1,1993,0,0,0,0,0,0,0,0,0,0
320185,2,1,1993,0,0,0,0,0,0,0,0,0,0
320185,3,1,1993,0,0,0,0,0,0,0,0,0,0
320186,1,1,1993,16,16,16,16,16,16,16,16,16,16
320186,2,1,1993,0,0,0,0,0,0,0,0,0,0
320187,1,1,1993,23,23,23,23,23,23,23,23,23,23
320187,2,1,1993,0,0,0,0,0,0,0,0,0,0
320187,3,1,1993,0,0,0,0,0,0,0,0,0,0
320188,1,1,1993,0,0,0,0,0,0,0,0,0,0
320189,1,1,1993,0,0,0,0,0,0,0,0,0,0
320190,1,1,1993,0,0,0,0,0,0,7,12,12,0
320191,0,1,1993,0,0,0,0,16,0,0,0,0,0
320191,1,1,1993,0,0,0,0,0,0,0,0,0,10
320192,0,1,1993,31,31,31,31,31,31,31,31,31,31
320192,1,1,1993,0,0,0,0,0,0,0,0,0,0
320193,1,1,1993,8,8,8,8,8,8,8,8,8,8
320193,2,1,1993,0,0,0,0,0,0,0,0,0,0
320194,0,1,1993,6,6,6,6,6,6,6,6,6,6
320194,1,1,1993,0,0,0,0,0,0,0,0,0,0
320195,1,1,1993,20,20,20,20,20,20,20,20,20,20
320195,2,1,1993,0,0,0,0,0,0,0,0,0,0
320196,1,1,1993,24,24,24,24,24,24,24,24,24,24
320196,2,1,1993,0,0,0,0,0,0,0,0,0,0
320197,1,1,1993,20,20,20,20,20,20,20,20,20,20
320198,1,1,1993,8,0,0,10,0,0,0,0,0,0
320199,0,1,1993,0,0,0,0,0,0,0,0,0,0
320199,1,1,1993,0,0,0,0,0,0,0,0,0,0
320200,1,1,1993,0,0,10,0,0,0,0,0,0,0
320200,2,1,1993,0,0,0,0,0,0,0,0,0,0
320201,1,1,1993,6,6,6,6,6,6,6,6,6,6
320201,2,1,1993,0,0,0,0,0,0,0,0,0,0
320202,0,1,1993,1,1,1,1,1,1,1,1,1,1
320202,1,1,1993,6,16,0,0,0,0,0,0,0,0
320203,1,1,1993,0,0,0,0,0,0,0,0,0,0
320203,2,1,1993,1,1,1,1,1,1,1,1,1,1
320204,1,1,1993,0,0,0,0,0,0,0,0,0,0
320204,2,1,1993,0,0,0,0,0,0,0,12,0,0
320205,0,1,1993,0,0,0,4,0,16,0,0,0,0
320205,1,1,1993,0,0,0,12,0,0,0,0,0,0
320206,1,1,1993,0,0,0,0,0,0,0,0,0,0
320206,2,1,1993,4,0,0,0,0,0,0,0,0,0
320207,0,1,1993,21,21,21,21,21,21,21,21,21,21
320207,1,1,1993,17,0,0,0,0,0,0,0,0,0
320208,1,1,1993,0,0,0,0,0,0,0,0,0,0
320209,1,1,1993,21,21,21,21,21,21,21,21,21,21
320210,0,1,1993,10,10,10,10,10,10,10,10,10,10
320210,1,1,1993,0,0,0,0,0,0,0,0,0,0
320211,0,1,1993,22,24,30,13,15,47,22,11,38,27
320211,1,1,1993,0,0,0,0,0,0,0,0,0,0
320212,1,1,1993,14,14,14,14,14,14,14,14,14,14
320212,2,1,1993,0,0,0,0,0,0,0,0,0,0
320213,1,1,1993,0,0,0,0,0,0,0,0,0,0
320213,2,1,1993,0,0,0,0,0,0,0,0,0,0
320214,1,1,1993,1,1,1,1,1,1,1,1,1,1
320214,2,1,1993,0,0,0,0,0,0,0,0,0,0
320215,1,1,1993,15,15,15,15,15,15,15,15,15,15
320216,1,1,1993,0,0,0,0,0,0,0,0,0,0
320216,2,1,1993,0,0,0,0,0,0,0,0,0,0
320217,1,1,1993,0,0,0,0,0,0,0,0,0,0
320217,2,1,1993,0,0,0,0,0,0,0,0,0,0
320218,0,1,1993,0,8,26,0,27,0,6,0,0,27
320218,2,1,1993,0,0,0,0,0,0,0,0,0,0
320219,1,1,1993,0,0,0,0,0,0,0,0,0,0
320220,1,1,1993,0,0,0,0,0,0,0,0,0,0
320221,1,1,1993,17,17,17,17,17,17,17,17,17,17
320222,1,1,1993,14,14,14,14,14,14,14,14,14,14
320222,2,1,1993,17,0,0,0,0,0,0,0,0,0
320223,2,1,1993,15,15,15,15,15,15,15,15,15,15
320224,0,1,1993,21,21,21,21,21,21,21,21,21,21
320224,1,1,1993,0,0,0,0,0,0,0,0,0,0
320225,1,1,1993,0,0,0,0,0,0,0,0,0,0
320225,2,1,1993,0,0,0,0,0,0,0,0,0,0
320225,3,1,1993,0,23,0,0,0,0,0,0,0,0
320226,0,1,1993,0,0,0,0,0,0,0,0,0,0
320226,1,1,1993,0,0,0,12,0,0,0,0,0,0
320227,1,1,1993,0,0,0,0,0,0,0,0,0,0
320228,0,1,1993,0,0,0,0,0,0,0,14,0,0
320228,1,1,1993,0,0,0,0,0,0,0,0,0,0
320229,1,1,1993,0,0,0,0,0,0,0,0,0,0
320230,1,1,1993,0,0,0,0,0,0,0,0,0,0
320230,2,1,1993,0,0,0,0,0,0,0,0,0,0
320231,0,1,1993,32,0,6,35,32,13,13,31,26,45
320231,1,1,1993,0,0,0,0,0,0,0,0,0,0
320232,1,1,1993,0,0,0,0,0,0,0,0,0,0
320232,2,1,1993,0,0,0,7,0,0,7,0,4,18
320233,0,1,1993,30,30,30,30,30,30,30,30,30,30
320233,1,1,1993,0,0,0,0,0,0,0,0,0,0
320233,2,1,1993,0,0,0,0,0,0,0,0,0,0
320234,1,1,1993,45,45,45,45,45,45,45,45,45,45
320234,2,1,1993,21,11,8,4,0,7,0,5,8,0
320235,1,1,1993,0,0,0,0,0,0,0,0,0,0
320236,1,1,1993,22,22,22,22,22,22,22,22,22,22
320237,1,1,1993,18,16,13,19,11,10,26,9,18,19
330001,0,1,1993,28,28,28,28,28,28,28,28,28,28
330001,1,1,1993,0,0,0,0,0,0,0,0,0,0
330002,1,1,1993,0,13,0,0,0,0,0,0,0,0
330003,1,1,1993,0,0,0,0,0,0,0,0,0,0
330003,2,1,1993,0,0,16,0,0,0,0,0,0,0
330004,1,1,1993,0,0,0,0,0,0,16,0,0,0
330005,1,1,1993,0,15,0,0,20,0,0,0,0,0
330006,1,1,1993,0,0,0,0,0,0,0,0,0,0
330006,2,1,1993,7,0,14,0,0,0,0,12,0,0
330007,1,1,1993,21,7,9,41,23,17,13,29,50,0
330008,1,1,1993,11,23,13,15,30,7,15,32,44,7
330009,1,1,1993,0,12,0,23,18,20,0,0,0,0
330009,2,1,1993,0,0,0,0,0,0,0,6,0,0
330009,3,1,1993,0,0,0,0,0,0,0,0,0,0
330010,0,1,1993,0,0,8,0,0,0,0,0,0,0
330010,1,1,1993,0,0,0,0,0,0,0,0,0,0
330011,1,1,1993,33,11,5,16,9,20,18,14,17,0
330012,1,1,1993,0,0,0,0,0,0,0,27,0,0
330012,2,1,1993,3,3,3,3,3,3,3,3,3,3
330012,3,1,1993,0,0,0,0,0,0,0,0,0,0
330013,1,1,1993,0,0,0,0,0,0,0,0,0,0
330014,1,1,1993,0,0,0,0,0,0,0,0,0,0
330014,2,1,1993,0,0,0,0,0,0,0,0,0,0
330014,3,1,1993,0,0,0,0,0,0,0,0,0,0
330015,1,1,1993,0,0,0,0,0,0,0,0,0,0
330016,1,1,1993,24,24,24,24,24,24,24,24,24,24
330017,0,1,1993,30,30,30,30,30,30,30,30,30,30
330017,1,1,1993,6,6,6,6,6,6,6,6,6,6
330018,1,1,1993,0,0,0,0,0,0,0,0,0,0
330018,2,1,1993,0,0,0,0,11,10,0,0,0,0
330019,0,1,1993,11,16,19,19,0,15,0,25,27,26
330019,1,1,1993,0,0,16,0,0,0,0,0,0,0
330020,0,1,1993,0,0,0,0,0,0,0,0,0,0
330020,1,1,1993,0,0,0,0,0,0,0,0,0,0
330021,1,1,1993,0,0,0,0,0,0,0,0,0,0
330021,2,1,1993,0,9,0,12,0,0,0,0,15,13
330022,1,1,1993,0,0,0,0,0,0,0,0,0,0
330023,0,1,1993,10,6,0,26,41,16,0,22,38,21
330023,1,1,1993,13,27,6,13,0,17,9,15,9,22
330023,2,1,1993,3,22,25,23,13,32,11,38,4,14
330024,1,1,1993,14,14,14,14,14,14,14,14,14,14
330025,1,1,1993,0,0,0,0,0,0,0,0,0,0
330026,1,1,1993,0,0,0,0,0,0,0,0,0,0
330026,2,1,1993,0,0,0,0,0,0,0,0,0,0
330027,1,1,1993,23,23,23,23,23,23,23,23,23,23
330028,1,1,1993,15,15,15,15,15,15,15,15,15,15
330029,0,1,1993,0,0,0,0,0,0,0,0,0,0
330029,0,2,1993,0,25,0,14,0,33,0,0,15,0
330029,1,1,1993,0,0,0,0,0,0,0,0,0,0
330030,1,1,1993,0,0,0,0,0,0,0,0,0,0
330031,1,1,1993,15,15,15,15,15,15,15,15,15,15
330032,1,1,1993,0,0,0,0,0,0,0,0,0,0
330032,2,1,1993,0,0,0,0,0,0,0,0,0,0
330033,0,1,1993,0,0,0,0,0,0,0,0,0,0
330033,1,1,1993,0,0,0,0,0,0,0,0,0,0
330034,1,1,1993,0,0,0,0,0,0,0,0,0,0
330035,0,1,1993,0,0,0,0,0,0,0,0,0,0
330035,1,1,1993,0,0,0,0,0,0,0,0,0,0
330036,1,1,1993,0,0,0,0,0,0,0,0,0,0
330036,2,1,1993,0,0,0,0,0,0,0,0,0,0
330037,1,1,1993,0,0,0,0,0,0,0,0,0,9
330037,2,1,1993,0,0,0,0,0,0,0,0,0,0
330038,1,1,1993,2,0,0,0,0,0,0,0,0,0
330039,1,1,1993,0,0,0,0,0,0,0,0,0,0
330040,0,1,1993,0,0,0,0,0,0,9,0,0,0
330040,1,1,1993,0,0,0,0,0,0,0,0,0,0
330041,1,1,1993,0,0,0,0,0,0,0,0,0,0
330041,2,1,1993,0,0,0,0,0,0,0,0,21,0
330042,1,1,1993,3,0,5,0,0,0,23,0,0,0
330042,2,1,1993,0,0,0,0,0,0,0,0,0,0
330043,1,1,1993,0,0,0,0,0,0,0,0,0,0
330044,1,1,1993,30,14,0,0,0,0,0,0,5,0
330044,2,1,1993,0,0,0,0,0,0,0,0,0,0
330044,3,1,1993,0,0,0,0,0,0,0,0,0,0
330044,4,1,1993,0,0,0,0,0,0,0,0,0,0
330045,1,1,1993,6,0,0,0,0,0,0,0,0,0
330046,1,1,1993,31,39,18,0,28,0,17,19,0,21
330047,1,1,1993,21,21,21,21,21,21,21,21,21,21
330048,1,1,1993,0,0,0,0,0,20,0,0,0,0
330048,2,1,1993,0,4,0,0,0,0,0,0,0,0
330048,3,1,1993,0,0,0,0,0,0,0,0,0,0
330049,1,1,1993,13,20,7,13,22,33,39,6,23,20
330050,1,1,1993,0,0,0,0,0,0,0,0,0,0
330050,2,1,1993,0,0,0,0,0,0,0,0,0,0
330050,3,1,1993,0,0,0,0,0,0,0,0,0,0
330051,1,1,1993,16,16,16,16,16,16,16,16,16,16
330052,1,1,1993,0,0,0,0,0,4,0,0,0,0
330052,2,1,1993,0,0,0,0,0,0,0,0,0,0
330053,1,1,1993,0,0,0,12,0,0,0,4,0,0
330054,1,1,1993,22,22,22,22,22,22,22,22,22,22
330055,1,1,1993,24,24,24,24,24,24,24,24,24,24
330056,1,1,1993,0,0,0,8,0,0,0,0,0,0
330056,2,1,1993,0,0,0,0,0,0,0,0,0,0
330057,0,1,1993,0,0,0,0,0,0,0,0,33,21
330057,1,1,1993,0,0,0,0,0,0,0,0,0,0