ST_CASE,VEH_NO,PER_NO,YEAR,P1,P2,P3,P4,P5,P6,P7,P8,P9,P10
330058,1,1,1993,0,0,0,0,0,0,0,0,0,0
330059,1,1,1993,0,0,0,0,0,0,0,0,0,0
330060,1,1,1993,19,19,19,19,19,19,19,19,19,19
330061,1,1,1993,8,0,0,0,0,0,0,0,0,0
330061,2,1,1993,0,0,0,0,0,0,0,0,0,0
330062,1,1,1993,0,0,0,0,0,0,0,0,0,0
330063,1,1,1993,0,0,10,0,0,0,0,0,0,0
330063,2,1,1993,16,16,16,16,16,16,16,16,16,16
330064,1,1,1993,17,0,0,0,0,0,0,0,0,14
330065,1,1,1993,21,21,21,21,21,21,21,21,21,21
330066,1,1,1993,0,0,0,0,0,0,0,0,0,0
330067,1,1,1993,0,0,0,0,0,0,0,0,0,0
330067,2,1,1993,0,0,0,0,0,0,0,0,0,0
330069,1,1,1993,12,12,24,18,25,11,31,15,27,28
330070,1,1,1993,0,0,0,0,0,0,0,0,0,0
330070,2,1,1993,0,0,0,0,0,0,0,0,0,0
330071,1,1,1993,0,0,0,0,0,0,0,0,0,0
330071,2,1,1993,0,0,0,0,0,0,0,0,0,0
330072,0,1,1993,3,3,3,3,3,3,3,3,3,3
330072,0,2,1993,0,6,26,26,32,14,13,19,20,26
330072,1,1,1993,0,0,0,0,0,0,0,0,0,0
330073,1,1,1993,0,21,11,0,0,0,0,0,0,0
330074,0,1,1993,26,26,26,26,26,26,26,26,26,26
330074,1,1,1993,19,19,19,19,19,19,19,19,19,19
330076,1,1,1993,5,5,5,5,5,5,5,5,5,5
330077,1,1,1993,0,0,21,20,20,0,25,36,0,27
330078,1,1,1993,0,0,2,0,6,13,0,7,0,0
330079,1,1,1993,15,5,20,18,34,14,15,23,13,12
330080,1,1,1993,0,0,0,0,0,0,0,0,0,0
330080,2,1,1993,0,0,0,0,0,0,0,0,0,0
330081,1,1,1993,22,22,22,22,22,22,22,22,22,22
330082,1,1,1993,0,0,0,0,0,0,0,0,0,0
330082,2,1,1993,0,0,0,0,0,0,0,0,0,0
330083,1,1,1993,0,0,0,0,0,0,0,0,0,0
330083,2,1,1993,0,0,0,0,0,0,0,0,0,0
330084,0,1,1993,16,16,16,16,16,16,16,16,16,16
330084,1,1,1993,0,0,0,0,0,0,0,0,0,0
330085,1,1,1993,0,16,27,3,0,28,0,27,19,0
330087,1,1,1993,13,13,13,13,13,13,13,13,13,13
330088,1,1,1993,27,27,27,27,27,27,27,27,27,27
330088,2,1,1993,0,0,0,0,0,0,0,0,0,0
330089,0,1,1993,6,6,6,6,6,6,6,6,6,6
330089,0,2,1993,8,8,8,8,8,8,8,8,8,8
330089,1,1,1993,6,6,6,6,6,6,6,6,6,6
330090,1,1,1993,0,23,0,0,0,0,14,30,21,14
330090,2,1,1993,0,0,0,0,0,0,0,0,0,0
330091,1,1,1993,9,9,9,9,9,9,9,9,9,9
330091,2,1,1993,0,0,0,0,0,0,0,0,0,0
330092,1,1,1993,15,7,23,0,0,0,14,0,17,15
330093,1,1,1993,0,0,11,7,8,16,3,29,8,9
330094,1,1,1993,26,19,17,18,27,20,0,24,13,17
330095,1,1,1993,22,0,0,17,0,0,0,0,18,20
330096,1,1,1993,0,0,0,22,0,0,0,0,0,0
330096,2,1,1993,0,0,0,0,0,0,0,0,0,0
330097,1,1,1993,20,20,20,20,20,20,20,20,20,20
330098,0,1,1993,17,17,17,17,17,17,17,17,17,17
330098,1,1,1993,8,8,8,8,8,8,8,8,8,8
330099,1,1,1993,35,35,35,35,35,35,35,35,35,35
330100,0,1,1993,0,0,0,0,0,0,0,0,0,0
330100,1,1,1993,0,0,0,0,0,0,0,0,0,0
330101,1,1,1993,0,0,0,0,0,0,0,0,0,0
330101,2,1,1993,0,0,0,0,0,0,0,0,0,0
330102,1,1,1993,19,19,19,19,19,19,19,19,19,19
330103,1,1,1993,0,0,0,0,0,0,0,0,0,0
330103,2,1,1993,0,0,0,0,0,0,0,0,0,0
330104,0,1,1993,0,0,0,0,0,0,0,0,0,0
330104,1,1,1993,0,0,0,0,0,0,0,0,0,0
330105,1,1,1993,0,0,0,0,0,0,0,0,0,0
330106,1,1,1993,0,0,0,0,0,0,0,0,0,0
330107,1,1,1993,12,12,12,12,12,12,12,12,12,12
330109,1,1,1993,0,0,0,0,0,0,0,0,0,0
330110,1,1,1993,0,0,0,0,0,0,0,0,0,0
330110,2,1,1993,0,0,0,0,0,0,0,0,0,0
330111,0,1,1993,0,0,12,0,0,0,0,0,0,31
330111,1,1,1993,0,0,0,0,0,0,0,0,0,0
330112,1,1,1993,0,0,0,0,0,0,0,0,0,0
340005,1,1,1993,0,0,0,0,0,0,0,0,0,0
340005,2,1,1993,0,0,0,0,0,0,0,0,0,0
340007,1,1,1993,0,0,0,0,0,0,0,0,0,0
340007,2,1,1993,0,0,0,0,0,0,0,0,0,0
340008,1,1,1993,0,0,0,0,0,0,0,0,0,0
340009,1,1,1993,0,0,0,0,0,0,0,0,0,0
340011,0,1,1993,0,0,0,0,0,0,0,0,0,0
340011,1,1,1993,0,0,24,0,0,11,12,20,25,11
340014,0,1,1993,0,0,0,0,0,0,0,0,0,0
340014,1,1,1993,0,0,9,0,0,0,0,0,0,0
340015,1,1,1993,0,0,0,0,0,0,0,0,0,0
340015,2,1,1993,0,0,0,0,0,0,0,0,0,0
340016,1,1,1993,0,0,0,0,0,0,0,0,0,0
340017,0,1,1993,26,26,26,26,26,26,26,26,26,26
340017,1,1,1993,0,0,0,0,0,0,0,0,0,0
340019,1,1,1993,0,0,0,0,0,0,0,0,0,0
340019,2,1,1993,15,15,15,15,15,15,15,15,15,15
340020,1,1,1993,0,20,0,15,5,0,0,0,0,0
340021,1,1,1993,0,0,0,0,0,0,0,0,0,0
340022,1,1,1993,17,17,17,17,17,17,17,17,17,17
340023,0,1,1993,0,0,0,0,0,0,0,0,0,0
340023,1,1,1993,0,0,0,0,0,0,0,0,0,0
340024,0,1,1993,0,0,0,0,0,0,0,0,0,0
340024,1,1,1993,0,0,0,0,0,0,15,0,0,0
340026,0,1,1993,0,0,0,0,0,0,0,0,0,0
340026,1,1,1993,0,0,0,0,0,0,0,0,0,0
340027,0,1,1993,12,12,12,12,12,12,12,12,12,12
340027,1,1,1993,0,17,0,31,0,0,0,0,0,0
340028,0,1,1993,0,0,0,0,0,0,0,0,0,0
340028,1,1,1993,0,0,0,0,0,0,0,0,0,0
340028,2,1,1993,0,0,0,0,0,0,0,0,0,0
340029,0,1,1993,15,15,15,15,15,15,15,15,15,15
340029,0,2,1993,14,14,14,14,14,14,14,14,14,14
340029,1,1,1993,0,0,0,0,0,0,0,0,0,0
340030,1,1,1993,0,0,0,0,0,0,0,0,0,0
340031,1,1,1993,0,0,0,0,0,0,0,0,0,0
340033,1,1,1993,0,0,0,0,0,0,0,0,0,0
340033,2,1,1993,0,0,0,0,0,0,0,0,0,0
340034,1,1,1993,45,45,45,45,45,45,45,45,45,45
340035,0,1,1993,0,0,0,0,0,0,0,0,0,0
340035,0,2,1993,0,0,0,0,0,0,0,0,0,0
340035,1,1,1993,0,0,0,0,0,0,0,0,0,0
340036,1,1,1993,15,15,15,15,15,15,15,15,15,15
340036,2,1,1993,0,0,0,0,0,0,0,12,0,0
340037,0,1,1993,0,0,0,0,0,0,0,0,0,0
340037,1,1,1993,16,0,0,0,0,0,0,0,0,0
340038,1,1,1993,19,19,19,19,19,19,19,19,19,19
340039,1,1,1993,0,0,0,0,0,0,0,0,0,0
340040,1,1,1993,0,0,0,0,0,0,0,0,0,0
340041,1,1,1993,0,0,0,0,0,0,0,0,0,0
340042,1,1,1993,0,0,0,0,0,0,0,0,0,0
340042,2,1,1993,0,0,0,0,0,0,0,0,0,0
340043,1,1,1993,0,0,0,0,0,0,0,0,0,0
340043,2,1,1993,0,0,0,0,0,0,0,0,0,0
340044,0,1,1993,0,0,0,0,0,0,0,0,0,0
340044,1,1,1993,0,0,0,0,0,0,0,0,0,0
340045,0,1,1993,0,0,0,0,0,0,0,0,0,0
340045,1,1,1993,0,0,0,6,0,0,0,0,0,0
340046,0,1,1993,0,18,0,0,0,20,21,0,0,0
340046,1,1,1993,0,0,0,0,0,0,0,0,0,0
340047,1,1,1993,34,12,0,0,0,17,13,0,0,0
340048,1,1,1993,0,0,16,0,17,16,0,0,0,0
340049,1,1,1993,0,0,0,0,0,0,0,0,0,0
340050,1,1,1993,0,0,0,0,0,0,0,8,0,0
340050,2,1,1993,0,15,0,0,0,0,0,0,0,0
340051,1,1,1993,29,29,29,29,29,29,29,29,29,29
340052,1,1,1993,0,0,0,0,0,0,0,0,0,0
340053,1,1,1993,0,23,0,12,0,0,17,0,0,0
340054,0,1,1993,0,0,0,0,0,0,0,0,0,0
340054,1,1,1993,0,0,0,0,0,0,0,0,0,0
340055,1,1,1993,23,23,23,23,23,23,23,23,23,23
340056,1,1,1993,4,4,4,4,4,4,4,4,4,4
340057,0,1,1993,0,0,0,0,0,0,0,0,0,0
340057,1,1,1993,0,0,0,0,0,0,0,0,0,0
340058,0,1,1993,0,0,0,0,0,0,0,0,0,0
340058,1,1,1993,0,0,0,0,0,0,0,0,0,0
340059,1,1,1993,0,5,19,0,0,0,0,0,0,0
340060,1,1,1993,12,12,12,12,12,12,12,12,12,12
340061,0,1,1993,0,14,0,0,0,0,0,0,0,0
340061,1,1,1993,0,0,0,0,0,0,0,0,0,0
340062,0,1,1993,18,18,18,18,18,18,18,18,18,18
340062,1,1,1993,14,14,14,14,14,14,14,14,14,14
340063,1,1,1993,0,0,0,0,0,0,0,0,0,0
340063,2,1,1993,0,0,0,0,0,0,0,0,0,0
340064,1,1,1993,0,0,14,0,0,0,0,18,0,0
340065,1,1,1993,14,14,14,14,14,14,14,14,14,14
340066,1,1,1993,0,0,0,0,0,0,0,0,0,0
340066,2,1,1993,0,0,0,0,0,15,0,0,0,0
340067,1,1,1993,0,0,0,0,0,0,0,0,0,0
340068,0,1,1993,0,0,0,0,0,0,0,0,0,0
340068,1,1,1993,0,0,0,0,0,0,0,0,0,0
340069,0,1,1993,0,0,0,0,0,0,0,0,0,0
340069,1,1,1993,0,0,0,0,0,0,0,0,0,0
340070,0,1,1993,29,29,29,29,29,29,29,29,29,29
340070,1,1,1993,0,0,0,0,0,0,0,0,0,0
340071,0,1,1993,31,31,31,31,31,31,31,31,31,31
340071,1,1,1993,0,0,0,0,0,26,5,12,0,14
340071,2,1,1993,0,0,0,0,0,0,0,0,0,0
340071,3,1,1993,0,0,0,0,0,0,8,15,0,12
340072,1,1,1993,0,0,0,0,0,0,0,0,0,0
340072,2,1,1993,0,0,0,0,0,0,0,0,0,0
340073,1,1,1993,18,18,18,18,18,18,18,18,18,18
340074,1,1,1993,0,0,9,0,28,0,0,22,0,18
340074,2,1,1993,0,0,0,0,0,0,0,0,0,0
340075,1,1,1993,0,0,0,0,0,0,0,0,0,0
340075,2,1,1993,0,0,0,0,0,0,0,0,0,0
340076,1,1,1993,0,0,0,0,0,0,0,0,0,0
340077,1,1,1993,0,0,0,0,0,0,0,0,0,0
340078,1,1,1993,0,0,0,0,0,0,0,0,0,0
340078,2,1,1993,0,0,0,17,0,0,0,16,0,0
340079,1,1,1993,0,0,0,0,0,0,0,0,0,0
340081,0,1,1993,2,2,2,2,2,2,2,2,2,2
340081,0,2,1993,0,18,33,0,18,0,0,21,32,22
340081,1,1,1993,24,24,24,24,24,24,24,24,24,24
340082,1,1,1993,0,0,0,0,0,0,0,0,0,0
340083,1,1,1993,20,20,20,20,20,20,20,20,20,20
340083,2,1,1993,0,0,0,0,0,0,0,0,0,0
340084,1,1,1993,12,12,12,12,12,12,12,12,12,12
340085,0,1,1993,0,0,0,0,0,0,0,0,0,0
340085,1,1,1993,0,0,13,21,0,0,0,11,0,0
340086,1,1,1993,0,0,0,0,0,0,0,0,0,0
340086,2,1,1993,0,0,0,0,0,0,0,0,0,0
340087,0,1,1993,0,0,0,0,0,0,5,0,0,0
340087,1,1,1993,0,0,0,0,0,0,0,0,0,0
340088,0,1,1993,0,0,0,0,0,0,0,0,0,0
340088,1,1,1993,0,0,0,0,14,0,0,0,0,0
340090,1,1,1993,0,0,0,0,0,0,0,0,0,0
340092,0,1,1993,0,0,0,0,0,0,0,0,0,0
340092,1,1,1993,0,0,0,0,0,0,0,0,0,0
340093,1,1,1993,5,5,5,5,5,5,5,5,5,5
340094,1,1,1993,2,2,2,2,2,2,2,2,2,2
340094,2,1,1993,0,0,0,0,0,0,0,0,0,0
340095,1,1,1993,0,0,0,0,0,0,0,0,0,0
340095,2,1,1993,0,0,6,0,0,0,0,0,0,0
340096,0,1,1993,0,0,0,0,0,0,0,0,0,0
340096,1,1,1993,0,0,0,0,4,0,0,0,0,0
340097,1,1,1993,0,0,0,0,0,0,0,0,0,0
340098,1,1,1993,0,0,0,0,0,0,0,0,0,0
340099,0,1,1993,0,0,0,0,0,0,0,0,0,0
340099,1,1,1993,0,0,0,0,0,0,0,0,0,0
340100,0,1,1993,0,0,0,0,0,0,0,0,0,0
340100,1,1,1993,0,0,0,0,0,0,0,0,0,0
340101,1,1,1993,16,16,16,16,16,16,16,16,16,16
340102,1,1,1993,13,13,13,13,13,13,13,13,13,13
340102,2,1,1993,0,0,0,0,0,0,0,0,0,0
340103,1,1,1993,18,18,18,18,18,18,18,18,18,18
340103,2,1,1993,0,0,0,0,0,0,0,0,0,0
340103,3,1,1993,0,0,0,19,4,0,0,0,0,17
340104,1,1,1993,0,0,0,12,0,0,14,0,0,0
340104,2,1,1993,0,10,0,0,0,0,0,0,0,0
340105,1,1,1993,12,8,21,0,0,0,25,0,18,0
340106,1,1,1993,0,0,0,0,0,0,0,6,0,0
340106,2,1,1993,0,0,0,0,0,0,0,0,0,0
340107,1,1,1993,0,0,0,0,0,0,0,0,0,0
340107,2,1,1993,0,0,0,0,0,0,0,0,0,0
340107,3,1,1993,0,0,0,0,0,0,0,0,0,0
340108,1,1,1993,0,0,0,0,0,0,0,0,0,0
340108,2,1,1993,0,0,0,0,0,0,0,0,0,0
340109,1,1,1993,0,0,0,0,0,0,0,0,0,0
340109,2,1,1993,0,0,0,0,0,0,0,0,0,0
340109,3,1,1993,21,0,0,0,0,0,0,31,0,0
340109,4,1,1993,0,0,0,0,0,0,0,0,0,0
340110,1,1,1993,0,0,0,0,0,0,0,0,0,0
340110,2,1,1993,0,0,0,0,0,0,0,0,0,0
340111,0,1,1993,0,0,0,0,0,0,0,0,0,0
340111,1,1,1993,0,0,0,0,0,0,0,0,0,0
340112,1,1,1993,0,0,0,0,0,0,0,0,0,0
340112,2,1,1993,0,0,0,0,0,0,0,0,0,0
340114,1,1,1993,17,17,17,17,17,17,17,17,17,17
340115,1,1,1993,0,0,0,0,0,0,0,0,0,0
340115,2,1,1993,0,0,0,0,0,0,0,0,0,0
340115,3,1,1993,0,0,0,0,0,0,0,0,0,0
340116,1,1,1993,0,0,0,0,0,0,0,0,0,0
340117,0,1,1993,0,0,0,0,0,0,0,0,0,0
340117,1,1,1993,0,0,0,0,0,0,0,0,0,0
340118,0,1,1993,0,0,0,0,0,0,0,0,0,0
340118,1,1,1993,0,0,0,0,0,0,0,0,0,0
340119,1,1,1993,0,0,0,0,0,0,0,0,0,0
340119,2,1,1993,0,0,0,0,0,0,0,0,0,0
340120,0,1,1993,0,0,0,0,0,0,0,0,0,0
340120,1,1,1993,0,0,0,0,0,0,0,0,0,0
340121,1,1,1993,0,0,0,0,0,0,0,0,0,0
340122,0,1,1993,21,21,21,21,21,21,21,21,21,21
340122,1,1,1993,0,5,0,22,0,0,0,0,19,0
340123,0,1,1993,0,0,0,0,0,0,0,0,0,0
340123,1,1,1993,0,0,0,0,0,0,0,0,0,0
340124,1,1,1993,0,0,0,0,0,0,0,0,0,0
340125,1,1,1993,0,0,0,0,0,0,0,0,0,0
340126,1,1,1993,3,0,3,0,0,0,0,0,0,0
340127,1,1,1993,0,0,0,0,0,0,0,0,0,0
340127,2,1,1993,0,0,0,0,0,0,0,0,0,0
340128,0,1,1993,0,0,0,0,0,0,0,0,0,0
340128,1,1,1993,0,0,0,0,0,0,0,0,0,0
340129,1,1,1993,0,0,0,11,0,0,0,26,0,0
340130,0,1,1993,7,7,7,7,7,7,7,7,7,7
340130,1,1,1993,0,0,14,0,0,7,0,0,0,17
340131,1,1,1993,0,0,0,0,0,0,0,0,0,0
340132,1,1,1993,0,0,0,0,0,0,0,0,0,0
340132,2,1,1993,0,0,0,0,0,0,0,0,0,0
340133,0,1,1993,0,0,21,0,0,0,0,0,0,0
340133,1,1,1993,0,0,0,0,0,0,0,0,0,0
340134,1,1,1993,0,0,0,0,0,0,0,0,0,0
340134,2,1,1993,0,0,0,0,0,0,0,0,0,0
340134,3,1,1993,0,0,0,0,0,0,6,0,0,0
340135,0,1,1993,0,0,0,0,0,0,0,0,0,0
340135,1,1,1993,3,3,3,3,3,3,3,3,3,3
340136,1,1,1993,9,0,0,0,0,0,0,0,0,0
340136,2,1,1993,0,0,0,0,0,0,0,0,0,0
340138,1,1,1993,13,13,13,13,13,13,13,13,13,13
340139,1,1,1993,0,0,0,0,0,0,0,0,0,0
340139,2,1,1993,0,0,0,0,0,0,0,0,0,0
340142,0,1,1993,30,30,30,30,30,30,30,30,30,30
340142,1,1,1993,0,0,0,0,7,0,6,0,0,0
340143,1,1,1993,0,0,0,0,0,0,0,0,0,0
340144,0,1,1993,11,0,0,0,0,0,19,20,24,0
340144,1,1,1993,0,0,0,0,0,0,0,0,0,0
340145,1,1,1993,0,0,0,0,0,0,0,0,0,0
340145,2,1,1993,1,1,1,1,1,1,1,1,1,1
340146,1,1,1993,0,0,0,7,4,0,0,0,3,0
340146,2,1,1993,0,0,0,0,0,0,0,0,0,0
340147,0,1,1993,0,0,0,0,0,0,0,0,0,0
340147,1,1,1993,0,0,0,0,0,0,0,0,4,8
340147,2,1,1993,0,0,0,0,0,12,0,0,0,21
340148,1,1,1993,23,23,23,23,23,23,23,23,23,23
340149,1,1,1993,21,21,21,21,21,21,21,21,21,21
340149,2,1,1993,0,0,0,0,0,0,0,0,0,0
340150,1,1,1993,0,0,0,0,0,0,0,0,0,0
340151,1,1,1993,19,19,19,19,19,19,19,19,19,19
340152,0,1,1993,0,0,0,0,0,0,0,0,0,0
340152,1,1,1993,0,11,0,0,0,0,0,0,0,0
340153,1,1,1993,0,0,0,0,0,0,0,0,0,0
340154,1,1,1993,21,21,21,21,21,21,21,21,21,21
340155,1,1,1993,0,0,0,0,0,0,0,0,0,0
340155,2,1,1993,0,0,0,0,0,0,0,0,0,0
340156,1,1,1993,0,0,0,0,0,0,0,0,0,0
340156,2,1,1993,0,0,0,0,0,0,0,0,0,0
340157,1,1,1993,0,0,0,0,0,0,0,0,0,0
340157,2,1,1993,18,0,0,0,22,0,0,0,0,23
340158,1,1,1993,0,0,0,0,0,0,0,0,0,0
340159,1,1,1993,0,0,0,0,0,0,0,0,14,0
340159,2,1,1993,0,0,0,0,0,0,0,0,0,0
340160,1,1,1993,18,18,18,18,18,18,18,18,18,18
340161,1,1,1993,0,0,0,0,0,0,0,0,0,0
340162,1,1,1993,0,0,0,0,0,0,0,0,0,0
340162,2,1,1993,0,0,0,0,0,0,0,0,0,0
340163,0,1,1993,30,30,30,30,30,30,30,30,30,30
340163,1,1,1993,0,0,0,0,0,0,0,0,0,0
340164,1,1,1993,0,0,0,0,0,0,0,0,0,0
340164,2,1,1993,22,22,22,22,22,22,22,22,22,22
340165,1,1,1993,0,0,0,0,0,0,0,0,0,0
340165,2,1,1993,0,0,0,0,0,0,0,0,0,0
340166,1,1,1993,0,0,0,0,0,0,0,0,0,0
340167,1,1,1993,0,0,0,0,0,0,0,0,0,0
340168,1,1,1993,0,0,0,0,0,0,0,0,0,0
340168,2,1,1993,0,0,0,0,0,0,0,0,0,0
340170,1,1,1993,0,26,0,0,0,0,15,0,0,31
340170,2,1,1993,0,9,0,11,0,0,0,0,0,0
340171,1,1,1993,0,0,0,0,0,0,0,0,19,0
340171,2,1,1993,0,0,0,0,0,0,0,0,0,0
340172,1,1,1993,0,0,0,0,0,0,23,0,0,0
340172,2,1,1993,0,0,0,0,0,0,0,0,0,0
340173,0,1,1993,0,0,0,0,0,0,0,0,0,0
340173,1,1,1993,0,0,0,0,0,0,0,0,0,0
340174,0,1,1993,0,0,0,0,0,0,0,0,0,0
340174,1,1,1993,0,0,0,0,0,0,0,0,0,0
340175,1,1,1993,3,3,3,3,3,3,3,3,3,3
340177,0,1,1993,0,0,0,0,0,0,0,0,0,0
340177,1,1,1993,0,0,0,0,0,0,0,0,0,0
340178,1,1,1993,0,0,0,0,0,0,0,0,0,0
340179,1,1,1993,0,0,0,0,0,0,0,0,0,0
340180,1,1,1993,24,24,24,24,24,24,24,24,24,24
340181,1,1,1993,0,0,0,0,0,0,0,0,0,0
340182,1,1,1993,0,0,0,0,0,0,0,0,0,0
340183,1,1,1993,0,0,0,0,11,0,0,0,16,7
340183,2,1,1993,25,12,0,0,0,0,0,0,0,0
340184,1,1,1993,0,0,0,0,0,0,0,0,14,0
340184,2,1,1993,0,0,0,0,0,0,0,0,0,0
340185,1,1,1993,0,0,0,0,0,0,0,0,0,0
340186,1,1,1993,13,13,13,13,13,13,13,13,13,13
340187,1,1,1993,0,0,0,0,0,0,0,0,0,0
340187,2,1,1993,1,1,1,1,1,1,1,1,1,1
340189,1,1,1993,0,0,0,0,0,0,0,6,0,0
340190,1,1,1993,0,0,0,0,0,0,0,0,0,0
340190,2,1,1993,0,0,0,0,0,0,0,0,0,0
340192,0,1,1993,0,0,0,0,0,0,0,0,0,0
340192,1,1,1993,0,0,0,0,0,0,0,0,0,0
340193,0,1,1993,10,10,10,10,10,10,10,10,10,10
340193,1,1,1993,0,0,0,0,0,0,0,0,0,0
340193,2,1,1993,0,0,0,0,0,8,0,0,0,0
340193,3,1,1993,0,0,0,0,0,0,0,0,0,0
340194,1,1,1993,0,0,0,0,0,0,0,6,0,0
340194,2,1,1993,0,0,0,0,0,0,0,0,0,0
340195,1,1,1993,10,10,10,10,10,10,10,10,10,10
340197,1,1,1993,0,0,0,0,0,0,0,0,0,0
340197,2,1,1993,0,0,0,0,0,0,4,8,0,0
340198,1,1,1993,1,1,1,1,1,1,1,1,1,1
340198,2,1,1993,5,5,5,5,5,5,5,5,5,5
340199,1,1,1993,0,0,0,0,0,0,0,0,0,0
340199,2,1,1993,18,18,18,18,18,18,18,18,18,18
340200,0,1,1993,0,0,0,0,0,0,0,0,0,0
340200,1,1,1993,0,0,0,0,0,0,0,0,0,0
340201,1,1,1993,0,0,0,0,0,0,0,0,0,0
340201,2,1,1993,0,0,0,0,0,0,0,0,0,0
340202,1,1,1993,0,0,0,0,0,0,0,0,0,0
340202,2,1,1993,0,0,0,0,0,0,0,0,0,0
340203,1,1,1993,0,0,0,0,0,0,6,0,0,0
340203,2,1,1993,0,0,0,0,0,0,0,0,0,0
340205,1,1,1993,8,8,8,8,8,8,8,8,8,8
340206,0,1,1993,0,0,0,0,0,0,0,0,0,0
340206,1,1,1993,0,0,0,0,0,0,0,0,0,0
340207,1,1,1993,0,0,0,0,0,0,0,0,0,0
340207,2,1,1993,0,0,0,0,0,0,0,0,0,0
340208,1,1,1993,31,31,31,31,31,31,31,31,31,31
340209,0,1,1993,0,0,0,0,0,0,0,0,0,0
340209,1,1,1993,0,0,0,0,0,0,0,0,0,0
340210,0,1,1993,0,0,0,0,0,0,15,0,0,0
340210,1,1,1993,1,1,1,1,1,1,1,1,1,1
340213,1,1,1993,5,5,5,5,5,5,5,5,5,5
340214,1,1,1993,36,36,36,36,36,36,36,36,36,36
340215,1,1,1993,0,0,0,0,0,0,0,0,23,0
340216,1,1,1993,0,24,0,0,0,11,0,9,0,14
340217,1,1,1993,0,0,0,0,0,0,0,0,0,0
340217,2,1,1993,0,0,0,0,0,0,0,0,0,0
340217,3,1,1993,8,0,0,0,0,0,0,0,0,0
340217,4,1,1993,0,0,0,0,1,0,0,0,11,0
340218,1,1,1993,0,0,0,0,0,0,0,0,0,0
340218,2,1,1993,0,0,0,0,0,0,5,0,0,11
340219,1,1,1993,0,0,0,0,0,0,0,0,0,0
340219,2,1,1993,0,0,0,0,0,0,0,0,0,0
340220,1,1,1993,0,16,0,0,0,0,0,0,0,0
340220,2,1,1993,0,0,0,0,0,0,0,0,0,0
340221,1,1,1993,0,0,0,0,0,0,0,0,0,0
340221,2,1,1993,17,0,0,0,16,0,0,0,7,0
340222,1,1,1993,0,0,0,0,0,0,0,0,0,0
340222,2,1,1993,0,0,0,0,0,0,0,0,0,0
340222,3,1,1993,0,0,0,0,0,0,0,0,0,0
340223,1,1,1993,0,0,0,0,0,0,0,0,0,0
340223,2,1,1993,0,0,0,0,0,0,0,0,0,0
340224,1,1,1993,0,0,0,0,0,0,0,0,0,0
340224,2,1,1993,0,0,0,0,14,0,0,0,0,0
340225,1,1,1993,21,21,21,21,21,21,21,21,21,21
340226,1,1,1993,0,0,14,0,0,0,7,0,0,0
340226,2,1,1993,0,0,0,0,0,0,0,0,0,10
340226,3,1,1993,0,0,0,0,0,0,0,0,0,0
340228,0,1,1993,8,8,8,8,8,8,8,8,8,8
340228,1,1,1993,0,6,0,7,22,3,0,23,0,0
340229,1,1,1993,21,21,21,21,21,21,21,21,21,21
340231,1,1,1993,6,6,6,6,6,6,6,6,6,6
340232,0,1,1993,44,44,44,44,44,44,44,44,44,44
340232,1,1,1993,0,0,14,0,0,0,0,14,0,0
340233,1,1,1993,20,20,20,20,20,20,20,20,20,20
340234,1,1,1993,0,0,0,0,0,0,0,0,0,0
340234,2,1,1993,0,0,0,0,0,0,0,0,0,0
340235,1,1,1993,13,13,13,13,13,13,13,13,13,13
340236,1,1,1993,0,0,0,0,0,0,0,0,0,0
340236,2,1,1993,0,0,0,0,0,0,0,0,0,0
340237,0,1,1993,0,0,0,0,0,0,0,0,0,0
340237,1,1,1993,0,0,0,0,0,0,0,0,0,0
340238,1,1,1993,0,0,25,0,0,0,0,0,0,0
340239,1,1,1993,2,2,2,2,2,2,2,2,2,2
340240,1,1,1993,0,0,0,0,0,0,0,0,0,0
340240,2,1,1993,0,0,0,0,0,0,0,0,0,0
340241,0,1,1993,6,11,30,39,25,15,27,15,34,14
340241,1,1,1993,0,0,0,0,0,0,0,0,0,0
340242,1,1,1993,10,10,10,10,10,10,10,10,10,10
340245,1,1,1993,0,0,0,0,0,0,0,0,0,0
340245,2,1,1993,0,0,0,0,0,0,0,0,0,0
340246,1,1,1993,0,0,0,0,0,0,0,0,0,0
340247,0,1,1993,0,0,0,0,0,0,0,0,0,0
340247,1,1,1993,0,0,0,0,0,0,0,0,0,0
340248,0,1,1993,0,0,0,0,0,0,0,0,0,0
340248,1,1,1993,4,0,0,0,0,0,0,0,0,0
340248,2,1,1993,13,0,0,0,0,9,0,0,0,0
340249,1,1,1993,0,0,0,0,0,0,0,0,0,0
340249,2,1,1993,0,0,0,0,0,0,0,0,0,0
340250,0,1,1993,0,0,0,0,0,0,0,0,0,0
340250,1,1,1993,0,0,0,0,0,0,0,0,0,0
340251,1,1,1993,0,0,0,0,0,0,0,0,0,0
340251,2,1,1993,0,0,0,0,0,0,0,0,0,0
340252,1,1,1993,0,0,0,7,0,0,0,0,0,0
340252,2,1,1993,0,0,0,0,0,0,0,0,0,0
340254,1,1,1993,12,12,12,12,12,12,12,12,12,12
340255,1,1,1993,24,24,24,24,24,24,24,24,24,24
340256,1,1,1993,0,0,0,0,0,0,0,0,0,0
340256,2,1,1993,0,12,0,34,0,15,0,0,0,12
340257,1,1,1993,13,13,13,13,13,13,13,13,13,13
340258,1,1,1993,27,27,27,27,27,27,27,27,27,27
340258,2,1,1993,0,0,0,0,0,0,16,0,0,0
340260,0,1,1993,0,0,0,0,0,0,0,0,0,0
340260,1,1,1993,0,0,0,0,0,0,0,0,0,0