ST_CASE,VEH_NO,PER_NO,YEAR,P1,P2,P3,P4,P5,P6,P7,P8,P9,P10
340261,1,1,1993,22,22,22,22,22,22,22,22,22,22
340262,1,1,1993,0,0,11,0,0,0,0,0,0,0
340262,2,1,1993,0,0,12,0,0,0,0,0,0,0
340263,1,1,1993,0,0,0,0,0,0,0,0,10,0
340263,2,1,1993,0,0,0,0,0,0,0,0,0,0
340264,0,1,1993,0,0,0,0,0,0,0,0,0,0
340264,1,1,1993,0,0,0,0,0,0,0,0,0,0
340265,1,1,1993,0,0,0,0,0,0,0,0,0,0
340265,2,1,1993,7,7,7,7,7,7,7,7,7,7
340266,1,1,1993,0,0,0,0,0,0,0,0,0,0
340267,1,1,1993,25,25,25,25,25,25,25,25,25,25
340268,1,1,1993,0,0,0,0,0,0,0,0,0,0
340268,2,1,1993,0,0,0,0,0,0,0,0,0,0
340269,1,1,1993,6,6,6,6,6,6,6,6,6,6
340270,1,1,1993,0,0,0,0,0,0,0,0,0,0
340272,1,1,1993,0,0,0,0,0,0,0,0,0,0
340272,2,1,1993,0,0,0,0,0,0,0,0,0,0
340273,1,1,1993,0,0,0,0,0,0,0,0,0,0
340274,1,1,1993,0,0,0,0,0,0,0,0,0,0
340275,1,1,1993,0,0,0,7,10,0,0,0,0,0
340275,2,1,1993,0,12,0,0,0,0,0,0,0,0
340276,1,1,1993,15,15,15,15,15,15,15,15,15,15
340276,2,1,1993,0,0,0,0,0,0,0,0,0,0
340277,1,1,1993,0,0,0,0,0,0,0,11,0,0
340278,1,1,1993,0,0,0,0,0,0,0,0,0,0
340279,1,1,1993,16,16,16,16,16,16,16,16,16,16
340280,1,1,1993,0,0,0,0,0,0,0,0,0,0
340280,2,1,1993,0,0,0,0,0,0,0,0,0,0
340281,0,1,1993,0,0,0,0,0,0,21,15,0,0
340281,1,1,1993,0,0,0,0,0,0,0,0,0,0
340282,1,1,1993,0,0,0,0,0,0,0,0,0,0
340283,1,1,1993,0,0,0,0,0,0,0,0,0,0
340284,0,1,1993,0,0,0,0,0,0,0,0,0,0
340284,1,1,1993,0,0,0,0,0,0,0,0,0,0
340285,1,1,1993,0,0,0,0,0,0,0,0,0,0
340285,2,1,1993,21,21,21,21,21,21,21,21,21,21
340286,1,1,1993,1,1,1,1,1,1,1,1,1,1
340290,1,1,1993,0,0,0,0,0,0,0,0,0,0
340291,0,1,1993,0,0,0,0,0,0,0,0,0,0
340291,1,1,1993,0,0,0,0,0,16,0,0,0,14
340292,1,1,1993,8,8,8,8,8,8,8,8,8,8
340293,1,1,1993,0,0,0,17,0,0,0,0,0,0
340293,2,1,1993,0,0,0,0,0,0,0,0,0,0
340293,3,1,1993,0,0,1,0,0,0,0,0,3,0
340293,4,1,1993,14,14,14,14,14,14,14,14,14,14
340294,1,1,1993,0,16,0,0,0,0,0,0,0,0
340296,1,1,1993,0,0,0,0,0,0,0,0,0,0
340296,2,1,1993,0,0,0,0,0,0,0,0,0,0
340297,0,1,1993,4,4,4,4,4,4,4,4,4,4
340297,1,1,1993,0,0,0,0,0,0,0,0,0,0
340298,1,1,1993,0,0,0,0,0,0,0,0,8,0
340298,2,1,1993,0,0,0,0,0,0,0,0,0,0
340299,1,1,1993,25,25,25,25,25,25,25,25,25,25
340299,2,1,1993,0,0,0,0,0,0,0,0,0,0
340300,1,1,1993,0,0,0,0,0,0,0,0,0,0
340300,2,1,1993,0,0,0,0,0,0,0,0,0,0
340301,1,1,1993,0,0,0,0,0,0,0,0,0,0
340301,2,1,1993,0,0,0,0,0,0,0,0,0,0
340303,0,1,1993,0,0,0,0,0,0,0,0,0,0
340303,1,1,1993,0,0,0,0,0,0,0,0,0,0
340305,1,1,1993,0,0,0,0,0,0,0,0,0,0
340306,0,1,1993,0,0,0,0,0,0,0,0,0,0
340306,1,1,1993,0,0,0,0,0,0,0,0,0,0
340311,1,1,1993,0,0,0,0,0,0,11,10,0,0
340317,1,1,1993,16,16,16,16,16,16,16,16,16,16
340319,1,1,1993,0,0,0,0,0,0,0,0,0,0
340319,2,1,1993,0,0,0,0,0,0,0,0,0,0
340320,1,1,1993,15,15,15,15,15,15,15,15,15,15
340322,1,1,1993,0,0,0,0,0,0,0,0,0,0
340322,2,1,1993,0,0,0,0,0,0,0,0,0,0
340323,1,1,1993,0,0,0,0,0,0,0,0,0,0
340323,2,1,1993,7,0,0,0,0,0,0,0,0,0
340324,1,1,1993,0,0,0,0,0,0,0,0,0,0
340324,2,1,1993,0,0,0,0,0,0,0,0,0,0
340326,0,1,1993,0,0,0,0,0,0,0,0,0,0
340326,1,1,1993,0,0,0,0,0,0,0,0,0,0
340328,1,1,1993,18,18,18,18,18,18,18,18,18,18
340328,2,1,1993,14,0,0,0,0,0,0,0,10,0
340329,0,1,1993,0,0,25,10,0,0,15,0,11,24
340329,1,1,1993,0,0,26,0,0,0,0,0,0,19
340330,1,1,1993,13,13,13,13,13,13,13,13,13,13
340332,1,1,1993,0,0,0,0,0,0,0,0,0,0
340332,2,1,1993,0,0,0,0,0,0,0,0,0,0
340333,1,1,1993,0,0,0,0,0,0,0,0,0,0
340333,2,1,1993,0,0,0,0,0,0,0,0,0,0
340334,0,1,1993,0,0,0,0,0,0,0,0,0,0
340334,1,1,1993,0,14,0,21,29,0,0,0,0,0
340336,2,1,1993,0,13,0,0,0,11,0,0,3,0
340339,1,1,1993,0,0,0,15,0,0,0,0,0,0
340343,1,1,1993,9,9,9,9,9,9,9,9,9,9
340343,2,1,1993,0,0,0,0,0,0,0,0,0,0
340343,3,1,1993,0,0,0,0,0,0,0,0,0,0
340343,4,1,1993,0,0,0,0,0,0,0,0,0,0
340343,5,1,1993,0,0,10,0,0,0,0,0,0,0
340345,1,1,1993,0,0,0,0,0,0,0,0,0,0
340345,2,1,1993,0,0,0,0,0,0,0,0,0,0
340346,1,1,1993,0,0,0,0,0,0,0,0,0,0
340346,2,1,1993,0,0,0,0,0,0,0,0,0,0
340349,1,1,1993,0,0,12,29,0,28,31,24,0,23
340350,0,1,1993,27,27,27,27,27,27,27,27,27,27
340350,1,1,1993,0,0,0,0,0,0,0,0,0,17
340351,1,1,1993,0,0,0,0,0,0,22,0,0,0
340351,2,1,1993,0,0,0,0,0,0,0,0,0,0
340352,1,1,1993,0,0,0,0,0,0,0,0,0,0
340352,2,1,1993,0,0,0,0,0,0,0,0,0,0
340353,1,1,1993,0,0,0,0,0,0,0,0,0,0
340353,2,1,1993,0,0,0,0,0,0,11,0,8,0
340354,0,1,1993,0,16,0,0,0,0,0,0,0,0
340354,1,1,1993,0,0,14,0,0,0,0,0,0,0
340355,0,1,1993,0,0,0,0,0,0,0,0,0,0
340355,0,2,1993,22,40,15,11,22,7,7,18,5,37
340355,1,1,1993,0,0,0,0,0,0,0,0,0,0
340358,0,1,1993,0,0,0,0,0,0,0,0,0,0
340358,1,1,1993,0,0,0,7,0,0,0,0,0,0
340359,0,1,1993,0,0,0,0,0,0,0,0,0,0
340359,1,1,1993,0,0,0,0,0,0,0,0,0,0
340360,1,1,1993,21,21,21,21,21,21,21,21,21,21
340361,1,1,1993,11,11,11,11,11,11,11,11,11,11
340362,1,1,1993,0,0,0,0,0,0,0,0,0,0
340363,1,1,1993,0,0,0,0,31,18,33,11,20,20
340364,1,1,1993,13,13,13,13,13,13,13,13,13,13
340365,1,1,1993,0,0,9,7,0,0,0,0,0,0
340366,0,1,1993,0,0,0,0,0,0,0,0,0,0
340366,1,1,1993,7,0,0,0,13,0,10,0,0,13
340367,1,1,1993,0,0,0,0,0,0,0,0,0,0
340367,2,1,1993,0,0,0,0,0,0,0,0,0,0
340368,1,1,1993,0,0,0,0,0,0,0,0,0,23
340368,2,1,1993,0,0,20,0,0,0,0,0,0,0
340369,1,1,1993,0,0,0,0,0,0,0,0,0,0
340369,2,1,1993,0,0,0,0,0,0,0,0,0,0
340370,1,1,1993,0,0,0,0,0,0,0,0,0,0
340370,2,1,1993,0,0,18,0,14,0,0,0,0,0
340371,0,1,1993,0,0,0,0,0,0,0,0,0,0
340371,0,2,1993,21,0,33,0,28,13,21,36,11,0
340371,1,1,1993,11,11,11,11,11,11,11,11,11,11
340373,1,1,1993,0,0,0,0,0,0,0,0,0,0
340373,2,1,1993,0,0,0,0,0,0,0,0,0,0
340374,1,1,1993,23,23,23,23,23,23,23,23,23,23
340375,1,1,1993,18,18,18,18,18,18,18,18,18,18
340375,2,1,1993,0,0,0,0,0,0,0,0,0,0
340376,1,1,1993,0,0,0,0,0,0,0,0,0,0
340376,2,1,1993,10,10,10,10,10,10,10,10,10,10
340377,1,1,1993,28,28,28,28,28,28,28,28,28,28
340378,0,1,1993,0,0,0,0,0,0,0,0,0,0
340378,1,1,1993,0,0,0,0,0,0,0,0,0,0
340381,1,1,1993,0,0,0,0,0,0,0,0,0,0
340381,2,1,1993,0,0,0,0,0,0,0,0,0,0
340382,1,1,1993,15,15,15,15,15,15,15,15,15,15
340383,1,1,1993,0,0,0,0,0,0,0,0,0,0
340383,2,1,1993,0,0,0,0,0,0,0,0,0,0
340385,1,1,1993,2,2,2,2,2,2,2,2,2,2
340385,2,1,1993,0,0,0,0,0,0,0,0,0,0
340385,3,1,1993,0,0,0,0,0,0,0,0,0,0
340385,4,1,1993,0,0,0,0,0,0,0,0,0,0
340386,1,1,1993,0,0,0,0,0,0,0,0,0,0
340387,1,1,1993,26,26,26,26,26,26,26,26,26,26
340388,1,1,1993,0,0,0,0,0,0,0,0,0,0
340388,2,1,1993,0,0,0,0,0,0,0,0,0,0
340389,1,1,1993,0,0,0,0,0,0,0,0,0,0
340389,2,1,1993,0,0,0,0,0,0,0,0,0,0
340390,1,1,1993,16,16,16,16,16,16,16,16,16,16
340391,1,1,1993,0,0,0,0,0,0,0,0,0,0
340391,2,1,1993,0,0,0,0,0,0,0,0,0,0
340392,1,1,1993,0,0,0,0,0,0,0,0,0,0
340392,2,1,1993,0,0,0,0,0,0,0,0,0,0
340393,1,1,1993,0,0,0,0,0,0,0,0,0,0
340393,2,1,1993,0,0,0,0,0,0,0,4,0,0
340394,0,1,1993,23,23,23,23,23,23,23,23,23,23
340394,1,1,1993,0,0,12,0,0,0,0,0,0,0
340395,0,1,1993,0,0,0,0,0,0,0,0,0,0
340395,1,1,1993,0,0,14,8,29,0,0,0,16,0
340396,1,1,1993,21,21,21,21,21,21,21,21,21,21
340397,1,1,1993,0,0,0,0,0,0,0,0,0,0
340397,2,1,1993,0,0,0,0,0,0,0,0,0,0
340399,1,1,1993,0,0,0,0,0,0,0,0,0,0
340400,0,1,1993,0,0,0,0,26,0,0,0,0,0
340400,0,2,1993,0,0,13,0,0,0,0,0,0,0
340400,1,1,1993,0,0,0,0,0,0,0,0,0,0
340401,1,1,1993,24,24,24,24,24,24,24,24,24,24
340402,1,1,1993,17,11,0,7,0,11,20,15,5,19
340402,2,1,1993,0,0,0,0,0,0,0,0,0,0
340403,1,1,1993,19,19,19,19,19,19,19,19,19,19
340403,2,1,1993,0,0,0,0,0,0,0,0,15,0
340404,0,1,1993,0,0,0,0,0,0,0,0,0,0
340404,1,1,1993,0,0,0,0,0,0,0,0,0,0
340405,1,1,1993,0,0,0,0,0,0,0,0,0,0
340405,2,1,1993,0,0,0,0,0,0,0,6,0,7
340406,1,1,1993,0,0,0,0,0,0,0,0,0,0
340406,2,1,1993,0,0,0,0,0,0,0,0,0,0
340406,3,1,1993,0,0,0,0,0,0,0,0,0,0
340406,4,1,1993,0,0,0,0,0,0,0,0,15,0
340407,1,1,1993,0,0,0,0,0,0,0,0,0,0
340408,1,1,1993,0,0,0,0,0,0,0,0,0,0
340412,1,1,1993,0,0,0,0,0,0,0,0,0,0
340415,0,1,1993,0,0,0,0,0,0,24,0,0,0
340415,1,1,1993,0,0,29,17,0,0,0,0,0,0
340416,1,1,1993,0,0,0,0,0,0,0,0,0,0
340417,0,1,1993,0,0,19,0,0,0,19,0,0,0
340417,1,1,1993,0,0,0,0,0,0,0,0,0,0
340418,1,1,1993,0,0,0,0,0,0,0,0,0,0
340419,1,1,1993,0,0,0,0,0,0,0,0,0,0
340420,1,1,1993,12,0,0,0,0,0,0,0,0,0
340421,0,1,1993,0,0,0,0,0,0,0,0,0,0
340421,1,1,1993,0,0,0,0,0,0,0,0,0,0
340422,1,1,1993,21,21,21,21,21,21,21,21,21,21
340423,1,1,1993,0,0,0,0,0,0,0,0,0,0
340424,1,1,1993,0,0,0,0,0,0,0,0,0,0
340425,0,1,1993,0,0,0,0,0,0,0,0,0,0
340425,0,2,1993,0,5,10,22,15,37,19,7,11,0
340425,0,3,1993,0,0,0,0,0,0,0,0,0,0
340425,0,4,1993,0,0,0,0,0,0,0,0,0,0
340425,1,1,1993,5,0,0,0,0,0,0,0,19,0
340426,1,1,1993,0,0,0,0,0,0,0,0,0,0
340427,0,1,1993,29,29,29,29,29,29,29,29,29,29
340427,1,1,1993,0,0,0,0,5,0,0,0,0,0
340427,2,1,1993,0,0,0,0,0,0,0,0,0,0
340427,3,1,1993,0,0,0,0,0,0,0,0,0,0
340428,0,1,1993,0,0,0,0,0,0,0,0,0,0
340428,1,1,1993,0,0,0,0,0,0,0,0,0,0
340429,1,1,1993,19,27,29,24,0,14,5,25,21,20
340430,1,1,1993,0,0,0,0,0,0,0,0,0,0
340430,2,1,1993,21,21,21,21,21,21,21,21,21,21
340431,1,1,1993,0,0,0,0,0,0,0,0,0,0
340431,2,1,1993,0,0,0,0,0,0,0,0,0,0
340432,0,1,1993,0,0,0,0,0,0,0,0,0,0
340432,1,1,1993,1,1,1,1,1,1,1,1,1,1
340433,1,1,1993,0,0,0,0,0,0,0,0,0,0
340434,1,1,1993,7,7,7,7,7,7,7,7,7,7
340434,2,1,1993,0,0,0,0,0,0,0,0,10,0
340435,1,1,1993,0,16,11,0,0,0,0,10,0,0
340436,0,1,1993,0,0,0,0,0,0,0,0,0,0
340436,1,1,1993,0,0,0,0,0,0,0,0,0,0
340436,2,1,1993,0,0,0,0,0,0,0,0,0,0
340436,3,1,1993,0,0,0,0,0,0,6,0,0,0
340437,0,1,1993,0,0,0,0,0,0,0,0,0,0
340437,1,1,1993,0,0,0,0,0,0,0,0,0,0
340438,1,1,1993,0,0,0,0,0,0,0,0,0,0
340439,1,1,1993,20,20,20,20,20,20,20,20,20,20
340439,2,1,1993,0,0,0,0,0,0,0,0,0,0
340440,0,1,1993,0,0,0,0,0,0,0,0,0,0
340440,1,1,1993,0,0,0,0,0,0,0,0,0,0
340441,1,1,1993,0,0,0,0,0,0,0,0,0,0
340441,2,1,1993,0,0,0,0,0,0,0,0,0,0
340441,3,1,1993,0,0,0,0,0,0,0,0,0,0
340444,1,1,1993,18,18,18,18,18,18,18,18,18,18
340444,2,1,1993,29,29,29,29,29,29,29,29,29,29
340446,1,1,1993,0,0,0,0,0,0,0,0,0,0
340446,2,1,1993,3,3,3,3,3,3,3,3,3,3
340448,1,1,1993,0,0,0,0,0,0,0,0,0,0
340448,2,1,1993,0,0,0,0,0,0,0,0,0,0
340449,0,1,1993,10,10,10,10,10,10,10,10,10,10
340449,1,1,1993,15,15,15,15,15,15,15,15,15,15
340450,1,1,1993,0,0,0,0,0,0,0,0,0,0
340450,2,1,1993,0,19,0,0,0,0,0,0,0,0
340450,3,1,1993,0,0,0,0,0,0,0,0,0,0
340451,1,1,1993,0,0,0,0,0,0,0,0,0,0
340451,2,1,1993,0,0,8,0,0,0,0,0,0,0
340453,1,1,1993,0,0,0,0,0,0,0,0,0,0
340453,2,1,1993,0,0,0,0,0,0,0,0,0,0
340455,1,1,1993,0,0,0,36,0,0,0,0,0,14
340456,1,1,1993,0,0,0,0,0,0,0,0,0,0
340457,1,1,1993,0,0,0,0,0,0,0,0,0,0
340458,1,1,1993,7,7,7,7,7,7,7,7,7,7
340458,2,1,1993,0,0,0,0,0,0,0,0,0,0
340459,1,1,1993,21,21,21,21,21,21,21,21,21,21
340460,1,1,1993,0,0,0,0,0,0,0,0,0,0
340460,2,1,1993,8,0,0,0,0,0,0,0,0,0
340461,0,1,1993,0,0,0,0,0,0,0,0,0,0
340461,1,1,1993,0,0,0,0,0,0,0,0,0,8
340462,1,1,1993,0,0,0,0,0,0,0,0,0,0
340462,2,1,1993,0,0,0,0,0,0,0,0,0,0
340463,1,1,1993,0,0,0,0,0,0,0,0,0,0
340464,1,1,1993,15,15,15,15,15,15,15,15,15,15
340465,1,1,1993,12,12,12,12,12,12,12,12,12,12
340466,1,1,1993,3,3,3,3,3,3,3,3,3,3
340467,1,1,1993,0,0,0,0,0,0,0,0,0,0
340467,2,1,1993,0,0,0,0,0,0,0,0,0,0
340468,0,1,1993,0,0,0,0,0,0,0,0,0,0
340468,1,1,1993,0,0,0,0,0,24,0,0,0,0
340469,1,1,1993,0,0,0,0,0,0,0,0,0,0
340469,2,1,1993,0,0,0,0,0,0,0,0,0,16
340470,0,1,1993,22,22,22,22,22,22,22,22,22,22
340470,1,1,1993,11,0,0,0,0,0,0,0,0,0
340472,1,1,1993,0,0,0,0,0,0,0,0,0,0
340472,2,1,1993,0,0,0,0,0,0,0,0,0,0
340473,1,1,1993,0,0,0,0,0,0,0,0,0,0
340474,1,1,1993,14,14,14,14,14,14,14,14,14,14
340475,1,1,1993,0,3,0,0,0,0,0,0,0,0
340476,1,1,1993,0,0,0,0,0,0,0,0,0,0
340477,1,1,1993,24,24,24,24,24,24,24,24,24,24
340477,2,1,1993,0,19,19,0,0,15,13,0,0,0
340477,3,1,1993,13,0,13,13,20,0,14,0,0,0
340478,1,1,1993,2,2,2,2,2,2,2,2,2,2
340478,2,1,1993,0,0,0,0,0,0,0,0,19,0
340479,1,1,1993,0,0,0,0,0,0,0,0,0,0
340479,2,1,1993,18,18,18,18,18,18,18,18,18,18
340480,1,1,1993,0,0,0,0,0,0,0,0,0,0
340480,2,1,1993,0,0,0,0,0,0,0,0,0,0
340483,1,1,1993,0,0,0,0,0,0,0,0,0,0
340483,2,1,1993,0,0,0,0,0,0,0,0,0,0
340484,1,1,1993,0,0,0,13,12,25,0,0,0,0
340484,2,1,1993,0,0,0,0,0,0,0,0,0,0
340485,1,1,1993,0,0,0,0,0,0,0,0,0,0
340485,2,1,1993,11,11,11,11,11,11,11,11,11,11
340486,0,1,1993,0,0,0,0,0,0,0,0,0,0
340486,1,1,1993,0,0,0,0,0,0,0,0,0,0
340487,1,1,1993,6,6,6,6,6,6,6,6,6,6
340489,1,1,1993,0,0,0,0,0,0,0,0,0,0
340490,1,1,1993,24,24,24,24,24,24,24,24,24,24
340491,1,1,1993,0,0,0,0,0,0,0,0,0,0
340491,2,1,1993,0,0,0,0,0,0,0,0,0,0
340494,0,1,1993,0,0,0,0,0,0,0,0,0,0
340494,1,1,1993,0,0,0,0,0,0,0,0,0,0
340495,1,1,1993,5,5,5,5,5,5,5,5,5,5
340495,2,1,1993,0,0,0,0,0,0,0,0,0,0
340496,1,1,1993,0,0,0,0,0,0,0,0,0,0
340496,2,1,1993,0,0,0,0,0,0,0,0,0,0
340498,1,1,1993,0,0,0,0,0,0,0,30,7,3
340498,2,1,1993,2,2,2,2,2,2,2,2,2,2
340501,0,1,1993,0,0,0,0,0,0,0,0,0,0
340501,1,1,1993,0,0,5,0,0,0,0,0,0,0
340502,1,1,1993,0,0,0,0,0,0,0,0,0,0
340502,2,1,1993,0,0,0,0,0,0,0,0,0,0
340503,1,1,1993,0,0,0,0,0,0,0,0,0,0
340503,2,1,1993,0,0,0,0,0,0,0,0,0,0
340503,3,1,1993,0,0,0,0,0,0,0,0,0,0
340503,4,1,1993,0,0,0,0,0,0,0,0,0,0
340503,5,1,1993,0,0,0,0,0,0,0,0,0,0
340504,0,1,1993,0,0,0,0,0,0,0,0,0,0
340504,1,1,1993,0,0,0,0,0,0,0,0,0,0
340508,0,1,1993,0,0,0,0,0,0,0,0,0,0
340508,1,1,1993,0,0,0,0,0,0,13,0,10,0
340510,1,1,1993,0,22,0,17,0,20,0,39,21,0
340510,2,1,1993,10,0,0,0,0,0,0,0,0,0
340511,0,1,1993,0,0,0,0,0,0,0,0,0,0
340511,1,1,1993,0,0,0,0,0,0,0,0,0,0
340514,1,1,1993,0,0,0,0,0,0,0,0,0,0
340516,1,1,1993,0,0,0,0,19,11,0,0,12,0
340521,1,1,1993,0,0,0,0,0,0,0,0,0,0
340522,0,1,1993,0,0,0,0,0,0,0,0,0,0
340522,1,1,1993,0,0,0,0,0,0,0,0,0,0
340524,0,1,1993,29,29,29,29,29,29,29,29,29,29
340524,1,1,1993,0,0,13,12,0,0,15,9,0,10
340525,1,1,1993,0,0,0,0,0,22,0,0,0,0
340527,0,1,1993,0,0,26,0,0,0,0,0,0,0
340527,0,2,1993,0,14,19,13,24,11,24,9,6,0
340527,1,1,1993,0,0,0,0,0,0,0,0,0,0
340528,1,1,1993,26,0,0,0,0,20,0,0,0,0
340529,0,1,1993,0,0,0,0,0,0,0,0,0,0
340529,1,1,1993,0,0,0,0,0,0,0,0,0,0
340530,0,1,1993,0,0,0,0,0,0,0,0,0,0
340530,1,1,1993,0,0,0,0,0,0,0,0,0,0
340532,0,1,1993,0,0,0,0,0,0,0,0,0,0
340532,1,1,1993,0,0,0,0,0,0,0,0,0,0
340533,0,1,1993,0,0,0,0,0,0,0,0,0,0
340533,0,2,1993,23,0,20,0,0,0,0,0,32,0
340533,1,1,1993,0,0,0,0,0,0,0,0,0,0
340533,2,1,1993,0,0,23,3,0,0,0,0,0,9
340535,1,1,1993,0,0,0,0,0,0,0,0,0,0
340536,0,1,1993,15,15,15,15,15,15,15,15,15,15
340536,1,1,1993,0,0,0,0,0,0,0,0,0,0
340537,0,1,1993,16,16,16,16,16,16,16,16,16,16
340537,1,1,1993,0,0,0,0,0,0,0,0,0,0
340538,1,1,1993,0,0,0,0,0,0,0,0,0,0
340538,2,1,1993,0,0,0,0,0,0,0,0,0,0
340539,0,1,1993,5,5,5,5,5,5,5,5,5,5
340539,1,1,1993,0,0,0,0,0,0,0,0,0,0
340540,1,1,1993,0,0,0,0,0,0,0,0,0,0
340541,1,1,1993,0,0,0,13,0,0,0,0,0,10
340541,2,1,1993,0,0,0,0,0,0,0,0,0,0
340542,1,1,1993,0,0,0,0,0,0,0,0,0,0
340542,2,1,1993,0,0,0,0,0,0,0,0,0,0
340543,1,1,1993,9,0,21,8,0,5,0,6,5,13
340543,2,1,1993,0,0,0,13,0,0,0,0,0,0
340544,1,1,1993,17,17,17,17,17,17,17,17,17,17
340544,2,1,1993,0,0,0,0,0,0,0,0,0,0
340545,0,1,1993,7,7,7,7,7,7,7,7,7,7
340545,1,1,1993,18,5,0,0,0,0,0,0,0,0
340546,1,1,1993,22,22,22,22,22,22,22,22,22,22
340551,1,1,1993,15,0,0,0,0,0,0,0,0,13
340551,2,1,1993,0,7,30,0,14,18,0,0,0,0
340553,1,1,1993,0,0,0,0,0,0,0,0,0,0
340553,2,1,1993,0,0,0,0,0,0,0,0,0,0
340554,1,1,1993,23,7,11,0,11,9,26,2,12,0
340556,1,1,1993,20,20,20,20,20,20,20,20,20,20
340559,0,1,1993,0,0,0,0,0,0,0,0,0,0
340559,1,1,1993,0,0,0,0,0,11,0,0,0,0
340560,1,1,1993,0,0,0,0,0,0,0,0,0,0
340562,0,1,1993,0,0,0,0,0,0,0,0,0,0
340562,1,1,1993,0,0,0,0,0,0,0,0,0,0
340563,0,1,1993,0,0,0,0,0,0,0,0,0,0
340563,1,1,1993,0,0,0,18,0,0,0,0,0,0
340564,0,1,1993,24,24,24,24,24,24,24,24,24,24
340564,1,1,1993,0,9,0,0,0,0,15,0,0,0
340565,1,1,1993,0,0,0,0,0,4,0,8,0,0
340566,1,1,1993,0,0,0,0,0,0,0,0,0,0
340566,2,1,1993,0,0,0,0,0,0,0,0,0,0
340567,1,1,1993,0,0,0,0,0,0,0,0,0,0
340567,2,1,1993,0,0,0,13,21,0,0,19,0,0
340568,0,1,1993,0,0,0,0,0,0,0,0,0,0
340568,1,1,1993,0,0,0,0,0,0,0,0,0,0
340569,1,1,1993,22,22,22,22,22,22,22,22,22,22
340570,1,1,1993,0,0,0,0,0,0,0,3,0,0
340570,2,1,1993,0,0,0,0,0,0,0,0,0,0
340571,1,1,1993,25,25,25,25,25,25,25,25,25,25
340572,0,1,1993,0,0,0,0,0,0,0,0,0,0
340572,1,1,1993,0,0,0,0,0,0,0,0,0,0
340573,1,1,1993,34,0,0,0,0,13,0,0,16,0
340574,0,1,1993,0,0,0,0,0,0,0,0,0,0
340574,1,1,1993,0,0,0,0,0,0,0,0,0,0
340576,1,1,1993,0,0,0,0,0,0,0,0,0,0
340580,1,1,1993,11,11,11,11,11,11,11,11,11,11
340581,0,1,1993,0,0,4,0,0,0,0,0,0,0
340581,1,1,1993,0,0,0,0,0,0,0,0,0,0
340581,2,1,1993,0,0,0,0,0,0,0,0,0,0
340582,1,1,1993,7,0,0,0,0,0,0,9,0,13
340585,1,1,1993,6,6,6,6,6,6,6,6,6,6
340587,1,1,1993,20,20,20,20,20,20,20,20,20,20
340588,1,1,1993,0,0,0,0,0,0,19,0,0,0
340588,2,1,1993,0,0,0,0,0,0,0,0,0,0
340588,3,1,1993,0,0,0,0,7,0,0,0,0,0
340588,4,1,1993,0,0,0,0,0,0,0,0,0,0
340589,1,1,1993,0,0,0,0,0,0,0,0,0,0
340589,2,1,1993,0,0,0,0,0,0,0,0,0,0
340590,1,1,1993,0,0,0,0,0,0,0,0,0,0
340591,0,1,1993,22,22,22,22,22,22,22,22,22,22
340591,1,1,1993,0,0,0,0,0,0,0,0,0,0
340592,0,1,1993,0,0,0,0,0,0,0,0,0,0
340592,1,1,1993,0,0,0,0,0,0,0,0,0,0
340594,0,1,1993,0,0,0,0,0,0,0,0,0,0
340594,1,1,1993,0,0,0,0,0,0,0,0,0,0
340595,1,1,1993,0,0,0,0,0,0,0,0,0,0
340596,0,1,1993,7,7,7,7,7,7,7,7,7,7
340596,1,1,1993,0,0,0,0,7,0,0,0,0,0
340597,1,1,1993,5,5,5,5,5,5,5,5,5,5
340598,0,1,1993,0,0,0,0,0,0,0,0,0,0
340598,1,1,1993,0,0,0,0,0,0,0,0,0,0
340599,1,1,1993,31,31,31,31,31,31,31,31,31,31
340600,0,1,1993,0,0,0,0,0,0,0,0,0,0
340600,1,1,1993,0,0,0,0,0,0,0,0,17,0
340601,0,1,1993,0,0,0,0,0,0,0,0,0,0
340601,1,1,1993,27,0,0,0,13,0,0,0,0,9
340601,2,1,1993,0,0,5,18,4,17,0,0,0,0
340602,1,1,1993,0,0,0,0,0,0,0,0,0,0
340603,0,1,1993,32,17,0,0,0,0,0,22,0,4
340603,1,1,1993,0,0,0,0,0,0,0,0,0,0
340604,1,1,1993,0,18,0,18,0,22,0,0,0,26
340605,0,1,1993,0,0,0,0,0,0,0,0,0,0
340605,1,1,1993,0,0,0,0,0,0,0,0,0,0
340606,1,1,1993,25,25,25,25,25,25,25,25,25,25
340607,1,1,1993,0,0,0,0,0,0,0,0,0,0
340608,1,1,1993,18,18,18,18,18,18,18,18,18,18
340610,0,1,1993,16,16,16,16,16,16,16,16,16,16
340610,1,1,1993,0,0,0,0,0,0,0,0,0,0
340611,1,1,1993,0,0,0,0,0,0,0,0,0,0
340611,2,1,1993,0,0,0,0,0,0,0,14,0,0
340612,1,1,1993,0,0,0,0,0,2,0,0,0,0
340612,2,1,1993,0,0,0,0,0,0,0,0,0,0
340612,3,1,1993,0,0,0,0,0,0,0,0,0,23
340613,0,1,1993,0,0,0,0,0,0,0,0,0,0
340613,1,1,1993,0,0,0,0,0,0,0,0,0,0
340614,1,1,1993,0,0,0,0,0,0,0,0,0,0
340615,0,1,1993,0,0,0,0,0,0,0,0,0,0
340615,1,1,1993,0,0,0,0,0,0,0,0,0,0
340617,1,1,1993,0,0,0,0,0,0,0,0,0,0
340618,1,1,1993,18,18,18,18,18,18,18,18,18,18
340619,1,1,1993,0,0,0,0,0,0,0,0,0,0
340619,2,1,1993,0,0,0,0,0,0,0,0,0,0