ST_CASE,VEH_NO,PER_NO,YEAR,P1,P2,P3,P4,P5,P6,P7,P8,P9,P10
340620,1,1,1993,0,0,0,0,0,0,0,0,0,0
340621,1,1,1993,0,0,0,0,0,0,0,0,0,0
340621,2,1,1993,0,0,0,0,0,0,0,0,0,0
340622,0,1,1993,0,0,0,0,0,0,0,0,0,0
340622,1,1,1993,0,0,0,0,0,0,0,0,0,0
340623,1,1,1993,7,7,7,7,7,7,7,7,7,7
340624,1,1,1993,16,16,16,16,16,16,16,16,16,16
340625,1,1,1993,0,0,0,0,0,0,0,0,0,0
340625,2,1,1993,28,28,28,28,28,28,28,28,28,28
340626,1,1,1993,0,0,0,0,14,0,0,0,0,0
340626,2,1,1993,0,0,0,0,0,0,0,0,0,0
340627,1,1,1993,0,0,0,0,0,0,0,0,0,0
340627,2,1,1993,0,0,0,0,0,0,0,0,0,0
340628,0,1,1993,0,0,0,0,0,0,0,0,0,0
340630,0,1,1993,0,0,0,0,0,0,0,0,0,32
340630,1,1,1993,0,0,0,0,0,0,0,0,0,0
340631,1,1,1993,0,0,0,0,0,0,0,0,0,0
340631,2,1,1993,0,0,0,0,0,0,0,0,0,0
340632,0,1,1993,20,20,20,20,20,20,20,20,20,20
340632,1,1,1993,0,0,0,0,0,0,0,0,0,0
340633,1,1,1993,0,0,0,0,0,0,0,0,0,0
340633,2,1,1993,0,0,0,0,0,0,0,0,0,0
340634,1,1,1993,0,0,0,0,0,0,10,0,4,0
340635,1,1,1993,0,0,0,0,0,0,0,0,0,0
340635,2,1,1993,0,0,0,0,0,0,0,0,0,0
340636,0,1,1993,0,0,0,0,35,0,0,0,0,0
340636,1,1,1993,0,0,0,0,0,0,0,0,0,0
340637,1,1,1993,16,0,27,26,0,0,0,0,0,0
340638,1,1,1993,0,0,0,0,0,0,0,0,0,0
340638,2,1,1993,0,0,0,0,0,0,0,0,0,0
340639,1,1,1993,0,0,0,0,0,0,0,0,0,0
340640,1,1,1993,1,1,1,1,1,1,1,1,1,1
340640,2,1,1993,0,0,11,0,21,21,0,34,0,0
340641,1,1,1993,0,7,0,17,0,0,0,10,0,0
340641,2,1,1993,19,19,19,19,19,19,19,19,19,19
340642,1,1,1993,12,12,12,12,12,12,12,12,12,12
340644,1,1,1993,0,0,0,0,0,0,0,0,0,0
340645,1,1,1993,3,0,0,0,0,0,0,0,0,0
340646,0,1,1993,0,0,0,0,0,0,0,0,0,0
340646,1,1,1993,0,0,0,0,0,0,0,0,0,0
340647,1,1,1993,0,0,0,0,0,0,0,0,0,0
340648,1,1,1993,0,0,0,0,0,0,0,0,0,0
340648,2,1,1993,0,0,0,0,0,0,0,0,0,0
340649,0,1,1993,29,25,15,25,0,0,22,0,30,0
340649,1,1,1993,0,0,0,0,13,0,0,0,0,0
340649,2,1,1993,0,0,0,0,0,0,0,0,4,0
340650,1,1,1993,0,0,0,0,0,0,0,0,0,0
340650,2,1,1993,0,7,0,0,0,0,0,0,0,0
340651,1,1,1993,12,12,12,12,12,12,12,12,12,12
340652,0,1,1993,0,0,0,0,0,0,0,0,0,0
340652,1,1,1993,0,0,0,0,0,0,0,0,0,0
340654,1,1,1993,12,12,12,12,12,12,12,12,12,12
340655,1,1,1993,26,26,26,26,26,26,26,26,26,26
340655,2,1,1993,0,0,0,0,0,0,0,0,0,0
340656,0,1,1993,0,14,0,0,0,0,0,0,0,0
340656,0,2,1993,9,9,9,9,9,9,9,9,9,9
340656,1,1,1993,0,0,17,0,26,17,0,0,0,0
340657,1,1,1993,0,0,0,0,0,0,0,0,0,0
340658,0,1,1993,0,0,0,0,0,0,0,0,0,0
340658,1,1,1993,18,18,18,18,18,18,18,18,18,18
340659,1,1,1993,0,0,0,0,0,0,0,0,0,0
340659,2,1,1993,0,0,0,0,0,0,0,0,0,0
340660,0,1,1993,0,0,0,0,0,0,0,0,0,0
340660,1,1,1993,0,0,0,0,0,0,0,0,0,0
340661,1,1,1993,0,0,0,0,0,0,0,0,0,0
340662,1,1,1993,0,0,0,0,0,0,0,0,0,0
340662,2,1,1993,0,0,0,0,0,0,0,0,0,0
340663,1,1,1993,0,0,0,0,0,0,0,0,0,0
340663,2,1,1993,0,0,0,0,0,0,0,0,0,0
340665,1,1,1993,0,0,0,0,0,0,0,0,0,0
340666,1,1,1993,0,0,0,0,0,0,0,0,0,0
340666,2,1,1993,11,0,4,0,0,0,0,0,0,0
340667,0,1,1993,0,0,0,0,0,0,0,26,0,0
340667,1,1,1993,0,0,0,0,0,0,0,0,0,0
340668,1,1,1993,0,0,0,0,0,0,0,0,0,0
340668,2,1,1993,15,15,15,15,15,15,15,15,15,15
340669,1,1,1993,0,0,0,0,0,0,12,0,6,0
340669,2,1,1993,0,0,0,0,0,0,0,0,0,0
340670,0,1,1993,19,19,19,19,19,19,19,19,19,19
340670,1,1,1993,0,0,0,0,0,0,0,0,0,0
340674,1,1,1993,0,6,0,0,0,0,0,0,0,0
340674,2,1,1993,0,0,0,0,0,0,0,0,0,0
340675,1,1,1993,0,0,0,0,0,0,0,0,0,0
340675,2,1,1993,0,0,0,0,0,0,0,0,0,0
340678,0,1,1993,27,27,27,27,27,27,27,27,27,27
340678,1,1,1993,0,16,0,2,11,0,16,5,0,0
340678,2,1,1993,8,0,0,0,0,0,0,8,0,0
340679,1,1,1993,0,0,0,0,0,0,0,0,0,0
340679,2,1,1993,0,0,0,0,0,0,0,0,0,0
340679,3,1,1993,0,0,0,0,0,0,0,3,0,0
340679,4,1,1993,0,0,0,0,0,0,0,0,0,0
340680,0,1,1993,0,0,0,0,0,0,0,0,0,0
340680,1,1,1993,0,0,0,0,0,0,0,0,0,0
340681,0,1,1993,0,0,0,0,0,0,0,0,0,0
340681,1,1,1993,0,0,0,0,0,0,0,0,0,0
340682,1,1,1993,0,0,0,0,0,0,0,0,0,0
340683,0,1,1993,0,0,0,0,14,0,0,0,0,0
340683,1,1,1993,0,0,0,0,0,0,0,0,0,0
340684,1,1,1993,0,0,0,0,0,0,0,0,0,0
340684,2,1,1993,0,0,0,0,0,0,0,0,0,0
340686,1,1,1993,0,0,0,0,0,0,0,0,10,0
340687,1,1,1993,6,6,6,6,6,6,6,6,6,6
340687,2,1,1993,2,2,2,2,2,2,2,2,2,2
340688,1,1,1993,6,0,21,13,8,21,7,0,0,19
340689,1,1,1993,15,15,15,15,15,15,15,15,15,15
340690,1,1,1993,0,0,0,0,0,0,0,0,0,0
340691,1,1,1993,9,0,0,0,0,0,23,0,0,0
340691,2,1,1993,21,21,21,21,21,21,21,21,21,21
340692,0,1,1993,0,0,0,0,0,0,0,0,0,0
340692,1,1,1993,0,0,0,0,0,0,0,0,0,0
340695,1,1,1993,13,13,13,13,13,13,13,13,13,13
340696,1,1,1993,0,0,0,0,0,0,0,0,0,0
340696,2,1,1993,0,0,0,0,0,0,0,0,0,0
340697,1,1,1993,0,0,0,0,0,0,0,0,0,0
340697,2,1,1993,0,0,0,0,0,0,0,0,0,0
340699,0,1,1993,0,22,0,0,0,22,0,0,12,0
340699,1,1,1993,0,0,0,0,0,0,0,0,0,0
340702,0,1,1993,0,0,0,0,0,0,0,0,0,0
340704,1,1,1993,0,0,0,0,0,0,0,0,0,0
340704,2,1,1993,0,0,0,0,0,0,0,0,0,0
340705,1,1,1993,0,0,0,0,0,0,0,0,0,0
340706,1,1,1993,0,0,0,0,0,0,0,0,0,0
340706,2,1,1993,0,0,0,0,0,0,0,0,0,0
340707,1,1,1993,35,35,35,35,35,35,35,35,35,35
340711,0,1,1993,9,9,9,9,9,9,9,9,9,9
340711,1,1,1993,0,0,0,0,0,0,0,0,0,0
340712,0,1,1993,0,0,0,0,0,0,0,0,0,0
340712,1,1,1993,0,0,0,0,0,0,12,0,0,0
340713,1,1,1993,0,0,0,0,0,0,0,0,0,0
340713,2,1,1993,0,0,0,0,0,0,0,0,0,0
340714,0,1,1993,0,0,0,0,0,0,0,0,0,0
340714,1,1,1993,17,0,0,0,0,0,0,0,0,0
340717,0,1,1993,0,0,0,0,0,0,0,0,0,0
340717,1,1,1993,0,0,0,0,0,0,0,0,0,0
340718,1,1,1993,18,18,18,18,18,18,18,18,18,18
340720,1,1,1993,25,25,25,25,25,25,25,25,25,25
340721,0,1,1993,0,0,0,0,0,0,0,0,0,0
340721,1,1,1993,11,0,0,0,0,0,11,0,0,0
340722,1,1,1993,0,0,0,0,30,8,0,0,0,0
340726,1,1,1993,30,30,30,30,30,30,30,30,30,30
340730,1,1,1993,0,0,0,0,6,8,0,0,0,18
340730,2,1,1993,0,0,0,0,19,0,0,0,0,0
340730,3,1,1993,0,0,0,0,0,0,0,0,0,13
340731,0,1,1993,0,0,0,0,0,0,0,0,0,0
340731,1,1,1993,0,0,0,0,0,0,0,0,0,0
340733,1,1,1993,15,19,11,16,20,16,25,12,24,24
340735,0,1,1993,0,0,0,0,0,0,0,0,0,0
340735,1,1,1993,0,0,0,0,0,0,0,0,0,0
340736,0,1,1993,0,0,0,0,0,0,0,0,0,0
340736,1,1,1993,0,0,0,0,0,0,0,0,0,0
340737,1,1,1993,0,0,0,0,0,0,0,0,0,0
340737,2,1,1993,0,0,0,0,0,0,0,0,0,0
340738,1,1,1993,0,0,0,0,0,0,0,0,0,0
340739,0,1,1993,0,0,0,0,21,0,0,0,9,0
340739,1,1,1993,0,10,0,0,0,0,0,0,0,0
340742,1,1,1993,0,15,0,0,0,29,0,0,0,0
340743,0,1,1993,0,0,14,0,42,20,13,0,0,0
340743,1,1,1993,0,0,0,0,0,0,0,0,0,0
340744,1,1,1993,37,10,9,0,11,19,0,23,15,35
340745,1,1,1993,0,0,0,0,0,0,0,0,0,0
340745,2,1,1993,0,0,0,0,0,0,0,0,9,0
340747,1,1,1993,0,7,13,4,0,3,18,14,7,4
340749,0,1,1993,0,0,0,0,28,23,0,0,0,0
340749,1,1,1993,0,0,0,0,0,26,0,0,0,6
340751,0,1,1993,1,1,1,1,1,1,1,1,1,1
340751,1,1,1993,0,0,0,0,0,0,0,0,0,0
340753,1,1,1993,0,0,0,0,0,0,0,0,0,0
340753,2,1,1993,0,0,0,26,0,0,0,0,0,0
340754,1,1,1993,19,19,19,19,19,19,19,19,19,19
340755,0,1,1993,3,3,3,3,3,3,3,3,3,3
340755,1,1,1993,0,0,13,0,0,0,0,9,0,0
340756,1,1,1993,0,0,0,0,0,0,0,12,0,0
340758,1,1,1993,0,0,0,0,0,6,0,4,0,0
340758,2,1,1993,0,0,0,0,0,0,0,0,0,0
340762,0,1,1993,0,0,0,0,0,0,0,0,0,0
340762,1,1,1993,0,0,0,0,21,0,0,0,0,0
340763,0,1,1993,1,1,1,1,1,1,1,1,1,1
340763,1,1,1993,0,0,0,0,0,12,0,0,0,0
340764,1,1,1993,0,0,0,0,0,0,0,0,0,0
340764,2,1,1993,0,0,0,0,0,0,0,0,0,0
340766,1,1,1993,32,0,0,16,10,27,14,0,21,0
340767,1,1,1993,0,0,0,0,0,0,0,0,0,0
340768,0,1,1993,35,35,35,35,35,35,35,35,35,35
340768,1,1,1993,0,13,0,0,0,0,0,0,0,0
340771,0,1,1993,29,0,0,13,7,0,23,22,27,8
340771,1,1,1993,0,0,0,0,0,0,0,0,0,10
340772,1,1,1993,0,0,0,0,0,0,0,0,0,0
340774,1,1,1993,16,16,16,16,16,16,16,16,16,16
340775,0,1,1993,0,0,0,0,0,0,0,0,0,0
340775,1,1,1993,0,0,0,0,0,0,0,0,0,0
340776,1,1,1993,0,0,0,0,0,0,0,0,0,0
340776,2,1,1993,0,0,0,0,0,0,0,0,0,0
340776,3,1,1993,0,0,0,0,0,0,0,0,0,0
340777,0,1,1993,0,0,0,0,0,0,0,0,0,0
340777,1,1,1993,0,0,0,0,0,0,0,0,0,0
340779,1,1,1993,0,0,0,0,0,0,0,0,0,0
340780,1,1,1993,0,0,0,0,0,0,10,0,0,0
340780,2,1,1993,0,0,0,0,0,0,0,0,0,0
340781,0,1,1993,0,0,0,0,0,0,0,0,0,0
340781,1,1,1993,0,0,0,0,0,0,0,0,0,0
340784,1,1,1993,0,0,0,0,0,0,0,0,0,0
340784,2,1,1993,0,0,0,0,0,0,0,0,0,0
340785,1,1,1993,0,0,0,0,0,0,0,0,0,0
340786,0,1,1993,0,0,0,0,0,0,0,0,0,0
340786,1,1,1993,0,0,0,0,0,0,0,0,0,0
340787,1,1,1993,0,0,0,0,0,0,0,0,0,0
340787,2,1,1993,25,13,29,0,0,0,0,0,0,32
340788,0,1,1993,12,12,12,12,12,12,12,12,12,12
340788,1,1,1993,16,0,0,0,0,13,0,0,0,9
340790,0,1,1993,0,0,0,0,0,0,0,0,0,0
340790,1,1,1993,0,0,0,0,0,0,0,0,0,0
340791,1,1,1993,20,20,20,20,20,20,20,20,20,20
340792,1,1,1993,0,0,0,0,14,0,15,0,0,0
340792,2,1,1993,0,0,0,0,0,0,0,0,0,0
340792,3,1,1993,0,0,0,0,0,0,0,0,0,0
340792,4,1,1993,0,0,0,0,0,0,0,0,0,0
340792,5,1,1993,0,0,0,0,0,0,0,0,0,0
340793,1,1,1993,0,16,0,0,0,0,0,0,0,0
340794,1,1,1993,0,27,8,14,0,0,0,0,0,0
340794,2,1,1993,0,0,0,0,0,0,0,0,0,0
340794,3,1,1993,3,3,3,3,3,3,3,3,3,3
340794,4,1,1993,0,0,18,0,0,0,0,0,0,0
340795,1,1,1993,0,21,16,0,0,0,0,0,0,0
340795,2,1,1993,0,0,0,0,0,0,0,0,0,0
340796,1,1,1993,20,0,0,0,0,0,11,0,0,0
340796,2,1,1993,22,22,22,22,22,22,22,22,22,22
340798,0,1,1993,0,0,18,0,0,0,14,0,0,0
340798,1,1,1993,0,0,0,0,0,0,0,0,0,0
340799,0,1,1993,0,0,0,0,0,0,0,0,0,0
340799,1,1,1993,0,17,8,0,0,8,0,0,15,11
340801,1,1,1993,12,13,0,5,0,0,4,0,0,0
340802,1,1,1993,0,0,0,0,0,0,0,0,0,0
340802,2,1,1993,0,0,0,0,0,0,0,0,0,0
340803,1,1,1993,0,12,0,3,0,0,0,0,0,0
340803,2,1,1993,13,0,0,0,11,0,13,0,0,21
340805,1,1,1993,0,0,0,0,0,0,0,0,0,0
340805,2,1,1993,0,0,0,0,0,0,0,0,0,0
340806,1,1,1993,23,23,23,23,23,23,23,23,23,23
340806,2,1,1993,0,0,0,0,0,0,0,0,0,0
340807,0,1,1993,45,45,45,45,45,45,45,45,45,45
340807,1,1,1993,0,0,18,0,0,0,0,4,20,0
340808,1,1,1993,0,0,0,0,0,0,0,0,0,0
340808,2,1,1993,0,0,15,0,0,9,0,0,0,0
340809,0,1,1993,19,0,0,0,0,0,0,0,23,0
340809,1,1,1993,0,0,0,0,0,0,0,0,0,11
340810,0,1,1993,3,3,3,3,3,3,3,3,3,3
340810,1,1,1993,0,0,16,0,0,0,0,6,0,0
340811,0,1,1993,14,20,22,26,26,30,28,11,50,19
340811,0,2,1993,3,3,3,3,3,3,3,3,3,3
340811,0,3,1993,25,16,0,0,19,22,25,8,27,22
340811,1,1,1993,0,7,9,13,0,0,0,0,12,0
340811,2,1,1993,0,0,11,0,0,6,0,0,0,0
340813,0,1,1993,8,8,8,8,8,8,8,8,8,8
340813,1,1,1993,0,0,0,0,0,0,0,0,0,0
340816,1,1,1993,0,0,0,0,0,0,0,0,0,0
340816,2,1,1993,0,0,0,0,0,0,0,0,0,0
340816,3,1,1993,0,0,0,0,0,0,0,0,0,0
340817,0,1,1993,44,22,0,24,0,0,0,0,0,0
340817,0,2,1993,0,0,0,0,0,0,0,0,0,0
340817,0,3,1993,0,29,0,0,11,17,20,9,0,0
340817,0,4,1993,34,15,0,22,14,8,14,19,0,22
340817,0,5,1993,0,0,0,0,0,0,0,0,0,0
340817,1,1,1993,0,0,0,17,9,7,15,0,16,6
340818,0,1,1993,0,0,0,0,28,0,0,0,0,0
340818,1,1,1993,0,0,0,0,0,0,0,0,0,0
340820,1,1,1993,11,0,24,0,3,0,11,0,0,0
340820,2,1,1993,0,0,0,0,0,0,0,0,0,0
340821,1,1,1993,0,0,0,0,0,0,0,0,0,0
340821,2,1,1993,0,0,0,0,0,0,0,14,0,0
340821,3,1,1993,0,0,0,0,0,0,0,0,0,0
340821,4,1,1993,0,0,0,0,0,0,0,0,0,0
340821,5,1,1993,0,0,0,0,0,0,0,0,0,0
340823,2,1,1993,0,0,0,0,0,0,0,0,0,0
340823,3,1,1993,0,0,15,0,0,0,9,0,0,0
340823,4,1,1993,0,0,0,0,0,0,0,0,0,0
340825,1,1,1993,0,10,6,14,0,0,13,0,0,0
340826,0,1,1993,0,0,0,0,0,0,0,0,0,0
340826,1,1,1993,8,7,19,11,0,19,0,8,0,0
340827,1,1,1993,0,13,0,19,0,9,16,0,0,0
340827,2,1,1993,0,0,9,0,0,0,12,0,0,7
340828,1,1,1993,0,0,10,0,0,0,0,0,9,0
340829,1,1,1993,4,0,0,0,0,0,0,0,0,7
340830,1,1,1993,0,0,0,0,0,0,0,0,0,0
340831,1,1,1993,0,0,0,0,0,0,10,0,0,0
340831,2,1,1993,0,0,0,0,0,0,0,0,0,0
340833,1,1,1993,0,0,0,0,0,0,0,15,0,0
340833,2,1,1993,0,0,0,0,0,0,0,0,0,0
340833,3,1,1993,0,0,0,0,0,0,0,0,0,0
340833,4,1,1993,0,0,0,0,0,0,0,0,0,0
340834,1,1,1993,0,0,0,0,0,0,0,0,0,0
340834,2,1,1993,0,7,0,0,0,0,0,0,0,0
340837,0,1,1993,2,2,2,2,2,2,2,2,2,2
340837,0,2,1993,0,0,0,0,13,0,0,0,0,0
340837,0,3,1993,0,0,0,21,0,20,25,0,0,0
340837,1,1,1993,0,0,0,0,0,0,0,0,0,0
340837,2,1,1993,0,0,22,0,0,0,0,0,21,0
340837,3,1,1993,0,0,0,0,0,0,0,0,0,0
340837,4,1,1993,0,0,0,0,0,0,0,0,0,0
340838,1,1,1993,0,0,0,0,0,0,0,0,0,0
340839,0,1,1993,20,0,14,8,34,0,35,0,0,39
340839,1,1,1993,0,7,0,0,0,0,0,0,2,14
340840,1,1,1993,0,0,0,0,0,0,0,0,0,0
340840,2,1,1993,8,0,0,0,0,0,0,0,0,0
340841,1,1,1993,0,0,0,0,0,0,0,0,0,0
340841,2,1,1993,0,0,0,0,0,0,0,0,0,0
340841,3,1,1993,0,0,0,0,0,0,0,0,0,0
340842,0,1,1993,0,0,0,0,0,0,0,0,0,0
340842,1,1,1993,0,0,0,0,0,0,0,0,0,0
340842,2,1,1993,0,0,0,0,0,0,0,0,0,0
340844,1,1,1993,5,5,5,5,5,5,5,5,5,5
340845,0,1,1993,28,28,28,28,28,28,28,28,28,28
340845,1,1,1993,0,0,0,0,0,18,0,0,0,0
340846,1,1,1993,0,0,0,0,0,0,0,0,0,0
340847,1,1,1993,0,0,0,0,0,0,0,0,0,0
340847,2,1,1993,0,0,0,0,0,0,0,0,0,0
340848,1,1,1993,0,0,0,0,0,0,0,0,0,0
340848,2,1,1993,0,0,0,0,0,0,0,0,0,0
340849,0,1,1993,0,0,0,0,0,0,0,0,0,0
340849,1,1,1993,0,0,0,0,0,0,0,0,0,0
340850,1,1,1993,0,0,0,0,0,0,0,0,0,0
340850,2,1,1993,0,0,0,0,0,0,0,0,0,0
340850,3,1,1993,0,0,0,0,0,0,0,0,0,0
340851,0,1,1993,0,0,0,0,0,0,0,0,0,0
340851,1,1,1993,16,0,0,8,0,0,0,0,0,0
340852,0,1,1993,0,0,0,0,0,0,0,0,0,0
340852,1,1,1993,0,0,0,0,0,0,0,0,0,0
340853,0,1,1993,0,0,0,0,0,0,0,0,0,0
340853,1,1,1993,0,0,0,0,0,0,0,0,0,0
340854,1,1,1993,0,0,0,0,0,0,0,0,0,0
340855,0,1,1993,23,23,23,23,23,23,23,23,23,23
340855,1,1,1993,0,0,15,0,0,0,0,0,5,0
340855,2,1,1993,0,0,0,0,0,0,0,0,0,0
340856,1,1,1993,0,0,0,0,0,0,0,0,0,0
340856,2,1,1993,0,0,18,0,0,0,0,13,0,0
340857,1,1,1993,0,15,17,0,13,17,0,0,0,0
340859,1,1,1993,20,20,20,20,20,20,20,20,20,20
340860,1,1,1993,0,0,0,0,0,0,0,0,0,0
340860,2,1,1993,0,0,0,0,0,0,0,0,0,0
340861,1,1,1993,0,0,0,0,0,0,0,0,0,0
340863,1,1,1993,0,0,0,0,0,0,0,0,0,0
340864,1,1,1993,0,0,0,0,0,0,0,0,0,0
340864,2,1,1993,0,0,0,0,0,0,0,0,0,0
340865,1,1,1993,0,0,0,0,0,0,0,0,0,0
340866,0,1,1993,0,0,0,0,0,0,0,0,0,0
340866,1,1,1993,0,0,0,0,0,0,0,0,0,0
340869,1,1,1993,0,0,0,0,0,0,0,0,0,0
340869,2,1,1993,0,0,0,0,0,0,0,0,0,0
340870,1,1,1993,6,6,6,6,6,6,6,6,6,6
340870,2,1,1993,0,0,0,0,0,0,0,0,0,0
340871,1,1,1993,17,0,14,0,0,0,19,0,0,0
340872,1,1,1993,0,28,0,6,0,0,0,0,0,0
340873,1,1,1993,0,0,0,6,0,0,0,0,0,0
340873,2,1,1993,0,0,0,0,0,0,0,0,0,0
340873,3,1,1993,0,0,0,0,0,0,0,0,0,0
340875,0,1,1993,0,0,0,0,0,0,0,0,0,0
340875,1,1,1993,0,0,0,0,0,0,0,0,0,0
340877,1,1,1993,0,0,0,0,0,0,0,0,0,0
340878,1,1,1993,9,9,9,9,9,9,9,9,9,9
340879,1,1,1993,0,0,22,0,15,0,8,14,0,0
340880,1,1,1993,0,0,0,0,0,0,0,0,0,0
340881,1,1,1993,0,0,0,0,0,15,0,0,0,13
340882,1,1,1993,0,0,6,0,0,0,0,0,0,0
340883,0,1,1993,18,18,18,18,18,18,18,18,18,18
340883,1,1,1993,0,0,0,0,5,20,0,0,0,0
340884,1,1,1993,0,0,0,0,0,0,0,0,0,0
340884,2,1,1993,0,0,5,0,13,0,0,7,0,16
340885,1,1,1993,0,0,0,0,0,0,0,0,0,0
340886,1,1,1993,0,0,0,21,0,0,5,0,0,0
340886,2,1,1993,0,0,0,0,0,0,0,0,0,0
340887,0,1,1993,1,1,1,1,1,1,1,1,1,1
340887,1,1,1993,0,0,0,0,0,0,0,0,0,0
340888,1,1,1993,37,37,37,37,37,37,37,37,37,37
340889,1,1,1993,0,0,0,0,0,0,0,0,0,0
340889,2,1,1993,0,0,0,0,0,0,0,0,0,0
340890,1,1,1993,21,21,21,21,21,21,21,21,21,21
340892,0,1,1993,0,0,0,0,0,0,0,0,0,0
340892,1,1,1993,0,0,0,0,0,0,0,11,0,0
340892,2,1,1993,0,0,0,0,0,0,5,0,0,10
340895,1,1,1993,0,0,0,0,0,9,0,0,0,0
340896,1,1,1993,36,36,36,36,36,36,36,36,36,36
340898,1,1,1993,0,0,0,0,0,0,0,0,0,0
340898,2,1,1993,0,0,14,0,0,0,0,0,0,0
340900,0,1,1993,0,0,0,0,0,0,0,0,0,0
340900,1,1,1993,0,0,0,0,0,0,0,0,0,0
340901,1,1,1993,14,14,14,14,14,14,14,14,14,14
340901,2,1,1993,0,0,0,0,0,0,0,0,0,0
340903,0,1,1993,0,0,0,0,0,0,0,0,0,0
340903,0,2,1993,0,8,0,0,0,12,0,0,0,0
340903,0,3,1993,0,20,0,19,0,0,0,21,42,25
340903,1,1,1993,0,0,0,0,0,0,0,0,0,0
340904,1,1,1993,11,11,11,11,11,11,11,11,11,11
340905,1,1,1993,0,0,0,0,0,0,0,0,0,0
340905,2,1,1993,0,0,0,0,0,0,0,0,0,0
340906,1,1,1993,0,0,0,0,0,0,0,0,0,0
340907,1,1,1993,0,0,0,0,0,6,0,0,0,0
340907,2,1,1993,0,0,0,0,0,0,0,0,0,0
340908,1,1,1993,0,0,0,0,0,0,0,0,0,0
340908,2,1,1993,10,10,10,10,10,10,10,10,10,10
340908,3,1,1993,0,0,0,0,0,0,0,0,0,0
340909,1,1,1993,0,0,0,0,0,0,0,0,0,0
340910,0,1,1993,21,23,0,0,0,0,0,32,0,13
340910,1,1,1993,17,17,17,17,17,17,17,17,17,17
340910,2,1,1993,0,0,0,7,0,0,0,0,0,0
340911,1,1,1993,0,0,0,0,0,0,0,0,0,0
340911,2,1,1993,1,1,1,1,1,1,1,1,1,1
340911,3,1,1993,5,0,0,0,0,0,0,0,0,0
340912,0,1,1993,0,0,0,0,0,0,0,0,0,0
340912,1,1,1993,0,0,0,0,0,0,0,0,0,0
340912,2,1,1993,0,0,0,0,0,0,0,0,0,0
340912,3,1,1993,0,0,0,0,0,0,0,0,0,0
340914,1,1,1993,15,0,0,6,0,0,0,0,0,0
340915,1,1,1993,0,0,0,0,0,0,0,0,0,0
340915,2,3,1993,0,0,0,0,0,0,0,0,0,0
340916,1,1,1993,0,0,23,0,0,0,0,0,18,0
340918,0,1,1993,0,0,0,0,0,0,0,0,0,0
340918,0,2,1993,0,19,0,0,0,0,0,0,0,0
340918,0,3,1993,0,0,0,7,0,18,0,0,0,0
340918,0,4,1993,0,0,0,0,0,0,16,0,0,0
340918,1,1,1993,0,0,0,0,0,0,7,0,0,0
340918,2,1,1993,0,0,0,0,0,0,0,0,4,0
340919,1,1,1993,0,7,19,19,12,12,6,13,37,0
340919,2,1,1993,0,0,0,0,0,0,0,0,0,0
340920,1,1,1993,24,24,24,24,24,24,24,24,24,24
350001,0,1,1993,15,15,15,15,15,15,15,15,15,15
350001,1,1,1993,0,7,7,18,8,0,17,4,16,11
350002,1,1,1993,0,0,0,0,0,0,0,0,0,0
350003,1,1,1993,0,0,0,17,31,13,0,0,18,13
350004,1,1,1993,0,0,0,0,0,0,0,0,0,0
350004,2,1,1993,0,18,0,0,0,0,0,0,0,0
350005,1,1,1993,0,0,0,0,0,0,0,0,0,0
350006,1,1,1993,0,0,0,0,0,0,0,0,0,0
350007,1,1,1993,34,32,10,8,14,37,29,22,8,24
350008,1,1,1993,0,0,0,0,0,0,0,0,0,0
350008,2,1,1993,0,0,0,0,0,0,0,0,0,0
350009,1,1,1993,11,11,11,11,11,11,11,11,11,11
350010,1,1,1993,0,0,0,0,0,0,0,0,0,0
350010,2,1,1993,0,0,0,0,0,0,0,0,0,0
350011,0,1,1993,27,27,27,27,27,27,27,27,27,27
350011,1,1,1993,0,0,0,0,0,0,0,0,0,0
350012,1,1,1993,0,0,0,0,0,0,0,0,0,0
350012,2,1,1993,0,0,0,0,0,0,0,0,0,0
350013,1,1,1993,18,18,18,18,18,18,18,18,18,18
350013,2,1,1993,0,0,0,0,0,0,0,0,0,0
350014,1,1,1993,0,0,0,0,0,0,0,0,0,0
350015,1,1,1993,0,13,12,0,0,0,0,0,15,13
350016,0,1,1993,25,25,25,25,25,25,25,25,25,25
350016,1,1,1993,0,0,0,0,0,0,0,0,0,0
350017,1,1,1993,19,19,19,19,19,19,19,19,19,19
350018,1,1,1993,19,19,19,19,19,19,19,19,19,19
350019,1,1,1993,11,11,11,11,11,11,11,11,11,11
350020,1,1,1993,19,19,19,19,19,19,19,19,19,19
350021,1,1,1993,27,27,27,27,27,27,27,27,27,27
350022,1,1,1993,0,0,0,0,0,0,0,0,0,0
350022,2,1,1993,0,0,0,0,0,0,0,0,0,0
350023,1,1,1993,11,11,11,11,11,11,11,11,11,11
350023,2,1,1993,0,0,0,0,0,0,0,0,0,0
350024,1,1,1993,23,23,23,23,23,23,23,23,23,23
350024,2,1,1993,0,0,0,0,0,0,0,0,13,0
350025,0,1,1993,18,18,18,18,18,18,18,18,18,18
350025,1,1,1993,17,0,0,0,0,0,0,6,0,0
350026,1,1,1993,0,0,0,0,0,0,0,0,0,0
350027,1,1,1993,13,0,0,0,0,0,0,0,0,0
350027,2,1,1993,0,0,0,0,0,0,0,0,0,0
350028,1,1,1993,0,0,12,0,0,0,10,17,0,15
350029,1,1,1993,14,14,14,14,14,14,14,14,14,14
350030,1,1,1993,9,9,9,9,9,9,9,9,9,9
350030,2,1,1993,0,0,0,0,0,0,0,0,0,0
350031,1,1,1993,0,0,0,0,0,0,0,0,0,5