ST_CASE,VEH_NO,PER_NO,YEAR,P1,P2,P3,P4,P5,P6,P7,P8,P9,P10
350032,1,1,1993,0,0,0,0,0,0,0,0,0,0
350032,2,1,1993,0,0,0,0,0,0,0,0,0,0
350032,3,1,1993,25,25,25,25,25,25,25,25,25,25
350033,1,1,1993,13,13,13,13,13,13,13,13,13,13
350034,1,1,1993,0,0,22,10,16,11,0,17,35,9
350035,1,1,1993,0,0,0,0,0,0,0,0,0,0
350036,1,1,1993,0,0,0,0,0,0,0,0,14,0
350036,2,1,1993,0,0,0,0,0,0,0,0,0,0
350037,0,1,1993,20,20,20,20,20,20,20,20,20,20
350037,1,1,1993,0,0,0,0,0,0,0,0,0,0
350038,1,1,1993,0,0,0,0,15,0,13,0,17,0
350038,2,1,1993,2,2,2,2,2,2,2,2,2,2
350038,3,1,1993,0,0,0,0,0,0,0,0,0,0
350039,1,1,1993,0,0,0,0,0,0,0,0,0,0
350040,0,1,1993,0,0,0,0,0,0,0,0,0,0
350040,1,1,1993,7,14,22,18,23,14,0,23,32,0
350041,1,1,1993,0,0,0,0,0,0,0,0,0,0
350042,1,1,1993,0,0,0,0,15,0,0,0,0,0
350043,1,1,1993,24,24,24,24,24,24,24,24,24,24
350044,0,1,1993,23,23,23,23,23,23,23,23,23,23
350044,1,1,1993,0,0,0,0,0,0,0,0,0,0
350045,1,1,1993,0,0,0,0,0,0,0,0,0,0
350045,2,1,1993,0,0,0,0,0,0,0,0,0,0
350046,2,1,1993,0,0,0,0,0,0,0,0,0,0
350047,1,1,1993,17,17,17,17,17,17,17,17,17,17
350047,2,1,1993,0,0,0,0,0,0,0,0,0,0
350047,3,1,1993,0,0,0,0,0,0,0,0,0,0
350048,1,1,1993,33,33,33,33,33,33,33,33,33,33
350049,1,1,1993,16,24,18,14,17,26,18,18,11,19
350050,1,1,1993,10,10,21,0,21,16,23,20,9,28
350050,2,1,1993,0,0,0,0,0,0,0,0,0,0
350051,1,1,1993,12,12,12,12,12,12,12,12,12,12
350051,2,1,1993,0,0,0,0,0,0,0,0,0,0
350052,1,1,1993,0,0,0,0,0,0,0,0,12,0
350053,0,1,1993,0,0,0,0,0,0,0,0,0,0
350053,1,1,1993,0,0,0,0,0,0,0,0,0,0
350054,1,1,1993,0,0,0,0,0,0,0,0,0,0
350054,2,1,1993,0,0,0,0,0,0,0,0,0,0
350055,0,1,1993,32,32,32,32,32,32,32,32,32,32
350055,1,1,1993,0,0,0,0,0,0,0,0,0,0
350056,0,1,1993,17,17,17,17,17,17,17,17,17,17
350056,1,1,1993,16,16,16,16,16,16,16,16,16,16
350057,1,1,1993,0,0,0,0,0,0,0,6,0,0
350057,2,1,1993,0,0,0,0,0,0,0,10,0,0
350057,3,1,1993,0,0,0,0,0,39,0,9,0,0
350058,0,1,1993,0,0,0,0,0,0,0,0,0,0
350058,1,1,1993,0,0,0,0,0,0,0,0,0,0
350059,1,1,1993,0,0,0,0,0,0,0,0,0,0
350060,0,1,1993,20,20,20,20,20,20,20,20,20,20
350060,0,2,1993,25,25,25,25,25,25,25,25,25,25
350060,1,1,1993,22,22,22,22,22,22,22,22,22,22
350061,1,1,1993,30,30,30,30,30,30,30,30,30,30
350061,2,1,1993,0,0,0,0,0,0,0,0,0,0
350061,3,1,1993,14,14,14,14,14,14,14,14,14,14
350062,1,1,1993,27,27,27,27,27,27,27,27,27,27
350063,1,1,1993,18,18,18,18,18,18,18,18,18,18
350064,1,1,1993,0,0,0,0,0,0,0,0,0,0
350064,2,1,1993,0,0,0,0,0,8,0,0,0,0
350065,0,1,1993,39,39,39,39,39,39,39,39,39,39
350065,1,1,1993,0,14,0,0,0,0,0,13,0,0
350066,1,1,1993,27,27,27,27,27,27,27,27,27,27
350067,1,1,1993,0,0,0,0,0,0,0,0,0,0
350067,2,1,1993,0,0,0,0,0,0,0,0,0,0
350068,1,1,1993,18,18,18,18,18,18,18,18,18,18
350069,1,1,1993,0,0,0,0,0,0,0,0,0,0
350070,1,1,1993,14,14,14,14,14,14,14,14,14,14
350071,1,1,1993,4,4,4,4,4,4,4,4,4,4
350072,1,1,1993,16,26,22,0,22,14,11,27,11,25
350073,1,1,1993,0,0,0,0,0,0,0,0,0,0
350074,1,1,1993,0,0,0,0,0,0,0,0,0,0
350075,1,1,1993,0,0,0,0,0,0,0,0,0,0
350076,1,1,1993,22,0,0,0,0,0,0,0,0,0
350076,2,1,1993,0,0,0,0,0,0,0,0,0,0
350077,0,1,1993,20,20,20,20,20,20,20,20,20,20
350077,1,1,1993,0,0,0,0,0,0,0,0,0,0
350078,0,1,1993,17,17,17,17,17,17,17,17,17,17
350078,1,1,1993,12,8,30,13,21,25,23,15,28,25
350079,1,1,1993,5,9,12,9,8,9,12,9,7,8
350079,2,1,1993,15,15,15,15,15,15,15,15,15,15
350080,1,1,1993,0,0,0,0,0,0,0,0,0,0
350081,1,1,1993,4,4,4,4,4,4,4,4,4,4
350082,1,1,1993,27,27,27,27,27,27,27,27,27,27
350083,1,1,1993,20,20,20,20,20,20,20,20,20,20
350084,1,1,1993,0,0,0,0,0,0,0,0,0,0
350085,1,1,1993,22,0,0,0,0,0,0,0,0,0
350085,2,1,1993,19,19,19,19,19,19,19,19,19,19
350086,1,1,1993,11,11,11,11,11,11,11,11,11,11
350087,1,1,1993,0,0,0,0,0,0,0,0,0,0
350088,0,1,1993,0,0,0,0,0,0,0,0,0,0
350088,1,1,1993,0,0,0,0,0,0,0,0,0,0
350089,1,1,1993,8,8,8,8,8,8,8,8,8,8
350090,0,1,1993,0,0,0,0,0,0,0,0,0,0
350090,1,1,1993,10,10,10,10,10,10,10,10,10,10
350091,1,1,1993,0,0,0,0,0,0,0,0,0,0
350092,0,1,1993,0,0,0,0,0,0,0,0,0,0
350092,1,1,1993,0,0,0,0,0,0,0,0,0,0
350093,0,1,1993,25,25,25,25,25,25,25,25,25,25
350093,1,1,1993,0,0,0,0,0,0,0,0,0,0
350094,1,1,1993,0,0,0,17,0,0,0,0,0,0
350095,1,1,1993,7,7,7,7,7,7,7,7,7,7
350096,1,1,1993,0,0,0,0,0,0,0,0,0,0
350096,2,1,1993,0,0,0,0,0,0,0,0,0,0
350097,1,1,1993,19,19,19,19,19,19,19,19,19,19
350097,2,1,1993,0,0,0,0,0,0,0,0,0,0
350098,0,1,1993,13,13,13,13,13,13,13,13,13,13
350098,1,1,1993,0,0,0,6,0,0,0,0,0,0
350101,0,1,1993,18,18,18,18,18,18,18,18,18,18
350101,1,1,1993,0,0,0,0,0,13,2,0,0,0
350102,1,1,1993,0,0,0,0,0,0,0,0,0,0
350103,1,1,1993,16,16,16,16,16,16,16,16,16,16
350103,2,1,1993,13,13,13,13,13,13,13,13,13,13
350104,1,1,1993,0,0,3,0,0,0,0,0,0,0
350104,2,1,1993,0,0,17,9,0,0,0,21,10,0
350105,1,1,1993,0,0,0,0,0,0,0,0,0,0
350106,1,1,1993,32,32,32,32,32,32,32,32,32,32
350107,1,1,1993,28,17,30,20,24,27,13,23,36,21
350108,1,1,1993,6,6,6,6,6,6,6,6,6,6
350109,0,1,1993,18,18,18,18,18,18,18,18,18,18
350109,1,1,1993,0,20,0,0,13,0,0,0,14,0
350110,1,1,1993,22,22,22,22,22,22,22,22,22,22
350111,0,1,1993,14,14,14,14,14,14,14,14,14,14
350111,1,1,1993,0,0,0,0,0,0,0,0,0,0
350112,1,1,1993,6,6,6,6,6,6,6,6,6,6
350113,1,1,1993,0,0,0,0,0,0,0,0,0,0
350113,2,1,1993,0,0,0,0,0,0,0,0,0,0
350114,1,1,1993,20,20,20,20,20,20,20,20,20,20
350115,1,1,1993,0,28,21,0,23,23,21,0,12,20
350116,1,1,1993,0,0,0,0,0,0,0,0,0,0
350116,2,1,1993,0,9,0,0,0,16,23,14,0,0
350116,3,1,1993,0,0,0,0,0,0,0,0,0,0
350117,0,1,1993,19,19,19,19,19,19,19,19,19,19
350117,1,1,1993,0,0,0,0,0,0,0,0,0,0
350118,1,1,1993,0,0,0,0,0,0,0,0,0,0
350118,2,1,1993,17,17,17,17,17,17,17,17,17,17
350119,1,1,1993,3,22,36,0,46,22,14,0,0,0
350120,0,1,1993,6,6,6,6,6,6,6,6,6,6
350120,1,1,1993,0,14,19,0,8,0,6,6,8,9
350121,1,1,1993,0,0,0,0,0,0,0,0,0,0
350121,2,1,1993,15,15,15,15,15,15,15,15,15,15
350122,0,1,1993,18,18,18,18,18,18,18,18,18,18
350122,1,1,1993,0,0,0,0,0,0,0,0,0,0
350123,1,1,1993,0,0,0,21,0,0,0,0,0,0
350123,2,1,1993,0,0,0,0,0,0,0,0,0,0
350124,1,1,1993,0,0,0,0,0,0,0,0,0,0
350124,2,1,1993,15,0,0,0,0,0,0,0,0,0
350125,1,1,1993,16,16,16,16,16,16,16,16,16,16
350126,1,1,1993,22,22,22,22,22,22,22,22,22,22
350127,1,1,1993,0,0,0,0,0,0,0,0,0,12
350127,2,1,1993,0,0,0,0,0,0,0,0,0,0
350128,1,1,1993,0,0,0,0,0,0,0,0,0,0
350129,1,1,1993,0,0,0,0,0,0,0,0,0,0
350130,1,1,1993,20,20,20,20,20,20,20,20,20,20
350131,1,1,1993,0,0,0,0,0,0,0,9,0,0
350131,2,1,1993,0,0,0,0,0,0,0,0,0,0
350131,3,1,1993,23,23,23,23,23,23,23,23,23,23
350132,1,1,1993,0,0,0,0,0,0,0,0,0,0
350133,1,1,1993,14,14,14,14,14,14,14,14,14,14
350134,1,1,1993,33,33,33,33,33,33,33,33,33,33
350135,1,1,1993,0,0,0,0,0,0,0,0,0,0
350136,1,1,1993,0,0,0,0,0,0,7,8,0,7
350137,0,1,1993,0,0,0,0,0,0,49,0,0,0
350138,1,1,1993,24,24,24,24,24,24,24,24,24,24
350138,2,1,1993,0,0,0,0,0,0,0,0,0,0
350138,3,1,1993,0,0,0,0,26,0,0,0,0,12
350139,1,1,1993,0,0,0,0,0,0,0,0,0,0
350139,2,1,1993,0,0,0,0,0,0,0,0,0,0
350140,1,1,1993,0,0,0,0,0,0,0,0,0,0
350141,1,1,1993,0,0,0,0,0,0,0,0,0,0
350142,0,1,1993,19,19,19,19,19,19,19,19,19,19
350142,1,1,1993,18,17,14,13,3,26,0,5,4,0
350143,1,1,1993,0,0,0,0,0,0,0,0,0,0
350144,1,1,1993,0,0,0,0,0,0,0,0,0,0
350144,2,1,1993,18,18,18,18,18,18,18,18,18,18
350145,0,1,1993,0,0,0,0,0,0,0,0,0,0
350145,1,1,1993,0,0,0,0,0,0,0,0,0,0
350146,1,1,1993,0,0,0,0,0,0,0,0,0,0
350147,1,1,1993,27,27,27,27,27,27,27,27,27,27
350148,1,1,1993,15,15,15,15,15,15,15,15,15,15
350149,1,1,1993,15,0,0,0,10,0,0,0,9,0
350149,2,1,1993,0,0,0,0,0,0,0,0,0,0
350150,1,1,1993,22,22,22,22,22,22,22,22,22,22
350151,1,1,1993,22,22,22,22,22,22,22,22,22,22
350151,2,1,1993,0,0,0,0,0,0,0,0,0,0
350152,1,1,1993,16,16,16,16,16,16,16,16,16,16
350153,1,1,1993,0,0,0,0,0,0,0,0,0,0
350154,1,1,1993,0,3,0,0,2,0,11,0,0,15
350155,1,1,1993,28,28,28,28,28,28,28,28,28,28
350155,2,1,1993,0,0,0,0,0,0,0,0,0,0
350156,1,1,1993,0,0,0,0,0,0,0,0,0,0
350156,2,1,1993,0,0,0,0,0,0,0,0,0,0
350156,3,1,1993,0,0,0,0,0,0,0,0,0,0
350157,1,1,1993,0,0,0,21,0,0,0,21,0,0
350158,1,1,1993,0,0,0,0,0,0,0,4,0,0
350159,1,1,1993,0,0,0,0,0,0,0,0,0,0
350159,2,1,1993,0,0,0,0,0,0,0,0,0,0
350160,1,1,1993,19,19,19,19,19,19,19,19,19,19
350161,1,1,1993,26,26,26,26,26,26,26,26,26,26
350162,1,1,1993,7,7,7,7,7,7,7,7,7,7
350163,1,1,1993,0,0,0,0,0,0,0,0,0,0
350164,1,1,1993,0,0,0,0,0,0,0,0,0,0
350165,1,1,1993,22,22,22,22,22,22,22,22,22,22
350166,1,1,1993,18,18,18,18,18,18,18,18,18,18
350167,1,1,1993,17,17,17,17,17,17,17,17,17,17
350168,1,1,1993,0,0,0,0,0,0,0,0,0,0
350168,2,1,1993,13,13,13,13,13,13,13,13,13,13
350169,1,1,1993,0,0,0,0,0,0,0,0,0,0
350170,1,1,1993,8,8,8,8,8,8,8,8,8,8
350171,1,1,1993,0,0,0,0,0,0,0,0,0,0
350171,2,1,1993,0,0,0,0,0,0,0,0,0,0
350172,1,1,1993,17,17,17,17,17,17,17,17,17,17
350173,0,1,1993,0,0,0,0,0,0,0,0,0,0
350173,1,1,1993,3,0,0,13,0,0,0,24,0,0
350174,1,1,1993,18,18,18,18,18,18,18,18,18,18
350175,1,1,1993,23,23,23,23,23,23,23,23,23,23
350176,1,1,1993,18,18,18,18,18,18,18,18,18,18
350177,1,1,1993,16,11,7,15,17,0,4,9,14,21
350177,2,1,1993,0,0,0,0,0,0,0,0,0,0
350178,1,1,1993,0,0,0,0,0,0,0,0,0,0
350178,2,1,1993,0,0,0,0,0,0,0,0,0,0
350179,1,1,1993,0,25,0,0,0,0,0,0,0,0
350179,2,1,1993,32,32,32,32,32,32,32,32,32,32
350180,0,1,1993,0,0,0,0,0,0,0,0,0,0
350180,1,1,1993,0,0,0,0,0,0,0,0,0,0
350181,1,1,1993,0,0,0,0,0,0,0,0,0,0
350182,1,1,1993,4,4,4,4,4,4,4,4,4,4
350183,1,1,1993,15,15,15,15,15,15,15,15,15,15
350184,1,1,1993,0,0,0,0,0,0,0,0,0,0
350184,2,1,1993,0,0,0,0,0,0,0,0,0,0
350185,1,1,1993,0,0,0,0,0,0,0,0,0,0
350185,2,1,1993,0,0,19,0,0,0,0,17,0,0
350186,1,1,1993,0,0,0,0,0,0,0,5,0,0
350186,2,1,1993,0,0,0,0,0,0,0,0,0,0
350187,1,1,1993,29,29,29,29,29,29,29,29,29,29
350188,1,1,1993,19,19,19,19,19,19,19,19,19,19
350188,2,1,1993,0,0,0,0,0,0,0,0,0,0
350189,1,1,1993,38,38,38,38,38,38,38,38,38,38
350190,1,1,1993,0,0,0,0,0,0,0,0,0,0
350191,1,1,1993,22,22,22,22,22,22,22,22,22,22
350192,1,1,1993,0,0,0,0,0,0,0,0,0,0
350192,2,1,1993,0,0,0,0,0,0,0,0,0,0
350193,1,1,1993,18,18,18,18,18,18,18,18,18,18
350194,1,1,1993,0,0,0,0,0,0,0,0,0,11
350194,2,1,1993,0,0,0,0,0,0,0,0,0,0
350195,1,1,1993,0,0,0,0,0,0,0,0,0,0
350196,1,1,1993,0,0,0,0,0,0,0,11,0,0
350196,2,1,1993,0,0,0,0,0,0,0,0,0,0
350197,1,1,1993,0,0,0,0,0,0,0,0,0,0
350197,2,1,1993,0,0,0,0,0,0,0,0,0,0
350198,1,1,1993,0,0,0,0,0,0,0,0,0,0
350199,1,1,1993,0,0,0,0,0,0,0,0,0,0
350199,2,1,1993,0,0,0,0,0,0,0,0,0,0
350199,3,1,1993,0,0,0,0,0,0,0,0,0,0
350199,4,1,1993,0,0,0,0,0,0,0,0,0,0
350199,5,1,1993,0,0,0,0,0,0,7,0,0,0
350199,6,1,1993,0,0,0,0,0,0,0,0,0,0
350200,1,1,1993,0,0,0,0,0,0,0,0,0,0
350200,2,1,1993,0,0,0,0,0,0,0,0,0,14
350201,1,1,1993,0,0,0,0,0,0,0,0,0,0
350201,2,1,1993,0,0,0,0,0,0,0,0,0,0
350202,1,1,1993,0,0,0,0,0,0,0,0,0,0
350202,2,1,1993,0,0,0,0,0,0,0,0,0,0
350203,1,1,1993,0,0,0,0,0,0,0,0,0,0
350203,2,1,1993,0,0,0,0,0,0,0,0,0,0
350204,1,1,1993,19,14,13,17,5,37,20,20,30,16
350205,1,1,1993,0,0,0,0,0,0,0,0,0,0
350206,1,1,1993,0,0,0,0,0,0,0,0,0,0
350207,1,1,1993,0,0,0,0,0,0,0,0,0,0
350207,2,1,1993,0,0,0,0,0,21,0,6,0,0
350207,3,1,1993,0,0,0,0,0,0,0,0,0,0
350208,1,1,1993,8,8,8,8,8,8,8,8,8,8
350209,0,1,1993,0,0,0,0,0,0,0,0,0,0
350209,1,1,1993,0,0,0,0,0,0,0,0,0,0
350210,1,1,1993,24,24,24,24,24,24,24,24,24,24
350211,1,1,1993,4,18,21,24,8,11,8,11,12,18
350212,1,1,1993,0,0,0,0,0,0,0,0,0,0
350212,2,1,1993,0,0,0,0,0,0,0,0,0,0
350213,1,1,1993,7,7,7,7,7,7,7,7,7,7
350213,2,1,1993,0,0,0,0,0,0,0,0,0,0
350214,1,1,1993,32,32,32,32,32,32,32,32,32,32
350214,2,1,1993,7,7,7,7,7,7,7,7,7,7
350214,3,1,1993,0,0,0,0,0,0,0,0,0,0
350215,0,1,1993,12,12,12,12,12,12,12,12,12,12
350215,1,1,1993,0,0,0,0,0,0,0,0,0,0
350216,1,1,1993,29,29,29,29,29,29,29,29,29,29
350217,1,1,1993,0,0,0,0,0,0,0,0,0,0
350218,1,1,1993,19,19,19,19,19,19,19,19,19,19
350218,2,1,1993,16,16,16,16,16,16,16,16,16,16
350219,0,1,1993,22,22,22,22,22,22,22,22,22,22
350219,1,1,1993,0,0,0,0,3,0,0,13,6,6
350220,1,1,1993,7,7,7,7,7,7,7,7,7,7
350221,0,1,1993,0,0,0,0,0,0,0,0,0,0
350221,1,1,1993,0,0,0,0,0,0,0,0,0,0
350222,1,2,1993,0,0,0,32,0,0,0,0,0,0
350224,1,1,1993,0,0,0,0,0,0,0,0,0,0
350225,1,1,1993,0,0,0,0,0,0,0,0,0,0
350225,2,1,1993,16,16,16,16,16,16,16,16,16,16
350226,1,1,1993,0,0,0,0,0,0,0,0,0,0
350227,1,1,1993,26,26,26,26,26,26,26,26,26,26
350228,0,1,1993,28,28,28,28,28,28,28,28,28,28
350228,1,1,1993,0,0,0,0,0,0,0,0,0,0
350229,0,1,1993,30,30,30,30,30,30,30,30,30,30
350229,1,1,1993,0,0,0,0,0,0,0,0,0,0
350230,1,1,1993,22,22,22,22,22,22,22,22,22,22
350231,1,1,1993,0,0,0,0,0,0,0,0,0,0
350232,1,1,1993,0,0,0,0,0,0,0,0,0,0
350233,1,1,1993,13,13,13,13,13,13,13,13,13,13
350234,0,1,1993,0,0,0,18,0,0,0,0,0,0
350234,1,1,1993,0,0,0,0,0,0,0,0,0,0
350235,1,1,1993,20,20,20,20,20,20,20,20,20,20
350236,0,1,1993,0,0,0,9,8,9,9,14,0,0
350236,1,1,1993,0,0,0,0,0,0,0,0,0,0
350237,0,1,1993,38,38,38,38,38,38,38,38,38,38
350237,1,1,1993,14,14,14,14,14,14,14,14,14,14
350238,0,1,1993,23,23,23,23,23,23,23,23,23,23
350238,1,1,1993,0,0,0,0,0,0,0,0,0,0
350239,1,1,1993,13,13,13,13,13,13,13,13,13,13
350240,1,1,1993,0,0,0,0,0,0,0,0,0,0
350240,2,1,1993,0,0,0,0,0,0,0,0,0,0
350241,1,1,1993,0,0,0,0,0,0,0,0,0,0
350241,2,1,1993,23,7,0,19,11,12,22,16,14,7
350242,1,1,1993,0,0,0,0,8,12,5,22,0,0
350243,1,1,1993,0,0,0,0,0,0,0,0,0,0
350244,1,1,1993,21,21,21,21,21,21,21,21,21,21
350245,1,1,1993,4,4,4,4,4,4,4,4,4,4
350246,1,1,1993,26,26,26,26,26,26,26,26,26,26
350247,1,3,1993,0,7,13,0,3,18,0,0,0,0
350248,0,1,1993,20,20,20,20,20,20,20,20,20,20
350248,1,1,1993,0,0,0,0,0,0,0,0,0,0
350248,2,1,1993,0,0,0,20,11,0,6,10,0,0
350249,1,1,1993,25,25,25,25,25,25,25,25,25,25
350249,2,1,1993,3,3,3,3,3,3,3,3,3,3
350250,1,1,1993,0,0,0,0,0,0,0,0,0,0
350251,1,1,1993,22,0,0,0,0,0,0,0,0,0
350252,0,1,1993,0,0,0,0,0,0,0,0,0,0
350252,1,1,1993,0,0,0,0,0,0,0,0,0,0
350253,1,1,1993,24,24,24,24,24,24,24,24,24,24
350254,1,1,1993,0,0,0,0,0,0,0,0,0,0
350255,1,1,1993,0,0,0,0,0,0,0,0,0,0
350256,1,1,1993,0,0,0,0,0,0,0,0,0,0
350256,2,1,1993,0,0,0,0,0,0,12,0,0,0
350256,3,1,1993,0,0,0,0,0,0,5,0,0,0
350256,4,1,1993,0,0,0,0,0,0,0,0,0,0
350257,1,1,1993,18,18,18,18,18,18,18,18,18,18
350258,1,1,1993,0,0,0,0,0,0,0,0,0,0
350259,1,1,1993,0,0,0,0,0,0,0,0,0,0
350259,2,1,1993,0,0,0,0,0,0,0,0,0,0
350260,1,1,1993,0,0,0,0,0,0,0,0,0,0
350260,2,1,1993,0,0,0,0,0,0,0,0,0,0
350261,1,1,1993,17,17,17,17,17,17,17,17,17,17
350262,0,1,1993,18,18,18,18,18,18,18,18,18,18
350262,1,1,1993,0,32,0,0,0,5,0,0,18,14
350263,1,1,1993,0,0,0,0,0,0,0,0,0,0
350264,1,1,1993,10,10,10,13,17,10,5,6,4,0
350265,0,1,1993,35,35,35,35,35,35,35,35,35,35
350265,1,1,1993,0,0,0,0,0,0,0,0,0,7
350267,1,1,1993,0,0,0,0,0,0,0,0,0,0
350267,2,1,1993,0,0,0,0,0,0,0,0,0,0
350268,1,1,1993,0,0,0,0,0,0,0,0,0,0
350269,1,1,1993,6,6,6,6,6,6,6,6,6,6
350270,1,1,1993,17,17,17,17,17,17,17,17,17,17
350271,1,1,1993,19,19,19,19,19,19,19,19,19,19
350272,0,1,1993,0,0,0,0,0,0,0,0,0,0
350272,1,1,1993,23,23,23,23,23,23,23,23,23,23
350273,0,1,1993,44,44,44,44,44,44,44,44,44,44
350273,1,1,1993,13,13,13,13,13,13,13,13,13,13
350274,0,1,1993,26,26,26,26,26,26,26,26,26,26
350274,1,1,1993,0,0,0,0,0,0,0,0,0,0
350275,1,1,1993,9,9,9,9,9,9,9,9,9,9
350276,0,1,1993,26,26,26,26,26,26,26,26,26,26
350276,1,1,1993,0,0,0,0,0,0,0,0,0,0
350277,1,1,1993,25,25,25,25,25,25,25,25,25,25
350278,1,1,1993,0,0,0,0,0,0,0,0,0,0
350279,1,1,1993,0,27,0,0,0,0,0,0,0,12
350280,1,1,1993,21,21,21,21,21,21,21,21,21,21
350281,1,1,1993,7,7,7,7,7,7,7,7,7,7
350282,1,1,1993,0,0,0,0,0,0,0,0,0,0
350282,2,1,1993,4,0,0,7,0,0,16,0,0,0
350283,1,1,1993,11,0,10,0,0,19,17,0,0,0
350284,0,1,1993,29,29,29,29,29,29,29,29,29,29
350284,1,1,1993,3,3,3,3,3,3,3,3,3,3
350285,1,1,1993,22,22,22,22,22,22,22,22,22,22
350286,0,1,1993,25,25,25,25,25,25,25,25,25,25
350286,1,1,1993,0,0,0,0,0,17,21,11,13,0
350287,1,1,1993,7,7,7,7,7,7,7,7,7,7
350288,1,1,1993,0,0,0,0,0,0,0,0,0,0
350289,1,1,1993,0,0,0,0,0,0,0,0,0,0
350290,1,1,1993,0,0,0,0,0,0,0,0,0,0
350290,2,1,1993,0,0,0,0,0,0,0,0,0,0
350291,1,1,1993,0,0,0,0,0,0,0,0,0,0
350292,1,1,1993,0,0,0,0,0,0,0,0,0,0
350293,1,1,1993,13,13,13,13,13,13,13,13,13,13
350294,1,1,1993,20,20,20,20,20,20,20,20,20,20
350294,2,1,1993,0,0,0,0,0,0,0,0,0,0
350295,1,1,1993,21,21,21,21,21,21,21,21,21,21
350296,1,1,1993,0,0,0,0,0,0,0,0,0,0
350296,2,1,1993,17,17,17,17,17,17,17,17,17,17
350297,1,1,1993,0,0,0,0,0,0,0,0,0,0
350297,2,1,1993,16,16,16,16,16,16,16,16,16,16
350298,0,1,1993,27,27,27,27,27,27,27,27,27,27
350298,1,1,1993,0,0,0,0,4,0,0,0,12,0
350299,0,1,1993,31,31,31,31,31,31,31,31,31,31
350299,1,1,1993,11,11,11,11,11,11,11,11,11,11
350300,1,1,1993,23,23,23,23,23,23,23,23,23,23
350301,0,1,1993,18,18,18,18,18,18,18,18,18,18
350301,1,1,1993,0,0,0,9,4,0,0,16,11,10
350302,1,1,1993,0,0,0,0,0,0,0,20,0,0
350303,1,1,1993,16,16,16,16,16,16,16,16,16,16
350304,1,1,1993,0,0,0,0,0,0,0,0,0,0
350305,1,1,1993,0,0,0,0,0,0,0,0,0,0
350305,2,1,1993,0,0,0,0,0,0,0,0,0,9
350306,0,1,1993,16,16,16,16,16,16,16,16,16,16
350306,1,1,1993,0,0,0,0,0,0,0,0,0,0
350306,2,1,1993,35,35,35,35,35,35,35,35,35,35
350307,1,1,1993,8,8,8,8,8,8,8,8,8,8
350308,0,1,1993,31,11,13,9,41,10,34,28,5,21
350308,1,1,1993,0,0,0,0,0,0,0,0,0,0
350309,1,1,1993,0,0,0,0,0,0,0,0,0,0
350310,0,1,1993,0,0,0,0,0,0,0,0,0,0
350310,1,1,1993,0,0,0,0,20,0,0,0,0,0
350311,1,1,1993,0,0,0,0,0,0,0,0,0,0
350312,1,1,1993,0,0,0,0,0,0,0,0,0,0
350312,2,1,1993,23,23,23,23,23,23,23,23,23,23
350313,1,1,1993,0,0,0,0,0,0,0,0,0,0
350314,1,1,1993,2,2,2,2,2,2,2,2,2,2
350314,2,1,1993,3,3,3,3,3,3,3,3,3,3
350315,1,1,1993,6,6,6,6,6,6,6,6,6,6
350316,0,1,1993,29,29,29,29,29,29,29,29,29,29
350316,1,1,1993,0,0,0,0,0,0,0,0,0,0
350317,1,1,1993,18,18,18,18,18,18,18,18,18,18
350318,1,1,1993,15,15,15,15,15,15,15,15,15,15
350319,1,1,1993,0,0,0,0,0,0,0,0,0,0
350319,2,1,1993,0,0,0,0,0,0,0,0,0,0
350319,3,1,1993,0,0,0,0,0,0,0,0,0,0
350320,1,1,1993,0,0,0,0,0,0,0,0,0,0
350321,0,1,1993,9,9,9,9,9,9,9,9,9,9
350321,1,1,1993,0,0,0,0,0,0,0,0,0,0
350322,0,1,1993,0,0,0,0,0,0,0,0,0,0
350322,1,1,1993,17,17,17,17,17,17,17,17,17,17
350323,1,1,1993,12,23,11,36,8,16,20,16,11,27
350324,1,1,1993,22,22,22,22,22,22,22,22,22,22
350325,1,1,1993,0,0,0,0,0,0,0,0,0,0
350325,2,1,1993,0,0,0,0,0,0,0,0,0,0
350326,0,1,1993,28,28,28,28,28,28,28,28,28,28
350326,1,1,1993,0,9,4,0,0,8,0,0,0,8
350327,1,1,1993,7,10,17,23,15,22,18,27,16,18
350328,1,1,1993,0,0,0,0,0,0,0,0,0,0
350328,2,1,1993,0,0,0,0,0,0,0,0,0,0