ST_CASE,VEH_NO,PER_NO,YEAR,P1,P2,P3,P4,P5,P6,P7,P8,P9,P10
350329,1,1,1993,0,0,0,0,0,0,0,0,0,0
350330,1,1,1993,0,0,0,0,0,0,0,0,0,0
350330,2,1,1993,0,0,0,0,0,0,0,0,0,0
350331,1,1,1993,2,2,2,2,2,2,2,2,2,2
350331,2,1,1993,0,0,0,0,0,0,0,0,0,0
350331,3,1,1993,0,0,0,0,0,0,0,0,0,0
350332,0,1,1993,32,32,32,32,32,32,32,32,32,32
350332,1,1,1993,0,0,0,0,0,0,0,0,0,0
350333,1,1,1993,26,26,26,26,26,26,26,26,26,26
350334,1,1,1993,0,0,0,0,0,0,0,0,0,0
350335,1,1,1993,0,0,0,0,0,0,0,0,0,0
350336,1,1,1993,0,0,0,0,0,0,0,0,0,0
350337,0,1,1993,19,19,19,19,19,19,19,19,19,19
350337,1,1,1993,0,0,0,0,0,0,0,0,0,0
350338,1,1,1993,27,27,27,27,27,27,27,27,27,27
350339,0,1,1993,25,25,25,25,25,25,25,25,25,25
350339,1,1,1993,0,0,17,0,23,0,0,0,0,0
350340,0,1,1993,28,28,28,28,28,28,28,28,28,28
350340,1,1,1993,0,0,9,0,0,0,0,0,11,7
350341,1,1,1993,21,21,21,21,21,21,21,21,21,21
350342,1,1,1993,0,0,0,0,0,0,0,0,0,0
350342,2,1,1993,0,0,0,0,0,0,0,0,0,0
350343,1,1,1993,9,9,9,9,9,9,9,9,9,9
350343,2,1,1993,0,0,0,0,7,0,0,0,0,0
350344,1,1,1993,20,20,20,20,20,20,20,20,20,20
350344,2,1,1993,0,0,0,0,0,0,0,0,0,0
350345,1,1,1993,18,18,18,18,18,18,18,18,18,18
350346,1,1,1993,9,9,9,9,9,9,9,9,9,9
350347,1,1,1993,8,8,8,8,8,8,8,8,8,8
350348,1,1,1993,24,24,24,24,24,24,24,24,24,24
350349,1,1,1993,0,0,0,0,0,0,0,0,0,0
350349,2,1,1993,0,0,0,0,0,0,0,0,0,0
350350,1,1,1993,1,1,1,1,1,1,1,1,1,1
350351,1,1,1993,26,26,26,26,26,26,26,26,26,26
350351,2,1,1993,0,0,0,0,0,0,0,0,0,0
350352,1,1,1993,0,13,0,0,0,0,0,0,0,0
350352,2,1,1993,0,0,19,0,0,0,0,0,0,8
350353,1,1,1993,0,0,0,0,0,0,0,0,0,0
350353,2,1,1993,0,0,0,0,0,0,0,0,0,0
350354,0,1,1993,0,0,0,0,0,0,0,0,0,0
350354,1,1,1993,0,27,9,0,14,10,0,15,19,0
350355,1,1,1993,19,19,19,19,19,19,19,19,19,19
350356,1,1,1993,18,18,18,18,18,18,18,18,18,18
350357,1,1,1993,19,19,19,19,19,19,19,19,19,19
350358,1,1,1993,0,0,0,0,0,0,0,0,0,0
350359,0,1,1993,3,3,3,3,3,3,3,3,3,3
350359,1,1,1993,0,0,0,0,0,0,0,0,0,16
350360,1,1,1993,0,0,0,0,0,0,0,0,0,0
350361,1,1,1993,0,0,0,0,0,0,0,0,0,0
350361,2,1,1993,0,0,0,0,0,0,0,0,0,0
350362,1,1,1993,0,0,0,0,0,0,0,0,0,0
350363,1,1,1993,0,0,0,0,0,0,0,0,0,0
350364,1,1,1993,23,23,23,23,23,23,23,23,23,23
350365,1,1,1993,0,0,0,0,0,0,0,0,0,0
350366,0,1,1993,11,11,11,11,11,11,11,11,11,11
350366,1,1,1993,0,0,5,12,0,0,0,0,10,25
350367,1,1,1993,26,26,26,26,26,26,26,26,26,26
350368,1,1,1993,13,13,13,13,13,13,13,13,13,13
350368,2,1,1993,0,0,0,0,0,0,0,0,9,0
350369,1,1,1993,7,0,0,9,11,0,17,0,0,0
350370,1,1,1993,0,0,0,0,0,0,0,0,0,0
350370,2,1,1993,0,0,0,0,0,0,0,0,0,0
350370,3,1,1993,0,0,0,0,0,0,0,0,0,0
350370,4,1,1993,0,0,0,0,0,0,0,0,0,0
350371,0,1,1993,27,27,27,27,27,27,27,27,27,27
350371,1,1,1993,0,0,0,0,0,0,0,0,0,0
350372,1,1,1993,13,0,0,0,0,0,7,0,0,6
350373,1,1,1993,0,0,0,0,0,0,0,0,0,0
350374,1,1,1993,0,0,0,0,0,0,0,0,0,0
350375,1,1,1993,11,11,11,11,11,11,11,11,11,11
350376,1,1,1993,12,0,0,0,0,6,0,0,0,0
350377,1,1,1993,11,15,30,20,22,30,18,21,23,26
350378,1,1,1993,4,4,4,4,4,4,4,4,4,4
350378,2,1,1993,0,0,0,0,0,0,0,0,0,0
350379,1,1,1993,0,0,0,0,0,0,0,0,0,0
350379,2,1,1993,22,22,22,22,22,22,22,22,22,22
350380,0,1,1993,29,29,29,29,29,29,29,29,29,29
350380,1,1,1993,0,11,0,0,21,0,0,0,20,0
350381,1,1,1993,10,10,10,10,10,10,10,10,10,10
350382,1,1,1993,30,30,30,30,30,30,30,30,30,30
350383,1,1,1993,0,0,0,0,0,0,0,0,0,0
350383,2,1,1993,0,0,0,0,0,0,0,0,0,0
350384,1,1,1993,18,18,18,18,18,18,18,18,18,18
350385,1,1,1993,0,0,0,0,0,0,0,0,15,0
350385,2,1,1993,0,0,0,0,0,0,0,0,0,0
350385,3,1,1993,0,0,0,0,0,0,0,0,0,0
350386,0,1,1993,19,19,19,19,19,19,19,19,19,19
350386,1,1,1993,0,0,0,0,0,0,0,0,0,0
350387,0,1,1993,0,0,0,0,0,0,0,0,0,0
350387,1,1,1993,0,0,0,0,0,0,0,0,0,0
350388,0,1,1993,0,0,0,0,0,0,0,0,0,0
350388,1,1,1993,0,0,0,0,0,0,0,0,0,0
350389,1,1,1993,14,14,14,14,14,14,14,14,14,14
350390,1,1,1993,0,0,0,16,0,0,0,0,0,0
350390,2,1,1993,0,0,0,0,0,0,0,0,0,0
360002,1,1,1993,0,0,0,0,0,0,0,0,0,0
360002,2,1,1993,0,0,0,0,0,0,0,0,0,0
360003,1,1,1993,0,0,0,0,0,0,0,0,0,0
360003,2,1,1993,0,0,0,0,0,0,0,0,0,0
360004,1,1,1993,0,0,0,0,0,0,0,0,0,0
360004,2,1,1993,0,0,13,0,0,0,0,0,0,0
360005,1,1,1993,0,0,4,7,0,0,0,0,0,0
360006,0,1,1993,0,0,0,0,0,0,0,0,0,0
360006,1,1,1993,0,0,0,0,0,0,0,0,0,0
360006,2,1,1993,0,0,0,0,0,0,0,0,0,0
360006,3,1,1993,0,0,0,0,0,0,0,0,0,0
360007,1,1,1993,0,0,0,0,0,0,0,0,0,0
360007,2,1,1993,0,0,0,0,0,0,0,0,0,0
360008,1,1,1993,0,0,0,0,0,5,0,0,0,0
360008,2,1,1993,0,0,0,0,0,0,0,0,0,0
360009,1,1,1993,0,0,0,0,0,0,0,0,0,0
360010,0,1,1993,0,0,0,0,0,0,0,0,0,0
360010,1,1,1993,0,0,0,0,0,0,0,0,0,0
360010,2,1,1993,0,0,0,0,0,0,0,0,0,0
360011,1,1,1993,0,0,0,0,0,0,0,0,0,0
360011,2,1,1993,2,2,2,2,2,2,2,2,2,2
360012,1,1,1993,22,22,22,22,22,22,22,22,22,22
360012,2,1,1993,0,0,0,0,0,0,0,0,0,0
360013,1,1,1993,2,2,2,2,2,2,2,2,2,2
360013,2,1,1993,2,2,2,2,2,2,2,2,2,2
360013,3,1,1993,0,0,0,0,0,0,0,0,0,0
360014,1,1,1993,0,0,0,0,0,0,0,0,0,0
360015,0,1,1993,0,0,0,0,0,0,0,0,0,0
360015,1,1,1993,0,0,0,0,0,0,0,0,0,0
360016,1,1,1993,31,31,31,31,31,31,31,31,31,31
360017,0,1,1993,0,0,0,0,0,0,13,19,0,0
360017,1,1,1993,0,0,0,0,0,0,0,0,0,0
360018,0,1,1993,0,0,0,0,0,0,0,0,0,0
360018,1,1,1993,0,0,0,0,0,0,0,0,0,0
360019,1,1,1993,0,0,0,0,0,0,0,0,0,0
360019,2,1,1993,0,0,0,0,0,0,0,0,0,0
360020,1,1,1993,0,0,0,0,0,0,0,0,0,0
360020,2,1,1993,0,0,0,0,0,0,0,0,0,0
360021,1,1,1993,0,7,0,29,0,4,41,20,22,14
360022,0,1,1993,0,0,0,0,0,0,0,0,0,0
360022,1,1,1993,0,0,0,0,0,0,0,0,0,0
360022,2,1,1993,0,0,0,0,0,0,0,0,0,0
360023,1,1,1993,0,0,0,0,0,0,0,0,0,0
360024,1,1,1993,0,0,0,0,0,0,0,0,0,0
360025,1,1,1993,23,23,23,23,23,23,23,23,23,23
360025,2,1,1993,0,0,0,0,0,0,0,0,0,0
360026,0,1,1993,40,40,40,40,40,40,40,40,40,40
360026,1,1,1993,0,0,0,0,0,0,0,0,0,0
360027,1,1,1993,0,0,0,0,0,0,0,0,0,0
360027,2,1,1993,0,0,0,0,0,0,0,0,0,0
360028,1,1,1993,0,0,0,0,0,0,0,0,0,0
360028,2,1,1993,0,0,0,0,0,0,0,0,0,0
360029,0,1,1993,0,0,0,0,0,0,10,0,0,0
360029,1,1,1993,0,0,0,0,0,0,0,0,0,0
360030,1,1,1993,0,20,0,0,0,0,0,0,0,0
360030,2,1,1993,0,0,0,0,0,0,9,0,0,0
360031,1,1,1993,18,18,18,18,18,18,18,18,18,18
360032,1,1,1993,0,0,0,0,0,0,0,0,0,17
360032,2,1,1993,0,0,0,0,0,0,0,0,0,0
360033,1,1,1993,0,0,0,0,0,0,0,21,0,0
360034,1,1,1993,0,8,19,12,19,0,0,16,0,0
360035,1,1,1993,0,0,0,0,0,0,0,0,0,0
360035,2,1,1993,0,0,0,0,0,0,0,0,0,0
360036,1,1,1993,0,0,0,0,0,0,0,0,0,0
360036,2,1,1993,0,0,0,23,0,0,0,0,0,0
360037,1,1,1993,0,0,0,0,0,0,0,0,0,0
360037,2,1,1993,0,0,0,0,0,0,0,0,0,0
360038,1,1,1993,0,0,0,0,0,0,0,0,0,0
360038,2,1,1993,0,0,0,0,0,0,0,0,0,0
360039,1,1,1993,0,0,0,0,0,0,0,0,0,0
360039,2,1,1993,0,0,0,0,0,0,0,0,0,0
360040,1,1,1993,0,0,0,0,0,0,0,0,0,0
360040,2,1,1993,0,0,19,0,0,0,0,0,0,0
360041,0,1,1993,0,0,0,0,0,0,0,0,0,0
360041,0,2,1993,5,11,18,11,20,8,29,43,27,0
360041,1,1,1993,0,0,0,0,0,0,0,0,0,0
360042,1,1,1993,0,0,0,0,0,0,0,0,0,0
360042,2,1,1993,0,0,0,0,0,0,0,0,0,15
360042,3,1,1993,0,0,0,0,0,0,0,0,0,0
360043,1,1,1993,11,11,11,11,11,11,11,11,11,11
360043,2,1,1993,24,7,13,16,0,9,10,9,6,31
360043,3,1,1993,0,0,4,0,0,0,0,0,0,0
360044,1,1,1993,0,0,0,0,0,0,0,0,0,0
360045,1,1,1993,0,0,0,0,0,0,0,0,0,0
360046,1,1,1993,0,0,8,0,0,0,0,0,0,0
360046,2,1,1993,30,30,30,30,30,30,30,30,30,30
360048,1,1,1993,5,5,5,5,5,5,5,5,5,5
360048,2,1,1993,0,23,19,8,0,12,0,0,18,14
360049,1,1,1993,19,19,19,19,19,19,19,19,19,19
360049,2,1,1993,0,0,0,0,0,0,0,0,0,0
360050,1,1,1993,19,19,19,19,19,19,19,19,19,19
360052,0,1,1993,0,0,0,0,0,0,10,0,0,0
360052,1,1,1993,0,0,0,0,0,0,0,0,0,0
360052,2,1,1993,0,0,0,0,0,0,0,0,0,0
360053,1,1,1993,20,20,20,20,20,20,20,20,20,20
360054,0,1,1993,10,10,10,10,10,10,10,10,10,10
360054,1,1,1993,19,0,15,8,16,35,8,24,0,5
360055,0,1,1993,16,0,0,0,0,20,20,0,0,0
360055,0,2,1993,11,0,8,33,14,0,0,29,17,0
360055,0,3,1993,10,14,23,4,13,0,20,28,18,19
360055,1,1,1993,5,5,5,5,5,5,5,5,5,5
360056,0,1,1993,0,0,0,0,0,0,0,0,0,0
360056,1,1,1993,0,0,0,0,0,0,0,0,0,0
360057,1,1,1993,0,0,0,0,0,0,0,0,0,0
360058,0,1,1993,1,1,1,1,1,1,1,1,1,1
360058,1,1,1993,0,0,0,0,0,21,0,0,0,0
360059,1,1,1993,0,0,0,0,0,0,0,0,4,0
360059,2,1,1993,0,0,0,0,0,0,0,0,0,0
360060,1,1,1993,13,18,26,20,35,26,25,20,8,18
360061,1,1,1993,0,0,0,0,0,0,0,0,0,0
360061,2,1,1993,24,24,24,24,24,24,24,24,24,24
360062,1,1,1993,27,27,27,27,27,27,27,27,27,27
360062,2,1,1993,21,0,0,0,0,0,0,8,0,0
360063,1,1,1993,16,17,15,12,34,30,18,15,34,11
360063,2,1,1993,26,21,17,19,34,26,0,8,9,7
360064,1,1,1993,4,16,12,20,0,0,0,0,14,0
360064,2,1,1993,0,0,0,0,0,0,0,0,0,0
360065,1,1,1993,11,11,11,11,11,11,11,11,11,11
360066,0,1,1993,14,14,14,14,14,14,14,14,14,14
360066,1,1,1993,0,0,0,0,0,0,0,0,0,0
360067,1,1,1993,21,21,21,21,21,21,21,21,21,21
360068,1,1,1993,0,0,0,0,0,0,0,0,0,0
360068,2,1,1993,0,0,0,0,0,0,0,0,0,0
360069,1,1,1993,0,0,0,0,0,0,0,0,0,0
360070,0,1,1993,0,0,0,0,0,0,0,0,0,0
360070,1,1,1993,0,0,0,0,0,0,0,0,0,0
360071,0,1,1993,0,0,0,0,0,0,0,0,0,0
360071,1,1,1993,0,0,0,0,0,0,0,0,0,0
360072,0,1,1993,49,18,0,23,0,13,0,0,0,16
360072,1,1,1993,0,18,0,0,0,14,19,0,14,0
360073,1,1,1993,6,6,6,6,6,6,6,6,6,6
360074,1,1,1993,0,0,0,0,12,0,0,0,0,0
360074,2,1,1993,0,0,0,0,0,0,0,0,0,0
360075,0,1,1993,19,19,19,19,19,19,19,19,19,19
360075,1,1,1993,0,0,8,0,0,0,0,6,0,0
360076,1,1,1993,18,18,18,18,18,18,18,18,18,18
360077,1,1,1993,0,0,0,0,0,0,0,0,0,0
360077,2,1,1993,0,0,0,0,0,0,0,0,0,0
360078,1,1,1993,0,0,0,0,0,0,0,0,0,0
360079,1,1,1993,0,0,0,0,0,0,0,0,0,0
360079,2,1,1993,0,0,0,0,0,0,0,0,0,0
360080,1,1,1993,4,0,27,7,17,10,14,8,22,13
360080,2,1,1993,0,0,0,0,0,0,0,0,0,0
360081,1,1,1993,0,24,0,0,21,21,0,11,25,13
360082,1,1,1993,0,0,0,0,0,0,0,0,0,0
360082,2,1,1993,0,0,0,0,0,0,0,0,0,0
360082,3,1,1993,0,0,0,0,0,0,0,0,0,0
360082,4,1,1993,0,0,0,0,0,0,0,0,0,0
360083,1,1,1993,0,0,0,0,0,0,0,0,0,0
360083,2,1,1993,15,15,15,15,15,15,15,15,15,15
360084,2,1,1993,0,0,0,0,0,0,0,0,0,0
360085,1,1,1993,0,0,0,0,0,0,0,0,0,0
360085,2,1,1993,0,0,0,0,0,0,0,0,0,0
360086,0,1,1993,0,0,0,0,0,0,0,0,0,0
360086,1,1,1993,0,0,0,0,0,0,0,0,0,0
360087,1,1,1993,0,0,0,0,0,0,0,0,0,0
360087,2,1,1993,0,0,0,0,0,0,0,0,0,0
360088,1,1,1993,0,0,0,0,0,0,0,21,0,0
360089,1,1,1993,0,0,0,0,0,0,0,0,0,0
360089,2,1,1993,21,21,21,21,21,21,21,21,21,21
360090,1,1,1993,8,8,8,8,8,8,8,8,8,8
360091,0,1,1993,0,0,0,0,0,0,0,0,0,0
360091,1,1,1993,0,0,0,0,0,0,0,0,6,0
360092,1,1,1993,0,0,0,0,0,0,0,0,0,21
360092,2,1,1993,0,0,0,0,0,0,0,0,0,0
360093,0,1,1993,0,0,0,0,0,0,0,0,0,0
360093,2,1,1993,0,0,0,0,0,0,0,0,0,0
360094,1,1,1993,0,0,0,0,0,0,0,0,0,0
360095,1,1,1993,0,0,0,0,0,0,0,0,0,0
360096,1,1,1993,0,0,0,0,0,0,0,0,0,0
360096,2,1,1993,0,0,0,0,0,0,0,0,0,0
360096,3,1,1993,0,0,0,0,0,0,0,0,0,0
360098,1,1,1993,0,0,0,0,0,0,0,0,0,0
360098,2,1,1993,0,0,0,0,0,0,0,0,0,0
360099,0,1,1993,25,25,25,25,25,25,25,25,25,25
360099,1,1,1993,0,0,0,0,0,0,0,0,0,0
360100,1,1,1993,0,0,0,0,0,0,0,0,0,0
360101,1,1,1993,0,0,0,0,0,0,0,0,0,0
360101,2,1,1993,0,0,0,0,0,0,0,0,0,0
360102,1,1,1993,0,0,0,0,0,0,0,0,0,0
360103,0,1,1993,0,0,0,0,0,0,0,0,0,0
360103,1,1,1993,9,0,0,0,0,0,0,0,0,0
360104,0,1,1993,19,19,19,19,19,19,19,19,19,19
360104,1,1,1993,0,0,0,0,0,0,0,0,0,0
360105,1,1,1993,0,0,0,0,0,0,0,0,0,0
360105,2,1,1993,0,0,0,0,0,0,0,0,0,0
360106,1,1,1993,0,0,0,0,0,0,0,0,0,0
360106,2,1,1993,0,0,0,0,0,2,0,0,0,0
360107,1,1,1993,0,0,0,0,0,0,0,0,0,0
360107,2,1,1993,0,0,0,0,0,0,0,0,0,0
360108,1,1,1993,0,0,0,0,0,0,0,0,0,0
360108,2,1,1993,0,0,0,0,0,0,0,0,0,0
360109,1,1,1993,16,16,16,16,16,16,16,16,16,16
360110,1,1,1993,0,0,0,0,0,0,0,0,0,0
360110,2,1,1993,0,0,0,0,0,0,0,0,0,0
360111,0,1,1993,0,0,0,0,0,0,0,0,0,0
360111,1,1,1993,0,0,0,0,0,0,0,0,0,0
360112,1,1,1993,0,0,0,0,0,0,0,0,0,0
360112,2,1,1993,0,0,0,0,0,0,0,0,0,0
360113,1,1,1993,0,0,0,0,0,0,0,0,0,0
360113,2,1,1993,0,0,0,0,0,0,0,0,0,0
360114,1,1,1993,0,0,0,0,0,0,0,0,0,0
360114,2,1,1993,0,0,0,0,0,7,0,0,0,0
360115,0,1,1993,0,0,0,0,0,0,0,0,0,0
360115,1,1,1993,0,7,0,0,17,19,11,18,26,11
360116,1,1,1993,16,24,0,7,18,16,0,0,12,22
360117,0,1,1993,0,0,0,0,0,0,0,0,0,0
360117,1,1,1993,0,0,0,0,0,0,0,0,2,0
360118,1,1,1993,0,0,0,0,0,0,0,0,0,0
360118,2,1,1993,0,0,0,0,0,0,0,8,0,0
360118,3,1,1993,0,0,0,0,0,0,0,0,0,0
360118,4,1,1993,0,0,0,0,0,0,0,0,0,0
360119,1,1,1993,27,27,27,27,27,27,27,27,27,27
360121,1,1,1993,0,0,0,0,0,0,0,0,0,0
360121,2,1,1993,0,0,0,0,0,0,0,0,0,0
360122,1,1,1993,30,30,30,30,30,30,30,30,30,30
360123,1,1,1993,20,20,20,20,20,20,20,20,20,20
360124,1,1,1993,18,18,18,18,18,18,18,18,18,18
360125,1,1,1993,0,0,0,0,0,0,0,0,0,0
360126,1,1,1993,0,0,0,0,0,0,0,0,0,0
360126,2,1,1993,0,0,0,0,0,0,0,0,0,0
360127,1,1,1993,0,0,0,0,0,0,0,0,0,0
360127,2,1,1993,0,0,0,0,0,0,0,0,0,0
360128,1,1,1993,0,0,0,0,0,0,0,0,0,0
360128,2,1,1993,0,0,0,0,0,0,0,0,0,0
360129,1,1,1993,0,0,0,0,0,0,0,0,0,0
360129,2,1,1993,0,0,0,0,0,0,0,0,0,0
360130,1,1,1993,0,0,0,0,0,0,0,0,0,0
360130,2,1,1993,0,0,0,0,0,0,0,0,0,0
360131,1,1,1993,0,0,0,0,0,0,0,0,0,0
360131,2,1,1993,0,0,0,0,0,0,0,0,0,0
360132,1,1,1993,11,11,11,11,11,11,11,11,11,11
360132,2,1,1993,3,3,3,3,3,3,3,3,3,3
360133,1,1,1993,0,0,0,0,0,0,0,0,0,0
360133,2,1,1993,0,0,0,0,0,0,0,0,0,0
360134,1,1,1993,0,0,0,0,0,0,0,0,0,0
360134,2,1,1993,0,0,0,0,0,0,0,0,0,0
360135,1,1,1993,11,3,0,7,0,12,12,4,5,14
360136,0,1,1993,0,10,28,0,26,18,0,6,11,40
360136,1,1,1993,0,0,0,0,0,0,0,0,0,0
360137,0,1,1993,0,0,0,0,0,0,0,0,0,0
360137,1,1,1993,0,0,0,0,0,0,0,0,0,0
360138,0,1,1993,9,9,9,9,9,9,9,9,9,9
360138,1,1,1993,3,0,18,10,0,0,0,0,0,12
360139,1,1,1993,0,0,0,0,0,0,0,0,0,0
360139,2,1,1993,0,0,0,0,0,0,0,0,0,0
360140,1,1,1993,0,0,0,0,0,0,0,0,0,0
360140,2,1,1993,0,0,0,0,0,0,0,0,0,0
360141,1,1,1993,0,10,0,0,22,0,0,17,0,0
360142,1,1,1993,0,0,0,0,0,0,0,0,0,0
360142,2,1,1993,0,0,0,0,0,0,0,0,0,0
360143,1,1,1993,0,0,0,0,0,0,0,0,0,0
360144,1,1,1993,18,18,18,18,18,18,18,18,18,18
360145,1,1,1993,0,0,0,0,0,0,0,0,0,0
360146,1,1,1993,0,0,0,0,0,0,0,0,0,0
360146,2,1,1993,0,0,0,0,0,0,0,0,0,0
360147,1,1,1993,0,0,0,0,0,0,0,0,0,0
360148,1,1,1993,0,0,0,0,0,0,0,0,0,0
360148,2,1,1993,0,0,0,0,0,0,0,0,0,0
360148,3,1,1993,0,0,0,0,0,0,0,0,0,0
360149,1,1,1993,6,6,6,6,6,6,6,6,6,6
360149,2,1,1993,0,0,0,0,0,0,0,0,0,0
360150,0,1,1993,0,0,0,0,0,0,0,0,0,0
360150,1,1,1993,0,0,0,0,15,7,0,0,0,0
360151,1,1,1993,0,0,0,0,0,0,0,0,0,0
360151,2,1,1993,0,0,0,0,0,0,0,0,0,0
360152,1,1,1993,0,0,0,0,0,0,17,0,0,0
360152,2,1,1993,0,0,0,0,0,0,0,0,0,0
360153,1,1,1993,21,21,21,21,21,21,21,21,21,21
360154,0,1,1993,0,0,0,11,0,0,20,0,0,0
360154,1,1,1993,27,0,0,0,0,0,0,0,0,0
360155,1,1,1993,21,21,21,21,21,21,21,21,21,21
360155,2,1,1993,0,0,0,0,0,0,0,0,0,0
360156,1,1,1993,0,0,0,0,0,0,0,0,0,0
360156,2,1,1993,0,0,0,0,0,0,0,0,0,0
360157,0,1,1993,0,0,0,0,0,0,39,0,0,0
360157,1,1,1993,0,0,0,0,0,0,0,0,0,0
360158,1,1,1993,0,0,0,0,0,0,0,0,0,0
360159,1,1,1993,0,5,0,0,0,0,0,0,0,0
360159,2,1,1993,19,19,19,19,19,19,19,19,19,19
360160,0,1,1993,0,0,0,0,0,0,0,0,0,0
360160,1,1,1993,0,0,0,0,11,0,9,0,0,0
360161,1,1,1993,0,4,2,0,0,0,14,0,12,8
360161,2,1,1993,0,41,0,0,0,0,14,0,0,0
360162,1,1,1993,0,0,0,0,0,0,0,0,0,0
360162,2,1,1993,0,0,0,0,0,0,0,0,0,0
360163,1,1,1993,0,24,0,3,10,3,0,0,22,17
360164,1,1,1993,13,13,13,13,13,13,13,13,13,13
360165,1,1,1993,0,0,0,0,0,0,0,0,0,0
360165,2,1,1993,0,11,0,0,0,9,0,0,0,0
360166,1,1,1993,0,0,0,0,0,0,0,0,0,0
360166,2,1,1993,0,19,0,0,5,0,0,0,0,0
360167,1,1,1993,0,0,0,0,0,0,14,0,0,0
360167,2,1,1993,0,0,0,0,0,0,0,0,0,0
360168,1,1,1993,0,0,0,0,0,0,0,0,0,0
360169,1,1,1993,24,24,24,24,24,24,24,24,24,24
360170,0,1,1993,32,0,12,30,0,15,19,28,47,10
360170,1,1,1993,7,15,15,12,3,4,0,21,0,6
360171,1,1,1993,0,0,0,0,0,0,0,0,0,0
360171,2,1,1993,0,0,0,0,0,0,0,0,0,0
360171,3,1,1993,0,0,0,0,0,0,0,0,0,0
360172,1,1,1993,0,0,0,0,0,0,0,0,0,0
360172,2,1,1993,0,0,0,0,0,0,0,0,0,0
360173,1,1,1993,0,0,0,0,0,0,0,0,0,0
360174,1,1,1993,0,0,0,0,0,0,0,0,0,0
360174,2,1,1993,0,0,0,0,0,0,0,0,0,0
360175,1,1,1993,25,0,0,5,5,27,2,0,0,8
360176,0,1,1993,15,30,25,24,30,36,28,15,0,2
360176,1,1,1993,20,0,0,0,0,0,0,0,0,0
360177,1,1,1993,0,0,0,0,0,0,17,0,0,0
360178,0,1,1993,19,0,0,0,0,9,0,0,0,0
360178,1,1,1993,0,0,0,0,0,0,19,0,0,0
360179,1,1,1993,0,0,0,0,0,0,0,0,0,0
360179,2,1,1993,0,0,0,0,0,0,0,0,0,0
360180,1,1,1993,22,9,0,20,0,13,26,12,18,0
360181,1,1,1993,0,0,0,0,0,0,0,0,0,0
360181,2,1,1993,0,0,0,0,0,0,0,0,0,0
360181,3,1,1993,0,0,0,0,0,0,0,0,0,0
360181,4,1,1993,0,0,0,0,0,0,0,0,0,0
360182,0,1,1993,0,0,0,0,0,0,0,0,0,0
360182,1,1,1993,0,0,0,0,0,0,0,0,0,0
360184,1,1,1993,9,0,0,0,0,0,0,0,0,0
360184,2,1,1993,0,0,0,0,0,0,0,0,0,0
360185,1,1,1993,0,0,0,0,0,0,0,0,0,0
360185,2,1,1993,0,0,0,0,0,0,0,0,0,0
360185,3,1,1993,0,0,0,0,0,0,0,0,0,0
360186,1,1,1993,0,0,0,0,0,0,0,18,0,0
360186,2,1,1993,15,0,0,0,0,0,0,0,0,0
360186,3,1,1993,0,0,0,0,0,0,0,0,0,0
360186,4,1,1993,0,0,0,0,0,0,0,0,0,0
360187,0,1,1993,0,0,0,0,0,0,0,0,0,6
360187,1,1,1993,0,0,0,0,0,0,0,0,0,0
360188,1,1,1993,0,0,0,0,0,0,0,0,0,0
360188,2,1,1993,0,0,0,0,0,0,0,0,0,0
360189,1,1,1993,0,0,0,0,0,0,0,0,0,0
360189,2,1,1993,0,0,0,0,0,0,0,0,0,0
360190,1,1,1993,0,0,0,0,0,0,0,0,0,0
360191,1,1,1993,0,0,0,0,0,0,0,0,0,17
360191,2,1,1993,0,0,0,0,0,0,0,0,0,0
360192,0,1,1993,10,10,10,10,10,10,10,10,10,10
360192,1,1,1993,0,0,0,0,0,0,0,0,0,0
360193,1,1,1993,0,21,0,0,0,23,29,10,0,0
360194,1,1,1993,8,21,32,23,19,22,14,0,0,21
360194,2,1,1993,0,0,0,0,17,0,0,0,0,0
360194,3,1,1993,0,0,0,0,0,0,0,0,0,0
360195,0,1,1993,0,0,0,0,0,0,0,0,0,0
360195,0,2,1993,0,0,0,0,0,0,0,0,0,0
360195,1,1,1993,0,0,0,0,0,0,0,0,0,0
360196,1,1,1993,0,0,0,0,0,0,0,0,0,0
360196,2,1,1993,0,0,0,0,0,0,0,0,0,0
360197,0,1,1993,0,0,0,0,0,0,0,0,0,0
360197,1,1,1993,0,0,0,0,0,0,0,0,0,0
360198,0,1,1993,0,0,0,0,0,0,0,10,0,0
360198,1,1,1993,0,0,0,0,0,0,0,0,0,0
360199,0,1,1993,9,9,9,9,9,9,9,9,9,9
360199,1,1,1993,0,0,0,0,0,0,0,0,0,0
360200,1,1,1993,0,0,0,0,0,0,0,0,0,0
360200,2,1,1993,0,0,0,0,0,0,0,0,0,0
360201,0,1,1993,0,0,0,0,0,0,0,0,0,0
360201,1,1,1993,0,0,0,0,0,0,0,0,0,0
360202,1,1,1993,0,0,0,0,0,0,0,0,0,0
360202,2,1,1993,0,0,0,0,0,0,0,0,0,0
360203,1,1,1993,0,0,0,0,0,0,0,0,0,0
360204,1,1,1993,12,12,12,12,12,12,12,12,12,12
360205,0,1,1993,0,0,0,0,0,0,0,0,0,0
360205,1,1,1993,0,0,16,0,15,0,0,0,0,0
360206,1,1,1993,0,0,0,0,0,0,0,0,0,0
360206,2,1,1993,0,18,0,0,0,0,0,0,0,0
360206,3,1,1993,0,0,0,0,0,0,0,0,0,0
360206,4,1,1993,0,0,0,0,0,0,0,13,7,0
360206,5,1,1993,0,0,0,0,0,0,0,0,0,0