ST_CASE,VEH_NO,PER_NO,YEAR,P1,P2,P3,P4,P5,P6,P7,P8,P9,P10
360488,1,1,1993,22,22,22,22,22,22,22,22,22,22
360489,1,1,1993,0,4,4,4,8,0,12,16,15,12
360490,0,1,1993,12,12,12,12,12,12,12,12,12,12
360490,1,1,1993,0,0,0,0,0,0,0,0,0,10
360491,1,1,1993,0,0,0,0,0,0,0,0,0,0
360491,2,1,1993,0,0,6,0,0,0,0,0,0,0
360492,1,1,1993,0,0,0,0,0,0,0,0,0,0
360492,2,1,1993,0,0,0,0,0,0,0,0,0,0
360493,1,1,1993,0,0,0,0,0,0,0,0,0,0
360493,2,1,1993,6,6,6,6,6,6,6,6,6,6
360494,0,1,1993,0,0,35,14,21,8,8,7,36,0
360494,0,2,1993,0,0,24,0,32,25,0,6,0,17
360494,1,1,1993,0,0,0,0,0,0,0,0,0,0
360495,1,1,1993,23,23,23,23,23,23,23,23,23,23
360496,1,1,1993,0,0,0,12,0,23,0,0,0,0
360496,2,1,1993,24,16,19,4,22,0,18,11,23,15
360497,1,1,1993,0,0,0,0,0,0,0,0,0,0
360497,2,1,1993,0,0,0,0,0,0,0,0,0,0
360498,0,1,1993,0,0,0,0,0,0,0,0,0,0
360498,1,1,1993,0,0,0,0,0,0,0,0,0,0
360499,1,1,1993,27,27,27,27,27,27,27,27,27,27
360500,1,1,1993,12,19,9,21,34,20,12,12,7,19
360501,1,1,1993,0,0,0,0,0,0,0,0,0,0
360502,1,1,1993,15,15,15,15,15,15,15,15,15,15
360503,1,1,1993,0,0,0,0,0,0,0,0,16,0
360504,1,1,1993,9,9,11,23,7,8,5,7,15,8
360505,1,1,1993,0,0,0,0,0,0,0,0,0,0
360505,2,1,1993,0,15,8,3,6,6,25,14,8,11
360506,1,1,1993,0,0,0,0,0,0,0,0,0,0
360507,1,1,1993,0,0,0,0,0,0,0,0,0,0
360507,2,1,1993,0,0,0,0,0,0,0,0,5,0
360508,0,1,1993,0,0,26,0,12,29,0,0,0,0
360508,0,2,1993,11,0,0,34,0,0,0,14,9,0
360508,1,1,1993,0,0,0,0,0,0,0,0,0,0
360509,1,1,1993,0,0,0,0,0,0,0,0,0,0
360509,2,1,1993,11,11,11,11,11,11,11,11,11,11
360510,1,1,1993,24,24,24,24,24,24,24,24,24,24
360511,1,1,1993,17,17,17,17,17,17,17,17,17,17
360511,2,1,1993,8,0,0,0,0,0,0,0,0,0
360512,0,1,1993,30,30,30,30,30,30,30,30,30,30
360512,1,1,1993,0,0,0,0,0,7,0,0,21,0
360513,1,1,1993,0,0,0,0,0,0,0,0,0,0
360513,2,1,1993,0,0,0,0,0,0,0,0,0,0
360514,0,1,1993,1,1,1,1,1,1,1,1,1,1
360515,1,1,1993,19,19,19,19,19,19,19,19,19,19
360515,2,1,1993,0,0,0,0,0,0,0,0,0,0
360516,1,1,1993,0,0,0,23,16,0,0,0,0,0
360517,1,1,1993,0,0,0,0,0,0,0,0,0,0
360517,2,1,1993,22,10,0,0,0,0,0,0,0,0
360518,1,1,1993,0,0,0,0,0,0,0,0,0,0
360519,0,1,1993,0,0,0,0,0,0,0,0,0,0
360519,1,1,1993,0,0,0,0,0,0,0,0,0,0
360520,1,1,1993,0,0,0,0,25,0,25,0,23,0
360521,0,1,1993,0,0,0,0,0,0,0,0,0,0
360521,1,1,1993,0,0,0,0,0,0,0,0,0,0
360522,1,1,1993,2,2,2,2,2,2,2,2,2,2
360522,2,1,1993,0,0,0,0,0,0,0,0,0,0
360523,1,1,1993,26,26,26,26,26,26,26,26,26,26
360524,1,1,1993,0,0,0,0,0,0,0,0,0,0
360524,2,1,1993,0,0,0,0,0,0,0,0,0,0
360525,1,1,1993,20,14,35,0,34,21,26,30,22,15
360526,0,1,1993,0,18,0,0,0,0,0,0,0,0
360526,1,1,1993,0,0,0,0,0,0,0,0,0,0
360527,1,1,1993,0,0,0,27,0,0,0,0,0,0
360528,1,1,1993,0,0,0,0,0,0,0,0,0,0
360529,1,1,1993,0,0,0,0,0,0,0,0,4,0
360530,0,1,1993,0,0,0,0,0,0,0,0,0,0
360530,0,2,1993,0,0,0,0,26,13,0,0,13,0
360530,1,1,1993,0,0,0,0,0,0,0,0,0,0
360531,1,1,1993,0,0,0,0,0,6,0,0,0,0
360531,2,1,1993,0,0,0,0,0,0,0,3,0,0
360532,1,1,1993,2,13,23,7,26,12,8,14,0,0
360533,1,1,1993,0,0,0,0,0,3,0,0,0,0
360534,1,1,1993,14,14,14,14,14,14,14,14,14,14
360535,1,1,1993,0,0,0,0,0,0,0,0,0,0
360536,1,1,1993,0,0,0,16,0,0,15,0,0,34
360537,1,1,1993,13,17,19,12,8,4,19,23,19,29
360538,0,1,1993,12,18,0,0,0,0,0,0,0,0
360538,1,1,1993,0,0,0,0,0,9,8,0,0,0
360539,1,1,1993,0,0,0,0,0,0,0,0,0,9
360540,1,1,1993,0,0,0,0,0,0,0,0,0,0
360540,2,1,1993,0,0,0,0,0,11,0,0,0,0
360541,1,1,1993,18,18,18,18,18,18,18,18,18,18
360542,1,1,1993,18,12,0,18,33,11,0,23,12,6
360542,2,1,1993,0,0,0,0,0,0,0,0,0,0
360543,1,1,1993,20,20,20,20,20,20,20,20,20,20
360543,2,1,1993,0,0,0,0,0,0,0,0,0,0
360544,1,1,1993,14,14,14,14,14,14,14,14,14,14
360545,1,1,1993,0,0,0,0,0,0,0,0,0,0
360545,2,1,1993,0,0,0,0,0,0,0,0,0,0
360546,1,1,1993,0,0,0,0,0,0,0,0,0,0
360547,1,1,1993,18,18,18,18,18,18,18,18,18,18
360548,1,1,1993,0,0,0,0,0,0,0,0,0,16
360549,1,1,1993,0,0,12,0,12,0,18,0,0,0
360551,1,1,1993,0,0,0,0,0,0,0,0,0,0
360552,1,1,1993,0,0,0,0,0,0,0,0,0,0
360552,2,1,1993,0,0,0,0,0,0,0,0,0,6
360553,1,1,1993,7,7,7,7,7,7,7,7,7,7
360554,1,1,1993,0,0,0,0,0,0,0,0,0,0
360554,2,1,1993,0,0,0,0,0,0,13,0,0,0
360555,1,1,1993,17,14,21,22,18,16,6,23,37,16
360555,2,1,1993,0,0,0,0,0,0,0,0,0,0
360556,1,1,1993,0,0,0,0,12,0,0,0,0,0
360556,2,1,1993,0,0,0,0,0,0,0,0,0,0
360556,3,1,1993,0,0,0,0,0,0,0,0,0,0
360557,1,1,1993,0,0,0,0,0,0,0,0,0,0
360558,0,1,1993,0,0,0,0,0,0,0,0,0,0
360558,1,1,1993,28,0,0,9,0,10,0,0,0,0
360559,0,1,1993,0,0,0,0,0,0,0,0,0,0
360559,1,1,1993,0,0,0,0,0,0,0,0,0,0
360560,1,1,1993,0,0,0,0,0,0,0,0,0,0
360560,2,1,1993,0,0,0,0,0,0,0,0,0,0
360561,1,1,1993,0,0,0,12,0,0,0,0,0,0
360562,0,1,1993,0,0,0,0,0,0,0,0,0,0
360562,1,1,1993,0,0,0,0,0,0,0,0,0,0
360563,1,1,1993,8,8,8,8,8,8,8,8,8,8
360564,1,1,1993,0,0,0,0,0,0,0,0,0,0
360565,0,1,1993,0,0,0,0,0,0,0,0,0,0
360565,1,1,1993,0,0,0,0,0,0,0,0,13,0
360566,0,1,1993,0,0,0,0,0,0,0,0,0,0
360566,1,1,1993,0,0,0,0,0,0,0,0,0,0
360567,1,1,1993,0,0,0,0,0,0,0,0,0,0
360567,2,1,1993,0,0,0,0,0,0,0,0,0,0
360568,0,1,1993,12,12,12,12,12,12,12,12,12,12
360568,1,1,1993,0,0,0,0,0,0,0,0,0,0
360569,1,1,1993,8,0,19,0,0,0,0,0,0,0
360570,0,1,1993,0,29,0,0,0,0,0,0,0,15
360570,1,1,1993,0,0,0,0,0,0,0,0,0,0
360571,1,1,1993,0,0,0,0,0,0,0,0,0,0
360572,1,1,1993,0,0,0,0,0,0,0,0,0,0
360572,2,1,1993,0,0,0,0,0,0,0,0,0,0
360573,1,1,1993,0,0,0,0,0,0,0,0,0,0
360573,2,1,1993,0,0,0,0,0,0,0,0,0,0
360574,0,1,1993,0,0,0,0,0,0,0,0,0,0
360574,2,1,1993,0,0,0,0,0,0,0,0,0,0
360575,1,1,1993,0,0,0,0,0,0,0,0,0,0
360575,2,1,1993,0,0,0,0,0,0,0,0,0,0
360576,1,1,1993,9,6,11,30,19,20,14,0,4,0
360576,2,1,1993,13,13,11,3,33,0,2,0,0,19
360577,1,1,1993,4,13,8,11,0,7,5,15,0,14
360578,1,1,1993,0,0,0,0,0,0,0,0,0,0
360578,2,1,1993,0,0,0,0,0,0,0,0,0,0
360578,3,1,1993,0,0,0,0,0,0,0,0,0,0
360578,4,1,1993,0,0,0,0,0,0,0,0,0,0
360579,1,1,1993,0,0,0,0,0,0,0,0,0,0
360580,0,1,1993,31,0,5,0,0,0,0,0,0,0
360580,1,1,1993,0,0,0,0,0,0,0,0,0,0
360582,1,1,1993,0,0,0,0,0,0,0,0,0,0
360583,1,1,1993,0,0,0,0,0,0,0,0,0,0
360584,0,1,1993,0,0,0,0,0,0,0,0,0,0
360584,1,1,1993,0,0,0,0,0,0,0,0,0,0
360585,1,1,1993,0,0,0,0,0,0,0,0,0,0
360585,2,1,1993,0,0,0,0,0,0,0,0,0,0
360585,3,1,1993,0,0,0,0,0,0,0,0,0,0
360585,4,1,1993,0,0,0,0,0,0,0,0,0,0
360586,1,1,1993,0,0,0,0,0,2,0,0,0,0
360587,0,1,1993,0,0,0,0,0,0,0,0,0,0
360587,1,1,1993,0,0,12,0,0,17,21,0,16,0
360588,1,1,1993,0,0,0,0,0,0,0,0,0,0
360589,1,1,1993,0,0,0,0,0,0,0,0,0,0
360589,2,1,1993,11,11,11,11,11,11,11,11,11,11
360590,1,1,1993,0,0,0,0,0,0,0,0,0,0
360590,2,1,1993,0,0,0,0,0,0,0,0,0,0
360591,0,1,1993,0,0,0,0,0,0,0,0,0,0
360591,1,1,1993,0,0,0,0,0,0,0,0,0,0
360592,0,1,1993,0,0,0,0,0,0,0,0,0,0
360592,0,2,1993,0,0,0,0,0,0,0,0,0,0
360592,0,3,1993,0,8,0,10,0,0,15,6,16,0
360592,1,1,1993,0,0,0,0,0,0,0,0,0,0
360593,1,1,1993,0,0,0,0,0,0,0,0,0,7
360594,0,1,1993,0,0,0,0,0,0,0,0,0,0
360594,1,1,1993,0,0,0,0,0,0,0,0,0,0
360595,1,1,1993,0,0,16,0,0,0,0,0,0,0
360596,1,1,1993,0,0,0,11,0,0,0,0,0,0
360596,2,1,1993,12,6,0,0,0,0,0,12,4,0
360597,1,1,1993,0,0,0,0,0,0,0,0,0,0
360597,2,1,1993,0,0,0,0,0,0,0,0,0,0
360598,1,1,1993,22,22,22,22,22,22,22,22,22,22
360598,2,1,1993,0,0,0,0,0,0,0,0,0,0
360599,1,1,1993,26,26,26,26,26,26,26,26,26,26
360600,0,1,1993,0,0,0,0,0,0,0,0,0,0
360600,1,1,1993,0,5,0,11,0,0,0,0,0,25
360601,0,1,1993,0,0,0,0,0,0,0,0,0,0
360601,1,1,1993,0,0,0,0,0,0,0,0,0,0
360601,2,1,1993,0,0,0,0,0,0,0,0,0,5
360602,1,1,1993,13,13,13,13,13,13,13,13,13,13
360603,1,1,1993,2,2,2,2,2,2,2,2,2,2
360604,1,1,1993,11,11,11,11,11,11,11,11,11,11
360604,2,1,1993,0,17,0,0,0,0,12,0,11,0
360605,1,1,1993,0,0,0,0,0,0,0,0,0,0
360605,2,1,1993,0,0,0,0,0,0,0,0,0,26
360606,1,1,1993,0,0,0,0,0,0,0,0,0,0
360606,2,1,1993,0,0,0,0,0,0,0,0,0,0
360607,1,1,1993,0,0,0,0,0,0,0,0,0,0
360607,2,1,1993,11,0,0,7,0,0,0,0,0,0
360608,1,1,1993,0,0,0,0,0,0,0,0,0,0
360609,1,1,1993,15,15,15,15,15,15,15,15,15,15
360609,2,1,1993,0,0,0,0,0,0,0,0,0,0
360610,0,1,1993,0,0,0,0,0,0,0,0,0,0
360610,1,1,1993,0,0,0,4,0,0,0,0,0,0
360611,1,1,1993,0,0,0,0,0,0,0,0,0,0
360612,0,1,1993,0,0,0,0,0,0,0,0,0,0
360612,1,1,1993,0,0,0,0,0,0,0,0,0,0
360613,0,1,1993,21,21,21,21,21,21,21,21,21,21
360613,1,1,1993,0,0,0,0,0,9,0,0,0,0
360614,0,1,1993,0,0,0,0,0,0,0,0,0,0
360614,1,1,1993,0,0,0,0,0,0,0,0,0,0
360614,2,1,1993,0,0,0,0,0,0,0,0,0,0
360615,1,1,1993,0,0,0,0,0,0,18,0,0,0
360616,1,1,1993,9,21,25,17,16,21,12,0,19,7
360617,1,1,1993,0,0,0,0,0,0,0,0,0,0
360617,2,1,1993,23,23,23,23,23,23,23,23,23,23
360618,1,1,1993,0,0,0,0,0,0,0,0,0,0
360619,1,1,1993,0,22,0,0,0,0,0,14,0,0
360620,0,1,1993,0,0,0,0,0,0,0,0,0,0
360620,1,1,1993,0,0,0,0,0,0,0,0,0,0
360621,1,1,1993,1,1,1,1,1,1,1,1,1,1
360622,0,1,1993,0,0,0,0,0,0,0,12,0,0
360622,1,1,1993,0,0,25,0,0,0,0,0,0,0
360623,1,1,1993,11,11,11,11,11,11,11,11,11,11
360624,1,1,1993,0,0,0,0,0,0,0,0,0,0
360624,2,1,1993,0,0,0,0,0,0,0,0,0,0
360624,3,1,1993,0,0,0,0,0,0,0,0,0,0
360624,4,1,1993,0,0,0,0,0,0,0,0,0,0
360625,1,1,1993,0,0,0,0,0,0,0,0,0,0
360625,2,1,1993,0,0,0,0,0,0,0,0,0,0
360626,0,1,1993,24,24,24,24,24,24,24,24,24,24
360626,1,1,1993,15,0,0,8,12,0,0,6,15,0
360627,1,1,1993,0,0,0,0,0,0,0,0,0,0
360628,0,1,1993,0,0,0,0,0,0,0,0,0,0
360628,1,1,1993,0,0,0,0,0,0,0,0,0,0
360629,1,1,1993,0,0,0,0,0,0,0,0,0,0
360629,2,1,1993,0,0,0,0,0,0,0,0,0,0
360630,1,1,1993,0,0,0,0,0,0,0,12,0,0
360630,2,1,1993,0,0,0,0,0,0,0,0,0,0
360631,0,1,1993,0,0,0,0,0,0,0,0,0,0
360631,1,1,1993,7,0,0,0,0,10,0,0,0,0
360632,0,1,1993,0,0,0,0,0,0,0,0,0,0
360632,1,1,1993,0,0,0,0,0,0,0,0,0,0
360633,1,1,1993,8,11,18,20,9,17,14,14,17,33
360634,1,1,1993,0,0,0,0,0,0,0,0,0,0
360634,2,1,1993,0,0,0,0,0,0,0,0,0,0
360635,0,1,1993,28,28,28,28,28,28,28,28,28,28
360635,1,1,1993,0,20,0,0,0,0,0,0,0,0
360636,2,1,1993,0,0,0,0,0,0,0,0,0,0
360637,1,1,1993,0,0,0,0,0,0,0,0,0,0
360638,0,1,1993,0,0,0,0,0,0,0,0,0,0
360638,1,1,1993,0,0,0,0,0,0,0,0,0,0
360639,0,1,1993,12,17,0,0,0,10,0,0,0,0
360639,1,1,1993,0,0,0,0,0,0,0,5,0,0
360640,1,1,1993,0,0,4,21,0,12,0,5,7,0
360641,1,1,1993,28,28,28,28,28,28,28,28,28,28
360641,2,1,1993,0,0,0,0,0,0,0,0,0,0
360642,1,1,1993,15,15,15,15,15,15,15,15,15,15
360643,1,1,1993,0,0,0,0,0,0,0,0,0,0
360643,2,1,1993,0,0,0,0,0,0,0,0,0,0
360644,1,1,1993,16,0,0,0,0,0,0,0,0,0
360645,0,1,1993,0,0,0,0,0,0,0,0,0,0
360645,1,1,1993,0,0,0,0,0,0,0,0,0,0
360646,1,1,1993,0,0,0,0,0,0,0,0,0,0
360646,2,1,1993,0,0,0,0,0,0,0,0,0,0
360646,3,1,1993,0,0,0,0,0,0,0,0,0,0
360647,1,1,1993,19,19,19,19,19,19,19,19,19,19
360647,2,1,1993,0,0,0,0,0,0,0,0,0,0
360648,1,1,1993,19,19,19,19,19,19,19,19,19,19
360649,1,1,1993,0,0,0,0,0,0,0,0,0,0
360649,2,1,1993,0,0,0,0,0,0,0,0,0,0
360650,1,1,1993,0,12,23,15,0,0,25,12,0,0
360651,1,1,1993,0,0,0,0,0,0,0,0,0,0
360651,2,1,1993,0,0,0,0,0,0,0,0,0,0
360651,3,1,1993,0,0,0,0,0,0,0,0,0,0
360652,0,1,1993,0,0,33,24,11,40,0,15,0,0
360652,1,1,1993,0,0,0,0,0,0,0,0,0,0
360653,1,1,1993,22,14,3,4,11,4,17,10,4,0
360653,2,1,1993,0,0,0,0,0,0,0,0,0,0
360654,1,1,1993,15,15,15,15,15,15,15,15,15,15
360654,2,1,1993,0,0,0,0,0,0,0,0,0,0
360654,3,1,1993,4,4,4,4,4,4,4,4,4,4
360655,1,1,1993,0,0,0,0,0,0,0,0,0,0
360655,2,1,1993,0,0,0,0,0,0,24,21,15,0
360656,1,1,1993,0,0,0,0,0,0,0,0,0,0
360656,2,1,1993,0,0,0,0,0,0,0,0,0,0
360657,0,1,1993,0,0,0,0,0,0,0,0,0,0
360657,1,1,1993,0,0,0,0,0,0,0,0,17,0
360658,1,1,1993,0,0,0,0,0,0,0,0,0,0
360658,2,1,1993,0,0,0,0,0,0,0,0,0,0
360659,0,1,1993,0,0,0,0,0,0,0,0,0,0
360659,1,1,1993,0,0,0,0,0,0,0,0,0,0
360660,1,1,1993,0,0,0,0,0,0,0,0,0,0
360661,1,1,1993,0,0,0,0,0,0,0,0,0,0
360662,1,1,1993,21,16,7,9,0,11,14,0,31,15
360663,1,1,1993,0,0,0,0,0,0,0,0,0,0
360663,2,1,1993,0,0,0,0,0,0,0,0,0,0
360664,1,1,1993,0,0,0,0,0,0,0,0,0,0
360664,2,1,1993,21,0,0,0,0,0,0,0,0,0
360664,3,1,1993,0,0,0,0,5,0,0,0,0,0
360665,1,1,1993,0,0,0,0,0,0,0,0,0,0
360665,2,1,1993,0,0,22,0,6,0,0,18,0,22
360666,1,1,1993,0,23,0,0,0,0,0,0,0,0
360667,1,1,1993,0,0,0,0,0,0,0,0,0,0
360667,2,1,1993,0,0,0,0,0,0,0,0,0,0
360668,1,1,1993,0,0,0,0,0,6,0,0,0,0
360669,1,1,1993,0,0,0,0,0,0,0,0,0,0
360670,0,1,1993,0,0,10,0,25,16,21,0,4,0
360670,0,2,1993,0,0,0,0,0,0,0,0,0,0
360670,0,3,1993,0,0,0,0,0,0,0,0,0,0
360670,0,4,1993,0,16,45,0,10,22,0,0,18,0
360670,1,1,1993,0,0,0,0,0,0,0,0,0,0
360670,2,1,1993,0,0,4,13,0,7,0,0,0,18
360671,1,1,1993,16,16,16,16,16,16,16,16,16,16
360671,2,1,1993,0,0,0,0,0,0,0,0,0,0
360672,0,1,1993,0,0,0,0,0,0,0,0,0,0
360672,1,1,1993,0,0,0,0,0,0,0,0,0,0
360673,1,1,1993,2,2,2,2,2,2,2,2,2,2
360674,0,1,1993,0,0,0,0,0,0,0,0,0,0
360674,0,2,1993,0,34,28,0,12,13,15,28,0,14
360674,0,3,1993,0,0,0,0,23,18,0,2,0,0
360674,1,1,1993,0,13,0,0,0,0,0,0,0,10
360675,0,1,1993,7,7,7,7,7,7,7,7,7,7
360675,1,1,1993,0,0,0,0,19,0,0,0,0,0
360676,0,1,1993,8,8,8,8,8,8,8,8,8,8
360676,1,1,1993,0,0,0,0,0,0,0,0,0,0
360677,1,1,1993,0,0,0,0,0,0,0,0,0,0
360677,2,1,1993,0,0,0,0,0,0,0,0,0,0
360677,3,1,1993,0,0,0,0,0,0,0,0,0,0
360677,4,1,1993,0,0,0,0,0,0,0,0,0,0
360677,5,1,1993,0,0,0,0,0,0,0,0,0,0
360678,1,1,1993,6,6,6,6,6,6,6,6,6,6
360679,1,1,1993,17,14,28,10,19,16,19,16,18,20
360679,2,1,1993,0,0,0,0,0,0,0,0,0,0
360679,3,1,1993,3,0,0,0,15,0,0,0,0,0
360680,1,1,1993,24,24,24,24,24,24,24,24,24,24
360681,0,1,1993,0,0,0,0,0,0,0,0,0,0
360681,1,1,1993,0,0,0,0,0,0,0,0,0,0
360682,1,1,1993,14,14,14,14,14,14,14,14,14,14
360683,1,1,1993,0,0,8,0,0,0,35,17,20,25
360684,1,1,1993,0,0,0,0,0,10,0,0,0,0
360684,2,1,1993,0,0,0,0,0,0,0,0,0,0
360685,1,1,1993,0,0,0,0,0,0,0,0,0,0
360686,1,1,1993,0,0,0,0,28,0,0,0,0,0
360687,1,1,1993,0,0,0,0,0,0,0,0,0,0
360688,1,1,1993,0,0,0,0,0,0,0,0,0,0
360688,2,1,1993,0,0,0,0,0,0,0,0,0,15
360689,1,1,1993,18,18,18,18,18,18,18,18,18,18
360690,1,1,1993,0,0,0,0,0,0,0,0,0,0
360690,2,1,1993,0,0,0,6,0,0,0,0,0,0
360691,1,1,1993,4,17,22,0,0,3,0,0,7,16
360692,0,1,1993,0,0,0,0,0,0,0,0,0,0
360692,1,1,1993,0,0,0,0,0,0,0,0,0,0
360693,0,1,1993,0,0,0,0,0,0,0,0,0,0
360693,1,1,1993,0,0,0,0,0,0,0,0,0,0
360694,1,1,1993,1,1,1,1,1,1,1,1,1,1
360694,2,1,1993,0,0,0,0,0,0,0,0,0,0
360695,1,1,1993,0,0,0,0,0,0,0,0,0,0
360695,2,1,1993,0,0,0,0,0,0,0,0,0,0
360696,1,1,1993,13,13,13,13,13,13,13,13,13,13
360696,2,1,1993,0,0,0,0,0,0,0,0,0,0
360697,1,1,1993,4,4,4,4,4,4,4,4,4,4
360698,1,1,1993,14,14,14,14,14,14,14,14,14,14
360698,2,1,1993,0,0,0,0,11,0,0,0,8,0
360699,1,1,1993,0,0,0,0,0,0,0,0,0,0
360699,2,1,1993,0,0,0,0,0,0,0,0,0,0
360700,1,1,1993,0,0,0,0,0,0,0,0,0,0
360700,2,1,1993,0,0,0,0,0,0,0,0,0,0
360701,1,1,1993,15,15,15,15,15,15,15,15,15,15
360702,1,1,1993,11,11,11,11,11,11,11,11,11,11
360702,2,1,1993,0,0,0,14,12,0,6,0,0,0
360703,1,1,1993,0,0,0,0,0,0,0,0,0,0
360703,2,1,1993,0,0,0,0,0,0,0,0,0,0
360705,1,1,1993,0,0,0,0,0,0,0,0,15,0
360706,1,1,1993,0,0,0,0,0,0,0,0,0,0
360706,2,1,1993,9,0,0,7,0,0,0,8,0,11
360707,1,1,1993,5,10,18,8,15,6,19,17,27,14
360708,1,1,1993,0,0,0,0,0,0,0,0,0,0
360709,1,1,1993,0,0,0,0,0,0,0,0,0,0
360710,1,1,1993,9,0,0,0,0,10,17,0,0,0
360711,1,1,1993,0,0,0,0,0,0,0,0,0,0
360711,2,1,1993,0,0,0,0,0,0,0,0,0,0
360712,1,1,1993,23,23,23,23,23,23,23,23,23,23
360713,1,1,1993,5,5,5,5,5,5,5,5,5,5
360713,2,1,1993,0,0,0,22,7,11,0,0,0,0
360714,0,1,1993,12,12,12,12,12,12,12,12,12,12
360714,1,1,1993,13,29,5,9,15,7,27,11,15,20
360715,1,1,1993,0,0,0,0,0,0,0,0,0,0
360715,2,1,1993,0,0,0,0,0,0,0,0,0,0
360716,1,1,1993,0,0,0,0,0,0,0,0,0,0
360717,1,1,1993,0,0,0,0,0,0,0,0,0,0
360717,2,1,1993,0,0,0,0,0,0,0,0,0,0
360717,3,1,1993,0,0,0,0,0,0,0,0,0,0
360718,0,1,1993,9,9,9,9,9,9,9,9,9,9
360718,1,1,1993,0,0,0,0,15,0,0,0,0,0
360719,0,1,1993,2,2,2,2,2,2,2,2,2,2
360719,1,1,1993,0,0,0,0,0,0,0,0,0,0
360720,0,1,1993,30,34,18,41,0,8,37,20,14,25
360720,1,1,1993,0,0,0,0,0,0,0,0,0,0
360721,0,1,1993,0,40,0,15,31,0,0,0,0,0
360721,1,1,1993,0,19,3,0,0,10,0,10,3,8
360721,2,1,1993,0,0,0,0,0,0,0,0,0,0
360722,0,1,1993,0,0,0,0,0,0,0,0,0,0
360722,1,1,1993,0,0,0,0,0,0,4,0,0,0
360723,1,1,1993,0,0,0,0,0,0,0,0,0,0
360723,2,1,1993,0,0,0,0,0,0,0,0,0,0
360724,1,1,1993,0,0,0,0,0,0,0,0,0,0
360724,2,1,1993,0,0,0,0,0,0,0,0,0,0
360725,1,1,1993,0,0,17,0,20,0,11,20,0,22
360726,1,1,1993,0,0,0,0,0,0,0,0,0,0
360727,1,1,1993,0,0,0,0,0,0,0,0,0,0
360727,2,1,1993,0,0,0,0,0,0,7,0,0,23
360728,1,1,1993,0,0,0,0,0,0,0,0,0,0
360728,2,1,1993,0,0,0,0,0,0,0,0,0,0
360729,1,1,1993,0,0,0,0,0,0,0,0,0,0
360729,2,1,1993,0,0,0,0,0,0,0,0,0,10
360730,1,1,1993,0,0,0,0,0,0,0,0,0,0
360730,2,1,1993,0,0,0,0,0,0,0,0,0,0
360731,1,1,1993,10,10,10,10,10,10,10,10,10,10
360731,2,1,1993,0,0,0,0,0,0,7,0,0,0
360732,1,1,1993,0,0,0,0,0,0,0,0,0,0
360732,2,1,1993,0,0,0,0,0,0,0,0,0,0
360733,1,1,1993,9,9,9,9,9,9,9,9,9,9
360734,1,1,1993,0,0,0,0,0,0,18,0,0,20
360734,2,1,1993,8,8,8,8,8,8,8,8,8,8
360735,1,1,1993,3,3,3,3,3,3,3,3,3,3
360736,1,1,1993,0,0,0,0,0,0,0,0,0,0
360737,0,1,1993,0,0,0,0,0,0,0,0,0,0
360737,1,1,1993,0,0,0,0,0,0,0,0,0,0
360738,1,1,1993,0,0,0,0,0,0,0,0,0,0
360738,2,1,1993,0,7,0,0,0,0,0,0,0,0
360739,1,1,1993,20,20,20,20,20,20,20,20,20,20
360740,0,1,1993,0,0,0,0,0,0,0,0,0,0
360740,1,1,1993,0,0,0,0,0,0,0,0,0,0
360741,1,1,1993,0,0,0,0,7,0,0,26,0,16
360742,1,1,1993,20,20,20,20,20,20,20,20,20,20
360743,1,1,1993,33,33,33,33,33,33,33,33,33,33
360744,1,1,1993,0,0,0,0,0,0,0,0,0,0
360744,2,1,1993,0,0,0,0,0,0,0,0,0,0
360745,1,1,1993,26,27,26,20,25,15,19,31,4,13
360746,1,1,1993,11,11,11,11,11,11,11,11,11,11
360747,0,1,1993,6,6,6,6,6,6,6,6,6,6
360747,1,1,1993,0,0,0,0,0,0,0,0,0,0
360748,0,1,1993,0,0,0,0,0,0,0,0,0,0
360748,1,1,1993,0,0,0,0,0,0,0,0,0,0
360749,1,1,1993,14,14,14,14,14,14,14,14,14,14
360750,1,1,1993,22,22,22,22,22,22,22,22,22,22
360751,1,1,1993,0,0,0,0,0,0,0,0,17,0
360752,1,1,1993,5,6,29,5,10,13,24,17,13,13
360753,1,1,1993,8,13,8,15,10,0,9,12,17,13
360754,1,1,1993,0,0,0,0,0,0,0,0,0,0
360755,0,1,1993,24,24,24,24,24,24,24,24,24,24
360755,1,1,1993,0,0,0,0,0,0,0,0,0,0
360757,1,1,1993,0,0,0,0,0,0,0,0,0,0
360757,2,1,1993,0,0,0,0,3,0,0,0,0,0
360758,1,1,1993,0,0,0,0,0,0,0,0,0,0
360758,2,1,1993,0,0,0,0,0,0,0,0,0,0
360758,3,1,1993,0,0,0,0,0,0,0,0,0,0
360759,1,1,1993,2,2,2,2,2,2,2,2,2,2
360760,1,1,1993,0,0,0,0,0,0,0,0,0,0
360760,2,1,1993,15,22,20,0,36,37,21,7,0,22
360760,3,1,1993,0,0,0,0,0,0,0,0,0,0
360761,1,1,1993,0,0,0,0,0,0,0,0,0,0
360761,2,1,1993,27,27,27,27,27,27,27,27,27,27
360762,0,1,1993,0,0,0,0,0,0,0,0,0,0
360762,1,1,1993,7,13,7,8,0,0,21,0,22,10
360763,1,1,1993,17,0,0,14,0,0,19,6,22,0
360763,2,1,1993,0,0,0,13,0,0,0,0,0,0
360764,1,1,1993,0,0,0,0,0,0,0,0,0,0
360764,2,1,1993,0,0,0,0,0,0,0,0,0,0