ST_CASE,VEH_NO,PER_NO,YEAR,P1,P2,P3,P4,P5,P6,P7,P8,P9,P10
360765,1,1,1993,0,0,0,0,0,0,0,0,0,0
360766,1,1,1993,0,0,0,0,0,13,0,0,0,0
360766,2,1,1993,26,26,26,26,26,26,26,26,26,26
360767,1,1,1993,0,0,0,0,14,0,0,0,0,0
360767,2,1,1993,0,0,0,0,0,0,0,0,0,0
360767,3,1,1993,0,0,0,0,0,0,0,0,0,0
360768,0,1,1993,0,0,0,0,0,0,0,0,0,0
360768,1,1,1993,0,0,0,21,0,0,0,0,0,0
360769,1,1,1993,0,0,0,0,0,0,0,0,0,0
360769,2,1,1993,0,0,0,0,0,0,0,0,0,0
360770,0,1,1993,0,0,0,0,0,0,0,0,0,0
360770,1,1,1993,0,0,0,0,0,0,0,0,0,0
360771,1,1,1993,0,0,0,0,0,0,15,0,0,0
360772,0,1,1993,0,0,0,0,0,24,18,0,0,0
360772,1,1,1993,0,0,0,0,0,0,0,0,0,0
360773,1,1,1993,0,0,0,0,0,0,0,0,0,0
360773,2,1,1993,0,0,0,0,0,0,0,0,0,0
360774,0,1,1993,0,0,0,0,0,0,0,0,0,0
360774,1,1,1993,0,0,0,0,0,0,0,0,0,28
360775,1,1,1993,0,0,0,0,0,0,0,0,0,0
360775,2,1,1993,0,0,0,0,0,0,0,0,0,0
360775,3,1,1993,0,0,0,0,0,0,0,0,0,0
360776,1,1,1993,0,0,0,0,0,0,0,0,0,0
360776,2,1,1993,14,14,14,14,14,14,14,14,14,14
360777,0,1,1993,0,0,0,0,0,0,0,0,0,0
360777,1,1,1993,0,0,0,0,0,0,0,0,0,0
360778,0,1,1993,0,0,0,0,0,0,0,0,0,0
360778,1,1,1993,0,0,0,0,0,0,0,0,0,0
360779,1,1,1993,0,8,0,19,9,37,0,0,0,9
360780,1,1,1993,0,0,6,0,0,0,0,34,0,0
360780,2,1,1993,0,0,0,0,0,0,0,0,0,0
360781,0,1,1993,28,28,28,28,28,28,28,28,28,28
360781,1,1,1993,0,0,0,0,0,0,4,0,0,0
360781,2,1,1993,0,0,0,0,0,0,0,0,0,0
360782,1,1,1993,0,0,0,0,0,0,0,0,0,0
360783,1,1,1993,0,0,0,0,0,0,0,0,0,0
360784,1,1,1993,20,20,20,20,20,20,20,20,20,20
360785,0,1,1993,0,0,0,0,0,0,0,0,0,9
360785,1,1,1993,0,0,0,0,0,0,0,0,0,0
360786,0,1,1993,40,40,40,40,40,40,40,40,40,40
360786,1,1,1993,0,0,0,0,0,0,0,0,0,0
360786,2,1,1993,0,0,0,0,0,0,0,0,0,0
360787,1,1,1993,0,0,0,0,0,0,0,0,0,0
360788,0,1,1993,0,0,0,0,0,0,0,0,0,0
360788,1,1,1993,28,28,28,28,28,28,28,28,28,28
360789,1,1,1993,30,32,13,38,21,15,35,32,27,25
360790,1,1,1993,0,0,0,0,0,0,0,0,0,0
360790,2,1,1993,0,0,0,0,0,0,0,0,0,0
360791,1,1,1993,0,9,0,0,0,0,0,0,0,0
360791,2,1,1993,1,1,1,1,1,1,1,1,1,1
360791,3,1,1993,0,0,0,11,0,0,0,0,0,0
360792,1,1,1993,0,0,0,0,0,0,0,0,0,0
360792,2,1,1993,0,0,0,0,0,0,0,0,0,0
360793,1,1,1993,0,0,25,0,0,0,24,0,0,0
360794,0,1,1993,0,0,0,0,0,0,0,0,0,0
360794,1,1,1993,0,0,0,0,0,0,0,0,0,0
360795,1,1,1993,0,0,0,0,0,0,0,0,0,0
360795,2,1,1993,0,0,0,0,0,0,0,0,0,0
360796,0,1,1993,0,0,0,0,0,0,0,0,0,0
360796,1,1,1993,0,9,0,12,0,0,0,0,0,0
360797,0,1,1993,0,0,0,0,0,0,0,0,0,0
360797,0,2,1993,0,31,0,0,12,0,0,0,0,0
360797,1,1,1993,22,22,22,22,22,22,22,22,22,22
360798,1,1,1993,15,15,15,15,15,15,15,15,15,15
360800,0,1,1993,0,0,0,0,0,0,0,0,0,0
360800,1,1,1993,0,0,0,0,0,0,0,0,0,0
360801,1,1,1993,30,30,30,30,30,30,30,30,30,30
360802,1,1,1993,0,0,0,0,0,0,0,0,0,0
360803,1,1,1993,0,0,0,0,0,0,0,0,0,0
360803,2,1,1993,0,0,0,0,0,0,0,0,0,0
360804,1,1,1993,0,0,0,0,0,0,0,0,0,0
360804,2,1,1993,0,0,0,0,0,0,0,0,0,0
360805,1,1,1993,29,14,23,10,0,19,15,18,12,0
360805,2,1,1993,0,0,0,0,0,0,0,0,0,0
360805,3,1,1993,0,0,0,0,0,0,0,0,0,0
360806,1,1,1993,0,0,0,12,8,11,0,0,0,0
360807,1,1,1993,0,0,0,0,0,0,0,0,0,0
360807,2,1,1993,0,0,0,0,0,0,0,0,0,0
360808,1,1,1993,0,0,0,0,0,6,0,0,15,35
360809,0,1,1993,0,0,0,0,0,0,0,0,0,0
360809,1,1,1993,0,0,0,0,0,0,0,0,0,0
360810,1,1,1993,9,30,19,10,30,15,30,17,9,21
360811,1,1,1993,15,0,0,0,0,0,0,24,0,0
360812,1,1,1993,0,0,0,0,0,0,0,0,0,0
360812,2,1,1993,0,0,0,0,0,0,0,0,0,0
360813,1,1,1993,0,0,0,0,0,0,0,0,0,0
360813,2,1,1993,0,0,0,0,0,0,0,0,0,0
360813,3,1,1993,0,0,0,0,0,0,0,0,0,0
360813,4,1,1993,0,0,0,0,0,0,0,0,0,0
360813,5,1,1993,0,0,0,0,0,0,0,0,0,0
360813,6,1,1993,0,0,0,0,0,0,0,0,0,0
360813,7,1,1993,0,0,0,0,0,0,0,0,0,0
360813,8,1,1993,0,0,0,0,0,0,0,0,0,0
360813,9,1,1993,0,0,0,0,0,0,0,0,0,0
360813,10,1,1993,0,0,0,0,0,0,0,0,0,0
360814,0,1,1993,0,18,31,18,0,19,0,0,0,0
360814,1,1,1993,6,13,21,17,18,12,18,18,24,9
360815,1,1,1993,15,15,15,15,15,15,15,15,15,15
360816,1,1,1993,0,0,0,0,0,0,0,0,0,0
360816,2,1,1993,18,5,9,13,0,15,0,11,0,13
360817,0,1,1993,0,38,0,32,0,0,0,0,0,0
360817,1,1,1993,0,0,0,0,0,0,0,3,0,0
360818,0,1,1993,0,0,0,0,0,0,0,0,0,0
360818,1,1,1993,0,0,0,0,0,0,0,0,0,0
360819,1,1,1993,3,0,9,0,0,0,0,0,0,0
360821,0,1,1993,18,18,18,18,18,18,18,18,18,18
360821,1,1,1993,0,0,0,0,0,0,0,0,0,0
360822,1,1,1993,9,0,0,0,0,0,0,0,0,0
360822,2,1,1993,0,0,0,0,0,0,0,0,0,0
360823,0,1,1993,28,28,28,28,28,28,28,28,28,28
360823,1,1,1993,0,0,0,0,0,0,0,11,0,0
360824,1,1,1993,18,13,7,17,13,21,30,17,12,15
360825,1,1,1993,0,0,0,0,0,0,0,0,0,0
360825,2,1,1993,12,0,0,0,0,0,0,0,0,0
360826,1,1,1993,0,0,0,0,0,0,0,0,0,0
360826,2,1,1993,0,0,0,0,0,0,0,0,0,0
360827,1,1,1993,0,0,0,0,0,0,0,0,0,0
360827,2,1,1993,0,0,0,0,0,0,0,0,0,0
360828,1,1,1993,0,0,0,0,0,0,0,0,0,0
360829,1,1,1993,0,0,0,0,0,0,0,0,0,0
360829,2,1,1993,0,0,0,0,0,0,0,0,0,0
360829,3,1,1993,0,0,0,0,16,0,0,0,0,0
360830,1,1,1993,0,0,0,0,0,0,0,0,0,0
360830,2,1,1993,0,0,0,0,0,0,0,0,0,0
360831,1,1,1993,0,10,9,21,0,0,0,18,0,9
360831,2,1,1993,12,0,4,0,0,6,0,0,0,10
360832,0,1,1993,0,0,0,0,0,0,0,0,0,0
360832,1,1,1993,0,0,0,0,0,0,0,0,0,0
360833,1,1,1993,0,0,0,0,0,0,0,0,0,0
360833,2,1,1993,0,0,0,0,0,0,0,0,0,0
360834,1,1,1993,0,0,0,9,0,0,0,0,0,0
360835,1,1,1993,12,12,12,12,12,12,12,12,12,12
360836,0,1,1993,20,27,0,0,0,0,0,0,0,0
360836,1,1,1993,0,6,0,0,11,0,0,0,0,3
360837,0,1,1993,0,0,0,0,0,0,0,0,0,0
360837,1,1,1993,0,27,0,2,0,0,0,0,0,0
360838,0,1,1993,0,0,0,0,0,0,0,0,0,0
360838,1,1,1993,0,0,0,0,0,0,0,0,0,0
360839,1,1,1993,16,16,16,16,16,16,16,16,16,16
360840,0,1,1993,0,19,16,0,0,0,0,0,0,0
360840,1,1,1993,0,0,0,0,0,0,0,0,0,0
360840,2,1,1993,0,0,0,0,0,0,0,0,0,0
360841,1,1,1993,28,28,28,28,28,28,28,28,28,28
360842,1,1,1993,29,12,8,0,22,0,0,0,0,0
360842,2,1,1993,1,1,1,1,1,1,1,1,1,1
360843,1,1,1993,26,26,26,26,26,26,26,26,26,26
360844,0,1,1993,0,0,0,0,0,0,0,0,0,0
360844,1,1,1993,0,0,0,0,0,0,0,0,37,0
360845,1,1,1993,14,14,14,14,14,14,14,14,14,14
360846,0,1,1993,31,31,31,31,31,31,31,31,31,31
360846,1,1,1993,0,0,0,0,0,0,0,0,0,0
360847,1,1,1993,0,0,0,0,0,0,10,0,0,0
360847,2,1,1993,0,0,0,0,0,0,0,0,0,0
360848,1,1,1993,0,0,0,0,0,0,0,0,0,0
360848,2,1,1993,0,0,0,0,0,0,0,0,0,0
360849,0,1,1993,0,0,0,0,0,0,0,0,0,0
360849,1,1,1993,0,0,0,0,0,0,0,0,0,0
360850,1,1,1993,0,0,0,0,0,0,0,0,0,0
360850,2,1,1993,0,0,0,0,0,0,0,0,0,0
360851,1,1,1993,10,10,10,10,10,10,10,10,10,10
360852,1,1,1993,0,0,0,0,0,0,0,0,0,0
360852,2,1,1993,0,0,0,0,0,0,0,0,0,0
360853,0,1,1993,0,0,0,0,0,0,0,0,0,0
360853,1,1,1993,0,0,0,0,0,0,0,12,0,0
360854,1,1,1993,0,0,0,0,0,0,26,0,0,0
360854,2,1,1993,0,0,0,0,0,0,0,0,0,0
360855,1,1,1993,21,21,21,21,21,21,21,21,21,21
360856,1,1,1993,26,26,26,26,26,26,26,26,26,26
360857,0,1,1993,0,0,0,0,0,0,0,0,0,0
360857,1,1,1993,0,13,7,0,8,0,12,0,0,0
360858,1,1,1993,0,0,0,0,0,0,0,10,0,0
360858,2,1,1993,0,0,0,0,0,0,0,0,0,0
360859,0,1,1993,0,22,0,0,0,0,0,0,0,0
360859,1,1,1993,0,0,0,0,0,0,0,0,0,0
360860,0,1,1993,0,0,0,0,0,0,0,0,0,0
360860,1,1,1993,0,0,0,0,0,0,0,0,0,0
360861,0,1,1993,0,0,0,0,0,0,0,0,0,0
360861,1,1,1993,0,0,0,0,0,0,0,0,0,0
360862,1,1,1993,0,0,0,0,0,0,0,0,0,0
360863,1,1,1993,0,0,0,0,0,0,0,0,0,0
360864,1,1,1993,0,0,0,0,0,0,0,0,0,0
360864,2,1,1993,22,0,0,0,11,13,0,0,0,0
360865,0,1,1993,0,0,0,0,0,0,0,0,0,0
360865,1,1,1993,0,0,0,0,0,0,0,0,0,0
360866,0,1,1993,26,26,26,26,26,26,26,26,26,26
360866,1,1,1993,0,0,19,13,0,0,28,0,7,0
360867,0,1,1993,6,6,6,6,6,6,6,6,6,6
360867,1,1,1993,0,0,0,0,0,0,0,0,0,0
360868,1,1,1993,8,0,0,0,0,0,7,0,4,0
360869,0,1,1993,0,0,0,0,0,0,0,0,0,0
360869,1,1,1993,0,0,6,24,20,0,0,23,3,11
360870,0,1,1993,0,28,0,0,0,0,0,0,0,0
360870,1,1,1993,9,22,14,10,27,14,31,12,19,16
360871,0,1,1993,0,12,22,0,0,0,16,32,5,5
360871,1,1,1993,0,0,0,0,0,0,0,0,0,0
360871,2,1,1993,19,0,12,31,11,6,2,0,13,20
360872,1,1,1993,0,0,0,0,0,0,0,0,12,21
360872,2,1,1993,0,0,0,0,0,0,0,0,0,0
360872,3,1,1993,0,0,0,0,0,0,0,0,0,0
360873,1,1,1993,0,0,0,0,0,0,0,0,0,0
360874,0,1,1993,21,0,0,13,30,2,0,9,0,0
360874,0,2,1993,0,0,0,0,0,0,0,0,0,0
360874,0,3,1993,0,0,0,0,0,0,0,0,0,0
360874,1,1,1993,0,0,0,0,0,0,0,0,0,0
360875,1,1,1993,3,16,19,25,0,15,3,12,21,22
360876,0,1,1993,0,0,0,0,0,0,0,0,0,0
360876,1,1,1993,0,16,0,0,0,0,0,0,0,0
360877,0,1,1993,0,0,0,0,0,0,0,0,0,0
360877,1,1,1993,0,0,0,0,0,0,0,0,0,0
360878,1,1,1993,0,0,0,0,0,0,0,0,0,0
360878,2,1,1993,0,0,0,0,0,0,0,0,0,0
360879,1,1,1993,0,0,0,0,0,12,0,0,0,0
360879,2,1,1993,0,0,0,0,0,0,0,0,0,0
360880,0,1,1993,0,0,0,0,0,0,0,0,0,0
360880,1,1,1993,0,0,0,0,0,0,0,0,0,0
360881,1,1,1993,2,2,2,2,2,2,2,2,2,2
360882,1,1,1993,0,0,0,0,0,0,0,0,0,0
360883,0,1,1993,0,0,0,0,0,0,0,0,0,0
360883,1,1,1993,0,0,0,0,0,0,0,0,0,0
360884,0,1,1993,14,12,4,6,24,22,17,32,23,30
360884,1,1,1993,0,0,0,0,5,0,0,0,0,0
360885,1,1,1993,0,0,0,0,0,0,0,0,0,0
360886,1,1,1993,0,0,0,0,0,0,0,0,0,0
360887,1,1,1993,0,0,25,0,0,0,0,0,0,0
360888,1,1,1993,14,14,14,14,14,14,14,14,14,14
360889,1,1,1993,0,0,0,0,0,0,0,0,0,0
360889,2,1,1993,0,27,0,0,0,0,0,0,0,0
360889,3,1,1993,0,0,0,0,0,0,0,0,0,0
360889,4,1,1993,0,0,0,6,0,0,0,0,0,0
360890,1,1,1993,0,0,0,0,0,8,0,0,0,0
360891,1,1,1993,0,0,0,0,0,0,0,0,0,0
360891,2,1,1993,13,13,13,13,13,13,13,13,13,13
360892,1,1,1993,14,6,15,5,34,15,7,19,26,2
360893,1,1,1993,0,0,0,0,0,0,0,0,0,0
360894,1,1,1993,29,9,24,26,25,22,21,31,0,12
360895,1,1,1993,14,14,14,14,14,14,14,14,14,14
360896,1,1,1993,19,19,19,19,19,19,19,19,19,19
360897,0,1,1993,16,0,0,25,14,42,0,0,18,0
360897,1,1,1993,0,0,0,0,0,0,0,0,0,0
360897,2,1,1993,0,0,0,0,0,0,0,0,0,0
360898,1,1,1993,17,17,17,17,17,17,17,17,17,17
360899,1,1,1993,12,12,12,12,12,12,12,12,12,12
360900,0,1,1993,0,0,0,0,0,0,0,0,0,0
360900,1,1,1993,0,0,0,0,0,0,0,0,0,0
360901,1,1,1993,0,0,0,0,0,0,0,0,0,0
360901,2,1,1993,0,0,0,0,0,0,0,0,0,0
360902,0,1,1993,0,0,0,17,0,0,0,0,0,17
360902,1,1,1993,0,2,0,0,0,0,9,0,0,0
360903,1,1,1993,14,14,14,14,14,14,14,14,14,14
360904,0,1,1993,0,0,0,0,0,0,0,0,0,0
360904,1,1,1993,0,0,0,0,0,0,0,0,4,4
360905,0,1,1993,0,0,0,0,0,0,0,0,0,0
360905,1,1,1993,0,0,0,0,0,0,0,0,0,0
360906,1,1,1993,0,0,0,0,0,0,0,0,0,0
360907,0,1,1993,17,17,17,17,17,17,17,17,17,17
360907,1,1,1993,0,0,0,0,0,0,0,0,0,0
360908,1,1,1993,0,0,0,0,0,0,0,0,0,0
360908,2,1,1993,0,0,0,0,0,0,0,0,4,0
360908,3,1,1993,0,0,0,0,0,0,0,0,0,0
360908,4,1,1993,0,0,0,0,0,0,0,0,0,0
360909,1,1,1993,13,14,21,9,33,20,11,14,7,0
360910,1,1,1993,0,0,0,0,0,0,0,0,0,0
360910,2,1,1993,0,0,0,0,0,0,0,0,0,0
360911,1,1,1993,0,14,0,0,0,0,0,0,0,0
360911,2,1,1993,0,0,0,0,0,0,0,0,0,0
360912,1,1,1993,13,7,24,8,0,18,17,10,14,15
360912,2,1,1993,0,0,0,0,0,0,0,0,0,0
360913,1,1,1993,20,20,20,20,20,20,20,20,20,20
360914,1,1,1993,14,0,0,0,0,0,0,0,0,0
360914,2,1,1993,23,3,17,0,12,20,14,14,22,12
360915,1,1,1993,0,0,0,0,0,0,0,0,0,0
360916,0,1,1993,0,0,0,0,0,13,0,9,0,0
360916,1,1,1993,0,18,0,0,0,0,0,5,0,31
360917,1,1,1993,0,0,0,0,0,0,0,0,0,0
360917,2,1,1993,0,0,0,0,0,0,0,20,0,0
360918,1,1,1993,0,16,0,0,0,14,0,0,21,0
360919,1,1,1993,2,2,2,2,2,2,2,2,2,2
360920,0,1,1993,25,26,0,0,11,0,0,0,0,0
360920,1,1,1993,0,0,0,0,0,0,0,0,0,0
360921,1,1,1993,0,0,0,0,0,0,0,0,0,0
360922,0,1,1993,0,0,0,0,0,0,0,0,0,0
360922,1,1,1993,0,0,0,0,0,0,0,0,0,0
360923,0,1,1993,0,0,0,0,0,0,0,0,0,0
360923,1,1,1993,0,13,0,0,0,0,0,0,0,0
360924,1,1,1993,25,25,25,25,25,25,25,25,25,25
360925,1,1,1993,0,0,0,0,0,0,0,0,0,3
360925,2,1,1993,0,0,0,0,13,0,0,0,9,0
360926,0,1,1993,0,0,0,0,0,0,0,0,0,0
360926,1,1,1993,0,0,0,0,0,0,0,0,0,0
360927,0,1,1993,0,0,0,0,0,0,0,0,0,0
360927,1,1,1993,0,0,0,0,35,0,9,0,0,0
360928,0,1,1993,0,0,0,0,0,0,0,0,0,0
360928,1,1,1993,0,0,0,0,0,0,0,0,0,0
360929,1,1,1993,0,0,0,0,0,0,0,0,0,0
360929,2,1,1993,0,0,0,0,0,0,0,0,0,0
360930,1,1,1993,0,0,0,0,0,0,15,0,14,0
360931,1,1,1993,21,21,21,21,21,21,21,21,21,21
360932,0,1,1993,0,0,0,0,0,0,0,0,0,0
360932,1,1,1993,0,0,0,0,0,0,0,0,0,0
360933,1,1,1993,0,0,0,0,0,13,0,9,0,0
360934,0,1,1993,0,0,0,0,0,0,0,0,0,0
360934,1,1,1993,0,0,0,0,0,0,0,0,0,17
360935,1,1,1993,0,0,0,0,0,0,0,0,0,0
360936,1,1,1993,0,0,0,0,0,0,0,0,0,0
360936,2,1,1993,0,0,0,0,0,0,0,0,23,0
360936,3,1,1993,0,0,0,0,0,0,0,0,0,0
360937,0,1,1993,0,0,0,0,0,0,0,0,0,0
360937,1,1,1993,0,0,0,0,0,0,0,0,0,0
360938,1,1,1993,18,32,14,7,10,20,6,17,25,8
360938,2,1,1993,1,1,1,1,1,1,1,1,1,1
360939,0,1,1993,0,0,0,0,0,0,0,0,0,0
360939,1,1,1993,0,12,0,0,0,0,0,0,0,0
360940,1,1,1993,14,0,11,0,0,13,30,0,0,4
360941,0,1,1993,37,37,37,37,37,37,37,37,37,37
360941,1,1,1993,0,0,0,0,0,0,0,0,0,0
360942,0,1,1993,2,2,2,2,2,2,2,2,2,2
360942,1,1,1993,0,0,0,0,0,0,0,0,0,0
360943,0,1,1993,0,0,0,0,0,0,0,0,0,0
360943,1,1,1993,0,12,0,0,0,0,0,0,0,0
360944,0,1,1993,0,0,42,0,19,24,0,0,0,0
360944,1,1,1993,0,0,0,14,0,0,0,0,9,0
360945,0,1,1993,17,17,17,17,17,17,17,17,17,17
360945,1,1,1993,0,0,0,0,0,0,0,0,0,0
360946,0,1,1993,0,0,0,0,0,0,0,0,0,0
360946,1,1,1993,0,0,0,0,0,0,0,0,0,0
360947,0,1,1993,0,0,0,0,0,0,0,0,0,0
360947,1,1,1993,0,0,0,0,0,0,0,0,0,0
360948,0,1,1993,14,14,14,14,14,14,14,14,14,14
360948,1,1,1993,0,0,0,0,0,0,0,0,0,0
360949,1,1,1993,0,0,0,0,0,0,0,0,0,0
360949,2,1,1993,19,0,14,0,0,7,0,0,0,0
360950,0,1,1993,0,0,0,0,0,0,0,0,0,0
360950,1,1,1993,0,0,0,0,0,0,0,0,0,0
360951,1,1,1993,0,0,0,0,0,0,0,0,0,0
360951,2,1,1993,0,0,0,0,0,0,0,0,0,0
360952,1,1,1993,0,0,0,0,0,0,0,0,0,0
360952,2,1,1993,0,0,0,0,0,0,0,0,0,0
360952,3,1,1993,0,0,0,0,0,0,0,0,0,0
360953,0,1,1993,0,0,0,0,0,0,0,0,0,0
360953,1,1,1993,0,3,0,0,0,0,0,8,0,0
360954,0,1,1993,5,5,5,5,5,5,5,5,5,5
360954,1,1,1993,0,0,0,0,0,0,0,0,0,0
360955,1,1,1993,0,0,0,0,0,0,0,0,0,0
360955,2,1,1993,0,0,0,0,0,0,11,0,0,0
360955,3,1,1993,0,0,0,0,0,0,0,0,0,0
360956,1,1,1993,0,0,0,0,0,0,0,0,0,0
360957,0,1,1993,0,0,0,0,0,0,0,0,0,0
360957,1,1,1993,0,0,0,0,0,0,0,0,0,0
360958,1,1,1993,0,0,0,0,0,0,0,0,0,0
360958,2,1,1993,0,0,0,0,0,0,0,0,0,0
360959,1,1,1993,0,10,8,0,0,0,0,0,0,0
360960,1,1,1993,9,9,9,9,9,9,9,9,9,9
360961,0,1,1993,0,0,0,0,0,0,0,0,0,0
360961,0,2,1993,32,15,40,0,17,12,10,19,6,0
360961,1,1,1993,0,0,0,0,0,0,0,0,0,0
360962,1,1,1993,17,15,0,5,7,5,5,0,8,22
360962,2,1,1993,0,0,0,0,0,0,0,0,0,0
360963,0,1,1993,31,31,31,31,31,31,31,31,31,31
360963,1,1,1993,19,4,0,0,0,0,0,0,4,21
360964,0,1,1993,0,0,0,0,0,0,0,0,0,0
360964,1,1,1993,0,0,0,0,12,0,0,0,0,0
360965,1,1,1993,20,14,7,0,14,5,5,8,0,15
360966,1,1,1993,0,0,0,0,0,0,0,0,0,0
360966,2,1,1993,0,0,0,0,0,0,0,0,0,0
360967,0,1,1993,9,9,9,9,9,9,9,9,9,9
360967,1,1,1993,0,0,0,0,0,0,0,0,0,16
360968,1,1,1993,0,0,0,0,0,0,0,0,0,0
360968,2,1,1993,3,3,3,3,3,3,3,3,3,3
360969,1,1,1993,0,0,0,0,0,0,0,0,0,0
360969,2,1,1993,0,0,0,0,0,0,0,0,0,0
360971,0,1,1993,0,0,0,0,0,0,0,0,0,0
360971,1,1,1993,0,0,0,0,0,0,0,0,0,0
360972,1,1,1993,0,0,0,0,0,0,0,0,0,0
360972,2,1,1993,0,7,0,0,0,0,0,0,0,0
360973,0,1,1993,0,0,0,0,0,0,0,0,0,0
360973,1,1,1993,0,0,0,0,18,0,0,0,0,0
360974,1,1,1993,16,16,16,16,16,16,16,16,16,16
360975,0,1,1993,0,0,0,0,0,0,0,0,0,0
360975,1,1,1993,0,0,0,0,0,0,0,0,0,0
360976,1,1,1993,9,0,0,0,0,0,0,0,0,5
360976,2,1,1993,0,0,0,0,0,0,0,0,0,0
360977,1,1,1993,16,0,0,0,8,13,0,23,0,0
360978,1,1,1993,0,0,0,0,0,0,0,0,0,0
360979,1,1,1993,26,26,26,26,26,26,26,26,26,26
360980,1,1,1993,0,0,0,0,0,0,0,0,0,0
360981,0,1,1993,0,0,0,0,0,0,0,0,0,0
360981,1,1,1993,0,0,0,0,0,0,0,0,0,0
360982,0,1,1993,0,0,0,0,0,0,0,0,0,0
360982,1,1,1993,0,0,10,16,0,0,0,0,0,0
360983,1,1,1993,0,0,0,0,0,0,0,0,0,0
360983,2,1,1993,0,0,0,0,0,0,0,0,0,0
360985,1,1,1993,0,0,0,0,0,0,0,0,0,0
360986,0,1,1993,22,22,22,22,22,22,22,22,22,22
360986,1,1,1993,0,0,0,0,0,0,0,8,4,0
360987,1,1,1993,0,0,0,0,0,0,0,0,0,0
360987,2,1,1993,0,0,23,0,0,15,0,0,0,0
360988,1,1,1993,0,0,0,0,0,0,0,0,0,0
360988,2,1,1993,0,0,0,0,0,0,0,0,0,0
360989,1,1,1993,0,0,0,0,0,0,0,15,0,0
360989,2,1,1993,0,0,0,0,0,0,0,0,0,0
360990,1,1,1993,20,17,10,5,9,12,27,29,20,31
360991,1,1,1993,0,0,0,0,0,0,0,0,0,0
360992,1,1,1993,0,0,0,0,0,0,0,0,0,0
360993,1,1,1993,27,20,22,18,34,12,17,20,6,25
360994,1,1,1993,15,15,15,15,15,15,15,15,15,15
360995,1,1,1993,0,0,0,0,0,0,0,0,0,0
360995,2,1,1993,0,0,0,0,0,0,0,0,0,0
360996,1,1,1993,23,15,0,43,17,16,15,0,5,5
360996,2,1,1993,0,0,0,0,0,0,0,0,0,0
360997,1,1,1993,0,0,0,0,0,0,0,0,0,0
360997,2,1,1993,0,0,0,0,0,0,0,0,0,0
360998,0,1,1993,0,0,0,0,0,0,0,0,0,0
360998,1,1,1993,0,0,0,0,0,0,0,0,0,0
360999,0,1,1993,0,0,0,0,0,0,0,0,0,0
360999,1,1,1993,0,0,0,0,0,0,0,0,0,0
361000,1,1,1993,0,0,0,0,0,0,0,0,0,0
361001,1,1,1993,3,3,3,3,3,3,3,3,3,3
361001,2,1,1993,17,7,13,10,7,11,15,13,16,21
361002,1,1,1993,0,0,0,0,0,0,0,0,0,0
361002,2,1,1993,0,0,0,0,0,0,0,0,0,0
361003,1,1,1993,0,0,0,0,0,0,0,0,0,0
361004,1,1,1993,0,0,0,0,0,0,0,0,0,0
361004,2,1,1993,0,0,0,0,0,0,0,0,0,0
361004,3,1,1993,0,0,0,0,0,0,3,0,0,8
361005,0,1,1993,0,0,0,0,0,0,0,0,0,0
361005,1,1,1993,0,0,0,0,0,0,0,0,0,0
361006,1,1,1993,0,0,0,0,0,0,0,0,0,0
361006,2,1,1993,0,0,0,0,0,0,0,0,0,0
361007,0,1,1993,0,0,0,0,0,0,0,0,0,0
361007,1,1,1993,0,0,0,0,0,0,8,0,0,0
361008,1,1,1993,14,14,14,14,14,14,14,14,14,14
361009,0,1,1993,18,18,18,18,18,18,18,18,18,18
361009,1,1,1993,0,0,25,0,0,0,0,0,0,0
361010,1,1,1993,0,0,0,0,0,0,0,0,0,0
361012,0,1,1993,17,0,29,0,0,0,27,0,0,30
361012,1,1,1993,0,0,0,0,0,0,0,0,0,0
361013,1,1,1993,0,0,0,3,0,0,0,0,0,0
361013,2,1,1993,5,5,5,5,5,5,5,5,5,5
361014,1,1,1993,9,9,9,9,9,9,9,9,9,9
361015,1,1,1993,0,0,0,0,0,0,0,0,0,0
361015,2,1,1993,6,15,18,13,8,15,16,9,11,0
361016,1,1,1993,0,0,0,0,0,0,0,0,0,0
361017,1,1,1993,0,0,0,0,0,0,0,0,0,0
361018,0,1,1993,0,0,0,0,0,0,0,0,0,0
361018,1,1,1993,0,0,0,0,0,0,0,0,0,0
361019,0,1,1993,0,0,0,0,0,0,0,0,0,0
361019,1,1,1993,0,0,0,0,0,0,0,0,0,0
361020,1,1,1993,14,14,14,14,14,14,14,14,14,14
361021,0,1,1993,21,0,0,0,0,0,0,0,34,0
361021,1,1,1993,0,0,0,0,0,0,0,0,0,0
361022,1,1,1993,0,0,0,0,0,0,0,0,0,0
361023,1,1,1993,0,0,0,0,0,7,0,0,0,0
361023,2,1,1993,0,0,0,0,0,0,0,0,0,0
361024,1,1,1993,14,14,14,14,14,14,14,14,14,14
361025,0,1,1993,0,0,0,0,0,0,0,0,0,0
361025,1,1,1993,0,0,0,0,0,0,0,0,0,0
361026,1,1,1993,0,0,0,0,0,0,0,0,0,0
361027,1,1,1993,0,0,0,0,0,0,0,0,0,0
361027,2,1,1993,3,5,11,5,9,16,4,10,7,5
361028,0,1,1993,0,0,0,0,0,0,0,0,0,0
361028,1,1,1993,0,0,0,0,0,0,0,0,0,0
361029,1,1,1993,8,8,9,24,10,16,3,8,0,11
361030,1,1,1993,17,17,17,17,17,17,17,17,17,17
361031,0,1,1993,24,24,24,24,24,24,24,24,24,24
361031,1,1,1993,0,17,0,0,0,0,0,0,0,0
361032,1,1,1993,0,0,0,0,0,0,0,0,0,0
361032,2,1,1993,0,0,0,0,0,0,0,0,0,0
361032,3,1,1993,0,0,0,0,0,0,0,0,0,0
361032,4,1,1993,0,0,0,0,0,0,0,0,0,0