ST_CASE,VEH_NO,PER_NO,YEAR,P1,P2,P3,P4,P5,P6,P7,P8,P9,P10
361313,0,1,1993,21,21,21,21,21,21,21,21,21,21
361313,1,1,1993,0,16,24,0,0,0,4,22,14,0
361314,0,1,1993,0,26,0,0,0,0,0,0,0,0
361314,1,1,1993,0,0,0,0,0,0,0,0,0,0
361315,1,1,1993,0,0,0,0,0,0,0,0,0,0
361316,1,1,1993,0,0,0,0,0,0,0,0,0,0
361317,1,1,1993,0,0,0,0,0,0,0,0,0,0
361317,2,1,1993,18,18,18,18,18,18,18,18,18,18
361317,3,1,1993,0,0,0,0,0,0,0,0,0,0
361318,1,1,1993,0,0,0,0,0,0,0,0,0,0
361319,1,1,1993,0,0,0,13,0,0,0,0,0,0
361319,2,1,1993,0,0,0,0,0,0,0,0,0,0
361320,0,1,1993,0,0,0,0,0,0,0,0,0,0
361320,1,1,1993,0,0,0,0,0,0,0,0,0,0
361321,0,1,1993,8,8,8,8,8,8,8,8,8,8
361321,1,1,1993,0,0,0,0,0,0,0,0,0,0
361322,1,1,1993,0,0,0,0,9,0,0,0,30,0
361322,2,1,1993,0,0,0,0,0,0,0,0,0,0
361323,1,1,1993,9,0,8,0,29,6,22,18,5,6
361323,2,1,1993,0,0,0,0,0,0,0,0,0,0
361324,1,1,1993,0,0,0,0,0,0,0,0,0,0
361325,1,1,1993,0,0,0,0,0,0,0,0,0,0
361326,1,1,1993,0,0,0,0,0,0,0,0,0,0
361327,0,1,1993,0,0,0,0,0,0,0,0,0,0
361327,1,1,1993,0,0,0,0,9,0,0,0,0,0
361328,1,1,1993,0,0,0,0,0,0,0,0,0,0
361329,1,1,1993,10,10,10,10,10,10,10,10,10,10
361330,1,1,1993,10,12,15,16,14,21,34,23,14,14
361330,2,1,1993,13,13,13,13,13,13,13,13,13,13
361331,0,1,1993,6,6,6,6,6,6,6,6,6,6
361331,1,1,1993,21,0,23,14,0,0,0,0,13,0
361331,2,1,1993,12,0,8,0,26,0,0,10,22,0
361332,0,1,1993,0,0,0,0,0,0,0,0,0,0
361332,0,2,1993,34,8,0,6,0,0,0,0,0,17
361332,1,1,1993,0,16,0,0,0,0,0,0,19,0
361333,1,1,1993,0,0,0,0,0,0,0,0,0,0
361333,2,1,1993,0,0,0,0,0,0,0,0,0,0
361334,1,1,1993,0,0,0,0,0,0,0,0,0,0
361335,0,1,1993,38,38,38,38,38,38,38,38,38,38
361335,1,1,1993,0,0,0,0,0,0,0,0,0,0
361336,1,1,1993,0,0,0,0,0,0,0,0,0,0
361337,1,1,1993,0,0,0,0,0,0,0,0,0,0
361337,2,1,1993,0,0,0,0,0,0,0,0,0,0
361338,1,1,1993,0,0,0,0,0,0,0,0,4,0
361339,1,1,1993,14,14,14,14,14,14,14,14,14,14
361340,1,1,1993,0,0,0,0,13,0,0,0,0,2
361340,2,1,1993,0,0,0,0,0,0,0,0,0,0
361342,0,1,1993,0,0,0,0,0,0,0,0,0,0
361342,1,1,1993,0,0,0,0,0,0,0,0,0,0
361343,1,1,1993,0,0,0,0,0,0,0,0,0,0
361344,1,1,1993,0,0,0,0,0,0,0,0,0,0
361345,0,1,1993,0,0,0,0,0,0,0,0,0,0
361345,1,1,1993,0,0,0,0,0,0,0,0,0,0
361346,1,1,1993,0,0,0,0,0,0,0,0,0,0
361346,2,1,1993,0,0,0,0,0,0,0,10,0,0
361347,1,1,1993,0,0,0,0,0,0,0,0,0,0
361347,2,1,1993,0,0,0,0,0,0,0,0,0,0
361348,1,1,1993,0,0,0,0,0,0,0,0,0,0
361348,2,1,1993,0,0,0,0,0,0,0,0,0,0
361349,0,1,1993,0,0,0,0,0,0,0,0,0,0
361349,1,1,1993,0,0,0,0,0,0,0,14,0,0
361349,2,1,1993,0,0,0,0,0,0,0,0,0,0
361350,0,1,1993,0,0,0,0,0,0,0,0,0,0
361350,1,1,1993,7,0,0,0,0,0,0,0,0,0
361351,0,1,1993,10,0,0,41,7,34,0,0,37,0
361351,0,2,1993,0,0,0,0,0,0,0,0,0,0
361351,1,1,1993,0,0,0,0,0,0,0,0,0,0
361352,0,1,1993,0,0,0,0,0,0,0,0,0,0
361352,1,1,1993,0,0,0,0,0,0,0,0,0,30
361353,1,1,1993,30,30,30,30,30,30,30,30,30,30
361353,2,1,1993,0,0,0,0,0,15,0,0,0,0
361354,1,1,1993,41,0,0,10,0,0,14,0,0,20
361354,2,1,1993,0,0,0,0,0,0,0,0,0,10
361355,1,1,1993,26,26,26,26,26,26,26,26,26,26
361355,2,1,1993,3,3,3,3,3,3,3,3,3,3
361356,1,1,1993,10,10,10,10,10,10,10,10,10,10
361356,2,1,1993,0,0,0,0,0,0,0,0,0,0
361357,1,1,1993,4,4,4,4,4,4,4,4,4,4
361358,0,1,1993,0,0,0,0,0,0,0,0,0,0
361358,1,1,1993,15,0,0,0,0,0,0,0,0,10
361359,1,1,1993,0,0,0,0,0,0,0,0,0,0
361359,2,1,1993,0,0,0,0,0,0,0,0,0,0
361360,1,1,1993,0,0,0,0,0,0,0,0,0,0
361360,2,1,1993,0,0,0,0,0,0,0,0,0,0
361361,1,1,1993,9,9,9,9,9,9,9,9,9,9
361361,2,1,1993,0,0,0,0,0,0,0,0,0,0
361361,3,1,1993,0,0,0,0,0,0,0,0,0,0
361362,1,1,1993,0,0,0,0,0,0,0,0,0,0
361362,2,1,1993,0,0,0,0,0,0,0,0,0,0
361362,3,1,1993,0,0,0,0,0,0,0,0,0,0
361362,4,1,1993,0,0,0,0,0,0,0,0,0,0
361363,1,1,1993,0,0,0,0,0,0,0,0,0,0
361364,1,1,1993,0,0,0,0,0,0,0,0,0,0
361364,2,1,1993,0,0,0,0,0,0,0,0,0,0
361365,1,1,1993,8,8,8,8,8,8,8,8,8,8
361366,1,1,1993,0,3,0,0,0,0,0,9,14,0
361366,2,1,1993,0,0,0,0,0,0,0,0,0,0
361367,1,1,1993,0,0,0,0,0,0,0,0,0,0
361368,1,1,1993,0,0,0,0,0,0,0,0,0,0
361368,2,1,1993,0,0,0,0,0,0,0,0,0,0
361369,0,1,1993,0,0,0,10,0,40,20,25,17,0
361369,1,1,1993,0,0,0,0,0,0,0,0,0,0
361370,0,1,1993,6,6,6,6,6,6,6,6,6,6
361370,2,1,1993,0,6,10,0,18,0,0,0,0,0
361371,1,1,1993,16,16,26,24,17,8,8,27,13,17
361372,1,1,1993,0,5,0,0,0,0,0,0,0,10
361373,1,1,1993,0,0,0,13,8,0,0,0,0,0
361374,1,1,1993,17,17,17,17,17,17,17,17,17,17
361375,0,1,1993,5,5,5,5,5,5,5,5,5,5
361375,1,1,1993,0,0,0,0,0,0,0,0,0,0
361376,1,1,1993,10,20,0,0,0,14,0,0,0,0
361377,1,1,1993,0,0,0,0,0,0,0,21,0,0
361377,2,1,1993,0,0,0,0,7,0,0,0,0,0
361378,1,1,1993,25,25,25,25,25,25,25,25,25,25
361379,1,1,1993,9,0,0,0,19,36,0,0,21,0
361380,1,1,1993,0,0,0,0,0,0,0,0,0,0
361380,2,1,1993,0,0,0,0,0,0,0,0,0,0
361381,1,1,1993,17,17,17,17,17,17,17,17,17,17
361382,1,1,1993,0,0,0,0,0,0,0,0,0,0
361382,2,1,1993,0,0,0,0,0,0,0,0,0,0
361383,1,1,1993,19,19,19,19,19,19,19,19,19,19
361384,1,1,1993,0,0,0,0,0,0,19,0,0,0
361385,1,1,1993,5,5,5,5,5,5,5,5,5,5
361385,2,1,1993,0,0,0,0,0,0,0,0,0,0
361386,1,1,1993,0,0,0,0,0,0,0,0,0,0
361386,2,1,1993,0,0,0,0,0,0,0,0,0,0
361386,3,1,1993,0,0,0,0,0,0,0,0,0,0
361387,1,1,1993,0,31,11,0,0,13,0,0,16,7
361388,1,1,1993,0,0,0,0,0,0,10,0,0,0
361388,2,1,1993,16,16,16,16,16,16,16,16,16,16
361389,1,1,1993,0,0,0,0,0,0,0,0,0,0
361389,2,1,1993,0,0,16,0,0,0,0,0,0,0
361390,1,1,1993,0,0,0,0,0,0,0,0,0,0
361390,2,1,1993,0,0,0,0,0,0,0,0,0,0
361391,1,1,1993,0,0,0,0,0,0,0,0,0,0
361391,2,1,1993,0,0,0,0,0,0,0,0,0,0
361392,1,1,1993,17,17,17,17,17,17,17,17,17,17
361393,0,1,1993,0,0,0,0,0,0,0,0,0,0
361393,1,1,1993,0,0,0,0,0,0,0,0,0,0
361393,3,1,1993,0,0,0,0,0,0,5,0,0,0
361394,1,1,1993,0,0,0,0,0,0,0,0,0,0
361394,2,1,1993,0,0,0,0,0,18,0,0,0,0
361394,3,1,1993,0,0,0,0,0,0,7,0,0,0
361395,1,1,1993,0,0,0,0,0,24,11,0,0,0
361395,2,1,1993,0,0,0,0,0,0,0,0,0,0
361396,1,1,1993,1,1,1,1,1,1,1,1,1,1
361397,1,1,1993,0,0,0,12,0,0,0,0,0,0
361397,2,1,1993,0,0,0,0,0,0,0,0,0,0
361398,1,1,1993,0,0,0,0,0,0,0,0,0,0
361399,1,1,1993,0,0,0,0,0,0,0,0,0,0
361399,2,1,1993,0,0,0,0,0,0,0,0,0,0
361400,0,1,1993,0,0,0,0,0,0,0,0,0,0
361400,1,1,1993,0,0,0,0,0,0,0,0,0,0
361401,1,1,1993,0,0,0,0,0,0,0,0,0,0
361402,1,1,1993,0,0,0,0,0,0,0,0,0,0
361403,0,1,1993,0,0,0,0,0,0,0,0,0,0
361403,1,1,1993,0,0,0,0,0,0,0,0,17,0
361404,1,1,1993,0,0,13,0,0,0,0,0,0,0
361404,2,1,1993,0,0,0,0,0,0,0,0,0,0
361405,0,1,1993,0,0,0,0,0,0,0,0,0,0
361405,1,1,1993,0,0,0,0,0,0,0,0,0,0
361406,1,1,1993,0,0,0,0,0,0,0,0,0,0
361406,2,1,1993,0,0,0,0,0,0,0,0,0,0
361407,1,1,1993,8,8,8,8,8,8,8,8,8,8
361408,1,1,1993,21,21,21,21,21,21,21,21,21,21
361408,2,1,1993,0,12,14,19,28,18,18,17,0,19
361409,0,1,1993,0,0,0,0,0,0,0,0,0,0
361409,0,2,1993,49,0,26,0,34,9,21,28,42,19
361409,0,3,1993,0,0,0,0,0,0,0,0,0,0
361409,1,1,1993,11,11,11,11,11,11,11,11,11,11
361410,1,1,1993,0,0,0,0,0,9,0,0,0,0
361411,1,1,1993,0,0,0,0,0,0,0,0,0,0
361411,2,1,1993,9,18,13,22,34,22,15,21,24,15
361412,1,1,1993,0,0,0,0,0,0,0,0,0,0
361413,1,1,1993,19,19,19,19,19,19,19,19,19,19
361414,0,1,1993,0,0,0,0,0,17,0,0,0,0
361414,1,1,1993,0,0,0,0,0,0,0,0,0,10
361415,1,1,1993,0,6,0,0,0,0,0,0,20,0
361415,2,1,1993,10,10,10,10,10,10,10,10,10,10
361416,1,1,1993,0,0,0,0,0,0,0,0,0,0
361417,0,1,1993,0,0,0,0,0,0,0,0,0,0
361417,1,1,1993,0,0,0,0,0,0,0,0,0,0
361418,1,1,1993,0,0,0,19,0,0,0,0,0,0
361419,1,1,1993,0,0,0,0,0,0,0,0,0,0
361419,2,1,1993,0,0,0,0,0,0,0,0,0,0
361420,1,1,1993,10,10,10,10,10,10,10,10,10,10
361421,1,1,1993,0,0,0,0,0,0,0,0,0,0
361422,1,1,1993,0,0,0,0,0,0,0,0,0,0
361422,2,1,1993,0,0,0,0,0,10,0,0,0,0
361423,1,1,1993,0,0,0,0,0,0,0,0,0,0
361424,1,1,1993,0,0,0,0,0,0,0,0,0,0
361424,2,1,1993,0,0,0,0,0,0,0,0,0,0
361425,1,1,1993,0,0,0,0,0,0,0,0,0,0
361426,0,1,1993,0,0,0,0,0,0,0,0,21,0
361426,1,1,1993,0,0,0,0,0,0,0,0,0,8
361427,1,1,1993,0,0,0,0,0,0,0,0,0,0
361428,0,1,1993,0,28,0,0,0,0,0,0,0,0
361428,1,1,1993,0,0,0,0,0,0,0,0,0,0
361429,1,1,1993,0,0,0,0,0,0,0,0,0,0
361430,1,1,1993,0,0,0,0,0,0,0,0,0,0
361430,2,1,1993,0,0,0,0,0,0,0,0,0,0
361431,0,1,1993,0,0,0,0,0,0,0,0,0,0
361431,1,1,1993,19,10,19,24,32,22,14,12,7,9
361432,1,1,1993,0,0,0,0,0,0,3,0,0,0
361432,2,1,1993,0,0,0,0,0,0,0,0,0,0
361433,0,1,1993,0,0,0,0,0,0,0,0,0,0
361433,0,2,1993,0,0,0,0,0,0,0,0,0,0
361433,1,1,1993,0,0,0,0,0,10,0,0,0,0
361434,1,1,1993,0,0,0,0,0,0,6,0,0,0
361434,2,1,1993,0,0,0,0,0,0,0,0,0,0
361435,1,1,1993,13,13,13,13,13,13,13,13,13,13
361435,2,1,1993,0,0,0,0,0,9,0,0,17,0
361436,1,1,1993,0,0,0,0,0,0,0,0,0,0
361436,2,1,1993,0,0,0,0,0,0,0,0,0,0
361437,1,1,1993,0,0,0,0,0,0,0,0,0,0
361437,2,1,1993,0,0,0,0,0,0,0,0,0,0
361438,0,1,1993,0,0,0,0,0,0,0,0,0,0
361438,1,1,1993,10,0,0,0,0,0,0,0,15,0
361439,1,1,1993,0,0,0,0,0,0,0,0,0,0
361439,2,1,1993,0,0,0,0,0,0,0,0,0,0
361440,1,1,1993,0,0,0,0,0,0,0,0,0,0
361440,2,1,1993,2,2,2,2,2,2,2,2,2,2
361441,1,1,1993,15,15,15,15,15,15,15,15,15,15
361441,2,1,1993,0,0,0,0,0,0,0,0,0,0
361442,1,1,1993,0,0,0,0,0,0,0,0,0,0
361442,2,1,1993,14,0,0,0,0,0,0,0,0,0
361443,1,1,1993,6,6,6,6,6,6,6,6,6,6
361443,2,1,1993,20,4,21,9,29,20,9,0,6,5
361444,1,1,1993,0,0,0,0,0,0,0,0,0,0
361444,2,1,1993,24,0,22,21,16,16,19,16,11,28
361445,1,1,1993,0,0,0,0,0,0,0,0,0,10
361445,2,1,1993,0,0,0,0,0,0,0,0,0,0
361446,0,1,1993,19,0,0,0,24,28,0,26,0,0
361446,1,1,1993,0,4,0,24,0,15,37,0,20,0
361447,0,1,1993,17,24,31,21,20,26,17,0,0,0
361447,1,1,1993,0,0,0,0,0,0,27,0,0,0
361448,1,1,1993,15,15,15,15,15,15,15,15,15,15
361449,1,1,1993,0,0,0,0,5,0,0,0,0,0
361450,1,1,1993,0,0,0,0,0,0,0,0,0,0
361450,2,1,1993,0,0,0,0,0,0,0,0,0,13
361451,1,1,1993,0,0,0,0,0,0,0,0,0,0
361452,1,1,1993,0,0,0,0,0,0,0,0,0,0
361453,0,1,1993,0,0,0,0,0,0,0,0,0,0
361453,1,1,1993,0,0,0,0,0,0,0,0,0,0
361454,1,1,1993,0,0,0,0,0,0,0,0,0,0
361454,2,1,1993,0,0,0,0,0,0,0,0,0,0
361455,1,1,1993,0,0,0,0,0,0,0,0,0,0
361456,1,1,1993,0,0,0,0,0,0,0,0,0,0
361456,2,1,1993,0,0,0,0,0,0,0,0,0,0
361457,1,1,1993,0,0,0,0,0,0,0,0,0,0
361458,1,1,1993,14,14,14,14,14,14,14,14,14,14
361459,0,1,1993,2,2,2,2,2,2,2,2,2,2
361459,1,1,1993,0,0,0,0,0,0,0,0,0,0
361460,0,1,1993,20,20,20,20,20,20,20,20,20,20
361460,1,1,1993,12,13,20,19,2,4,13,26,8,12
361461,0,1,1993,0,0,0,0,0,0,0,0,0,0
361461,1,1,1993,0,0,0,0,0,0,0,0,0,0
361462,1,1,1993,15,20,21,17,15,26,42,22,16,21
361463,0,1,1993,0,0,0,0,0,0,0,0,0,0
361463,1,1,1993,0,0,0,0,0,0,0,0,0,0
361465,1,1,1993,0,0,0,0,0,0,0,0,0,0
361465,2,1,1993,0,0,0,0,0,0,0,0,0,0
361465,3,1,1993,0,5,0,0,0,0,0,0,0,0
361466,1,1,1993,0,0,0,0,0,0,0,0,0,0
361466,2,1,1993,0,0,0,0,0,0,0,0,0,0
361467,1,1,1993,0,0,0,0,0,0,0,0,0,0
361467,2,1,1993,0,0,8,0,0,0,0,0,0,0
361468,1,1,1993,0,0,0,0,0,0,0,0,0,0
361468,2,1,1993,0,0,0,0,0,0,0,0,0,0
361469,1,1,1993,0,0,0,0,0,0,0,0,0,0
361470,0,1,1993,0,0,0,0,0,0,0,0,0,0
361470,1,1,1993,0,0,0,0,0,0,0,0,0,0
361471,0,1,1993,0,0,0,0,0,0,0,0,0,0
361471,1,1,1993,0,0,0,0,0,0,0,0,0,0
361472,1,1,1993,12,0,10,13,9,15,14,18,21,16
361473,0,1,1993,0,0,0,0,0,0,0,0,0,0
361473,1,1,1993,0,0,0,0,0,0,0,0,0,0
361474,0,1,1993,0,0,0,0,0,0,0,0,0,0
361474,1,1,1993,0,0,0,0,0,0,0,0,0,0
361475,0,1,1993,0,0,0,0,0,0,0,24,0,0
361475,1,1,1993,0,0,0,0,0,0,0,0,0,0
361476,1,1,1993,7,7,7,7,7,7,7,7,7,7
361477,1,1,1993,0,0,0,0,0,0,0,0,0,0
361477,2,1,1993,0,17,20,9,18,20,19,24,35,12
361478,0,1,1993,11,11,11,11,11,11,11,11,11,11
361478,1,1,1993,0,0,0,0,0,0,0,0,0,0
361479,1,1,1993,3,3,3,3,3,3,3,3,3,3
361479,2,1,1993,0,0,0,0,0,0,0,0,0,0
361480,1,1,1993,0,0,0,0,0,0,0,0,0,0
361481,0,1,1993,0,0,0,0,0,0,0,21,0,0
361481,1,1,1993,0,9,0,0,0,0,0,0,20,0
361482,0,1,1993,0,0,0,0,0,0,0,0,0,0
361482,1,1,1993,0,0,0,0,0,0,0,0,0,0
361483,1,1,1993,25,14,9,17,12,13,13,10,9,14
361483,2,1,1993,0,0,0,0,0,0,0,15,0,12
361483,3,1,1993,0,0,0,0,0,0,0,0,0,0
361483,4,1,1993,0,0,0,0,0,0,0,0,0,0
361484,0,1,1993,26,26,26,26,26,26,26,26,26,26
361484,1,1,1993,0,0,0,0,0,0,0,0,0,0
361485,0,1,1993,0,0,0,0,0,0,0,0,0,0
361485,1,1,1993,0,0,0,0,0,0,0,16,0,0
361486,0,1,1993,15,15,15,15,15,15,15,15,15,15
361486,1,1,1993,0,0,0,0,0,0,0,0,6,0
361487,1,1,1993,18,18,18,18,18,18,18,18,18,18
361488,0,1,1993,3,3,3,3,3,3,3,3,3,3
361488,1,1,1993,0,0,0,0,0,0,0,0,0,0
361489,1,1,1993,0,0,0,0,0,0,0,0,0,0
361490,0,1,1993,0,0,0,0,0,0,0,0,0,0
361490,0,2,1993,2,21,0,33,8,18,0,0,31,0
361490,1,1,1993,0,0,0,0,0,0,0,10,0,0
361491,0,1,1993,0,0,0,0,0,0,0,0,0,0
361491,1,1,1993,0,0,0,0,0,0,0,0,0,0
361492,1,1,1993,11,8,13,14,0,28,17,17,0,0
361492,2,1,1993,0,0,0,0,0,0,0,0,0,0
361493,0,1,1993,0,0,0,0,0,0,0,0,0,0
361493,1,1,1993,0,0,0,0,0,0,0,0,0,0
361494,1,1,1993,1,1,1,1,1,1,1,1,1,1
361495,1,1,1993,28,28,28,28,28,28,28,28,28,28
361495,2,1,1993,0,0,0,0,0,0,0,0,0,0
361496,0,1,1993,0,0,0,0,0,0,0,0,0,0
361496,0,2,1993,0,0,0,0,0,0,0,0,0,0
361496,1,1,1993,0,0,0,0,0,0,0,0,0,0
361497,1,1,1993,0,0,0,0,0,0,0,0,0,0
361497,2,1,1993,0,0,0,0,0,0,0,0,0,0
361497,3,1,1993,0,0,0,0,0,0,0,0,0,0
361498,0,1,1993,0,0,0,0,0,0,0,0,0,0
361498,1,1,1993,0,0,0,0,0,0,0,0,0,0
361499,1,1,1993,0,0,0,0,0,0,0,0,0,0
361499,2,1,1993,0,0,0,0,0,0,0,0,0,0
361500,1,1,1993,0,0,0,0,0,0,0,0,0,0
361500,2,1,1993,15,0,17,0,0,0,0,0,0,0
361501,0,1,1993,0,0,0,0,0,0,0,0,0,0
361501,1,1,1993,0,0,0,0,0,0,0,12,0,0
361502,1,1,1993,0,0,0,0,0,5,0,0,0,0
361502,2,1,1993,2,2,2,2,2,2,2,2,2,2
361503,1,1,1993,11,11,11,11,11,11,11,11,11,11
361503,2,1,1993,0,0,0,0,0,0,0,0,17,0
361504,1,1,1993,0,0,0,0,0,0,0,0,0,0
361505,1,1,1993,0,0,0,0,0,0,0,0,0,0
361505,2,1,1993,0,0,0,0,0,0,0,0,0,0
361505,3,1,1993,0,0,0,0,0,0,0,0,0,0
361506,1,1,1993,0,0,23,0,28,0,19,17,0,0
361507,1,1,1993,12,12,12,12,12,12,12,12,12,12
361507,2,1,1993,0,0,0,0,0,0,0,0,0,0
361508,1,1,1993,0,0,0,0,0,0,0,0,0,0
361509,0,1,1993,0,0,0,0,0,0,0,0,0,0
361509,1,1,1993,0,0,0,3,0,0,0,0,0,0
361510,1,1,1993,0,0,0,0,0,0,0,0,0,0
361510,2,1,1993,0,0,0,0,0,0,0,0,0,0
361511,0,1,1993,41,41,41,41,41,41,41,41,41,41
361511,1,1,1993,13,15,19,0,0,0,12,0,23,7
361512,1,1,1993,24,38,22,24,38,21,0,0,0,0
361513,1,1,1993,0,0,0,0,0,0,0,0,0,0
361513,2,1,1993,0,0,0,0,0,0,0,0,0,0
361514,1,1,1993,0,0,0,0,0,0,0,0,0,0
361515,1,1,1993,18,18,18,18,18,18,18,18,18,18
361516,1,1,1993,0,0,0,0,0,0,0,0,0,0
361517,1,1,1993,22,16,9,24,27,23,0,10,26,3
361518,0,1,1993,0,0,0,0,0,0,0,0,0,0
361518,1,1,1993,0,0,0,0,0,0,0,0,0,0
361519,1,1,1993,0,0,0,0,0,0,0,0,0,0
361519,2,1,1993,0,0,0,0,0,12,0,0,0,0
361520,1,1,1993,0,0,0,0,0,0,0,0,0,0
361520,2,1,1993,0,0,0,0,0,0,0,0,0,0
361521,1,1,1993,0,0,0,0,0,0,0,0,0,0
361521,2,1,1993,0,0,0,0,0,0,0,0,0,0
361522,0,1,1993,0,0,0,0,0,0,0,0,0,0
361522,1,1,1993,0,0,0,0,0,0,0,0,0,0
361523,1,1,1993,0,0,3,0,0,5,0,3,0,0
361523,2,1,1993,0,0,0,0,0,0,0,0,0,0
361524,1,1,1993,23,26,13,21,0,9,15,15,16,23
361525,1,1,1993,0,0,0,0,0,0,0,0,0,0
361526,1,1,1993,0,0,0,0,0,0,0,0,0,0
361526,2,1,1993,0,0,0,0,0,0,0,0,0,0
361527,1,1,1993,13,13,13,13,13,13,13,13,13,13
361528,0,1,1993,0,0,0,0,0,0,0,8,0,0
361528,0,2,1993,0,0,0,0,0,0,0,0,0,0
361528,2,1,1993,0,0,0,0,0,0,0,0,0,0
361528,3,1,1993,0,0,16,0,0,0,0,0,0,0
361529,1,1,1993,0,0,0,0,0,0,0,0,0,0
361530,1,1,1993,0,0,0,0,0,0,0,0,0,0
361530,2,1,1993,0,0,0,0,0,0,0,0,0,0
361531,1,1,1993,0,0,0,0,0,0,0,0,0,0
361531,2,1,1993,0,19,16,14,23,35,0,6,13,18
361532,1,1,1993,7,7,7,7,7,7,7,7,7,7
361532,2,1,1993,0,0,0,0,0,0,0,0,0,0
361533,1,1,1993,14,14,14,14,14,14,14,14,14,14
361534,1,1,1993,0,0,0,0,0,0,0,0,0,0
361534,2,1,1993,0,0,0,0,0,0,0,0,0,0
361535,0,1,1993,0,0,0,0,0,0,0,0,0,0
361535,1,1,1993,0,0,0,0,0,0,22,0,0,0
361536,0,1,1993,0,0,0,0,0,0,0,0,0,0
361536,1,1,1993,0,0,0,0,0,0,0,0,0,0
361537,0,1,1993,0,0,0,0,0,0,0,0,0,0
361537,1,1,1993,0,0,0,0,0,0,0,0,0,0
361538,1,1,1993,0,0,0,0,0,0,0,0,0,0
361539,0,1,1993,0,0,0,0,0,0,0,0,0,0
361539,1,1,1993,0,0,0,0,0,0,0,0,0,0
361540,0,1,1993,0,0,0,0,0,0,0,0,0,0
361540,1,1,1993,0,0,0,0,0,0,0,0,0,0
361541,1,1,1993,0,0,0,0,0,0,0,0,7,0
361542,0,1,1993,0,0,0,0,0,0,0,0,0,0
361542,1,1,1993,0,0,0,0,0,0,0,0,0,0
361543,1,1,1993,0,0,0,0,0,0,0,0,0,0
361543,2,1,1993,0,0,0,0,0,0,0,0,0,0
361544,0,1,1993,4,4,4,4,4,4,4,4,4,4
361544,0,2,1993,0,18,32,38,12,20,15,10,12,0
361544,1,1,1993,0,0,0,0,0,0,0,0,0,0
361545,1,1,1993,0,0,0,0,0,0,0,0,0,0
361546,0,1,1993,0,0,0,0,0,0,0,0,0,0
361546,1,1,1993,0,0,0,0,0,0,0,0,0,0
361547,1,1,1993,0,0,0,0,0,0,0,0,0,0
361548,0,1,1993,0,0,0,0,0,0,0,0,0,0
361548,0,2,1993,0,0,0,0,0,0,0,0,0,0
361548,1,1,1993,0,0,0,0,0,0,0,0,0,0
361549,0,1,1993,0,0,0,0,0,0,0,0,0,0
361549,1,1,1993,0,0,0,0,0,0,0,0,0,0
361550,1,1,1993,0,11,0,0,0,0,0,0,0,0
361551,0,1,1993,0,0,0,0,0,0,0,0,0,0
361551,1,1,1993,0,0,0,0,0,0,0,0,0,0
361551,2,1,1993,0,0,0,0,0,0,0,0,0,0
361552,1,1,1993,0,0,0,0,0,0,0,0,0,0
361552,2,1,1993,0,0,0,0,0,0,0,0,0,0
361553,1,1,1993,28,28,28,28,28,28,28,28,28,28
361554,0,1,1993,0,0,0,0,0,0,0,0,0,0
361554,1,1,1993,0,0,0,0,0,0,0,18,0,0
361555,1,1,1993,0,0,0,0,0,0,0,0,0,0
361556,1,1,1993,0,0,0,0,0,0,0,0,0,0
361556,2,1,1993,0,0,0,0,0,0,0,0,0,0
361556,3,1,1993,0,0,0,0,0,0,0,0,0,0
361557,1,1,1993,0,0,0,7,0,0,0,0,0,0
361558,0,1,1993,0,0,0,0,0,0,0,0,0,0
361558,1,1,1993,0,29,7,10,5,0,0,0,25,9
361559,1,1,1993,19,15,15,20,13,16,4,17,14,33
361560,1,1,1993,0,0,0,0,0,0,0,0,0,0
361560,2,1,1993,0,0,0,0,0,0,0,0,0,0
361561,0,1,1993,0,0,0,0,4,21,0,6,27,0
361561,1,1,1993,0,0,0,0,0,0,0,8,0,33
361562,1,1,1993,0,0,0,13,0,0,0,0,0,0
361563,1,1,1993,0,0,0,0,0,0,0,0,0,0
361563,2,1,1993,0,0,0,0,0,0,0,0,0,0
361564,0,1,1993,0,0,0,0,0,0,0,0,0,0
361564,1,1,1993,0,0,0,0,0,0,0,0,0,0
361565,1,1,1993,4,4,4,4,4,4,4,4,4,4
361566,1,1,1993,0,0,0,0,0,0,0,0,0,0
361566,2,1,1993,0,0,0,0,0,0,0,0,0,0
361566,3,1,1993,0,0,0,0,0,0,0,0,0,0
361567,1,1,1993,0,0,0,0,0,0,0,0,0,21
361567,2,1,1993,0,0,0,0,0,0,0,0,0,0
361568,1,1,1993,0,0,0,0,0,0,0,0,0,18
361568,2,1,1993,0,0,6,0,0,0,0,0,0,0
361569,1,1,1993,0,0,0,0,0,0,0,0,0,0
361569,2,1,1993,0,0,0,0,0,0,0,0,0,0
361570,1,1,1993,0,0,0,0,0,0,0,0,0,0
361571,1,1,1993,5,5,5,5,5,5,5,5,5,5
361572,1,1,1993,0,0,0,0,0,0,0,0,0,0
361572,2,1,1993,0,0,0,0,0,0,0,0,0,0
361573,0,1,1993,0,0,0,0,0,0,0,0,0,0
361573,1,1,1993,7,0,0,0,21,0,0,11,0,10
361574,1,1,1993,0,0,22,0,0,0,0,0,0,14
361574,2,1,1993,0,0,0,0,0,0,0,0,0,0
361575,1,1,1993,0,0,0,0,0,0,0,0,0,0
361575,2,1,1993,0,0,0,0,0,0,0,0,0,0
361576,1,1,1993,0,0,0,0,0,0,0,0,0,0
361576,2,1,1993,0,0,0,0,0,0,0,0,0,0
361577,1,1,1993,10,10,10,10,10,10,10,10,10,10
361577,2,1,1993,0,0,0,0,0,0,0,0,0,0
361578,1,1,1993,0,0,0,0,0,0,0,2,0,0
361578,2,1,1993,0,0,0,0,0,0,0,0,0,0
361579,0,1,1993,0,0,0,0,0,0,0,0,0,0
361579,1,1,1993,9,19,0,9,2,0,0,19,24,0
361580,1,1,1993,0,0,0,0,0,0,0,0,0,0