ST_CASE,VEH_NO,PER_NO,YEAR,P1,P2,P3,P4,P5,P6,P7,P8,P9,P10
361581,1,1,1993,0,0,0,0,0,0,0,0,0,0
361581,2,1,1993,0,0,0,0,0,0,0,0,0,0
361582,1,1,1993,0,0,0,0,0,13,8,0,0,0
361582,2,1,1993,0,0,0,0,0,0,0,0,0,0
361583,0,1,1993,1,1,1,1,1,1,1,1,1,1
361583,1,1,1993,0,0,0,0,0,0,0,0,0,0
361584,1,1,1993,0,0,0,0,0,0,0,0,0,0
361584,2,1,1993,0,0,0,0,0,0,0,0,0,0
361585,0,1,1993,0,0,0,0,0,0,0,0,0,0
361585,1,1,1993,0,0,0,0,0,0,0,0,0,0
361586,1,1,1993,0,0,0,0,0,0,0,0,0,0
361586,2,1,1993,0,0,0,0,0,0,0,0,0,0
361587,1,1,1993,0,0,0,0,0,0,0,0,0,0
361587,2,1,1993,0,0,0,17,6,0,0,0,0,0
361588,0,1,1993,0,0,0,0,0,0,0,0,0,0
361588,1,1,1993,0,0,0,0,0,0,0,0,0,0
361589,1,1,1993,0,0,0,0,0,0,0,0,0,0
361590,1,1,1993,0,0,0,0,0,0,0,0,0,0
361590,2,1,1993,0,0,0,0,0,0,0,0,0,0
361591,0,1,1993,1,1,1,1,1,1,1,1,1,1
361591,1,1,1993,0,0,0,0,0,0,0,0,0,0
361592,1,1,1993,23,23,23,23,23,23,23,23,23,23
361593,1,1,1993,8,8,8,8,8,8,8,8,8,8
361594,1,1,1993,0,0,3,0,0,0,0,0,0,0
361594,2,1,1993,0,0,0,0,0,0,0,0,0,0
361595,0,1,1993,0,0,0,0,0,0,0,0,0,0
361595,1,1,1993,0,0,0,0,0,0,0,0,0,0
361596,1,1,1993,0,0,0,0,0,0,0,0,0,0
361596,2,1,1993,0,0,0,0,0,0,0,0,0,0
361597,1,1,1993,0,0,0,9,0,0,0,0,0,0
361597,2,1,1993,0,0,0,0,0,0,0,0,0,0
361597,3,1,1993,0,0,0,0,0,0,0,0,0,0
361598,0,1,1993,0,0,0,0,0,0,0,0,0,0
361598,1,1,1993,0,0,0,0,0,0,0,0,0,0
361599,0,1,1993,0,0,0,0,0,0,0,0,0,0
361599,1,1,1993,0,0,0,0,0,0,0,0,0,0
361600,1,1,1993,0,0,0,0,0,0,0,0,0,0
361601,1,1,1993,0,9,0,0,0,0,0,9,0,10
361601,2,1,1993,0,0,0,0,0,0,0,0,0,0
361602,1,1,1993,0,0,0,0,11,0,0,0,0,0
361602,2,1,1993,0,0,0,0,0,0,0,0,0,0
361603,1,1,1993,0,0,0,0,0,0,0,0,0,0
361603,2,1,1993,0,0,0,0,0,0,0,0,0,0
361604,1,1,1993,0,0,0,0,0,0,0,0,0,0
361604,2,1,1993,0,0,0,0,0,0,0,0,0,0
361605,0,1,1993,0,0,0,0,0,0,0,0,0,0
361605,1,1,1993,0,0,0,0,0,0,15,0,0,0
361605,2,1,1993,0,0,0,0,0,0,0,0,13,0
361606,0,1,1993,0,0,0,0,0,0,0,0,0,0
361606,1,1,1993,0,0,0,0,0,0,0,0,0,0
361607,1,1,1993,0,0,0,0,0,0,0,0,0,0
361607,2,1,1993,0,0,0,0,0,0,0,0,0,0
361607,3,1,1993,25,25,25,25,25,25,25,25,25,25
361608,1,1,1993,13,0,0,12,12,2,0,0,0,0
361608,2,1,1993,0,0,9,12,0,25,22,0,0,0
361609,1,1,1993,0,0,0,0,0,0,0,0,0,0
361610,0,1,1993,0,0,0,0,0,0,0,0,0,0
361610,1,1,1993,0,0,0,0,0,0,0,0,0,0
361611,0,1,1993,21,21,21,21,21,21,21,21,21,21
361611,1,1,1993,0,0,0,0,0,0,0,0,0,0
361612,0,1,1993,0,0,0,0,0,0,0,0,0,0
361612,1,1,1993,0,0,0,0,0,0,0,0,0,0
361613,0,1,1993,0,0,0,0,0,0,0,0,0,0
361613,1,1,1993,0,0,0,0,0,0,0,0,0,5
361614,1,1,1993,6,0,0,0,0,0,0,0,0,0
361614,2,1,1993,0,0,0,0,0,0,0,0,0,0
361615,0,1,1993,0,0,0,0,0,0,0,0,0,0
361615,1,1,1993,0,0,0,0,0,0,0,0,0,0
361616,0,1,1993,0,0,0,34,0,0,0,0,0,0
361616,1,1,1993,0,0,0,0,0,0,0,0,0,0
361617,1,1,1993,0,0,0,0,0,0,0,0,0,0
361617,2,1,1993,0,0,0,0,0,0,0,0,0,0
361618,1,1,1993,0,0,0,0,0,0,0,0,0,0
361619,1,1,1993,0,0,0,15,0,0,0,0,0,0
361619,2,1,1993,0,0,0,0,0,0,0,0,0,0
361620,1,1,1993,0,0,0,0,0,0,0,0,0,0
361620,2,1,1993,0,0,0,0,0,0,0,0,0,0
361621,0,1,1993,17,0,12,17,0,21,0,18,40,0
361621,1,1,1993,0,0,0,0,0,0,0,0,0,0
361623,1,1,1993,0,0,0,8,0,14,0,0,0,0
361624,0,1,1993,0,0,0,0,0,0,0,0,0,0
361624,1,1,1993,0,0,0,0,0,0,0,0,0,0
361625,0,1,1993,0,0,15,0,9,0,0,0,0,18
361625,1,1,1993,0,0,0,0,0,0,0,0,0,0
361626,1,1,1993,0,0,0,0,0,0,0,0,0,0
361626,2,1,1993,0,0,0,0,0,0,0,0,0,0
361627,0,1,1993,0,0,0,0,0,0,0,0,0,0
361627,1,1,1993,0,0,0,11,0,0,0,0,6,0
361628,0,1,1993,0,0,0,0,0,0,0,0,0,0
361628,1,1,1993,0,0,0,7,8,0,0,0,0,0
361629,1,1,1993,0,0,0,0,0,0,0,0,0,0
361630,0,1,1993,29,29,29,29,29,29,29,29,29,29
361630,1,1,1993,0,0,0,0,0,0,0,0,0,0
361631,0,1,1993,0,12,8,19,12,15,40,0,0,0
361631,1,1,1993,0,0,0,0,0,0,0,0,0,0
361632,0,1,1993,0,0,0,4,0,20,0,0,0,14
361632,1,1,1993,0,0,0,0,0,0,0,0,0,0
361633,0,1,1993,0,0,0,0,0,0,0,0,0,0
361633,1,1,1993,0,0,0,0,0,0,0,22,0,0
361634,0,1,1993,0,0,0,0,0,0,0,0,0,0
361634,1,1,1993,0,0,0,0,0,0,0,0,0,0
361635,1,1,1993,0,0,0,0,0,0,0,0,0,0
361635,2,1,1993,0,21,0,0,9,0,0,0,0,0
361636,1,1,1993,0,0,0,0,0,0,0,0,0,0
361636,2,1,1993,0,0,0,3,0,0,0,0,0,0
361636,3,1,1993,0,0,0,0,0,0,0,0,0,0
361637,1,1,1993,0,0,0,0,0,0,0,0,0,0
361637,2,1,1993,0,0,0,0,0,0,0,0,0,0
361638,1,1,1993,14,13,9,13,43,33,27,13,5,7
361641,1,1,1993,8,8,8,8,8,8,8,8,8,8
361642,1,1,1993,0,0,0,0,0,0,0,0,0,0
361642,2,1,1993,0,0,0,0,0,0,0,0,0,0
361643,1,1,1993,0,0,0,0,0,0,0,0,0,0
361643,2,1,1993,0,0,0,0,12,0,0,0,0,0
361644,1,1,1993,0,0,0,0,0,0,0,0,0,0
361644,2,1,1993,0,0,0,0,0,0,0,0,0,0
361645,1,1,1993,0,0,0,0,0,0,0,0,0,0
361645,2,1,1993,6,0,0,0,0,0,14,0,0,0
361646,0,1,1993,0,0,0,0,0,0,0,0,0,0
361646,1,1,1993,0,0,0,0,0,0,0,0,0,0
361647,0,1,1993,0,0,0,0,25,0,0,16,0,0
361647,1,1,1993,0,0,0,0,0,0,0,0,0,0
361648,1,1,1993,0,0,0,0,0,0,0,0,0,0
361648,2,1,1993,10,0,0,0,0,9,0,0,0,0
361649,0,1,1993,19,19,19,19,19,19,19,19,19,19
361649,1,1,1993,0,0,0,0,0,0,5,0,0,0
361650,0,1,1993,0,0,0,0,0,0,0,0,0,0
361650,1,1,1993,0,0,12,0,0,0,0,0,0,0
361651,0,1,1993,15,15,15,15,15,15,15,15,15,15
361651,1,1,1993,0,0,0,0,0,0,0,0,0,0
361652,1,1,1993,13,15,13,7,34,9,3,20,6,25
361653,0,1,1993,0,0,0,0,0,0,0,0,0,0
361653,1,1,1993,0,0,0,0,0,0,0,0,0,0
361653,2,1,1993,0,0,0,0,0,0,0,0,0,0
361654,0,1,1993,0,0,0,0,0,0,0,0,0,0
361654,1,1,1993,0,0,0,0,0,0,0,0,0,0
361655,0,1,1993,0,0,0,0,0,0,0,0,0,0
361655,1,1,1993,0,0,0,0,0,0,0,0,0,0
361656,0,1,1993,0,0,0,0,0,0,0,0,0,0
361656,1,1,1993,26,0,0,14,0,0,0,0,0,0
361657,0,1,1993,0,0,0,0,0,0,0,0,0,0
361657,1,1,1993,3,0,0,0,0,0,0,0,0,0
361658,1,1,1993,0,0,0,0,0,0,0,0,0,0
361658,2,1,1993,0,0,0,0,0,0,0,0,0,0
361659,0,1,1993,0,0,0,0,0,0,0,0,0,0
361659,1,1,1993,7,22,12,12,15,3,8,23,19,8
361660,1,1,1993,0,0,0,0,0,0,0,0,0,0
361660,2,1,1993,0,0,0,0,0,0,0,0,0,0
361661,1,1,1993,0,0,0,0,0,0,0,0,0,0
361661,2,1,1993,0,0,0,0,0,0,0,0,0,0
361663,1,1,1993,0,0,0,0,0,0,0,0,0,0
361664,0,1,1993,0,0,0,0,18,0,0,21,0,21
361664,1,1,1993,18,5,27,22,23,13,17,27,16,24
361665,1,1,1993,0,0,0,0,0,0,0,0,0,0
361665,2,1,1993,0,0,0,0,0,0,0,0,0,0
361667,1,1,1993,0,0,0,0,0,0,0,0,0,0
361667,2,1,1993,0,12,0,0,0,0,0,13,7,0
361668,1,1,1993,0,0,0,0,0,0,0,0,0,0
361669,0,1,1993,0,0,0,23,0,0,0,0,0,0
361669,1,1,1993,0,0,0,0,0,0,0,0,0,0
361671,1,1,1993,0,0,0,0,0,0,0,0,0,0
361672,1,1,1993,0,0,0,0,0,0,0,0,0,0
361673,1,1,1993,0,0,0,0,0,0,0,0,0,0
361673,2,1,1993,0,0,0,0,0,0,0,0,0,0
361673,3,1,1993,0,0,0,0,0,0,0,0,0,0
361674,0,1,1993,0,0,0,0,0,0,0,0,0,0
361674,1,1,1993,0,0,0,0,0,0,0,0,0,0
361675,0,1,1993,0,0,0,0,0,0,0,0,0,0
361675,0,2,1993,8,30,26,30,23,16,13,12,21,11
361675,1,1,1993,0,0,0,0,4,14,13,0,13,0
361676,0,1,1993,9,26,35,0,0,0,33,43,0,12
361676,1,1,1993,0,0,0,0,0,0,0,0,0,0
361677,0,1,1993,0,0,0,0,0,0,0,0,0,0
361677,1,1,1993,27,0,0,0,0,0,0,0,0,0
361678,1,1,1993,0,0,0,0,0,0,0,0,0,0
361678,2,1,1993,0,0,0,0,0,0,0,0,0,0
361679,0,1,1993,0,0,32,0,21,0,0,0,7,28
361679,1,1,1993,0,0,0,0,0,0,0,0,0,0
361680,0,1,1993,0,0,0,0,0,0,0,0,0,0
361680,1,1,1993,0,0,0,0,0,0,0,0,0,0
361681,0,1,1993,0,0,0,0,29,0,0,0,0,12
361681,1,1,1993,12,0,0,0,0,0,0,0,0,0
361682,0,1,1993,0,0,0,0,0,0,0,0,0,0
361682,1,1,1993,0,0,0,0,0,0,0,0,0,0
370001,1,1,1993,0,0,0,0,0,0,0,0,0,0
370001,2,1,1993,0,0,0,0,0,0,0,0,0,0
370001,3,1,1993,0,0,0,0,0,0,0,0,0,0
370002,1,1,1993,5,5,5,5,5,5,5,5,5,5
370003,1,1,1993,0,0,0,0,0,14,0,0,0,0
370003,2,1,1993,0,0,0,0,0,0,0,0,0,0
370004,1,1,1993,0,11,16,0,0,10,15,27,14,0
370005,1,1,1993,26,26,26,26,26,26,26,26,26,26
370006,0,1,1993,0,0,0,0,0,0,0,0,0,0
370006,1,1,1993,0,0,0,0,0,0,0,0,0,0
370007,1,1,1993,0,0,0,0,0,0,0,0,0,0
370008,1,1,1993,0,0,0,0,0,0,0,0,0,0
370008,2,1,1993,0,0,0,0,0,0,0,0,0,0
370009,1,1,1993,26,26,26,26,26,26,26,26,26,26
370010,0,1,1993,0,0,0,0,0,0,0,0,0,0
370010,1,1,1993,0,0,0,0,0,0,0,0,0,0
370011,1,1,1993,0,0,0,0,0,0,0,0,0,0
370011,2,1,1993,0,0,0,0,0,0,0,0,0,0
370011,3,1,1993,0,0,0,0,0,0,0,0,0,0
370013,0,1,1993,0,0,0,0,0,0,0,0,0,0
370013,1,1,1993,0,0,0,0,0,0,0,0,11,0
370014,1,1,1993,16,16,16,16,16,16,16,16,16,16
370015,1,1,1993,19,0,0,0,0,0,0,0,0,0
370015,2,1,1993,0,0,0,0,0,0,0,0,0,0
370016,1,1,1993,4,0,0,6,0,19,8,13,17,18
370017,1,1,1993,0,0,0,0,19,16,0,9,0,17
370017,2,1,1993,31,31,31,31,31,31,31,31,31,31
370018,1,1,1993,0,0,0,0,0,0,0,0,0,0
370018,2,1,1993,0,0,0,0,0,0,0,0,0,0
370019,1,1,1993,0,0,0,0,0,0,0,0,0,0
370020,0,1,1993,0,0,0,0,0,0,0,0,0,0
370020,1,1,1993,0,0,0,0,0,0,0,0,0,0
370021,0,1,1993,9,9,9,9,9,9,9,9,9,9
370021,1,1,1993,26,0,16,0,0,0,0,0,13,0
370022,1,1,1993,0,0,0,0,0,0,0,0,0,0
370023,1,1,1993,8,8,8,8,8,8,8,8,8,8
370023,2,1,1993,13,13,0,9,20,28,13,7,13,15
370024,1,1,1993,24,24,24,24,24,24,24,24,24,24
370025,1,1,1993,0,0,0,0,0,0,0,0,0,0
370025,2,1,1993,0,0,0,0,0,0,0,0,29,0
370026,1,1,1993,0,0,0,0,0,0,0,0,0,0
370026,2,1,1993,0,0,0,0,0,0,0,0,0,0
370027,1,1,1993,4,4,4,4,4,4,4,4,4,4
370028,1,1,1993,0,0,0,0,0,0,0,0,0,0
370029,1,1,1993,0,0,0,0,0,0,0,0,0,0
370029,2,1,1993,0,0,0,0,0,0,0,0,0,0
370030,1,1,1993,0,0,0,0,0,0,0,0,0,0
370031,1,1,1993,0,0,0,0,0,0,0,0,0,0
370031,2,1,1993,0,0,0,0,0,0,0,0,8,0
370032,1,1,1993,0,0,0,0,0,0,0,0,0,0
370032,2,1,1993,0,0,0,0,0,0,0,0,0,0
370033,1,1,1993,5,10,9,22,15,13,6,11,23,11
370034,1,1,1993,0,0,0,0,0,0,0,0,0,0
370034,2,1,1993,0,0,0,0,0,0,0,0,0,0
370035,1,1,1993,0,0,0,0,0,0,0,0,0,0
370035,2,1,1993,0,0,0,0,0,0,0,0,0,0
370036,1,1,1993,7,7,7,7,7,7,7,7,7,7
370037,0,1,1993,27,27,27,27,27,27,27,27,27,27
370037,1,1,1993,0,0,0,0,0,0,0,5,0,0
370038,1,1,1993,0,0,0,0,0,0,0,0,0,0
370038,2,1,1993,0,0,0,0,0,0,0,0,0,0
370039,1,1,1993,0,0,0,0,0,0,3,0,0,0
370039,2,1,1993,0,0,0,0,0,0,0,0,0,0
370039,3,1,1993,0,0,0,0,0,0,0,0,0,0
370040,1,1,1993,0,0,0,0,0,0,0,0,0,0
370040,2,1,1993,0,0,0,0,0,0,0,0,0,0
370040,3,1,1993,0,0,0,0,0,0,0,0,0,0
370041,1,1,1993,0,0,0,0,0,0,0,0,0,0
370042,1,1,1993,3,3,3,3,3,3,3,3,3,3
370043,1,1,1993,27,27,27,27,27,27,27,27,27,27
370044,1,1,1993,0,0,0,0,0,0,0,0,0,0
370044,2,1,1993,0,0,0,13,0,0,0,0,0,0
370044,3,1,1993,0,0,0,16,0,0,0,0,0,0
370045,1,1,1993,11,0,0,9,18,0,4,0,0,13
370046,1,1,1993,12,0,6,10,14,9,6,11,11,0
370046,2,1,1993,11,11,11,11,11,11,11,11,11,11
370047,1,1,1993,16,16,16,16,16,16,16,16,16,16
370048,1,1,1993,10,10,10,10,10,10,10,10,10,10
370049,1,1,1993,0,0,0,0,0,0,0,0,0,0
370049,2,1,1993,0,17,0,0,0,0,0,0,0,0
370050,1,1,1993,0,0,0,0,0,0,0,0,0,0
370051,1,1,1993,0,0,0,0,0,6,0,0,0,0
370051,2,1,1993,0,0,0,0,0,0,0,0,0,0
370052,0,1,1993,0,0,0,0,0,0,0,0,0,0
370052,1,1,1993,0,0,0,0,13,0,0,17,0,0
370053,1,1,1993,0,0,0,0,0,0,0,0,0,0
370053,2,1,1993,0,0,0,0,0,0,0,0,0,0
370054,1,1,1993,0,0,0,0,0,0,0,0,0,0
370054,2,1,1993,0,0,0,0,0,0,0,0,0,0
370055,1,1,1993,33,33,33,33,33,33,33,33,33,33
370055,2,1,1993,0,0,0,0,0,0,0,0,0,0
370056,1,1,1993,0,0,0,0,0,0,0,0,0,0
370057,1,1,1993,0,0,0,0,0,0,0,0,0,0
370057,2,1,1993,0,0,0,0,0,0,0,0,0,0
370058,1,1,1993,0,0,0,0,0,0,0,0,0,0
370058,2,1,1993,0,0,0,0,0,0,0,0,0,0
370059,1,1,1993,0,0,0,0,0,0,0,0,0,0
370060,1,1,1993,26,26,26,26,26,26,26,26,26,26
370060,2,1,1993,0,0,0,0,0,0,0,0,0,0
370061,1,1,1993,0,0,0,0,0,0,0,0,0,0
370062,1,1,1993,0,0,0,0,0,0,0,0,0,0
370062,2,1,1993,0,0,0,0,0,0,0,0,0,0
370063,1,1,1993,0,0,0,0,0,0,0,0,0,0
370063,2,1,1993,0,0,0,0,0,0,0,0,0,0
370064,1,1,1993,0,31,0,0,0,0,0,0,0,0
370065,1,1,1993,23,23,23,23,23,23,23,23,23,23
370066,1,1,1993,13,18,13,8,28,8,11,0,10,16
370067,1,1,1993,0,0,0,0,0,0,0,0,0,0
370068,1,1,1993,15,15,15,15,15,15,15,15,15,15
370069,1,1,1993,34,34,34,34,34,34,34,34,34,34
370070,1,1,1993,0,0,0,0,0,0,0,0,0,0
370070,2,1,1993,0,0,0,0,0,0,0,0,0,0
370072,1,1,1993,0,0,0,0,0,0,0,0,0,0
370073,1,1,1993,0,0,0,0,0,0,0,0,0,0
370073,2,1,1993,0,0,0,0,0,0,0,0,0,0
370074,1,1,1993,0,0,0,0,0,0,0,0,0,0
370074,2,1,1993,0,0,0,0,0,0,0,0,0,0
370075,0,1,1993,32,32,32,32,32,32,32,32,32,32
370075,1,1,1993,0,0,0,0,0,6,0,0,0,0
370076,1,1,1993,0,0,0,0,0,0,0,0,0,0
370076,2,1,1993,0,0,0,0,0,0,0,0,0,0
370077,1,1,1993,0,0,0,0,0,0,0,0,0,0
370077,2,1,1993,0,0,0,0,0,0,0,0,0,0
370078,0,1,1993,0,0,0,0,0,0,0,0,0,0
370078,1,1,1993,0,0,0,0,0,0,0,0,0,0
370079,1,1,1993,7,15,25,22,14,29,18,10,5,17
370080,1,1,1993,29,29,29,29,29,29,29,29,29,29
370081,1,1,1993,24,24,24,24,24,24,24,24,24,24
370082,1,1,1993,2,14,11,25,0,6,14,10,10,0
370083,0,1,1993,29,29,29,29,29,29,29,29,29,29
370083,1,1,1993,0,0,0,0,0,0,0,0,0,0
370084,1,1,1993,0,0,0,0,0,0,0,0,0,0
370084,2,1,1993,0,0,0,0,0,0,0,0,0,0
370085,1,1,1993,0,0,0,0,0,0,0,0,0,0
370085,2,1,1993,0,0,0,0,0,0,0,0,0,0
370085,3,1,1993,0,0,0,0,0,0,0,0,0,0
370086,1,1,1993,0,0,0,0,0,0,0,0,0,0
370086,2,1,1993,0,0,0,0,0,0,0,0,0,0
370087,0,1,1993,18,18,18,18,18,18,18,18,18,18
370087,1,1,1993,0,0,0,0,0,0,0,0,0,0
370088,1,1,1993,0,10,24,7,25,20,28,13,0,21
370089,0,1,1993,9,9,9,9,9,9,9,9,9,9
370089,1,1,1993,9,18,7,9,8,13,17,0,15,18
370090,1,1,1993,13,13,13,13,13,13,13,13,13,13
370091,1,1,1993,17,3,9,27,7,48,0,15,17,17
370091,2,1,1993,0,0,0,0,0,0,0,0,0,0
370092,0,1,1993,17,17,17,17,17,17,17,17,17,17
370092,1,1,1993,21,18,11,14,2,24,7,11,7,3
370093,0,1,1993,28,0,0,0,0,0,0,0,0,0
370093,1,1,1993,0,0,0,0,0,0,0,0,0,0
370094,0,1,1993,0,0,0,0,0,0,0,0,0,0
370094,1,1,1993,0,0,0,0,0,0,0,0,0,0
370095,1,1,1993,7,12,6,5,8,0,4,0,14,9
370096,1,1,1993,0,0,0,0,0,0,0,0,0,0
370096,2,1,1993,0,0,0,0,0,0,0,0,0,0
370097,1,1,1993,0,0,0,0,0,0,0,0,0,0
370097,2,1,1993,0,0,0,0,0,0,0,0,0,0
370098,1,1,1993,2,2,5,2,5,14,14,0,9,0
370098,2,1,1993,0,0,0,0,0,0,0,0,0,0
370099,1,1,1993,32,32,32,32,32,32,32,32,32,32
370100,1,1,1993,0,0,0,0,0,0,0,0,0,0
370100,2,1,1993,0,0,0,0,0,0,0,0,0,0
370101,1,1,1993,0,0,0,0,0,0,0,0,0,0
370101,2,1,1993,0,0,0,0,0,0,0,0,0,0
370102,1,1,1993,0,0,0,0,0,0,0,0,0,0
370103,1,1,1993,0,0,0,0,0,0,0,0,0,6
370103,2,1,1993,0,0,0,0,0,0,0,0,0,0
370103,3,1,1993,0,0,0,0,0,0,0,0,0,0
370103,4,1,1993,0,0,0,0,0,0,0,0,0,0
370103,5,1,1993,0,0,0,0,0,0,0,0,0,0
370103,6,1,1993,0,0,0,0,0,0,0,0,0,0
370104,1,1,1993,0,0,0,0,0,0,0,0,0,0
370105,0,1,1993,39,39,39,39,39,39,39,39,39,39
370105,1,1,1993,0,0,0,0,0,0,0,0,0,0
370106,1,1,1993,0,0,0,0,0,0,0,0,0,0
370107,1,1,1993,16,13,20,26,11,11,4,18,23,14
370109,1,1,1993,0,0,0,18,0,0,0,0,0,0
370109,2,1,1993,12,18,18,16,14,0,28,9,20,13
370110,1,1,1993,0,0,0,0,0,0,0,0,0,0
370110,2,1,1993,0,0,0,0,0,0,0,6,0,0
370111,1,1,1993,0,0,0,0,0,0,0,0,0,0
370111,2,1,1993,0,0,0,0,0,0,0,0,0,0
370112,1,1,1993,11,13,11,15,18,3,12,20,3,0
370112,2,1,1993,14,14,14,14,14,14,14,14,14,14
370112,3,1,1993,0,10,0,14,0,0,0,0,0,5
370113,1,1,1993,0,0,0,0,0,0,0,0,0,0
370114,1,1,1993,0,0,0,0,0,0,0,0,0,0
370115,1,1,1993,0,0,0,0,0,0,0,0,0,0
370115,2,1,1993,0,0,0,0,0,0,0,0,0,0
370116,1,1,1993,18,18,18,18,18,18,18,18,18,18
370116,2,1,1993,0,0,0,0,0,0,0,0,0,0
370117,1,1,1993,3,10,7,14,0,0,10,12,14,3
370117,2,1,1993,0,0,0,0,0,0,0,0,0,0
370118,1,1,1993,0,0,0,0,0,0,0,0,0,0
370119,1,1,1993,0,0,0,0,0,0,0,0,0,0
370119,2,1,1993,0,0,0,0,0,0,0,0,0,0
370120,0,1,1993,34,34,34,34,34,34,34,34,34,34
370120,1,1,1993,0,0,0,0,0,0,0,0,0,0
370121,1,1,1993,0,0,0,0,0,0,0,0,0,0
370121,2,1,1993,0,0,0,0,0,0,0,0,0,0
370122,0,1,1993,0,0,0,0,0,0,0,0,0,0
370122,1,1,1993,0,0,0,0,0,0,11,0,0,0
370123,0,1,1993,0,0,0,19,0,0,0,0,0,0
370123,1,1,1993,0,0,0,0,0,0,0,0,0,0
370124,1,1,1993,0,0,0,0,3,0,0,0,0,0
370124,2,1,1993,0,0,0,0,0,0,0,0,0,0
370125,1,1,1993,0,0,0,0,0,0,0,0,0,0
370126,1,1,1993,0,0,0,0,0,0,0,0,0,0
370126,2,1,1993,0,0,0,0,0,0,0,0,0,0
370127,1,1,1993,0,0,0,0,0,0,0,0,0,11
370128,0,1,1993,32,32,32,32,32,32,32,32,32,32
370128,1,1,1993,0,0,0,0,0,0,0,0,0,0
370129,1,1,1993,0,0,0,0,0,0,0,0,0,0
370129,2,1,1993,0,0,0,0,0,0,0,0,0,0
370130,1,1,1993,0,0,10,0,0,0,0,0,0,0
370131,1,1,1993,0,0,0,0,0,0,0,0,0,0
370132,0,1,1993,0,0,0,0,0,0,0,0,0,0
370132,1,1,1993,0,0,0,0,0,0,0,0,0,0
370133,1,1,1993,0,0,0,0,0,0,0,0,0,0
370133,2,1,1993,0,0,0,0,0,0,0,0,0,0
370134,1,1,1993,0,0,0,0,0,0,0,0,0,0
370134,2,1,1993,0,0,0,0,0,0,0,0,0,0
370135,1,1,1993,0,0,0,0,0,19,0,0,0,0
370135,2,1,1993,0,0,0,0,0,0,0,0,0,0
370136,0,1,1993,0,0,0,0,0,0,0,0,0,0
370136,1,1,1993,0,0,0,0,0,0,0,5,0,0
370137,1,1,1993,6,6,6,6,6,6,6,6,6,6
370137,2,1,1993,0,0,0,0,0,0,0,0,0,0
370138,1,1,1993,2,2,2,2,2,2,2,2,2,2
370138,2,1,1993,0,0,0,0,0,0,0,0,12,0
370139,1,1,1993,16,28,13,16,19,14,18,21,0,9
370140,1,1,1993,0,0,0,0,0,0,0,0,0,0
370140,2,1,1993,16,41,34,21,34,17,25,17,20,26
370141,1,1,1993,0,0,0,0,0,0,0,0,0,0
370141,2,1,1993,0,0,0,0,0,0,0,0,0,0
370141,3,1,1993,0,0,0,0,0,15,0,0,0,0
370142,1,1,1993,0,0,0,0,0,0,0,0,0,0
370142,2,1,1993,0,0,0,0,0,0,0,0,0,0
370143,1,1,1993,0,0,0,0,0,0,0,0,0,0
370144,1,1,1993,0,18,0,11,0,9,24,0,16,21
370145,1,1,1993,12,12,12,12,12,12,12,12,12,12
370146,1,1,1993,0,0,0,0,0,0,0,0,0,0
370146,2,1,1993,30,30,30,30,30,30,30,30,30,30
370146,3,1,1993,0,0,0,0,0,0,0,0,0,0
370147,0,1,1993,24,24,24,24,24,24,24,24,24,24
370147,1,1,1993,0,0,0,0,0,0,0,0,0,0
370148,1,1,1993,0,0,0,0,0,0,0,0,0,0
370148,2,1,1993,0,0,0,0,0,0,0,0,0,0
370149,1,1,1993,0,0,0,0,0,0,0,0,0,0
370149,2,1,1993,0,0,0,0,0,0,0,0,0,0
370150,1,1,1993,0,0,0,0,0,0,0,0,0,0
370150,2,1,1993,0,0,0,0,0,0,0,0,0,0
370151,1,1,1993,0,0,0,0,0,0,0,0,0,0
370152,1,1,1993,13,0,0,0,0,0,0,0,0,0
370153,1,1,1993,16,16,16,16,16,16,16,16,16,16
370154,1,1,1993,0,0,0,0,0,0,0,0,0,0
370154,2,1,1993,0,0,0,0,0,0,0,0,0,0
370155,1,1,1993,0,0,0,0,0,0,0,0,0,0
370155,2,1,1993,15,29,20,33,0,28,2,0,0,26
370156,1,1,1993,20,20,20,20,20,20,20,20,20,20
370157,1,1,1993,16,16,16,16,16,16,16,16,16,16
370158,0,1,1993,0,0,0,0,0,0,0,0,0,0
370158,1,1,1993,0,0,0,0,0,0,0,0,0,0
370159,1,1,1993,0,0,0,0,0,0,0,0,0,0
370160,1,1,1993,0,0,0,0,0,0,0,0,0,0
370160,2,1,1993,0,0,0,0,0,0,0,0,0,0
370161,1,1,1993,0,0,0,18,0,0,0,0,0,0
370162,1,1,1993,0,0,0,0,0,0,0,0,0,0
370162,2,1,1993,0,0,0,0,0,0,0,0,0,0
370163,1,1,1993,14,14,14,14,14,14,14,14,14,14
370164,1,1,1993,0,0,0,0,0,0,0,0,0,0
370164,2,1,1993,0,0,0,0,0,0,0,0,0,0
370165,1,1,1993,0,0,0,0,0,0,0,0,0,0
370165,2,1,1993,0,0,0,0,0,0,0,0,0,0
370166,1,1,1993,22,22,22,22,22,22,22,22,22,22
370167,1,1,1993,16,16,16,16,16,16,16,16,16,16
370168,1,1,1993,32,32,32,32,32,32,32,32,32,32
370169,1,1,1993,0,0,0,0,0,0,0,0,0,0
370169,2,1,1993,0,0,0,0,0,0,0,0,0,0
370170,0,1,1993,12,12,12,12,12,12,12,12,12,12
370170,1,1,1993,4,12,16,7,5,5,16,19,11,15
370171,1,1,1993,28,28,28,28,28,28,28,28,28,28
370172,1,1,1993,0,0,0,0,0,0,0,0,0,0
370173,1,1,1993,0,0,0,0,0,0,0,0,0,0
370174,1,1,1993,0,0,0,0,0,0,0,0,0,0
370174,2,1,1993,0,0,0,0,0,0,0,0,0,0