ST_CASE,VEH_NO,PER_NO,YEAR,P1,P2,P3,P4,P5,P6,P7,P8,P9,P10
370175,0,1,1993,32,32,32,32,32,32,32,32,32,32
370175,1,1,1993,17,13,9,7,9,3,11,16,10,16
370176,0,1,1993,0,0,0,0,0,0,0,0,0,0
370176,1,1,1993,0,0,0,0,0,0,0,0,0,0
370177,1,1,1993,0,0,0,0,0,0,0,0,0,0
370178,1,1,1993,0,0,0,0,0,0,0,0,0,0
370178,2,1,1993,0,0,0,0,0,0,0,0,0,0
370179,1,1,1993,0,0,0,0,0,0,0,0,0,0
370180,1,1,1993,21,21,21,21,21,21,21,21,21,21
370181,1,1,1993,0,0,0,0,0,0,0,0,0,0
370182,1,1,1993,0,0,0,0,0,0,0,0,0,0
370182,2,1,1993,0,0,0,0,0,0,0,0,0,0
370182,3,1,1993,0,0,0,0,0,0,0,0,0,0
370182,4,1,1993,0,0,0,0,0,0,0,0,0,0
370182,5,1,1993,0,0,0,0,0,0,0,0,0,0
370183,1,1,1993,0,0,0,0,0,0,0,0,0,0
370184,1,1,1993,6,6,6,6,6,6,6,6,6,6
370185,1,1,1993,0,0,0,0,0,0,0,0,0,0
370186,1,1,1993,0,0,0,0,0,0,0,0,0,0
370186,2,1,1993,0,0,0,0,0,0,0,0,0,12
370187,1,1,1993,0,0,0,0,0,30,0,0,0,0
370187,2,1,1993,0,0,0,0,0,0,0,0,0,0
370188,1,1,1993,0,0,0,0,0,0,0,0,0,0
370189,0,1,1993,0,0,0,0,0,0,0,0,0,0
370189,0,2,1993,0,6,0,0,0,10,0,0,0,6
370189,1,1,1993,0,0,0,0,0,0,0,0,0,0
370190,1,1,1993,0,0,0,0,0,0,0,0,0,0
370190,2,1,1993,0,0,0,0,0,0,0,0,0,0
370191,1,1,1993,19,19,19,19,19,19,19,19,19,19
370192,1,1,1993,0,0,0,0,0,0,0,0,0,0
370192,2,1,1993,0,0,0,0,0,0,0,0,0,0
370193,1,1,1993,26,10,17,5,16,14,19,17,20,5
370194,1,1,1993,12,21,7,3,20,8,15,22,11,11
370195,1,1,1993,0,0,0,0,0,0,0,0,0,0
370195,2,1,1993,37,26,0,0,9,32,13,0,5,0
370196,1,1,1993,0,0,0,0,0,0,0,0,0,0
370196,2,1,1993,0,0,0,0,0,0,0,0,0,0
370197,1,1,1993,7,7,7,7,7,7,7,7,7,7
370198,1,1,1993,0,0,0,0,0,0,0,0,0,0
370198,2,1,1993,0,0,0,0,0,0,0,0,0,0
370199,1,1,1993,0,0,0,0,0,0,0,0,10,0
370199,2,1,1993,0,0,0,0,0,0,0,0,0,0
370200,1,1,1993,16,16,16,16,16,16,16,16,16,16
370201,1,1,1993,0,0,0,0,0,0,0,0,0,0
370201,2,1,1993,0,0,0,0,0,0,0,0,0,0
370202,1,1,1993,0,0,0,0,0,0,0,0,0,0
370202,2,1,1993,0,0,0,0,0,0,0,0,0,0
370202,3,1,1993,0,0,0,0,0,0,0,0,0,0
370203,1,1,1993,0,0,0,0,0,0,0,0,0,0
370203,2,1,1993,0,0,0,0,0,0,0,0,0,0
370204,1,1,1993,0,0,0,0,0,0,0,0,0,0
370205,1,1,1993,0,0,0,0,0,0,0,0,0,0
370206,1,1,1993,0,0,0,0,0,0,0,0,0,0
370206,2,1,1993,0,0,0,0,0,0,0,0,0,0
370207,1,1,1993,0,0,0,0,0,0,0,0,0,0
370207,2,1,1993,0,0,0,0,0,0,0,0,0,0
370208,1,1,1993,0,0,0,0,0,0,0,0,0,0
370209,1,1,1993,0,0,0,0,0,0,0,0,0,0
370209,2,1,1993,0,0,0,0,0,0,0,0,0,0
370210,1,1,1993,26,26,26,26,26,26,26,26,26,26
370211,1,1,1993,0,0,0,0,0,0,0,0,0,0
370212,0,1,1993,0,0,0,0,0,0,0,0,0,0
370212,1,1,1993,0,0,0,0,0,0,0,0,0,0
370213,1,1,1993,0,0,0,0,0,0,0,0,0,0
370213,2,1,1993,0,0,0,0,0,0,0,0,0,0
370214,0,1,1993,0,0,0,0,0,0,0,0,0,0
370214,1,1,1993,0,0,0,0,0,0,0,0,0,0
370215,1,1,1993,0,0,0,0,0,0,0,0,0,0
370215,2,1,1993,21,21,21,21,21,21,21,21,21,21
370216,1,1,1993,0,0,0,0,0,0,0,0,0,0
370216,2,1,1993,0,0,0,0,0,0,0,0,0,0
370217,1,1,1993,0,0,0,0,0,0,0,0,0,0
370217,2,1,1993,11,11,11,11,11,11,11,11,11,11
370217,3,1,1993,0,0,0,0,0,0,0,0,0,0
370218,1,1,1993,0,0,0,0,0,0,0,0,0,0
370218,2,1,1993,23,0,20,12,10,14,15,15,16,20
370219,1,1,1993,0,0,0,0,0,0,0,0,0,0
370220,1,1,1993,0,7,0,0,0,0,0,0,0,0
370221,1,1,1993,33,33,33,33,33,33,33,33,33,33
370222,1,1,1993,4,4,4,4,4,4,4,4,4,4
370223,1,1,1993,34,34,34,34,34,34,34,34,34,34
370224,0,1,1993,0,0,0,0,0,0,0,0,0,0
370224,1,1,1993,14,17,12,21,16,15,6,22,14,26
370225,1,1,1993,0,21,0,13,12,14,13,7,24,0
370226,1,1,1993,34,21,26,30,22,29,21,35,32,21
370227,1,1,1993,7,12,21,12,11,0,0,11,11,0
370228,1,1,1993,0,0,0,0,0,9,13,0,0,0
370228,2,1,1993,27,27,27,27,27,27,27,27,27,27
370229,1,1,1993,0,0,0,0,0,0,0,0,0,0
370230,1,1,1993,13,15,23,21,24,31,4,16,8,37
370230,2,1,1993,0,0,0,0,0,0,0,0,0,0
370230,3,1,1993,0,0,0,0,0,0,0,0,0,0
370230,4,1,1993,0,0,0,0,0,0,0,0,0,0
370231,1,1,1993,0,0,0,0,0,0,0,0,0,0
370231,2,1,1993,0,0,0,0,0,0,0,0,0,0
370232,1,1,1993,0,0,0,0,0,0,0,0,0,0
370232,2,1,1993,0,0,0,0,0,0,0,0,0,0
370233,1,1,1993,0,0,0,0,0,0,0,0,0,0
370233,2,1,1993,0,0,0,0,0,0,0,0,0,0
370234,1,1,1993,0,0,0,0,0,18,7,0,0,0
370234,2,1,1993,0,0,0,0,0,0,0,0,0,0
370235,1,1,1993,0,0,0,0,0,0,0,0,0,0
370236,1,1,1993,0,0,0,0,0,0,0,0,0,0
370237,1,1,1993,16,19,16,18,4,23,15,13,9,14
370238,1,1,1993,26,13,6,6,19,11,13,6,14,0
370238,2,1,1993,0,0,0,0,0,0,0,0,0,0
370238,3,1,1993,0,0,0,0,0,0,0,0,0,0
370239,1,1,1993,0,0,0,0,0,0,0,0,0,0
370239,2,1,1993,0,0,0,0,0,0,0,0,0,0
370240,1,1,1993,0,0,0,0,0,0,0,0,0,0
370240,2,1,1993,0,0,0,0,0,0,0,0,0,0
370241,1,1,1993,0,0,0,0,0,0,0,0,0,0
370242,0,1,1993,0,0,0,0,0,0,0,0,0,0
370242,1,1,1993,0,0,0,0,0,0,0,0,0,0
370243,1,1,1993,26,26,26,26,26,26,26,26,26,26
370244,1,1,1993,0,13,0,0,0,5,10,0,13,0
370245,0,1,1993,8,8,8,8,8,8,8,8,8,8
370245,1,1,1993,0,0,0,2,14,0,0,0,0,0
370246,1,1,1993,0,0,0,0,0,0,0,0,0,0
370247,1,1,1993,0,0,0,0,0,0,0,0,0,0
370247,2,1,1993,0,0,0,0,0,0,0,0,0,0
370248,1,1,1993,0,0,0,0,0,0,0,0,0,0
370248,2,1,1993,0,0,0,0,0,0,0,0,0,0
370249,1,1,1993,22,22,22,22,22,22,22,22,22,22
370250,1,1,1993,0,0,0,0,0,0,0,0,0,0
370250,2,1,1993,0,0,0,0,0,0,0,0,0,0
370251,0,1,1993,29,29,29,29,29,29,29,29,29,29
370251,1,1,1993,23,0,7,13,21,4,11,21,12,24
370252,1,1,1993,0,0,0,0,0,0,0,0,0,0
370252,2,1,1993,0,0,0,0,0,0,0,0,0,0
370253,0,1,1993,0,0,0,0,0,0,0,0,0,0
370253,1,1,1993,20,27,17,17,18,18,14,17,9,29
370254,0,1,1993,0,0,0,0,0,0,0,0,0,0
370254,1,1,1993,0,0,0,0,0,0,0,0,0,0
370255,1,1,1993,0,0,0,0,0,0,0,0,0,0
370256,1,1,1993,6,6,6,6,6,6,6,6,6,6
370257,1,1,1993,0,0,0,0,0,0,0,0,0,0
370258,1,1,1993,0,0,0,0,0,0,0,0,0,0
370259,1,1,1993,24,24,24,24,24,24,24,24,24,24
370260,1,1,1993,0,0,0,0,0,0,0,0,0,0
370261,1,1,1993,15,15,15,15,15,15,15,15,15,15
370261,2,1,1993,0,0,0,0,0,0,0,0,0,0
370262,0,1,1993,0,0,0,0,0,0,0,0,0,0
370262,1,1,1993,0,0,0,0,0,0,0,0,0,0
370263,1,1,1993,22,22,22,22,22,22,22,22,22,22
370264,1,1,1993,0,0,0,0,0,0,0,0,0,0
370264,2,1,1993,0,0,0,0,0,0,0,0,0,0
370265,1,1,1993,24,24,24,24,24,24,24,24,24,24
370266,1,1,1993,0,0,0,0,0,0,0,0,0,0
370266,2,1,1993,0,0,0,0,0,0,0,0,0,0
370266,3,1,1993,0,0,0,0,0,0,0,0,0,0
370267,1,1,1993,13,13,13,13,13,13,13,13,13,13
370268,1,1,1993,0,0,0,0,0,0,0,0,0,0
370268,2,1,1993,0,0,0,0,0,2,0,0,0,0
370269,1,1,1993,15,24,12,0,20,16,14,15,24,16
370269,2,1,1993,0,0,0,0,0,0,0,0,0,0
370270,1,1,1993,0,0,0,0,0,0,0,0,0,0
370271,1,1,1993,0,0,0,0,0,0,0,0,0,0
370271,2,1,1993,0,0,0,0,0,0,0,0,0,0
370272,1,1,1993,0,0,0,0,0,8,0,0,0,0
370273,1,1,1993,0,0,0,0,0,0,0,0,0,0
370274,1,1,1993,0,0,0,0,0,0,0,0,0,0
370275,1,1,1993,0,0,0,0,0,0,0,0,0,0
370275,2,1,1993,0,0,0,0,0,0,0,0,0,0
370276,1,1,1993,0,0,0,0,0,0,0,0,0,0
370277,1,1,1993,15,15,15,15,15,15,15,15,15,15
370278,1,1,1993,0,0,0,0,0,0,0,0,0,0
370278,2,1,1993,0,0,0,0,0,0,0,0,0,0
370279,1,1,1993,6,0,25,0,0,30,0,0,0,0
370279,2,1,1993,4,0,0,0,0,0,0,0,0,0
370280,1,1,1993,0,0,0,0,0,0,0,0,0,0
370280,2,1,1993,0,0,0,0,0,0,0,0,0,0
370281,1,1,1993,0,0,0,0,0,0,0,0,0,0
370281,2,1,1993,0,0,0,0,0,0,0,0,0,0
370282,1,1,1993,0,0,0,0,0,0,0,0,0,0
370283,1,1,1993,0,0,0,0,0,0,0,0,0,0
370283,2,1,1993,0,0,0,0,0,0,0,0,0,0
370284,1,1,1993,30,30,30,30,30,30,30,30,30,30
370285,1,1,1993,25,23,11,18,23,25,0,0,22,11
370286,1,1,1993,14,16,13,17,12,31,17,21,19,21
370286,2,1,1993,0,0,0,0,0,0,0,0,0,0
370287,1,1,1993,0,0,0,0,0,0,0,0,0,0
370287,2,1,1993,0,0,0,0,0,0,0,0,0,0
370288,1,1,1993,27,27,27,27,27,27,27,27,27,27
370289,0,1,1993,0,0,0,0,0,0,0,0,0,0
370289,1,1,1993,17,0,19,14,11,14,21,0,9,19
370290,1,1,1993,0,0,0,0,0,0,0,0,0,0
370290,2,1,1993,0,0,0,8,0,0,0,0,0,0
370291,1,1,1993,0,0,0,0,0,0,0,0,0,0
370292,0,1,1993,22,22,22,22,22,22,22,22,22,22
370292,1,1,1993,0,0,0,0,0,0,0,0,0,0
370293,1,1,1993,0,0,0,0,0,0,0,0,0,0
370293,2,1,1993,0,0,0,0,0,0,0,0,0,0
370294,1,1,1993,0,0,0,0,0,0,0,0,0,0
370294,2,1,1993,0,0,4,0,0,0,0,0,0,0
370295,1,1,1993,0,0,0,0,0,0,0,0,0,0
370296,1,1,1993,0,0,12,0,0,0,0,0,0,0
370296,2,1,1993,0,0,0,0,0,0,0,0,0,0
370297,1,1,1993,27,27,27,27,27,27,27,27,27,27
370297,2,1,1993,0,0,0,0,0,0,0,0,0,0
370298,1,1,1993,0,0,0,0,0,0,0,0,0,0
370298,2,1,1993,0,0,0,0,0,0,0,0,0,0
370299,0,1,1993,10,10,10,10,10,10,10,10,10,10
370300,0,1,1993,26,26,26,26,26,26,26,26,26,26
370300,1,1,1993,8,34,11,17,7,15,11,27,6,22
370301,1,1,1993,0,0,0,0,0,0,0,0,0,0
370301,2,1,1993,0,0,0,0,0,0,0,0,15,0
370301,3,1,1993,0,0,0,0,0,0,0,0,0,0
370302,1,1,1993,0,0,0,0,0,0,0,0,0,0
370302,2,1,1993,0,7,0,0,0,0,0,0,0,0
370303,1,1,1993,0,0,0,0,0,0,0,0,0,0
370303,2,1,1993,0,0,0,0,0,0,0,0,0,11
370304,1,1,1993,0,0,0,0,0,0,6,0,0,0
370305,0,1,1993,0,0,0,0,0,0,0,0,0,0
370305,1,1,1993,0,0,0,0,0,0,0,0,0,0
370306,1,1,1993,0,0,0,0,0,0,0,0,0,0
370307,1,1,1993,13,13,13,13,13,13,13,13,13,13
370307,2,1,1993,0,0,0,0,0,0,0,0,0,0
370308,0,1,1993,0,0,0,0,0,0,0,0,0,0
370308,0,2,1993,0,0,0,0,0,0,43,0,0,0
370308,1,1,1993,0,0,0,0,0,0,0,0,0,0
370309,1,1,1993,0,0,0,0,0,0,0,0,0,0
370310,0,1,1993,12,12,12,12,12,12,12,12,12,12
370310,1,1,1993,0,0,0,0,0,0,0,0,7,0
370311,1,1,1993,20,20,20,20,20,20,20,20,20,20
370312,1,1,1993,0,0,0,0,0,0,0,0,0,0
370312,2,1,1993,0,0,0,0,0,0,0,0,0,0
370313,1,1,1993,23,23,23,23,23,23,23,23,23,23
370314,1,1,1993,0,0,0,0,0,0,0,0,0,0
370314,2,1,1993,0,0,0,0,0,0,0,0,0,0
370315,1,1,1993,0,0,0,0,0,0,0,0,0,0
370315,2,1,1993,0,0,0,0,0,16,0,0,0,0
370316,1,1,1993,0,0,0,0,0,0,0,0,0,0
370317,1,1,1993,0,0,0,0,0,0,0,0,0,0
370317,2,1,1993,0,0,0,16,12,0,0,0,6,0
370318,1,1,1993,0,0,0,0,0,0,0,0,0,0
370319,1,1,1993,0,0,0,0,0,0,0,0,0,0
370319,2,1,1993,0,0,0,0,0,0,0,0,0,0
370320,1,1,1993,13,10,17,22,5,26,7,9,15,32
370320,2,1,1993,0,0,0,0,0,0,0,0,0,0
370321,1,1,1993,0,0,0,0,8,0,0,0,0,0
370321,2,1,1993,0,0,0,0,0,0,0,0,0,0
370322,1,1,1993,0,0,0,0,0,0,0,0,0,0
370323,1,1,1993,10,10,10,10,10,10,10,10,10,10
370324,1,1,1993,0,0,0,0,0,0,0,0,0,0
370325,1,1,1993,0,0,0,0,0,0,0,0,0,0
370325,2,1,1993,0,0,0,0,0,0,0,0,0,0
370326,1,1,1993,5,19,5,12,10,17,5,13,11,21
370327,1,1,1993,0,0,0,0,0,0,28,13,0,0
370329,1,1,1993,16,16,16,16,16,16,16,16,16,16
370330,1,1,1993,0,0,0,0,0,0,0,0,0,0
370330,2,1,1993,0,0,0,0,0,0,0,0,0,0
370331,1,1,1993,25,0,0,0,0,0,0,0,0,0
370332,1,1,1993,0,0,0,0,0,0,0,0,0,0
370333,1,1,1993,4,4,4,4,4,4,4,4,4,4
370334,1,1,1993,0,0,0,0,0,0,0,0,0,0
370334,2,1,1993,0,0,0,0,0,0,0,0,0,0
370335,0,1,1993,24,0,20,0,0,9,0,10,19,0
370335,1,1,1993,0,0,0,0,0,0,0,0,0,0
370335,2,1,1993,0,0,0,0,0,0,0,0,0,0
370336,1,1,1993,0,0,0,0,0,0,0,0,0,0
370336,2,1,1993,0,0,0,0,0,0,0,0,0,0
370337,1,1,1993,0,0,0,0,0,0,0,0,0,0
370338,1,1,1993,0,0,0,0,0,0,0,0,0,0
370338,2,1,1993,0,0,0,0,0,0,0,0,0,0
370339,1,1,1993,0,0,0,0,0,0,0,0,0,0
370339,2,1,1993,19,19,19,19,19,19,19,19,19,19
370340,1,1,1993,0,0,0,0,0,0,0,0,0,0
370340,2,1,1993,0,0,0,0,0,0,0,0,0,0
370340,3,1,1993,0,0,0,0,0,0,0,0,0,0
370340,4,1,1993,0,0,0,0,0,0,0,0,0,15
370341,0,1,1993,18,18,18,18,18,18,18,18,18,18
370341,1,1,1993,0,0,0,0,0,0,0,0,0,0
370342,0,1,1993,23,23,23,23,23,23,23,23,23,23
370342,1,1,1993,0,0,0,0,0,0,0,0,0,0
370343,1,1,1993,0,0,0,0,0,0,0,0,0,0
370344,1,1,1993,0,0,0,0,0,0,0,0,0,0
370344,2,1,1993,0,0,0,0,0,0,0,0,0,0
370344,3,1,1993,0,0,0,0,0,0,0,0,0,0
370345,0,1,1993,0,0,0,0,0,0,0,0,0,0
370345,1,1,1993,0,0,0,0,0,0,0,0,0,0
370346,1,1,1993,15,16,0,9,18,0,15,32,19,0
370347,1,1,1993,29,29,29,29,29,29,29,29,29,29
370347,2,1,1993,0,0,0,0,0,0,0,0,0,0
370348,1,1,1993,32,32,32,32,32,32,32,32,32,32
370348,2,1,1993,0,0,0,0,0,0,0,0,0,0
370349,1,1,1993,0,0,0,0,0,0,0,0,0,0
370349,2,1,1993,0,0,0,0,0,0,0,0,0,0
370350,0,1,1993,0,0,0,0,0,0,0,0,0,0
370350,1,1,1993,0,0,0,0,0,0,0,0,0,0
370351,1,1,1993,0,0,0,0,0,0,0,0,0,0
370351,2,1,1993,0,0,0,0,0,0,0,0,0,0
370351,3,1,1993,0,0,0,0,0,0,0,0,0,0
370352,1,1,1993,0,0,0,0,0,0,0,0,0,0
370352,2,1,1993,0,0,0,0,0,0,0,0,0,0
370353,1,1,1993,0,0,0,0,0,0,0,0,0,0
370353,2,1,1993,0,0,0,0,0,0,0,0,0,0
370354,0,1,1993,0,0,0,0,0,0,0,0,0,0
370354,1,1,1993,0,0,0,0,0,0,0,0,0,0
370355,1,1,1993,23,23,23,23,23,23,23,23,23,23
370356,1,1,1993,0,0,0,0,0,0,0,0,0,0
370356,2,1,1993,0,0,0,0,0,0,0,0,0,0
370357,1,1,1993,17,17,17,17,17,17,17,17,17,17
370358,1,1,1993,3,3,3,3,3,3,3,3,3,3
370358,2,1,1993,0,0,0,0,0,0,0,0,0,0
370359,1,1,1993,0,0,0,0,0,0,0,0,0,0
370359,2,1,1993,0,0,0,0,0,0,0,0,1,0
370360,1,1,1993,0,0,0,0,0,0,0,0,0,0
370361,1,1,1993,18,18,18,18,18,18,18,18,18,18
370362,1,1,1993,0,0,0,0,0,0,0,0,0,0
370363,1,1,1993,14,14,14,14,14,14,14,14,14,14
370364,1,1,1993,0,0,0,0,0,0,0,0,0,0
370364,2,1,1993,17,17,17,17,17,17,17,17,17,17
370365,1,1,1993,28,28,28,28,28,28,28,28,28,28
370366,1,1,1993,9,14,8,7,17,14,10,12,14,6
370367,1,1,1993,0,0,0,0,0,0,0,0,0,0
370368,1,1,1993,0,0,0,0,0,0,0,0,0,0
370368,2,1,1993,0,0,0,0,0,5,0,0,0,0
370369,1,1,1993,0,0,0,0,0,0,0,0,0,0
370369,2,1,1993,0,0,0,0,0,0,0,0,0,0
370370,1,1,1993,19,19,19,19,19,19,19,19,19,19
370370,2,1,1993,0,0,0,0,0,0,0,0,0,0
370371,1,1,1993,0,0,0,0,0,0,0,0,0,0
370372,1,1,1993,0,0,0,0,0,0,0,0,0,0
370372,2,1,1993,0,0,0,0,0,0,0,0,0,0
370373,0,1,1993,0,0,0,0,0,0,0,0,0,0
370373,1,1,1993,0,0,0,0,0,0,0,0,0,0
370374,1,1,1993,16,16,16,16,16,16,16,16,16,16
370375,1,1,1993,0,0,0,0,0,0,0,0,0,0
370376,1,1,1993,0,0,0,0,0,0,0,0,0,0
370376,2,1,1993,0,0,0,0,0,0,0,0,11,0
370377,1,1,1993,0,0,0,0,0,0,0,0,0,0
370378,1,1,1993,17,17,17,17,17,17,17,17,17,17
370379,1,1,1993,23,23,23,23,23,23,23,23,23,23
370380,1,1,1993,0,0,0,0,0,0,0,0,0,0
370380,2,1,1993,0,0,0,0,0,0,0,0,0,0
370381,1,1,1993,0,0,11,0,0,0,0,21,0,26
370382,1,1,1993,0,0,0,0,0,0,0,0,0,0
370383,1,1,1993,0,0,0,0,0,0,0,0,0,0
370383,2,1,1993,0,0,0,0,0,0,0,0,0,8
370384,0,1,1993,46,29,20,9,25,15,13,28,23,12
370384,0,2,1993,18,18,18,18,18,18,18,18,18,18
370384,1,1,1993,0,0,0,0,0,0,0,0,0,0
370385,1,1,1993,0,0,0,0,0,0,0,0,0,0
370385,2,1,1993,0,0,0,0,0,0,0,0,0,0
370385,3,1,1993,0,0,0,0,0,0,0,0,0,0
370386,1,1,1993,24,24,24,24,24,24,24,24,24,24
370387,1,1,1993,0,0,0,0,16,0,0,0,8,0
370388,1,1,1993,29,29,29,29,29,29,29,29,29,29
370389,1,1,1993,28,28,28,28,28,28,28,28,28,28
370390,1,1,1993,20,28,32,24,19,29,29,15,17,21
370391,1,1,1993,0,0,0,0,0,0,0,0,0,0
370391,2,1,1993,0,0,0,0,0,0,0,0,0,0
370392,1,1,1993,0,42,0,0,0,0,0,0,0,0
370392,2,1,1993,0,0,0,0,0,0,0,0,0,0
370393,1,1,1993,0,0,0,0,0,0,0,0,0,0
370394,1,1,1993,0,0,0,0,0,0,0,0,0,0
370394,2,1,1993,10,10,10,10,10,10,10,10,10,10
370394,3,1,1993,0,0,0,0,0,0,0,0,0,0
370395,1,1,1993,0,0,0,0,0,0,0,0,0,0
370396,1,1,1993,14,0,0,0,0,0,10,0,0,0
370396,2,1,1993,0,0,0,0,0,0,0,0,0,0
370397,1,1,1993,0,0,0,0,0,0,0,0,0,16
370397,2,1,1993,0,0,0,0,0,0,0,0,0,0
370398,1,1,1993,0,0,0,0,0,0,0,0,0,0
370398,2,1,1993,0,0,0,0,0,0,0,0,0,0
370399,1,1,1993,0,0,19,14,0,0,0,0,0,0
370400,1,1,1993,0,0,0,0,0,0,0,0,0,0
370400,2,1,1993,0,0,0,0,0,0,0,0,0,0
370401,1,1,1993,0,0,0,0,0,0,0,0,0,0
370401,2,1,1993,0,0,0,0,0,0,0,0,0,0
370401,3,1,1993,0,8,0,0,0,0,0,0,0,0
370402,0,1,1993,0,0,0,0,0,0,0,0,0,0
370402,1,1,1993,13,0,0,0,0,0,0,0,0,0
370403,0,1,1993,0,8,0,9,0,0,20,11,30,9
370403,0,2,1993,0,0,0,0,0,0,0,0,0,0
370403,1,1,1993,0,0,0,0,0,0,0,0,0,0
370404,1,1,1993,0,0,0,0,0,0,0,0,0,0
370405,1,1,1993,18,18,18,18,18,18,18,18,18,18
370406,1,1,1993,0,0,0,0,0,0,0,0,0,0
370407,1,1,1993,19,8,0,14,8,0,13,11,28,15
370408,1,1,1993,0,0,0,0,0,0,0,0,0,0
370409,1,1,1993,0,0,0,0,0,0,0,0,0,0
370410,1,1,1993,0,0,0,0,0,0,0,0,0,0
370411,1,1,1993,0,0,0,0,0,0,0,0,0,0
370412,1,1,1993,0,0,0,0,0,0,0,0,0,0
370412,2,1,1993,0,0,0,0,0,0,0,0,0,0
370413,0,1,1993,0,0,0,0,0,0,0,0,0,0
370413,1,1,1993,0,0,0,0,0,0,0,0,0,0
370414,1,1,1993,9,9,9,9,9,9,9,9,9,9
370415,1,1,1993,0,0,0,0,0,0,0,0,0,0
370415,2,1,1993,0,0,0,0,0,0,0,0,0,0
370415,3,1,1993,0,0,0,0,0,0,0,0,0,0
370416,1,1,1993,0,0,0,0,0,0,0,0,0,0
370417,1,1,1993,0,0,0,0,0,0,0,0,0,0
370417,2,1,1993,0,0,0,0,0,0,0,0,0,0
370417,3,1,1993,0,0,0,0,0,0,0,0,0,0
370418,1,1,1993,0,0,0,0,0,0,0,0,0,0
370418,2,1,1993,0,0,0,0,0,0,0,0,0,0
370418,3,1,1993,0,0,0,0,0,0,0,0,0,0
370418,4,1,1993,0,0,0,0,0,0,0,0,0,0
370419,1,1,1993,0,0,0,0,0,0,0,0,0,0
370419,2,1,1993,0,0,0,0,0,0,0,0,0,0
370420,1,1,1993,17,12,11,8,9,22,0,10,0,18
370420,2,1,1993,20,20,0,0,24,0,0,0,0,0
370421,1,1,1993,31,31,31,31,31,31,31,31,31,31
370422,1,1,1993,2,2,2,2,2,2,2,2,2,2
370422,2,1,1993,0,0,0,0,0,0,0,0,0,0
370423,1,1,1993,0,0,0,0,0,0,0,0,0,0
370423,2,1,1993,0,0,0,0,0,0,0,0,0,0
370424,1,1,1993,0,0,0,0,0,0,0,0,0,0
370425,1,1,1993,27,27,27,27,27,27,27,27,27,27
370426,1,1,1993,10,10,10,10,10,10,10,10,10,10
370426,2,1,1993,0,0,0,0,8,0,0,10,0,0
370427,1,1,1993,16,3,19,8,14,17,29,22,16,17
370427,2,1,1993,0,0,0,0,0,0,0,0,0,0
370428,1,1,1993,0,0,0,0,0,0,0,0,0,0
370428,2,1,1993,0,0,0,0,0,0,0,0,0,0
370428,3,1,1993,0,0,0,0,0,0,0,0,0,0
370429,1,1,1993,13,13,13,13,13,13,13,13,13,13
370430,1,1,1993,0,0,0,0,0,0,0,0,0,0
370430,2,1,1993,28,11,0,21,21,13,13,9,5,21
370431,1,1,1993,0,0,0,0,0,0,0,0,0,0
370431,2,1,1993,0,0,0,0,0,0,0,0,0,0
370432,1,1,1993,26,26,26,26,26,26,26,26,26,26
370433,1,1,1993,21,21,21,21,21,21,21,21,21,21
370434,1,1,1993,0,0,0,0,0,0,0,0,0,0
370435,1,1,1993,0,0,0,0,0,0,0,0,0,0
370435,2,1,1993,0,0,0,8,0,0,0,0,0,0
370435,3,1,1993,5,5,5,5,5,5,5,5,5,5
370436,1,1,1993,0,0,0,0,0,0,0,0,0,0
370436,2,1,1993,0,0,0,0,0,0,0,0,0,0
370437,0,1,1993,24,24,24,24,24,24,24,24,24,24
370437,1,1,1993,0,0,0,0,0,0,10,0,0,0
370438,0,1,1993,0,0,0,0,0,0,0,0,0,0
370438,1,1,1993,0,0,0,0,0,7,0,0,0,0
370439,1,1,1993,0,0,0,0,0,0,0,0,0,0
370440,1,1,1993,3,3,3,3,3,3,3,3,3,3
370441,1,1,1993,21,21,21,21,21,21,21,21,21,21
370442,0,1,1993,0,0,0,0,0,0,0,0,0,0
370442,1,1,1993,0,0,0,0,0,0,0,0,0,0
370443,1,1,1993,0,0,0,0,0,0,0,0,0,0
370443,2,1,1993,0,0,0,0,0,0,0,0,0,0
370444,1,1,1993,23,23,23,23,23,23,23,23,23,23
370445,0,1,1993,14,14,14,14,14,14,14,14,14,14
370445,1,1,1993,0,0,0,0,0,0,0,0,0,1
370446,1,1,1993,0,0,0,0,0,0,0,0,0,0
370446,2,1,1993,0,0,0,0,0,0,0,0,0,0
370447,1,1,1993,0,0,0,0,0,0,12,0,0,0
370447,2,1,1993,0,0,0,0,0,0,0,0,0,0
370448,0,1,1993,13,13,13,13,13,13,13,13,13,13
370448,1,1,1993,7,13,0,14,22,20,17,0,0,29
370449,0,1,1993,38,38,38,38,38,38,38,38,38,38
370449,1,1,1993,2,0,15,0,0,0,0,0,0,0
370450,1,1,1993,0,0,0,0,0,0,0,0,0,0
370450,2,1,1993,0,0,0,0,3,0,0,8,0,0
370450,3,1,1993,0,0,0,0,0,0,0,0,0,0
370450,4,1,1993,0,0,0,0,0,4,0,0,0,0
370451,0,1,1993,0,0,0,0,0,0,0,0,0,0
370451,1,1,1993,0,0,0,0,0,0,0,0,0,0
370452,1,1,1993,0,12,0,0,0,0,0,11,0,0
370452,2,1,1993,0,0,0,0,0,0,0,0,0,0
370453,1,1,1993,13,13,13,13,13,13,13,13,13,13
370454,1,1,1993,0,0,0,0,0,0,0,0,0,0