ST_CASE,VEH_NO,PER_NO,YEAR,P1,P2,P3,P4,P5,P6,P7,P8,P9,P10
370455,1,1,1993,11,11,11,11,11,11,11,11,11,11
370455,2,1,1993,0,0,0,0,0,0,0,0,0,0
370456,1,1,1993,0,0,0,0,0,0,0,0,0,0
370457,1,1,1993,0,0,0,0,0,0,0,0,0,0
370457,2,1,1993,0,0,0,0,0,0,0,0,0,0
370458,1,1,1993,0,0,0,0,0,0,0,0,0,0
370459,1,1,1993,0,0,0,0,0,0,0,0,0,0
370459,2,1,1993,0,0,0,0,0,0,0,0,0,0
370460,1,1,1993,0,0,0,0,12,0,0,0,15,0
370460,2,1,1993,15,0,10,13,0,0,0,0,0,0
370461,1,1,1993,0,0,0,0,0,0,0,0,0,0
370462,0,1,1993,0,0,0,0,0,0,0,0,0,0
370462,1,1,1993,0,0,0,0,0,0,0,0,0,0
370463,0,1,1993,2,2,2,2,2,2,2,2,2,2
370463,1,1,1993,27,8,12,17,20,13,14,30,8,27
370464,0,1,1993,30,30,30,30,30,30,30,30,30,30
370464,1,1,1993,0,0,0,0,0,0,0,0,0,0
370465,1,1,1993,0,0,0,0,0,0,0,0,0,0
370466,0,1,1993,0,0,0,0,0,0,0,0,0,0
370466,1,1,1993,0,0,14,0,0,0,0,0,0,0
370467,1,1,1993,0,0,0,0,0,0,0,0,0,0
370468,0,1,1993,0,0,0,0,0,0,0,0,0,0
370468,1,1,1993,0,0,0,0,0,0,0,0,0,0
370469,1,1,1993,0,0,0,0,0,0,0,0,0,0
370469,2,1,1993,0,0,0,0,0,0,0,0,0,0
370470,1,1,1993,0,0,0,0,0,0,0,0,0,0
370470,2,1,1993,0,0,0,0,0,0,0,0,0,0
370471,1,1,1993,14,14,14,14,14,14,14,14,14,14
370471,2,1,1993,11,14,7,6,10,9,15,22,10,0
370472,1,1,1993,14,14,20,26,13,18,24,23,20,18
370473,0,1,1993,35,35,35,35,35,35,35,35,35,35
370473,1,1,1993,0,0,0,0,0,0,0,0,0,0
370474,1,1,1993,0,0,0,0,0,0,0,0,0,0
370474,2,1,1993,20,27,23,31,19,14,15,14,17,34
370475,1,1,1993,36,27,6,22,22,26,13,18,10,13
370475,2,1,1993,0,8,9,0,0,0,9,2,9,5
370476,0,1,1993,19,19,19,19,19,19,19,19,19,19
370476,1,1,1993,0,0,0,0,0,0,20,0,0,0
370477,1,1,1993,0,0,0,0,0,0,0,0,0,0
370477,2,1,1993,0,0,0,0,0,0,0,0,0,0
370477,3,1,1993,0,0,0,0,0,0,0,0,0,0
370478,1,1,1993,0,0,0,0,0,0,0,0,0,0
370478,2,1,1993,0,0,0,0,0,0,0,0,4,0
370478,3,1,1993,0,0,0,0,0,0,0,0,0,0
370479,1,1,1993,0,0,0,0,0,0,0,0,0,0
370479,2,1,1993,0,24,0,0,0,0,0,0,0,0
370480,1,1,1993,0,0,0,0,0,0,0,0,10,0
370480,2,1,1993,0,0,0,0,0,0,0,0,0,0
370481,1,1,1993,0,0,0,0,0,0,0,0,0,0
370481,2,1,1993,40,40,40,40,40,40,40,40,40,40
370482,1,1,1993,20,20,20,20,20,20,20,20,20,20
370483,1,1,1993,0,0,0,0,0,0,0,0,0,0
370484,0,1,1993,0,14,31,0,10,34,17,19,28,23
370484,1,1,1993,0,0,0,0,0,0,0,11,0,0
370485,1,1,1993,0,0,0,19,0,0,0,0,0,0
370485,2,1,1993,26,26,26,26,26,26,26,26,26,26
370486,1,1,1993,0,0,0,0,0,0,0,0,0,0
370487,1,1,1993,5,5,5,5,5,5,5,5,5,5
370487,2,1,1993,0,0,0,0,0,0,0,0,0,11
370488,1,1,1993,12,12,12,12,12,12,12,12,12,12
370489,1,1,1993,26,26,26,26,26,26,26,26,26,26
370490,1,1,1993,0,0,0,0,0,0,0,0,0,0
370490,2,1,1993,0,0,0,0,0,0,0,0,0,0
370490,3,1,1993,0,0,0,0,0,0,0,0,0,0
370491,1,1,1993,0,0,0,0,0,0,0,0,0,0
370491,2,1,1993,0,0,0,0,0,0,0,0,0,0
370492,1,1,1993,0,0,0,0,0,0,0,0,0,0
370492,2,1,1993,0,0,0,0,0,0,0,0,0,0
370493,1,1,1993,0,0,0,0,0,0,0,0,0,0
370494,1,1,1993,0,0,0,0,0,0,0,0,0,0
370494,2,1,1993,0,0,0,0,0,0,0,0,0,0
370495,1,1,1993,11,0,0,0,0,0,0,0,0,0
370496,1,1,1993,0,0,0,0,0,0,0,0,22,0
370497,0,1,1993,0,0,0,0,0,0,0,0,0,0
370497,1,1,1993,0,6,0,0,0,11,0,0,0,0
370498,1,1,1993,0,0,0,0,0,0,0,0,0,0
370498,2,1,1993,0,0,0,0,0,0,0,0,0,0
370499,1,1,1993,24,24,24,24,24,24,24,24,24,24
370500,1,1,1993,0,17,0,0,0,0,0,0,0,0
370500,2,1,1993,0,0,0,0,0,0,0,0,0,0
370501,1,1,1993,14,14,14,14,14,14,14,14,14,14
370502,1,1,1993,23,23,23,23,23,23,23,23,23,23
370502,2,1,1993,0,0,0,0,0,0,0,0,0,0
370503,1,1,1993,0,0,0,0,0,0,0,0,0,0
370504,1,1,1993,0,0,0,0,0,0,0,0,0,0
370505,0,1,1993,0,0,0,0,0,0,0,0,0,0
370505,1,1,1993,0,0,0,4,0,0,0,0,0,0
370506,1,1,1993,0,0,0,0,0,0,0,0,0,0
370506,2,1,1993,9,31,38,29,42,19,37,12,22,25
370507,1,1,1993,18,16,32,19,6,29,16,12,13,21
370508,0,1,1993,0,0,0,0,0,0,0,0,0,0
370508,1,1,1993,0,0,0,0,0,0,0,0,0,0
370509,1,1,1993,25,4,17,13,19,20,13,17,11,14
370509,2,1,1993,0,0,0,0,0,0,0,0,0,0
370509,3,1,1993,0,0,0,0,0,0,0,0,0,0
370510,1,1,1993,0,0,0,0,0,0,0,0,0,0
370511,1,1,1993,0,0,0,0,0,0,0,0,0,0
370511,2,1,1993,0,0,0,0,0,0,0,0,0,0
370511,3,1,1993,0,0,0,0,0,0,0,0,0,0
370511,4,1,1993,14,0,0,0,0,0,0,0,0,0
370511,5,1,1993,0,0,0,0,0,0,0,8,0,0
370513,1,1,1993,0,0,0,0,0,0,0,0,0,0
370513,2,1,1993,0,0,0,0,0,0,0,0,0,0
370514,1,1,1993,0,0,0,0,0,0,0,0,0,0
370515,0,1,1993,0,0,0,0,0,0,0,0,0,0
370515,1,1,1993,0,0,0,0,0,0,0,0,0,0
370516,1,1,1993,0,0,0,0,0,0,0,0,0,0
370516,2,1,1993,0,0,0,0,0,0,0,0,0,0
370517,0,1,1993,36,36,36,36,36,36,36,36,36,36
370517,1,1,1993,2,0,0,0,0,0,0,0,0,0
370518,1,1,1993,16,16,16,16,16,16,16,16,16,16
370518,2,1,1993,0,0,0,0,0,0,0,0,0,0
370519,1,1,1993,10,10,10,10,10,10,10,10,10,10
370520,1,1,1993,9,9,9,9,9,9,9,9,9,9
370521,1,1,1993,0,0,0,0,0,0,0,0,0,0
370521,2,1,1993,0,0,0,0,0,0,0,0,0,0
370522,0,1,1993,32,32,32,32,32,32,32,32,32,32
370522,1,1,1993,0,0,0,0,0,0,0,0,0,0
370523,1,1,1993,0,0,0,0,0,0,0,0,0,0
370523,2,1,1993,0,0,0,0,0,0,0,0,0,0
370524,1,1,1993,0,0,0,0,0,0,0,0,0,0
370524,2,1,1993,10,29,0,0,31,25,6,1,0,19
370525,1,1,1993,0,0,0,0,0,0,0,0,0,0
370525,2,1,1993,0,0,0,0,0,0,0,0,22,0
370526,1,1,1993,0,0,0,0,0,0,0,0,0,0
370526,2,1,1993,0,0,0,0,0,0,0,0,0,0
370527,1,1,1993,0,0,0,0,0,0,0,0,0,0
370528,1,1,1993,0,0,0,0,0,0,0,0,0,0
370528,2,1,1993,0,0,0,0,0,0,0,0,0,0
370528,3,1,1993,0,0,0,0,0,0,0,0,0,0
370528,4,1,1993,0,0,0,0,0,0,0,0,0,0
370529,1,1,1993,0,0,0,0,0,0,0,0,0,0
370529,2,1,1993,0,0,0,0,0,0,0,10,0,0
370529,3,1,1993,10,24,0,0,10,0,0,0,0,0
370530,1,1,1993,0,0,0,0,0,0,0,0,0,0
370530,2,1,1993,0,0,0,0,0,0,0,0,0,0
370531,1,1,1993,19,19,19,19,19,19,19,19,19,19
370532,1,1,1993,0,0,0,0,0,0,0,0,0,0
370532,2,1,1993,0,11,0,0,0,0,0,11,0,0
370533,0,1,1993,4,4,4,4,4,4,4,4,4,4
370533,1,1,1993,0,0,18,20,0,0,0,0,0,0
370534,1,1,1993,0,0,0,0,0,0,0,0,0,0
370534,2,1,1993,0,0,0,0,0,0,0,0,0,0
370535,0,1,1993,0,0,0,0,0,0,0,0,0,0
370535,1,1,1993,23,5,0,0,0,0,0,0,0,0
370536,1,1,1993,0,0,0,0,0,0,0,0,0,0
370537,1,1,1993,0,0,0,0,0,0,0,0,0,0
370538,1,1,1993,0,0,22,0,0,0,0,0,19,0
370539,1,1,1993,0,0,0,0,0,0,0,0,0,0
370539,2,1,1993,0,0,0,0,0,0,0,0,0,0
370540,1,1,1993,0,0,0,0,0,0,0,0,0,0
370541,1,1,1993,0,0,0,0,0,0,0,0,0,0
370541,2,1,1993,0,0,0,0,0,0,0,0,0,0
370542,1,1,1993,25,20,16,16,13,25,20,20,17,7
370542,2,1,1993,0,0,0,0,5,0,0,0,0,0
370543,1,1,1993,0,0,0,0,0,11,0,0,0,0
370543,2,1,1993,0,20,0,0,0,0,23,0,0,32
370544,1,1,1993,11,11,11,11,11,11,11,11,11,11
370544,2,1,1993,12,12,5,11,15,5,10,6,19,5
370545,1,1,1993,0,0,0,0,0,3,0,0,5,0
370545,2,1,1993,0,0,0,0,0,0,0,0,0,0
370546,1,1,1993,0,26,12,24,19,25,20,16,18,11
370547,1,1,1993,0,0,0,0,0,0,0,0,0,0
370548,1,1,1993,0,0,0,0,0,0,0,0,0,5
370548,2,1,1993,16,16,16,16,16,16,16,16,16,16
370549,1,1,1993,0,0,0,0,0,0,0,0,0,0
370549,2,1,1993,0,0,0,0,0,0,0,0,0,0
370550,1,1,1993,0,0,0,0,0,0,0,0,0,0
370550,2,1,1993,0,0,0,0,0,0,0,0,0,0
370551,0,1,1993,0,0,0,0,0,0,0,0,0,0
370551,0,2,1993,29,18,14,13,18,40,0,31,33,26
370551,1,1,1993,13,0,7,10,5,17,6,30,0,13
370552,1,1,1993,15,15,15,15,15,15,15,15,15,15
370553,1,1,1993,0,0,0,0,0,0,0,0,0,0
370554,1,1,1993,0,0,0,0,0,0,0,0,0,0
370554,2,1,1993,0,0,0,0,0,0,0,0,0,0
370555,1,1,1993,0,0,0,0,0,0,0,0,0,6
370555,2,1,1993,0,0,0,0,0,0,0,0,0,0
370556,0,1,1993,0,0,0,0,0,0,0,0,0,0
370556,1,1,1993,0,0,0,0,0,0,0,0,0,0
370557,1,1,1993,0,0,0,15,0,0,14,18,10,0
370557,2,1,1993,0,0,0,0,0,0,0,0,0,0
370558,1,1,1993,0,0,0,0,0,0,0,0,0,0
370559,1,1,1993,0,0,0,0,0,0,0,0,0,0
370559,2,1,1993,0,0,0,0,0,0,0,0,0,0
370560,1,1,1993,0,0,0,0,0,0,0,0,0,0
370561,1,1,1993,36,36,36,36,36,36,36,36,36,36
370562,1,1,1993,0,0,0,0,0,0,0,0,0,0
370563,1,1,1993,0,0,0,0,0,0,0,0,0,0
370563,2,1,1993,0,0,0,0,0,0,0,0,0,0
370564,1,1,1993,0,0,0,0,0,0,0,0,0,0
370564,2,1,1993,0,0,0,0,0,0,0,0,0,0
370565,1,1,1993,0,0,0,0,0,0,0,0,0,0
370565,2,1,1993,0,0,0,0,0,0,0,0,0,0
370566,1,1,1993,0,0,0,0,0,0,0,0,0,0
370567,1,1,1993,10,10,10,10,10,10,10,10,10,10
370568,1,1,1993,16,16,16,16,16,16,16,16,16,16
370568,2,1,1993,0,0,0,0,0,0,0,0,0,0
370569,0,1,1993,0,0,0,0,0,0,0,0,0,0
370569,1,1,1993,0,9,0,0,0,0,0,0,0,0
370570,0,1,1993,24,24,24,24,24,24,24,24,24,24
370570,1,1,1993,9,8,28,10,14,21,8,0,17,19
370571,1,1,1993,0,0,0,0,0,5,0,0,0,0
370572,1,1,1993,21,21,21,21,21,21,21,21,21,21
370573,1,1,1993,26,26,26,26,26,26,26,26,26,26
370574,1,1,1993,10,10,10,10,10,10,10,10,10,10
370574,2,1,1993,0,0,0,0,0,0,0,0,0,0
370575,1,1,1993,3,26,9,18,26,2,17,9,9,7
370576,1,1,1993,5,5,5,5,5,5,5,5,5,5
370577,1,1,1993,18,18,18,18,18,18,18,18,18,18
370578,1,1,1993,14,9,0,0,7,10,5,0,5,6
370578,2,1,1993,0,0,0,0,0,0,0,0,0,0
370578,3,1,1993,0,0,0,0,0,0,0,0,0,0
370579,1,1,1993,0,0,0,0,0,0,0,0,0,0
370580,0,1,1993,0,0,0,0,0,0,0,0,0,0
370580,1,1,1993,0,0,0,0,0,0,0,0,0,0
370581,0,1,1993,0,0,0,0,0,0,0,0,0,0
370581,1,1,1993,0,0,0,0,0,9,0,0,0,0
370582,1,1,1993,9,0,0,5,0,0,14,0,0,0
370582,2,1,1993,13,13,13,13,13,13,13,13,13,13
370583,1,1,1993,0,0,0,0,0,0,0,0,0,0
370584,1,1,1993,31,31,31,31,31,31,31,31,31,31
370585,1,1,1993,0,0,0,0,0,0,0,0,0,0
370585,2,1,1993,0,0,0,0,0,0,0,0,0,0
370586,1,1,1993,0,0,0,0,0,0,0,0,11,0
370586,2,1,1993,0,0,0,0,0,0,0,0,0,0
370587,1,1,1993,28,28,28,28,28,28,28,28,28,28
370588,1,1,1993,0,0,0,0,0,0,0,0,0,0
370588,2,1,1993,0,0,0,0,0,0,0,0,0,0
370589,0,1,1993,10,10,10,10,10,10,10,10,10,10
370589,1,1,1993,0,0,0,0,0,0,0,0,0,0
370590,1,1,1993,0,0,0,0,0,0,0,0,0,0
370590,2,1,1993,0,0,0,0,0,0,0,0,0,0
370591,1,1,1993,0,0,9,0,0,0,0,0,0,0
370592,1,1,1993,0,0,0,0,0,0,0,0,0,0
370592,2,1,1993,0,0,0,0,0,0,0,0,0,0
370593,1,1,1993,0,0,0,0,0,0,0,0,0,0
370594,1,1,1993,0,0,0,0,0,0,0,0,0,0
370594,2,1,1993,0,0,0,0,0,0,0,0,0,0
370595,0,1,1993,21,21,21,21,21,21,21,21,21,21
370595,1,1,1993,0,0,0,0,24,11,0,22,0,0
370596,0,1,1993,0,0,0,0,0,0,0,0,0,0
370596,1,1,1993,0,0,0,0,0,0,0,0,0,0
370597,1,1,1993,0,0,0,0,0,0,0,0,0,0
370597,2,1,1993,0,0,0,0,0,0,0,0,0,0
370598,1,1,1993,0,0,0,0,0,17,24,0,20,0
370599,0,1,1993,23,23,23,23,23,23,23,23,23,23
370599,1,1,1993,0,0,0,0,0,0,0,0,0,0
370600,1,1,1993,0,0,0,0,0,0,0,0,0,0
370600,2,1,1993,0,0,0,0,0,0,11,0,0,0
370601,1,1,1993,0,0,0,0,0,0,0,0,0,0
370601,2,1,1993,0,0,0,0,0,9,41,0,0,9
370602,1,1,1993,0,0,0,0,0,0,0,0,0,0
370603,1,1,1993,0,0,0,0,0,0,0,0,0,0
370603,2,1,1993,0,0,0,0,0,0,0,0,0,0
370604,0,1,1993,0,0,0,0,0,0,0,0,0,0
370604,1,1,1993,0,0,0,0,0,0,0,0,0,0
370605,1,1,1993,0,0,0,0,0,0,0,0,0,0
370605,2,1,1993,0,0,0,0,0,0,0,0,0,0
370606,1,1,1993,0,0,0,0,0,0,0,0,0,0
370606,2,1,1993,14,14,14,14,14,14,14,14,14,14
370607,1,1,1993,0,0,0,0,0,0,0,0,0,0
370608,1,1,1993,0,0,0,0,0,0,0,0,0,0
370609,1,1,1993,0,0,0,0,0,0,0,0,0,0
370610,1,1,1993,0,0,0,0,0,0,0,0,0,0
370610,2,1,1993,0,0,0,0,0,0,0,0,0,0
370611,1,1,1993,0,13,0,0,0,0,0,0,0,0
370611,2,1,1993,0,0,0,0,0,0,0,0,0,0
370612,1,1,1993,0,0,0,0,0,0,0,0,0,0
370613,1,1,1993,24,24,24,24,24,24,24,24,24,24
370614,1,1,1993,0,0,0,0,0,0,0,0,0,0
370614,2,1,1993,0,0,10,10,11,16,10,16,14,11
370615,1,1,1993,8,18,6,16,21,9,10,11,0,2
370616,1,1,1993,0,0,0,0,0,0,0,0,0,0
370616,2,1,1993,0,0,0,0,0,0,0,0,0,0
370617,1,1,1993,0,0,0,0,0,0,0,0,0,0
370617,2,1,1993,0,0,0,17,0,0,0,0,0,0
370618,1,1,1993,0,0,0,0,0,0,0,0,0,0
370618,2,1,1993,0,0,0,0,0,0,0,0,0,0
370619,1,1,1993,11,13,21,15,5,21,13,23,9,8
370620,1,1,1993,0,0,0,0,10,0,0,0,0,0
370620,2,1,1993,0,0,0,3,0,0,0,0,0,0
370622,1,1,1993,0,0,0,0,0,0,0,0,0,0
370623,0,1,1993,28,28,28,28,28,28,28,28,28,28
370623,1,1,1993,0,0,0,0,0,0,0,0,0,0
370624,1,1,1993,0,0,0,0,0,0,0,0,0,0
370624,2,1,1993,0,0,0,0,0,0,0,0,0,0
370625,1,1,1993,0,0,0,0,0,0,0,0,0,0
370625,2,1,1993,0,0,0,0,0,0,0,0,0,0
370626,1,1,1993,16,13,0,0,10,18,0,16,0,8
370626,2,1,1993,0,0,0,0,0,0,0,0,0,0
370627,1,1,1993,0,0,0,0,0,0,0,0,0,0
370628,1,1,1993,0,0,0,0,0,0,0,0,0,0
370628,2,1,1993,0,0,0,0,0,0,0,0,0,0
370629,0,1,1993,33,33,33,33,33,33,33,33,33,33
370629,1,1,1993,3,0,0,0,0,24,16,0,16,0
370630,1,1,1993,9,28,9,20,6,15,24,8,20,2
370631,0,1,1993,18,18,18,18,18,18,18,18,18,18
370631,1,1,1993,0,0,0,0,0,0,0,0,0,0
370632,1,1,1993,25,25,25,25,25,25,25,25,25,25
370633,1,1,1993,0,0,0,0,0,0,0,0,0,0
370635,1,1,1993,8,8,8,8,8,8,8,8,8,8
370636,1,1,1993,14,14,14,14,14,14,14,14,14,14
370637,1,1,1993,0,0,0,0,0,0,0,0,0,0
370637,2,1,1993,0,0,0,0,0,0,0,0,0,0
370638,0,1,1993,25,25,25,25,25,25,25,25,25,25
370638,1,1,1993,0,0,0,0,0,0,0,0,0,0
370639,0,1,1993,22,22,22,22,22,22,22,22,22,22
370639,1,1,1993,0,0,0,0,0,0,0,0,0,0
370640,1,1,1993,0,0,0,0,0,0,0,0,0,0
370640,2,1,1993,0,0,0,0,0,0,0,0,0,0
370640,3,1,1993,0,0,0,0,0,0,0,0,0,0
370641,1,1,1993,20,20,20,20,20,20,20,20,20,20
370642,1,1,1993,0,0,0,0,0,0,0,0,0,0
370642,2,1,1993,0,0,0,0,0,0,0,0,0,0
370643,0,1,1993,24,24,24,24,24,24,24,24,24,24
370643,1,1,1993,16,4,28,29,19,28,10,0,15,18
370644,1,1,1993,0,0,0,0,0,0,0,0,0,0
370644,2,1,1993,0,0,0,0,0,0,0,0,0,0
370645,0,1,1993,31,31,31,31,31,31,31,31,31,31
370645,1,1,1993,0,0,0,0,0,0,0,0,0,0
370646,1,1,1993,0,0,0,0,0,0,0,0,0,0
370647,1,1,1993,0,0,0,0,0,0,0,0,0,0
370647,2,1,1993,19,9,8,6,20,29,15,3,9,4
370648,1,1,1993,0,0,0,0,0,0,0,0,0,0
370649,1,1,1993,0,0,0,0,0,0,0,0,0,0
370650,1,1,1993,0,0,0,0,0,0,0,0,0,0
370651,1,1,1993,24,14,15,13,11,12,21,16,3,35
370652,1,1,1993,11,11,11,11,11,11,11,11,11,11
370653,1,1,1993,0,0,0,0,0,0,0,0,0,0
370653,2,1,1993,0,0,0,0,0,0,0,0,0,0
370654,1,1,1993,29,29,29,29,29,29,29,29,29,29
370655,0,1,1993,33,33,33,33,33,33,33,33,33,33
370655,1,1,1993,0,0,0,0,0,0,0,0,0,0
370656,0,1,1993,22,13,18,22,23,12,19,30,50,7
370656,1,1,1993,0,0,0,0,0,0,0,0,0,0
370656,2,1,1993,0,0,0,0,0,0,0,0,0,0
370657,1,1,1993,0,0,0,0,0,0,0,0,0,0
370657,2,1,1993,22,22,22,22,22,22,22,22,22,22
370658,1,1,1993,0,0,0,0,0,0,0,0,0,0
370658,2,1,1993,0,0,0,0,0,0,0,0,0,0
370659,1,1,1993,12,12,12,12,12,12,12,12,12,12
370660,1,1,1993,0,25,0,0,0,0,0,0,0,0
370660,2,1,1993,0,0,0,0,0,0,0,0,0,0
370661,0,1,1993,16,16,16,16,16,16,16,16,16,16
370661,1,1,1993,0,0,0,0,0,0,0,0,0,0
370662,0,1,1993,8,38,0,9,25,46,40,18,0,0
370662,1,1,1993,0,0,0,0,16,9,0,11,0,0
370663,1,1,1993,0,0,0,0,0,0,0,0,0,0
370664,1,1,1993,19,9,5,21,33,0,31,31,9,22
370665,1,1,1993,0,0,0,0,0,0,0,0,0,0
370665,2,1,1993,0,0,0,0,0,0,0,0,0,0
370666,1,1,1993,0,0,0,0,0,0,0,0,0,0
370666,2,1,1993,21,23,6,20,19,18,21,20,16,18
370667,1,1,1993,0,18,0,0,0,0,0,0,0,0
370667,2,1,1993,0,0,0,0,0,0,0,0,0,0
370668,1,1,1993,0,0,0,0,0,0,0,0,0,0
370668,2,1,1993,0,0,0,0,0,0,0,0,0,0
370669,1,1,1993,0,0,0,0,0,0,0,0,0,0
370670,1,1,1993,0,0,0,0,0,0,0,0,0,0
370671,1,1,1993,0,0,0,0,0,0,0,0,0,0
370671,2,1,1993,0,0,0,0,0,0,0,0,0,0
370672,0,1,1993,27,27,27,27,27,27,27,27,27,27
370672,1,1,1993,0,3,0,12,0,16,0,27,12,0
370673,1,1,1993,0,0,0,0,0,0,0,0,0,0
370674,1,1,1993,25,25,25,25,25,25,25,25,25,25
370675,0,1,1993,14,14,14,14,14,14,14,14,14,14
370675,1,1,1993,0,0,0,18,0,0,0,0,0,0
370676,1,1,1993,0,0,0,0,0,0,0,0,0,0
370677,1,1,1993,0,0,0,0,0,0,0,0,0,0
370677,2,1,1993,0,0,0,0,0,0,0,0,0,0
370678,1,1,1993,0,0,0,0,0,0,0,0,0,0
370678,2,1,1993,0,0,0,0,0,0,0,0,0,0
370679,1,1,1993,0,0,0,0,0,0,0,0,0,0
370680,1,1,1993,0,0,0,0,0,0,0,0,0,0
370680,2,1,1993,0,0,0,0,0,0,0,0,0,0
370680,3,1,1993,0,0,0,0,0,0,0,0,0,0
370680,4,1,1993,0,0,0,0,0,0,0,0,0,0
370681,1,1,1993,37,37,37,37,37,37,37,37,37,37
370681,2,1,1993,0,0,0,0,0,0,0,0,0,0
370682,0,1,1993,0,0,0,0,0,0,0,0,0,0
370682,1,1,1993,0,0,0,0,0,0,0,0,0,0
370683,1,1,1993,0,0,0,0,0,0,0,0,0,0
370684,1,1,1993,0,0,0,0,0,0,0,0,0,0
370685,1,1,1993,0,0,0,0,0,0,0,0,0,0
370686,1,1,1993,0,0,0,0,0,0,12,0,0,0
370686,2,1,1993,0,0,0,0,0,0,0,0,0,0
370687,1,1,1993,10,20,12,21,7,24,2,6,17,24
370687,2,1,1993,0,0,0,10,0,0,0,0,0,0
370688,1,1,1993,14,14,14,14,14,14,14,14,14,14
370689,1,1,1993,0,0,0,0,0,0,0,0,0,0
370690,1,1,1993,0,0,0,0,0,0,0,0,0,0
370690,2,1,1993,0,0,0,0,0,0,0,0,0,0
370691,1,1,1993,0,0,0,10,0,0,0,0,0,0
370691,2,1,1993,0,0,0,0,0,0,0,0,0,0
370692,1,1,1993,0,0,0,0,0,0,0,0,0,0
370693,1,1,1993,0,0,0,0,0,0,0,0,0,0
370694,1,1,1993,0,0,0,0,0,0,0,0,0,0
370694,2,1,1993,0,0,0,0,0,0,0,0,0,0
370694,3,1,1993,0,0,0,0,0,0,0,0,0,0
370695,1,1,1993,0,0,0,0,0,0,0,0,0,0
370695,2,1,1993,0,0,0,0,0,0,0,0,0,0
370696,1,1,1993,0,0,0,0,0,0,0,0,0,0
370696,2,1,1993,0,0,0,0,0,0,0,0,0,0
370697,1,1,1993,12,12,12,12,12,12,12,12,12,12
370698,1,1,1993,0,0,0,0,0,0,0,0,0,0
370698,2,1,1993,0,0,0,0,0,0,0,0,0,0
370699,0,1,1993,35,35,35,35,35,35,35,35,35,35
370699,1,1,1993,0,0,0,0,0,0,0,0,0,0
370700,0,1,1993,0,0,0,0,0,0,0,0,0,0
370700,1,1,1993,0,0,0,0,0,0,0,0,0,0
370701,1,1,1993,21,21,21,21,21,21,21,21,21,21
370702,1,1,1993,9,9,9,9,9,9,9,9,9,9
370703,1,1,1993,0,0,0,0,6,0,0,0,0,0
370704,1,1,1993,11,0,13,5,6,25,20,13,23,17
370705,1,1,1993,13,17,6,23,0,24,6,0,23,26
370706,0,1,1993,0,0,0,0,0,0,0,0,0,0
370706,1,1,1993,0,0,0,0,0,11,0,9,0,0
370707,1,1,1993,0,0,0,0,0,0,0,0,0,0
370707,2,1,1993,0,0,0,0,0,0,0,0,0,0
370708,1,1,1993,0,0,0,0,0,0,0,0,0,0
370708,2,1,1993,0,0,0,0,0,0,0,0,0,0
370709,0,1,1993,0,0,0,0,0,0,0,0,0,0
370709,1,1,1993,0,0,0,0,0,0,0,0,0,0
370710,1,1,1993,0,0,0,0,0,0,0,0,0,0
370711,1,1,1993,0,0,0,0,0,0,0,0,0,0
370711,2,1,1993,0,0,0,0,0,0,0,0,0,0
370712,1,1,1993,0,0,0,0,0,0,0,0,0,0
370712,2,1,1993,0,0,0,0,0,0,0,0,0,0
370713,0,1,1993,13,16,29,5,14,18,26,22,24,15
370713,1,1,1993,0,0,0,0,0,0,0,0,0,0
370714,0,1,1993,0,0,0,0,0,0,0,0,0,0
370714,1,1,1993,0,0,0,0,0,0,0,6,0,0
370715,1,1,1993,0,0,0,0,0,0,0,0,0,0
370715,2,1,1993,0,0,0,0,0,0,0,0,0,0
370716,1,1,1993,0,0,0,0,0,0,11,0,0,0
370716,2,1,1993,0,0,0,0,0,0,0,0,0,0
370717,1,1,1993,0,0,0,0,0,0,0,0,0,0
370717,2,1,1993,0,0,0,0,0,0,0,0,0,0
370718,1,1,1993,0,0,0,0,0,0,0,0,0,0
370718,2,1,1993,0,0,0,0,0,0,0,0,0,0
370719,1,1,1993,0,0,0,0,0,0,0,0,0,0
370719,2,1,1993,0,0,0,0,0,0,0,0,0,0
370720,1,1,1993,0,0,0,0,0,0,0,0,0,0
370720,2,1,1993,6,6,6,6,6,6,6,6,6,6
370722,1,1,1993,0,6,10,8,0,0,0,7,0,0
370723,1,1,1993,0,0,0,0,0,0,0,0,0,0
370723,2,1,1993,0,0,0,0,0,0,0,0,0,0
370724,1,1,1993,0,0,0,0,8,0,0,0,0,0
370724,2,1,1993,0,0,0,0,0,0,0,0,0,0
370725,1,1,1993,0,0,0,0,0,0,0,0,0,0
370726,0,1,1993,0,0,0,0,0,0,0,0,0,0
370726,1,1,1993,6,8,9,25,11,29,13,8,21,23
370727,1,1,1993,0,0,0,0,0,0,0,0,0,0
370727,2,1,1993,0,0,0,0,0,0,0,0,0,0
370728,1,1,1993,0,0,0,0,0,0,0,0,0,0
370728,2,1,1993,0,0,0,0,0,0,0,0,0,0
370729,1,1,1993,22,8,35,10,23,11,21,7,17,13
370730,1,1,1993,0,0,0,0,0,0,0,0,0,0
370730,2,1,1993,0,0,0,0,0,0,0,0,0,0
370731,1,1,1993,0,0,0,0,0,0,0,0,0,0
370732,0,1,1993,0,0,0,0,0,0,0,0,0,0
370732,1,1,1993,0,0,0,0,0,0,0,0,0,0
370733,0,1,1993,0,0,0,0,0,0,0,0,0,0
370733,1,1,1993,0,0,0,0,0,0,0,0,0,0