ST_CASE,VEH_NO,PER_NO,YEAR,P1,P2,P3,P4,P5,P6,P7,P8,P9,P10
370734,1,1,1993,0,0,0,0,0,0,0,0,0,0
370734,2,1,1993,0,0,0,0,0,0,0,0,0,0
370735,1,1,1993,8,8,8,8,8,8,8,8,8,8
370735,2,1,1993,0,0,0,0,11,0,0,0,0,10
370736,1,1,1993,0,0,0,0,0,0,0,0,0,0
370736,2,1,1993,0,0,0,0,0,0,0,0,0,0
370737,1,1,1993,7,7,7,7,7,7,7,7,7,7
370738,1,1,1993,21,21,21,21,21,21,21,21,21,21
370739,1,1,1993,0,0,0,0,0,0,0,0,0,0
370739,2,1,1993,0,0,0,0,0,0,0,0,0,0
370740,0,1,1993,35,35,35,35,35,35,35,35,35,35
370740,1,1,1993,0,0,0,0,0,0,14,0,0,0
370741,1,1,1993,0,0,0,0,0,0,0,0,0,0
370742,1,1,1993,7,10,0,14,48,9,11,10,8,18
370743,1,1,1993,0,0,0,0,0,0,0,0,0,0
370744,1,1,1993,20,20,20,20,20,20,20,20,20,20
370745,1,1,1993,0,0,0,0,0,0,0,0,0,0
370746,1,1,1993,16,16,0,20,20,20,33,21,13,13
370747,1,1,1993,0,0,0,0,0,0,0,0,0,0
370747,2,1,1993,2,2,2,2,2,2,2,2,2,2
370748,1,1,1993,0,0,0,0,0,0,0,0,0,0
370748,2,1,1993,0,0,0,0,0,0,0,0,0,0
370749,1,1,1993,0,0,0,0,0,0,0,0,0,0
370749,2,1,1993,0,0,0,0,0,0,0,0,0,0
370750,1,1,1993,0,0,0,0,0,0,0,8,0,0
370750,2,1,1993,0,0,0,0,0,0,0,0,0,0
370751,1,1,1993,0,0,0,0,0,0,0,0,0,0
370752,1,1,1993,0,0,0,0,0,0,0,0,0,0
370752,2,1,1993,0,0,0,0,0,0,0,0,0,0
370753,0,1,1993,0,0,0,0,0,0,0,0,0,0
370753,1,1,1993,0,0,0,0,0,0,0,0,0,0
370754,1,1,1993,0,0,0,0,0,0,0,0,0,0
370754,2,1,1993,0,0,0,0,0,0,0,0,0,0
370755,1,1,1993,0,0,0,0,0,0,0,0,0,0
370756,1,1,1993,5,0,0,0,0,0,0,0,0,10
370757,0,1,1993,24,24,24,24,24,24,24,24,24,24
370757,1,1,1993,0,0,0,10,0,0,11,0,0,0
370758,1,1,1993,0,0,0,0,0,0,0,0,0,0
370759,1,1,1993,0,0,0,0,0,0,0,0,0,0
370760,1,1,1993,0,0,0,0,0,0,0,0,0,0
370760,2,1,1993,0,0,0,0,0,0,0,0,0,0
370760,3,1,1993,0,0,0,0,0,0,0,0,0,0
370761,1,1,1993,0,0,0,0,0,0,0,0,0,0
370762,1,1,1993,0,0,0,0,0,0,0,0,0,0
370763,1,1,1993,16,13,19,34,18,0,24,25,24,30
370764,1,1,1993,0,0,0,0,0,0,0,0,0,0
370764,2,1,1993,0,0,0,0,0,0,0,0,0,0
370765,1,1,1993,0,0,0,0,0,0,0,0,0,0
370765,2,1,1993,0,0,0,0,0,0,0,0,0,0
370766,1,1,1993,0,0,0,0,0,0,0,0,0,0
370766,2,1,1993,0,0,0,0,0,0,0,0,0,0
370767,1,1,1993,0,6,0,0,0,24,8,0,0,0
370768,0,1,1993,0,0,0,0,0,0,0,0,0,0
370768,1,1,1993,0,7,14,0,0,0,9,0,0,0
370769,0,1,1993,0,0,0,0,0,0,0,0,0,0
370769,1,1,1993,0,0,0,0,0,0,0,0,0,0
370770,1,1,1993,0,0,0,0,0,0,0,0,0,0
370770,2,1,1993,0,0,0,0,0,0,0,0,0,0
370771,1,1,1993,21,21,21,21,21,21,21,21,21,21
370772,1,1,1993,0,0,0,0,0,0,0,0,0,0
370772,2,1,1993,2,2,2,2,2,2,2,2,2,2
370772,3,1,1993,0,0,0,0,0,0,0,0,0,0
370773,1,1,1993,0,0,0,0,0,0,0,0,0,0
370773,2,1,1993,0,0,0,0,0,0,0,0,0,0
370773,3,1,1993,0,0,0,0,0,0,22,0,0,0
370773,4,1,1993,0,0,0,0,0,0,0,0,0,0
370773,5,1,1993,0,0,0,0,0,0,0,0,0,0
370774,1,1,1993,7,7,7,7,7,7,7,7,7,7
370775,0,1,1993,0,0,0,0,0,0,0,0,0,0
370776,1,1,1993,10,3,7,32,15,4,9,2,0,11
370777,0,1,1993,17,17,17,17,17,17,17,17,17,17
370777,1,1,1993,0,0,0,0,0,0,0,0,0,0
370778,1,1,1993,0,0,0,0,0,0,0,0,0,0
370779,1,1,1993,0,0,0,0,0,0,0,0,0,0
370779,2,1,1993,0,0,0,0,0,0,0,0,0,0
370779,3,1,1993,0,0,0,0,0,23,0,0,0,0
370780,1,1,1993,26,26,26,26,26,26,26,26,26,26
370781,1,1,1993,7,7,7,7,7,7,7,7,7,7
370782,1,1,1993,0,0,0,0,0,0,0,0,0,0
370783,1,1,1993,0,0,0,0,0,0,0,0,0,0
370784,1,1,1993,0,0,0,0,0,0,0,0,0,0
370784,2,1,1993,0,0,0,0,0,0,0,0,0,0
370784,3,1,1993,0,0,0,0,0,0,0,0,0,0
370785,1,1,1993,0,0,0,0,0,0,0,0,0,0
370786,0,1,1993,31,17,21,11,33,21,18,11,21,15
370786,1,1,1993,0,22,0,0,0,0,0,0,0,0
370787,1,1,1993,17,7,14,17,33,7,17,15,13,0
370787,2,1,1993,0,0,0,0,0,0,0,0,0,0
370788,1,1,1993,0,0,0,0,0,0,0,0,0,0
370788,2,1,1993,0,0,0,0,0,0,0,0,0,0
370789,1,1,1993,0,0,0,0,11,0,0,0,0,0
370790,1,1,1993,24,24,24,24,24,24,24,24,24,24
370791,1,1,1993,21,7,7,16,23,18,18,33,0,20
370791,2,1,1993,0,0,0,0,0,0,0,0,0,0
370792,1,1,1993,13,25,9,7,0,16,23,0,0,23
370793,1,1,1993,0,0,0,0,0,0,0,0,0,0
370793,2,1,1993,0,0,0,0,0,0,0,0,0,0
370794,1,1,1993,0,0,0,0,0,0,0,0,0,0
370794,2,1,1993,0,0,0,0,0,0,0,0,0,0
370795,1,1,1993,0,0,0,0,0,0,0,0,0,0
370796,0,1,1993,25,25,25,25,25,25,25,25,25,25
370796,1,1,1993,0,0,0,0,0,0,0,0,0,0
370797,1,1,1993,0,0,0,0,0,0,0,0,0,0
370797,2,1,1993,7,7,7,7,7,7,7,7,7,7
370798,0,1,1993,0,0,0,0,0,0,0,0,0,0
370798,1,1,1993,0,0,0,0,0,0,0,0,0,0
370799,1,1,1993,0,0,0,0,0,0,0,0,0,0
370799,2,1,1993,0,0,0,0,0,0,0,0,0,0
370800,0,1,1993,28,16,22,17,20,20,51,28,27,18
370800,1,1,1993,0,0,18,0,0,18,0,0,0,0
370801,1,1,1993,15,15,15,15,15,15,15,15,15,15
370802,1,1,1993,8,15,13,28,37,10,20,12,14,1
370803,1,1,1993,0,0,0,0,0,0,0,0,0,0
370804,1,1,1993,0,0,0,0,0,0,0,0,0,0
370804,2,1,1993,0,0,0,0,0,0,0,0,0,0
370805,1,1,1993,0,0,0,0,0,0,0,0,0,0
370806,0,1,1993,12,12,12,12,12,12,12,12,12,12
370806,1,1,1993,0,0,0,0,7,0,0,0,0,0
370807,1,1,1993,0,0,0,0,0,0,0,0,0,0
370807,2,1,1993,0,0,0,0,0,0,0,0,0,0
370808,1,1,1993,15,18,8,7,12,26,0,12,20,6
370809,1,1,1993,0,0,0,0,0,0,0,0,0,0
370809,2,1,1993,0,0,0,0,0,0,0,0,0,0
370809,3,1,1993,0,0,0,0,0,0,0,0,0,0
370809,4,1,1993,0,0,0,0,0,0,0,0,0,0
370809,5,1,1993,0,0,0,0,0,0,0,0,0,0
370809,6,1,1993,0,0,0,0,0,0,0,0,0,0
370810,1,1,1993,15,12,18,6,24,9,25,8,12,16
370811,1,1,1993,13,13,13,13,13,13,13,13,13,13
370812,1,1,1993,11,6,0,10,16,7,5,8,25,10
370813,1,1,1993,0,0,0,0,0,0,0,0,0,0
370813,2,1,1993,0,0,0,0,0,0,0,0,0,0
370813,3,1,1993,11,0,0,0,0,0,0,6,0,0
370814,1,1,1993,0,0,0,0,0,0,0,0,0,0
370815,1,1,1993,0,0,0,0,0,0,0,0,0,0
370815,2,1,1993,0,0,0,0,0,0,0,0,0,0
370816,0,1,1993,0,0,0,0,0,0,0,0,0,0
370816,1,1,1993,0,0,0,0,0,0,0,0,0,0
370817,0,1,1993,0,0,0,0,0,0,0,0,0,0
370817,1,1,1993,0,0,0,0,0,0,0,0,0,0
370818,1,1,1993,0,0,0,0,0,0,0,0,0,0
370818,2,1,1993,0,0,0,0,0,0,0,0,0,0
370819,1,1,1993,0,0,0,0,0,0,0,0,0,0
370819,2,1,1993,0,0,0,0,0,0,0,0,0,0
370820,1,1,1993,0,0,0,0,0,0,0,0,0,0
370821,1,1,1993,27,7,13,25,27,15,17,24,14,20
370821,2,1,1993,0,0,0,0,0,0,0,0,0,0
370821,3,1,1993,5,5,5,5,5,5,5,5,5,5
370822,1,1,1993,22,22,22,22,22,22,22,22,22,22
370823,1,1,1993,0,0,0,0,0,0,0,0,0,0
370823,2,1,1993,0,0,0,0,0,0,0,0,0,0
370824,0,1,1993,9,9,9,9,9,9,9,9,9,9
370824,1,1,1993,7,0,14,0,0,0,8,0,7,5
370825,1,1,1993,0,0,0,0,0,0,0,0,0,0
370825,2,1,1993,0,0,0,0,0,0,0,0,0,0
370825,3,1,1993,0,0,0,0,0,0,0,0,0,0
370826,1,1,1993,19,19,19,19,19,19,19,19,19,19
370826,2,1,1993,0,0,0,0,0,0,0,0,0,0
370827,1,1,1993,0,0,0,0,0,0,0,0,0,0
370827,2,1,1993,0,0,0,0,0,0,0,0,0,0
370828,0,1,1993,37,0,24,7,26,36,28,0,35,31
370828,1,1,1993,2,2,2,2,2,2,2,2,2,2
370829,0,1,1993,16,0,0,0,0,19,0,0,0,0
370829,1,1,1993,0,0,0,0,0,0,0,0,0,0
370830,1,1,1993,0,0,0,0,0,0,0,0,0,0
370830,2,1,1993,0,0,0,0,0,0,0,0,0,0
370831,1,1,1993,0,12,0,0,0,0,0,0,0,0
370831,2,1,1993,0,0,0,0,0,0,0,0,0,0
370832,1,1,1993,18,18,18,18,18,18,18,18,18,18
370833,1,1,1993,11,0,0,0,0,0,0,0,0,0
370833,2,1,1993,0,0,0,0,0,0,0,0,0,3
370833,3,1,1993,20,20,20,20,20,20,20,20,20,20
370834,1,1,1993,18,18,18,18,18,18,18,18,18,18
370835,1,1,1993,28,28,28,28,28,28,28,28,28,28
370836,1,1,1993,22,14,27,16,17,2,0,16,22,10
370837,1,1,1993,23,23,23,23,23,23,23,23,23,23
370838,0,1,1993,0,0,0,0,0,0,0,0,0,0
370838,1,1,1993,0,0,0,0,0,0,0,0,0,0
370839,1,1,1993,17,17,17,17,17,17,17,17,17,17
370840,1,1,1993,0,0,0,0,0,0,0,0,0,0
370840,2,1,1993,0,0,0,0,0,0,0,0,0,0
370841,1,1,1993,0,0,0,0,0,0,0,0,0,0
370841,2,1,1993,0,0,0,0,0,0,0,0,0,0
370842,1,1,1993,0,0,0,0,0,0,0,0,0,0
370842,2,1,1993,22,14,0,17,24,13,24,34,0,13
370843,1,1,1993,0,0,0,0,0,0,0,0,0,0
370843,2,1,1993,0,0,0,0,0,0,0,0,0,0
370843,3,1,1993,0,0,0,0,0,0,0,0,0,0
370844,0,1,1993,0,0,0,0,0,0,0,0,0,0
370844,0,2,1993,16,0,0,23,23,0,0,0,0,0
370844,1,1,1993,0,0,0,0,0,0,0,0,0,0
370845,1,1,1993,0,0,0,0,0,0,0,0,0,0
370846,1,1,1993,0,0,0,0,0,0,0,0,0,0
370846,2,1,1993,0,0,0,0,0,0,0,0,0,0
370846,3,1,1993,0,0,0,0,0,0,0,0,0,0
370847,0,1,1993,0,0,0,0,0,0,0,0,0,0
370847,1,1,1993,0,0,0,0,0,0,0,0,0,0
370848,1,1,1993,0,0,0,0,0,0,0,0,0,0
370849,1,1,1993,0,0,0,0,0,0,0,0,0,0
370849,2,1,1993,3,3,3,3,3,3,3,3,3,3
370850,1,1,1993,7,18,20,14,22,9,8,27,6,6
370851,1,1,1993,23,23,23,23,23,23,23,23,23,23
370852,1,1,1993,0,0,0,0,0,0,0,0,0,0
370853,1,1,1993,20,20,20,20,20,20,20,20,20,20
370853,2,1,1993,0,0,0,0,0,0,0,0,0,0
370854,0,1,1993,0,0,0,0,0,0,0,0,0,0
370854,1,1,1993,0,0,0,0,0,0,0,0,0,0
370855,0,1,1993,0,0,0,0,0,0,0,0,0,0
370855,1,1,1993,16,6,22,17,22,15,17,15,16,8
370856,0,1,1993,0,0,0,0,0,0,0,0,0,0
370856,1,1,1993,0,0,0,0,0,0,0,0,0,0
370857,0,1,1993,17,17,17,17,17,17,17,17,17,17
370857,1,1,1993,0,18,0,0,7,8,0,0,17,0
370858,1,1,1993,14,22,16,26,15,31,21,19,12,8
370859,0,1,1993,0,0,0,0,0,0,0,0,0,0
370859,1,1,1993,0,0,0,0,0,0,0,0,0,0
370860,1,1,1993,0,0,0,0,0,0,0,0,0,0
370860,2,1,1993,0,0,0,17,0,22,0,0,0,9
370861,0,1,1993,0,0,0,0,0,0,0,0,0,0
370861,1,1,1993,0,0,11,12,4,0,0,0,0,0
370862,1,1,1993,16,25,18,15,0,21,26,12,17,11
370863,1,1,1993,0,0,0,0,0,0,0,0,0,0
370863,2,1,1993,0,0,0,0,0,0,0,0,0,0
370865,1,1,1993,25,25,25,25,25,25,25,25,25,25
370865,2,1,1993,0,0,0,0,0,0,0,0,0,0
370866,1,1,1993,0,0,0,0,0,0,0,0,0,0
370867,1,1,1993,0,0,0,0,0,0,0,0,0,0
370867,2,1,1993,0,0,0,0,0,0,0,0,0,0
370868,0,1,1993,0,0,0,0,0,0,0,0,0,0
370868,1,1,1993,0,0,0,0,0,0,0,0,0,0
370869,1,1,1993,22,22,22,22,22,22,22,22,22,22
370870,1,1,1993,0,0,0,0,0,0,0,0,0,0
370870,2,1,1993,0,0,0,0,0,0,0,0,0,0
370871,1,1,1993,0,0,0,0,0,0,0,0,0,0
370871,2,1,1993,0,13,0,15,0,15,7,13,0,8
370872,1,1,1993,0,0,0,0,0,0,0,0,4,0
370872,2,1,1993,0,0,0,0,6,5,0,0,0,5
370873,0,1,1993,0,0,0,0,0,0,0,0,0,0
370873,1,1,1993,0,0,0,0,0,0,0,0,0,0
370874,1,1,1993,0,0,0,0,0,0,0,0,0,0
370875,1,1,1993,0,0,0,0,0,0,0,0,0,0
370876,1,1,1993,19,19,19,19,19,19,19,19,19,19
370877,1,1,1993,0,0,0,0,0,0,0,0,0,0
370877,2,1,1993,0,0,0,0,0,0,0,0,0,0
370878,0,1,1993,0,0,0,0,0,0,0,0,0,0
370878,1,1,1993,0,0,0,0,0,0,0,5,0,0
370879,0,1,1993,0,0,0,0,0,0,0,0,0,0
370879,1,1,1993,0,0,0,0,0,0,0,0,0,0
370880,1,1,1993,0,0,0,0,0,0,0,0,0,0
370880,2,1,1993,11,11,11,11,11,11,11,11,11,11
370881,1,1,1993,0,0,0,0,0,0,0,0,0,0
370881,2,1,1993,0,0,0,0,17,0,0,0,0,0
370882,1,1,1993,0,0,0,0,0,0,0,0,0,0
370882,2,1,1993,8,8,8,21,14,18,9,17,11,25
370883,1,1,1993,8,14,14,24,21,7,18,0,13,24
370883,2,1,1993,0,0,0,0,0,0,0,0,0,0
370884,1,1,1993,14,14,17,0,15,9,25,19,0,0
370885,1,1,1993,0,9,0,0,0,0,0,0,0,0
370886,1,1,1993,0,0,0,0,0,0,0,0,0,0
370887,1,1,1993,0,0,0,0,0,0,0,0,0,0
370887,2,1,1993,0,0,0,0,0,0,0,0,0,0
370888,1,1,1993,0,0,0,0,0,0,0,0,0,0
370889,1,1,1993,0,0,0,0,0,0,0,0,0,0
370889,2,1,1993,0,0,0,0,0,0,0,0,0,0
370890,1,1,1993,0,0,21,0,0,0,0,0,19,0
370891,1,1,1993,0,0,0,0,0,0,0,0,0,0
370891,2,1,1993,0,0,0,0,0,0,0,0,0,0
370891,3,1,1993,0,0,0,0,0,0,0,0,0,0
370892,1,1,1993,0,0,0,0,0,0,0,0,0,0
370892,2,1,1993,0,0,0,0,0,0,0,0,0,0
370893,1,1,1993,0,0,0,0,0,0,0,0,0,0
370893,2,1,1993,0,0,0,0,0,0,0,0,0,0
370894,1,1,1993,0,0,0,0,0,0,0,0,0,0
370894,2,1,1993,0,0,0,0,0,0,0,0,0,0
370895,1,1,1993,0,0,0,0,0,0,0,0,0,0
370896,1,1,1993,0,0,0,0,0,0,0,0,0,0
370897,1,1,1993,0,0,0,0,0,0,0,0,0,0
370897,2,1,1993,18,18,18,18,18,18,18,18,18,18
370898,1,1,1993,0,0,0,0,0,0,0,0,0,0
370899,1,1,1993,4,4,4,4,4,4,4,4,4,4
370899,2,1,1993,0,0,0,0,0,0,0,0,0,0
370900,1,1,1993,9,9,9,9,9,9,9,9,9,9
370900,2,1,1993,0,17,0,0,0,0,0,0,14,0
370901,1,1,1993,37,37,37,37,37,37,37,37,37,37
370902,1,1,1993,0,0,0,0,0,0,0,0,0,0
370903,0,1,1993,5,5,5,5,5,5,5,5,5,5
370903,1,1,1993,0,0,0,0,0,0,0,0,0,0
370904,1,1,1993,0,0,0,0,0,0,0,0,0,0
370905,1,1,1993,0,0,0,0,0,0,0,0,0,0
370905,2,1,1993,0,0,0,0,0,0,0,0,0,0
370906,1,1,1993,0,0,0,0,0,0,0,0,0,0
370906,2,1,1993,3,0,11,0,0,0,17,0,0,0
370907,1,1,1993,0,0,0,0,0,0,0,0,0,0
370907,2,1,1993,0,0,0,0,0,0,0,0,0,0
370908,0,1,1993,24,24,24,24,24,24,24,24,24,24
370908,1,1,1993,0,0,0,0,0,0,0,0,0,0
370909,1,1,1993,0,0,0,0,0,0,0,0,0,0
370909,2,1,1993,0,0,0,0,0,0,0,0,0,0
370910,1,1,1993,0,0,0,0,0,0,0,0,0,0
370910,2,1,1993,0,0,0,0,0,0,0,0,10,0
370911,1,1,1993,0,0,0,0,0,0,0,0,0,0
370911,2,1,1993,17,6,12,11,11,4,11,6,9,6
370912,1,1,1993,8,32,11,25,12,16,21,7,18,22
370913,1,1,1993,16,16,16,16,16,16,16,16,16,16
370913,2,1,1993,0,0,0,0,4,0,0,0,0,0
370913,3,1,1993,0,0,0,0,0,0,0,0,0,0
370914,1,1,1993,0,0,0,0,0,0,0,0,0,0
370914,2,1,1993,0,0,0,0,0,0,0,0,0,0
370914,3,1,1993,0,0,0,0,0,0,0,0,0,0
370914,4,1,1993,0,0,0,0,0,0,0,0,0,0
370915,1,1,1993,0,0,0,0,0,0,0,0,0,0
370915,2,1,1993,0,0,0,0,0,0,0,0,0,0
370916,1,1,1993,0,0,0,0,0,0,0,0,0,0
370916,2,1,1993,10,10,10,10,10,10,10,10,10,10
370917,1,1,1993,0,0,0,0,0,0,0,0,0,0
370917,2,1,1993,25,8,14,15,13,17,11,17,0,37
370918,0,1,1993,0,0,0,0,0,0,0,0,0,0
370918,0,2,1993,0,0,0,0,0,0,0,0,0,0
370918,1,1,1993,0,0,0,0,0,0,4,0,0,0
370919,1,1,1993,0,0,0,0,0,0,0,0,0,0
370919,2,1,1993,0,0,0,0,0,0,0,0,0,0
370919,3,1,1993,0,0,0,0,0,0,0,0,0,0
370920,1,1,1993,0,0,0,0,0,0,0,0,0,0
370921,1,1,1993,0,0,0,0,0,0,0,0,0,0
370922,1,1,1993,0,0,0,0,0,0,0,0,0,0
370922,2,1,1993,0,0,0,0,0,0,0,0,0,0
370922,3,1,1993,0,0,0,0,0,0,0,0,0,0
370923,1,1,1993,30,30,30,30,30,30,30,30,30,30
370924,1,1,1993,0,0,0,0,0,0,0,0,0,0
370924,2,1,1993,0,0,0,0,28,0,0,0,0,0
370925,1,1,1993,0,0,0,0,0,0,0,0,0,0
370925,2,1,1993,0,0,0,0,11,0,0,0,0,0
370926,1,1,1993,0,0,0,0,0,0,0,0,0,0
370926,2,1,1993,0,0,0,0,0,0,0,0,0,0
370927,1,1,1993,0,0,0,0,0,0,0,0,0,0
370927,2,1,1993,0,0,0,0,0,0,0,0,0,0
370927,3,1,1993,0,0,0,11,0,0,0,0,0,0
370928,1,1,1993,0,0,0,0,0,0,0,0,0,0
370929,1,1,1993,0,0,0,0,0,0,0,0,0,0
370929,2,1,1993,0,0,0,0,0,0,0,0,0,0
370930,1,1,1993,0,0,0,0,0,0,0,0,0,0
370930,2,1,1993,0,0,0,0,0,0,0,0,0,0
370931,0,1,1993,0,0,0,0,0,0,0,0,0,0
370931,1,1,1993,0,0,0,12,0,0,0,0,12,0
370932,1,1,1993,0,0,0,0,0,0,0,0,0,0
370932,2,1,1993,0,0,0,0,0,0,0,0,0,0
370933,1,1,1993,0,0,0,0,0,0,0,0,0,0
370934,0,1,1993,39,39,39,39,39,39,39,39,39,39
370934,1,1,1993,0,0,11,0,0,0,0,0,4,0
370935,1,1,1993,0,0,0,0,0,0,0,0,0,0
370936,1,1,1993,4,11,33,23,13,3,24,4,0,28
370937,1,1,1993,0,0,0,0,0,0,0,0,0,0
370937,2,1,1993,0,0,0,0,0,0,0,0,0,0
370938,1,1,1993,0,0,0,0,0,0,0,0,0,0
370938,2,1,1993,0,0,0,0,0,0,0,0,0,0
370939,0,1,1993,18,18,18,18,18,18,18,18,18,18
370939,1,1,1993,0,0,0,0,0,0,0,0,0,0
370940,1,1,1993,0,0,0,0,0,0,0,0,0,0
370941,1,1,1993,0,0,0,0,0,0,0,0,0,0
370942,1,1,1993,0,0,0,0,0,0,0,0,0,0
370942,2,1,1993,0,0,0,0,0,0,0,0,0,0
370943,1,1,1993,0,0,0,0,0,0,0,0,0,0
370943,2,1,1993,0,0,0,0,0,0,0,0,0,0
370944,1,1,1993,0,0,0,0,0,0,0,0,0,0
370944,2,1,1993,0,0,0,0,0,0,0,0,0,0
370945,0,1,1993,4,4,4,4,4,4,4,4,4,4
370945,0,2,1993,17,0,0,0,9,18,0,0,0,0
370945,0,3,1993,28,28,28,28,28,28,28,28,28,28
370945,1,1,1993,15,15,0,11,5,22,18,25,27,0
370946,1,1,1993,0,0,0,0,0,0,0,0,0,0
370947,0,1,1993,14,14,14,14,14,14,14,14,14,14
370947,1,1,1993,0,0,0,0,0,0,0,0,0,0
370948,1,1,1993,10,16,12,30,17,0,19,15,12,21
370949,1,1,1993,0,0,0,0,0,0,0,0,0,0
370949,2,1,1993,0,0,0,0,0,0,0,0,0,0
370950,1,1,1993,20,20,20,20,20,20,20,20,20,20
370951,1,1,1993,0,0,0,0,0,0,0,0,0,0
370951,2,1,1993,0,0,0,0,0,0,0,0,0,0
370952,0,1,1993,0,0,0,0,0,0,0,0,0,0
370952,1,1,1993,0,0,0,0,0,0,0,0,0,0
370953,1,1,1993,0,0,0,0,0,0,0,0,0,0
370954,0,1,1993,12,12,12,12,12,12,12,12,12,12
370954,1,1,1993,17,0,11,12,0,0,0,0,20,16
370955,1,1,1993,0,0,0,8,0,0,0,0,0,0
370955,2,1,1993,16,16,16,16,16,16,16,16,16,16
370956,1,1,1993,0,0,0,0,0,0,0,0,0,0
370956,2,1,1993,0,0,0,0,0,0,0,0,0,0
370957,0,1,1993,0,0,0,0,0,0,0,0,0,0
370957,1,1,1993,0,14,5,0,0,0,0,0,0,0
370958,1,1,1993,0,0,0,0,0,0,0,0,0,0
370959,0,1,1993,0,0,0,0,0,0,0,0,0,0
370959,1,1,1993,0,0,0,0,0,0,0,0,0,0
370960,1,1,1993,0,0,0,0,0,0,0,0,0,0
370960,2,1,1993,9,11,19,17,6,6,11,19,9,3
370961,1,1,1993,0,0,0,0,0,0,0,0,0,0
370961,2,1,1993,0,0,0,0,0,0,0,0,0,0
370962,0,1,1993,0,0,0,0,0,0,0,0,0,0
370962,1,1,1993,0,0,0,0,0,0,0,0,0,0
370963,1,1,1993,0,0,0,0,0,0,0,0,0,0
370964,1,1,1993,27,27,27,27,27,27,27,27,27,27
370965,1,1,1993,0,0,0,0,0,0,0,0,0,0
370965,2,1,1993,0,0,0,0,0,0,0,0,0,0
370966,1,1,1993,6,4,14,4,4,14,14,15,15,14
370967,1,1,1993,0,0,0,0,0,0,0,0,0,0
370967,2,1,1993,0,0,0,0,0,0,0,0,0,0
370968,0,1,1993,0,0,0,0,0,0,0,0,0,0
370968,1,1,1993,0,0,0,0,0,0,0,0,0,0
370969,1,1,1993,0,0,0,0,0,0,0,0,0,0
370969,2,1,1993,0,0,0,0,0,0,0,0,0,0
370970,1,1,1993,0,0,0,0,0,0,0,0,0,0
370970,2,1,1993,0,0,0,0,0,0,0,0,0,0
370971,0,1,1993,0,0,0,0,0,0,0,0,0,0
370971,1,1,1993,0,0,0,0,0,0,0,0,0,0
370972,1,1,1993,0,0,0,0,0,0,0,0,0,0
370973,1,1,1993,0,0,0,0,0,0,0,0,0,0
370973,2,1,1993,0,0,0,0,0,0,0,0,0,0
370974,1,1,1993,16,0,9,19,22,0,14,21,21,16
370975,1,1,1993,10,10,10,10,10,10,10,10,10,10
370975,2,1,1993,0,0,0,0,0,0,0,0,0,0
370976,1,1,1993,18,18,18,18,18,18,18,18,18,18
370977,1,1,1993,0,0,0,0,0,0,0,0,0,0
370978,0,1,1993,0,0,0,0,0,0,0,0,0,0
370978,1,1,1993,0,0,0,0,0,0,0,0,0,0
370979,1,1,1993,0,0,0,0,0,0,0,5,0,0
370980,1,1,1993,0,0,0,0,0,0,0,0,0,0
370980,2,1,1993,20,30,25,12,16,7,12,12,9,15
370981,1,1,1993,0,0,0,0,0,0,0,0,0,0
370981,2,1,1993,0,0,0,0,0,0,0,0,0,0
370982,1,1,1993,42,42,42,42,42,42,42,42,42,42
370983,1,1,1993,12,4,3,0,17,27,8,3,7,5
370983,2,1,1993,0,0,0,0,0,0,0,0,0,0
370984,1,1,1993,0,0,0,0,0,0,0,0,0,0
370985,1,1,1993,13,13,13,13,13,13,13,13,13,13
370986,1,1,1993,0,0,0,0,0,0,0,0,0,0
370986,2,1,1993,0,0,0,0,0,0,0,0,0,0
370987,1,1,1993,0,0,0,0,0,0,0,0,0,0
370987,2,1,1993,0,0,0,0,0,0,0,0,0,0
370988,1,1,1993,27,27,27,27,27,27,27,27,27,27
370989,1,1,1993,0,0,0,0,0,0,0,0,0,0
370989,2,1,1993,0,0,0,0,0,7,0,0,0,0
370990,1,1,1993,0,0,0,0,0,0,0,0,0,0
370991,1,1,1993,0,0,0,0,0,0,0,0,0,0
370992,0,1,1993,0,0,0,0,0,11,0,0,0,0
370992,1,1,1993,0,0,0,0,0,0,0,0,7,0
370993,1,1,1993,0,0,0,0,0,0,0,0,0,0
370993,2,1,1993,0,0,0,0,0,0,0,0,0,0
370994,1,1,1993,0,0,0,0,0,14,0,0,0,0
370996,0,1,1993,0,0,0,0,0,0,0,0,0,0
370996,1,1,1993,0,0,0,0,0,0,0,0,0,0
370997,1,1,1993,0,0,0,0,0,0,0,0,0,8
370998,0,1,1993,30,30,30,30,30,30,30,30,30,30
370998,1,1,1993,23,21,24,6,16,14,17,0,20,15
370999,1,1,1993,0,0,0,0,0,0,0,0,0,0
370999,2,1,1993,0,0,0,0,0,0,0,0,0,0
371000,0,1,1993,21,9,24,19,13,35,37,21,28,26
371000,1,1,1993,0,0,0,0,0,0,0,0,0,0
371001,1,1,1993,17,17,17,17,17,17,17,17,17,17
371002,1,1,1993,14,14,14,14,14,14,14,14,14,14
371004,1,1,1993,18,18,18,18,18,18,18,18,18,18
371005,1,1,1993,23,23,23,23,23,23,23,23,23,23
371006,1,1,1993,0,0,0,0,0,0,0,0,0,0
371007,1,1,1993,0,0,0,0,0,0,0,0,0,0
371007,2,1,1993,0,0,0,0,0,0,0,0,0,0
371008,1,1,1993,0,0,0,0,0,0,0,0,0,0
371008,2,1,1993,0,0,0,0,0,0,0,0,0,0
371008,3,1,1993,0,7,0,0,0,0,0,0,0,0
371009,0,1,1993,19,19,19,19,19,19,19,19,19,19