ST_CASE,VEH_NO,PER_NO,YEAR,P1,P2,P3,P4,P5,P6,P7,P8,P9,P10
371009,1,1,1993,0,0,0,0,0,0,0,0,0,0
371010,0,1,1993,27,27,27,27,27,27,27,27,27,27
371010,1,1,1993,0,0,0,0,0,0,7,0,0,0
371011,0,1,1993,26,26,26,26,26,26,26,26,26,26
371011,1,1,1993,0,0,0,0,0,0,0,0,0,0
371012,1,1,1993,19,5,38,9,16,7,14,4,18,25
371013,1,1,1993,23,23,23,23,23,23,23,23,23,23
371014,0,1,1993,0,0,0,0,0,0,0,0,0,0
371014,1,1,1993,0,0,0,0,0,0,0,0,0,0
371015,1,1,1993,0,0,0,0,0,0,0,0,0,0
371015,2,1,1993,0,0,0,0,0,0,0,0,0,0
371016,1,1,1993,0,0,0,0,0,0,0,0,0,0
371017,1,1,1993,0,0,0,0,0,0,0,0,0,0
371018,1,1,1993,0,0,0,0,0,0,0,0,0,0
371018,2,1,1993,0,0,0,0,0,0,0,0,0,0
371019,1,1,1993,36,36,36,36,36,36,36,36,36,36
371020,1,1,1993,0,0,0,0,0,0,0,0,0,0
371020,2,1,1993,0,0,0,0,0,0,0,0,0,0
371021,1,1,1993,0,0,0,0,0,0,0,0,0,0
371021,2,1,1993,0,0,0,0,0,0,0,0,0,0
371022,1,1,1993,0,18,0,0,0,0,0,18,0,0
371022,2,1,1993,0,0,0,0,0,0,0,0,0,0
371023,1,1,1993,0,0,0,0,0,0,0,0,0,0
371023,2,1,1993,0,0,0,19,0,0,0,0,0,0
371024,1,1,1993,0,0,0,0,0,0,0,0,0,0
371024,2,1,1993,0,0,0,0,0,0,0,0,0,0
371025,0,1,1993,0,0,0,0,0,0,0,0,0,0
371025,1,1,1993,0,0,0,0,0,0,0,0,0,0
371026,1,1,1993,13,13,13,13,13,13,13,13,13,13
371027,0,1,1993,0,10,0,0,15,0,0,0,0,10
371027,1,1,1993,0,0,0,0,0,0,0,0,0,0
371028,1,1,1993,0,22,0,0,0,0,0,0,0,0
371029,1,1,1993,0,0,0,0,0,0,0,0,0,0
371029,2,1,1993,0,0,0,0,0,0,0,0,0,0
371030,1,1,1993,11,11,11,11,11,11,11,11,11,11
371031,1,1,1993,13,13,13,13,13,13,13,13,13,13
371032,0,1,1993,0,0,0,0,0,0,0,0,0,0
371032,1,1,1993,0,0,0,0,0,0,0,0,0,0
371033,1,1,1993,0,0,0,0,0,0,0,0,0,0
371033,2,1,1993,0,0,0,0,0,0,0,0,0,0
371034,1,1,1993,0,0,0,0,0,0,0,11,0,0
371035,0,1,1993,0,0,0,0,0,0,0,0,0,0
371035,1,1,1993,0,0,0,0,0,0,0,0,0,0
371037,1,1,1993,0,0,0,0,0,0,0,0,0,0
371037,2,1,1993,0,0,0,0,0,0,0,0,0,0
371038,0,1,1993,32,32,32,32,32,32,32,32,32,32
371038,1,1,1993,6,0,0,0,0,0,0,0,0,0
371039,1,1,1993,0,13,0,0,0,0,0,0,0,0
371039,2,1,1993,7,22,8,5,19,17,23,4,21,2
371040,1,1,1993,0,6,0,3,0,0,0,0,0,0
371040,2,1,1993,0,0,0,0,8,0,0,0,0,0
371041,1,1,1993,0,0,13,0,0,0,0,0,0,0
371042,1,1,1993,2,2,2,2,2,2,2,2,2,2
371042,2,1,1993,11,0,0,0,0,0,27,0,0,0
371043,1,1,1993,0,0,0,0,0,0,0,0,0,0
371043,2,1,1993,0,0,0,0,0,0,0,0,0,0
371044,0,1,1993,15,15,15,15,15,15,15,15,15,15
371044,1,1,1993,0,0,0,0,0,0,0,0,0,0
371045,1,1,1993,28,28,28,28,28,28,28,28,28,28
371046,1,1,1993,0,0,0,0,0,0,0,0,0,0
371046,2,1,1993,13,16,30,12,17,13,20,16,22,23
371047,1,1,1993,0,0,0,0,0,0,0,0,0,0
371047,2,1,1993,0,0,0,0,0,0,0,0,0,0
371048,1,1,1993,3,10,17,13,16,12,22,16,14,23
371049,1,1,1993,0,0,0,0,0,0,0,0,0,0
371049,2,1,1993,0,0,0,0,0,17,0,0,0,0
371050,1,1,1993,0,0,0,7,0,0,0,0,0,0
371051,1,1,1993,21,21,21,21,21,21,21,21,21,21
371052,1,1,1993,0,0,0,0,0,0,0,0,0,0
371052,2,1,1993,0,0,0,0,0,0,0,0,0,0
371053,1,1,1993,3,3,3,3,3,3,3,3,3,3
371054,0,1,1993,19,19,19,19,19,19,19,19,19,19
371054,1,1,1993,0,0,0,0,0,0,0,0,0,0
371055,0,1,1993,0,0,0,0,0,0,0,0,0,0
371055,1,1,1993,0,0,0,0,0,0,0,0,0,0
371056,0,1,1993,0,0,0,0,0,0,0,0,0,0
371056,1,1,1993,0,0,0,0,0,0,0,0,0,0
371057,1,1,1993,41,41,41,41,41,41,41,41,41,41
371057,2,1,1993,0,0,0,0,0,0,0,0,20,0
371058,1,1,1993,23,23,23,23,23,23,23,23,23,23
371058,2,1,1993,11,0,0,0,0,0,10,0,0,0
371059,1,1,1993,20,20,0,18,24,24,31,38,30,15
371059,2,1,1993,0,0,0,0,0,0,0,0,0,0
371060,1,1,1993,0,0,0,0,0,0,0,0,0,0
371060,2,1,1993,15,9,20,16,12,10,0,13,23,23
371061,1,1,1993,0,0,0,0,0,0,0,0,0,0
371061,2,1,1993,0,0,0,0,0,0,0,0,0,0
371062,1,1,1993,0,0,0,0,0,0,0,0,0,0
371062,2,1,1993,0,0,0,0,0,0,0,0,0,0
371063,1,1,1993,0,0,0,0,0,0,0,0,0,0
371064,1,1,1993,0,0,0,0,0,0,0,0,0,0
371064,2,1,1993,0,0,0,0,0,0,0,0,0,0
371065,1,1,1993,0,0,0,0,0,0,0,0,0,0
371066,0,1,1993,0,0,0,0,0,0,0,0,0,0
371066,0,2,1993,0,14,26,0,19,0,0,0,0,0
371066,1,1,1993,0,0,0,0,0,0,0,0,0,0
371067,1,1,1993,0,0,0,0,0,0,7,0,0,33
371067,2,1,1993,0,0,0,0,0,0,0,0,0,0
371068,1,1,1993,27,27,27,27,27,27,27,27,27,27
371069,1,1,1993,14,14,14,14,14,14,14,14,14,14
371070,1,1,1993,0,0,0,0,0,0,0,0,0,0
371070,2,1,1993,0,0,0,0,0,0,0,0,0,0
371071,1,1,1993,0,0,0,0,0,0,0,0,0,0
371071,2,1,1993,0,0,0,0,0,0,0,0,0,0
371072,1,1,1993,0,0,0,12,9,0,0,0,0,0
371073,1,1,1993,22,19,3,15,17,21,15,21,20,10
371074,0,1,1993,11,11,11,11,11,11,11,11,11,11
371074,1,1,1993,0,0,0,0,16,0,0,0,0,0
371075,1,1,1993,0,0,0,0,0,0,0,0,0,0
371076,1,1,1993,0,0,0,0,0,0,0,0,0,0
371077,1,1,1993,18,18,18,18,18,18,18,18,18,18
371078,1,1,1993,0,0,0,0,0,0,0,0,0,0
371078,2,1,1993,0,0,0,0,0,0,0,0,0,0
371079,1,1,1993,0,0,0,0,0,0,0,0,0,0
371079,2,1,1993,21,21,21,21,21,21,21,21,21,21
371080,1,1,1993,23,23,23,23,23,23,23,23,23,23
371081,1,1,1993,0,0,0,0,0,0,0,0,0,0
371082,0,1,1993,34,14,21,16,14,17,12,29,15,11
371082,0,2,1993,0,0,0,0,0,0,0,0,0,0
371082,1,1,1993,0,0,0,0,0,0,0,0,0,0
371082,2,1,1993,0,0,0,0,0,0,0,0,0,0
371083,1,1,1993,0,0,0,0,0,0,0,0,0,0
371083,2,1,1993,0,0,0,0,0,0,0,0,0,0
371083,3,1,1993,0,0,0,0,0,0,0,0,0,0
371084,0,1,1993,0,0,0,0,0,0,0,0,0,0
371084,1,1,1993,0,0,0,0,0,0,0,0,0,0
371085,1,1,1993,13,13,13,13,13,13,13,13,13,13
371086,1,1,1993,27,27,27,27,27,27,27,27,27,27
371086,2,1,1993,0,0,0,0,0,0,0,0,0,0
371087,1,1,1993,0,0,0,0,0,0,0,0,0,0
371087,2,1,1993,0,0,0,0,0,0,0,0,0,0
371088,0,1,1993,0,0,0,0,0,0,0,0,0,0
371088,1,1,1993,0,0,0,0,0,0,0,0,0,0
371089,1,1,1993,22,22,22,22,22,22,22,22,22,22
371090,1,1,1993,8,14,23,23,3,3,13,18,26,20
371091,1,1,1993,11,11,11,11,11,11,11,11,11,11
371091,2,1,1993,0,0,0,0,0,0,0,0,0,0
371092,1,1,1993,5,5,5,5,5,5,5,5,5,5
371092,2,1,1993,0,0,0,0,8,0,0,0,0,0
371093,1,1,1993,0,0,0,0,0,0,0,0,0,0
371093,2,1,1993,0,0,0,0,0,0,0,0,0,0
371094,1,1,1993,0,0,0,0,0,0,0,14,0,12
371095,1,1,1993,0,0,0,0,0,0,0,0,0,0
371095,2,1,1993,0,0,0,0,0,0,0,0,0,0
371096,0,1,1993,8,8,8,8,8,8,8,8,8,8
371096,1,1,1993,0,0,0,0,0,0,0,0,0,0
371097,0,1,1993,0,0,0,0,0,0,0,0,0,0
371097,1,1,1993,0,0,0,0,0,0,0,0,0,0
371098,1,1,1993,14,14,14,14,14,14,14,14,14,14
371098,2,1,1993,0,10,0,0,0,0,0,0,0,0
371098,3,1,1993,0,0,0,0,0,0,0,0,0,0
371099,1,1,1993,0,0,0,0,0,0,0,0,0,0
371099,2,1,1993,0,0,0,0,22,0,0,0,0,0
371100,1,1,1993,0,0,0,0,0,0,0,0,0,0
371101,1,1,1993,0,0,0,0,0,0,0,0,0,0
371101,2,1,1993,0,0,0,0,0,0,0,0,0,0
371102,1,1,1993,0,0,0,0,0,0,0,0,0,0
371103,1,1,1993,2,2,2,2,2,2,2,2,2,2
371103,2,1,1993,0,0,0,0,19,0,17,12,0,11
371103,3,1,1993,0,0,0,0,0,0,0,0,0,0
371104,1,1,1993,15,15,15,15,15,15,15,15,15,15
371105,1,1,1993,0,0,0,0,0,0,0,0,0,0
371106,1,1,1993,0,0,0,0,0,0,0,0,0,0
371106,2,1,1993,0,0,0,0,0,0,0,0,0,0
371107,0,1,1993,0,0,0,0,0,0,0,0,0,0
371107,1,1,1993,0,0,0,0,0,0,0,0,0,0
371108,0,1,1993,20,16,32,8,19,0,24,30,18,7
371108,1,1,1993,0,0,0,0,0,0,0,0,0,0
371109,1,1,1993,21,18,14,10,21,0,30,0,28,11
371110,1,1,1993,17,17,17,17,17,17,17,17,17,17
371111,1,1,1993,0,0,0,0,0,0,0,0,0,0
371111,2,1,1993,0,0,0,0,0,0,0,0,0,0
371111,3,1,1993,0,0,0,0,0,0,0,19,0,0
371112,1,1,1993,0,0,0,0,0,0,0,0,0,0
371112,2,1,1993,0,0,0,0,0,0,0,0,0,0
371113,1,1,1993,0,0,0,0,0,0,0,0,0,0
371113,2,1,1993,0,0,0,0,0,0,0,0,0,0
371114,1,1,1993,0,0,0,0,0,0,0,0,0,0
371115,1,1,1993,0,0,0,0,0,0,0,0,0,0
371116,0,1,1993,20,20,20,20,20,20,20,20,20,20
371116,1,1,1993,0,0,0,0,0,0,0,0,0,0
371117,1,1,1993,0,0,0,0,0,0,0,0,0,0
371117,2,1,1993,0,0,0,0,0,0,0,0,0,0
371118,1,1,1993,0,0,0,0,0,0,0,0,0,0
371118,2,1,1993,0,0,0,0,0,0,0,0,0,0
371119,1,1,1993,23,23,23,23,23,23,23,23,23,23
371120,1,1,1993,0,0,0,0,0,0,0,0,0,0
371120,2,1,1993,30,30,30,30,30,30,30,30,30,30
371121,1,1,1993,23,23,23,23,23,23,23,23,23,23
371122,0,1,1993,33,33,33,33,33,33,33,33,33,33
371122,1,1,1993,0,0,0,0,0,4,0,11,0,0
371123,1,1,1993,0,0,0,0,0,0,0,0,0,0
371125,1,1,1993,0,0,0,0,0,0,0,0,0,0
371125,2,1,1993,3,3,3,3,3,3,3,3,3,3
371126,1,1,1993,0,0,0,0,0,0,0,0,0,0
371128,1,1,1993,17,17,17,17,17,17,17,17,17,17
371129,0,1,1993,0,0,0,0,0,0,0,0,0,0
371129,1,1,1993,0,0,12,0,0,0,10,0,0,0
371130,1,1,1993,0,0,0,0,0,0,0,0,0,0
371130,2,1,1993,0,0,0,0,0,0,0,0,0,0
371131,1,1,1993,0,0,0,0,0,0,0,0,4,0
371131,2,1,1993,0,0,0,0,0,0,0,0,0,0
371132,1,1,1993,0,0,0,0,0,0,0,0,0,0
371132,2,1,1993,0,0,0,0,0,0,0,0,0,0
371133,0,1,1993,3,3,3,3,3,3,3,3,3,3
371133,1,1,1993,0,0,0,0,0,24,0,0,0,8
371134,1,1,1993,21,21,21,21,21,21,21,21,21,21
371135,1,1,1993,0,0,0,0,0,0,0,0,0,0
371135,2,1,1993,0,0,0,0,0,0,0,0,0,0
371136,0,1,1993,14,14,14,14,14,14,14,14,14,14
371136,1,1,1993,0,0,0,0,0,13,0,0,0,0
371137,1,1,1993,0,0,0,0,0,0,0,0,0,0
371137,2,1,1993,0,0,0,0,0,0,0,0,0,0
371138,1,1,1993,0,0,0,0,0,0,0,0,0,0
371138,2,1,1993,0,0,0,0,0,0,0,0,0,0
371139,0,1,1993,0,17,17,25,31,37,14,16,15,11
371139,1,1,1993,0,5,10,0,16,0,11,0,0,10
371140,1,1,1993,0,11,0,12,26,0,12,16,10,12
371140,2,1,1993,0,0,0,0,0,0,0,0,0,0
371141,0,1,1993,21,21,21,21,21,21,21,21,21,21
371141,1,1,1993,24,0,23,10,6,0,0,0,13,23
371142,1,1,1993,0,0,0,0,0,0,0,0,0,0
371143,1,1,1993,0,0,0,0,0,0,0,0,0,0
371143,2,1,1993,0,0,0,0,0,0,0,0,0,0
371144,1,1,1993,0,0,0,0,0,0,0,0,0,0
371144,2,1,1993,0,0,0,0,0,0,0,0,0,42
371145,1,1,1993,8,11,20,4,7,13,10,10,18,13
371146,1,1,1993,0,0,0,0,0,0,0,0,0,0
371146,2,1,1993,0,0,0,0,0,0,0,0,0,0
371147,1,1,1993,16,16,16,16,16,16,16,16,16,16
371147,2,1,1993,0,0,0,0,0,0,0,0,0,0
371148,1,1,1993,0,0,0,0,0,0,0,0,0,0
371148,2,1,1993,0,0,0,0,0,0,0,0,0,0
371149,1,1,1993,0,0,0,0,0,0,0,0,0,0
371149,2,1,1993,0,0,0,0,0,0,0,0,0,0
371149,3,1,1993,0,0,0,0,0,0,0,0,0,0
371150,1,1,1993,0,0,9,0,0,0,0,0,0,0
371150,2,1,1993,0,0,0,0,0,0,0,0,0,0
371150,3,1,1993,0,0,0,0,0,0,0,0,0,0
371151,1,1,1993,0,0,0,0,0,0,0,0,0,0
371151,2,1,1993,0,0,0,0,0,0,0,0,0,0
371152,1,1,1993,19,19,19,19,19,19,19,19,19,19
371153,1,1,1993,0,0,0,0,0,0,0,0,0,0
371153,2,1,1993,0,0,0,0,0,0,0,0,0,0
371154,1,1,1993,24,24,24,24,24,24,24,24,24,24
371155,1,1,1993,0,0,0,0,0,0,0,0,0,0
371155,2,1,1993,0,0,0,0,0,0,0,0,0,0
371156,1,1,1993,37,37,37,37,37,37,37,37,37,37
371157,1,1,1993,0,0,0,0,0,0,0,0,0,0
371157,2,1,1993,0,0,0,0,0,0,0,0,0,0
371158,1,1,1993,0,0,0,0,0,0,0,0,0,0
371158,2,1,1993,0,0,0,0,0,0,0,0,0,0
371159,1,1,1993,7,14,24,0,9,14,15,35,21,7
371160,1,1,1993,0,0,0,0,0,0,0,0,0,0
371160,2,1,1993,0,0,0,0,0,0,0,0,10,0
371160,3,1,1993,0,0,0,0,0,0,0,0,0,0
371161,1,1,1993,0,0,0,0,0,0,0,0,0,0
371162,1,1,1993,29,26,22,7,25,9,15,19,16,28
371163,1,1,1993,0,0,0,0,0,0,0,0,0,0
371163,2,1,1993,0,0,0,0,0,0,0,0,0,0
371164,1,1,1993,0,0,0,2,0,0,0,0,0,0
371165,1,1,1993,37,37,37,37,37,37,37,37,37,37
371166,1,1,1993,12,0,0,0,0,0,0,0,0,0
371167,1,1,1993,0,0,0,0,0,0,0,0,0,0
371167,2,1,1993,0,0,0,0,0,0,0,0,11,0
371168,1,1,1993,0,0,0,0,0,0,0,0,0,0
371168,2,1,1993,0,0,0,0,0,0,0,0,0,0
371169,0,1,1993,0,0,0,0,0,0,0,0,0,0
371169,1,1,1993,0,0,0,0,0,0,0,0,0,0
371170,1,1,1993,0,0,0,0,0,0,0,0,0,0
371170,2,1,1993,0,0,0,0,0,17,0,0,0,0
371171,0,1,1993,0,0,0,0,0,0,0,0,0,0
371171,1,1,1993,0,0,0,0,0,0,0,0,0,0
371172,1,1,1993,0,8,0,22,0,0,22,0,0,0
371173,1,1,1993,0,0,0,0,0,0,0,0,0,0
371174,1,1,1993,0,0,0,0,0,0,0,0,0,0
371175,1,1,1993,17,17,17,17,17,17,17,17,17,17
371176,1,1,1993,0,0,0,0,0,0,0,0,0,0
371176,2,1,1993,0,0,0,0,0,0,0,0,18,0
371177,1,1,1993,0,0,0,0,0,0,0,0,0,0
371177,2,1,1993,0,2,0,0,0,0,0,0,0,0
371178,1,1,1993,0,0,0,0,0,0,0,0,0,0
371178,2,1,1993,0,4,0,11,0,0,0,0,0,0
371179,1,1,1993,0,0,0,0,0,0,0,0,0,0
371180,1,1,1993,0,0,0,0,0,0,0,0,0,0
371180,2,1,1993,0,0,0,0,0,0,0,0,0,0
371181,1,1,1993,7,22,23,5,36,19,21,17,21,22
371181,2,1,1993,3,3,3,3,3,3,3,3,3,3
371182,1,1,1993,8,11,12,7,28,0,6,13,20,22
371183,1,1,1993,0,0,0,0,0,0,0,0,0,0
371183,2,1,1993,0,0,0,0,0,0,0,0,0,0
371184,1,1,1993,17,9,13,21,21,13,22,0,21,12
371184,2,1,1993,0,0,0,0,0,0,0,0,0,0
371185,1,1,1993,0,0,14,0,0,0,0,0,14,0
371185,2,1,1993,9,11,0,0,9,0,6,0,7,0
371186,0,1,1993,0,0,0,0,0,0,0,0,0,0
371186,1,1,1993,0,0,0,0,0,0,0,0,0,0
371187,1,1,1993,0,0,0,0,0,0,0,0,0,0
371187,2,1,1993,0,0,0,0,0,0,0,0,0,0
371188,0,1,1993,30,30,30,30,30,30,30,30,30,30
371188,1,1,1993,0,0,0,0,0,0,2,0,0,0
371189,1,1,1993,0,0,0,0,0,0,0,0,0,0
371189,2,1,1993,0,0,0,0,0,0,0,0,0,0
371190,0,1,1993,0,0,0,0,0,0,0,0,0,0
371190,1,1,1993,8,13,5,14,21,16,14,7,27,3
371191,1,1,1993,0,0,0,0,0,0,0,0,0,0
371191,2,1,1993,0,0,0,0,0,0,0,0,0,0
371192,1,1,1993,0,0,0,0,0,0,0,0,0,0
371192,2,1,1993,0,0,0,0,0,0,0,0,0,0
371193,0,1,1993,0,0,0,0,0,0,0,0,0,0
371193,1,1,1993,0,0,0,0,0,0,0,0,0,0
371194,1,1,1993,15,15,15,15,15,15,15,15,15,15
371195,0,1,1993,0,0,0,0,0,0,0,0,0,0
371195,1,1,1993,0,0,0,0,0,0,0,0,0,0
371196,1,1,1993,0,0,0,0,0,0,0,0,0,0
371196,2,1,1993,0,0,0,0,0,0,0,0,0,0
371196,3,1,1993,0,0,0,0,0,0,0,0,0,2
371197,1,1,1993,0,0,0,0,0,0,0,0,0,0
371197,2,1,1993,0,0,0,0,0,0,0,0,0,0
371197,3,1,1993,0,11,0,0,0,0,0,0,0,0
371198,0,1,1993,0,0,0,0,0,0,0,0,0,0
371198,1,1,1993,0,0,0,0,0,0,0,0,0,0
371198,2,1,1993,0,0,0,0,0,3,0,0,0,0
371199,1,1,1993,39,0,0,0,0,11,0,0,0,29
371200,1,1,1993,0,0,0,0,0,0,0,0,0,0
371201,1,1,1993,0,0,0,0,0,0,0,0,0,0
371202,0,1,1993,0,0,0,0,0,0,0,0,0,0
371202,1,1,1993,0,0,0,0,0,0,0,0,0,0
371203,0,1,1993,19,19,19,19,19,19,19,19,19,19
371203,1,1,1993,0,0,0,0,20,9,0,0,0,0
371204,1,1,1993,0,0,0,0,0,0,0,0,0,0
371205,1,1,1993,0,0,0,0,0,0,0,0,0,0
371205,2,1,1993,0,0,0,0,0,0,0,0,0,0
371206,1,1,1993,0,0,0,0,0,0,0,0,0,0
371206,2,1,1993,0,0,0,0,0,0,0,0,0,0
371207,0,1,1993,8,8,8,8,8,8,8,8,8,8
371207,1,1,1993,0,0,0,0,0,0,0,0,0,0
371208,1,1,1993,0,0,0,0,0,0,0,0,0,0
371208,2,1,1993,2,2,2,2,2,2,2,2,2,2
371209,1,1,1993,9,28,19,25,7,17,11,13,36,18
371210,1,1,1993,0,0,0,0,0,0,0,0,0,0
371211,0,1,1993,14,14,14,14,14,14,14,14,14,14
371211,1,1,1993,0,0,0,0,0,0,0,0,0,0
371211,2,1,1993,0,0,0,0,0,0,0,0,0,0
371212,1,1,1993,0,0,0,0,0,0,0,0,0,0
371212,2,1,1993,0,0,0,0,0,0,0,0,0,0
371212,3,1,1993,0,0,0,0,0,0,0,0,0,0
371213,1,1,1993,0,0,0,0,0,0,0,0,0,0
371214,1,1,1993,24,0,13,3,18,16,11,27,14,9
371214,2,1,1993,0,0,0,0,0,0,0,0,0,0
371215,1,1,1993,0,0,0,0,0,0,0,6,0,0
371216,1,1,1993,19,19,19,19,19,19,19,19,19,19
371217,1,1,1993,36,0,12,0,0,0,0,0,21,11
371218,1,1,1993,0,0,0,0,0,0,0,0,0,0
371219,1,1,1993,19,14,18,21,20,20,19,15,21,31
371220,1,1,1993,16,16,16,16,16,16,16,16,16,16
371221,1,1,1993,0,0,0,0,0,0,0,0,0,0
371222,1,1,1993,0,0,0,0,0,0,0,0,0,0
371223,1,1,1993,0,0,0,0,0,0,0,0,0,0
371223,2,1,1993,0,0,0,0,0,0,0,0,0,0
371223,3,1,1993,0,0,0,0,0,0,0,0,0,0
371224,0,1,1993,7,7,7,7,7,7,7,7,7,7
371224,1,1,1993,0,0,0,0,0,4,0,0,0,0
371225,1,1,1993,0,0,0,0,0,0,0,0,0,0
371225,2,1,1993,0,0,0,0,0,0,0,0,0,0
371226,1,1,1993,0,0,0,0,0,0,0,0,0,0
371226,2,1,1993,0,0,0,0,0,0,0,0,0,0
371227,1,1,1993,0,0,0,0,0,0,0,0,0,0
371227,2,1,1993,0,0,0,0,0,0,0,0,0,0
371228,1,1,1993,0,0,0,0,0,0,0,0,0,0
371228,2,1,1993,0,0,0,0,0,0,0,0,0,0
371229,1,1,1993,22,22,20,0,20,0,15,13,0,6
371230,1,1,1993,10,19,15,3,0,4,9,17,25,11
371231,1,1,1993,18,18,18,18,18,18,18,18,18,18
371232,1,1,1993,0,0,0,0,0,0,0,0,0,0
371232,2,1,1993,0,0,0,0,0,0,0,0,0,0
371233,0,1,1993,0,0,0,0,0,0,0,0,0,0
371233,1,1,1993,0,0,0,0,0,0,0,0,0,0
371234,1,1,1993,0,0,0,0,0,0,0,0,0,0
371235,1,1,1993,0,19,0,0,0,0,0,0,0,0
371235,2,1,1993,0,0,0,0,0,0,0,0,0,0
371236,1,1,1993,3,13,0,11,0,24,17,5,17,0
371236,2,1,1993,0,0,0,0,0,0,0,0,0,0
371237,1,1,1993,23,11,29,21,29,19,0,22,20,18
371238,1,1,1993,0,0,0,0,0,0,0,0,0,0
371239,1,1,1993,26,15,28,18,0,9,17,7,0,6
371240,0,1,1993,34,33,42,10,14,29,22,25,12,28
371240,1,1,1993,0,0,0,0,0,0,0,0,0,0
371241,1,1,1993,0,0,0,0,0,0,0,0,0,0
371241,2,1,1993,0,0,0,0,0,0,0,0,0,0
371241,3,1,1993,0,0,0,0,0,0,0,0,0,0
371242,1,1,1993,0,0,0,0,0,0,0,0,0,0
371242,2,1,1993,0,0,0,21,0,11,0,0,0,0
380001,0,1,1993,28,28,28,28,28,28,28,28,28,28
380001,1,1,1993,0,0,0,0,0,0,0,0,0,0
380002,1,1,1993,0,0,0,0,0,0,0,0,0,0
380002,2,1,1993,0,0,0,0,20,0,0,0,0,0
380003,1,1,1993,0,0,0,0,0,0,0,0,0,0
380004,1,1,1993,22,10,0,4,13,0,0,19,0,0
380005,1,1,1993,0,0,0,0,0,0,0,0,0,0
380005,2,1,1993,0,0,0,0,0,0,0,0,0,0
380006,1,1,1993,19,19,19,19,19,19,19,19,19,19
380007,1,1,1993,13,13,13,13,13,13,13,13,13,13
380008,1,1,1993,13,13,13,13,13,13,13,13,13,13
380008,2,1,1993,0,0,0,0,0,0,0,0,0,0
380009,1,1,1993,0,0,0,0,0,0,0,0,0,0
380010,1,1,1993,19,19,19,19,19,19,19,19,19,19
380011,1,1,1993,20,20,20,20,20,20,20,20,20,20
380012,1,1,1993,25,25,25,25,25,25,25,25,25,25
380013,1,1,1993,14,14,14,14,14,14,14,14,14,14
380013,2,1,1993,15,15,15,15,15,15,15,15,15,15
380014,1,1,1993,0,0,0,0,0,0,0,0,0,0
380014,2,1,1993,0,0,0,0,0,0,0,0,0,0
380015,1,1,1993,11,11,11,11,11,11,11,11,11,11
380016,0,1,1993,0,0,0,0,0,22,0,0,0,0
380016,1,1,1993,0,0,18,11,0,0,0,0,0,0
380017,1,1,1993,9,9,9,9,9,9,9,9,9,9
380017,2,1,1993,4,4,4,4,4,4,4,4,4,4
380018,1,1,1993,20,20,20,20,20,20,20,20,20,20
380019,1,1,1993,23,23,23,23,23,23,23,23,23,23
380019,2,1,1993,0,0,9,19,13,0,13,12,16,21
380021,1,1,1993,0,17,0,10,0,8,15,5,12,17
380022,1,1,1993,4,4,4,4,4,4,4,4,4,4
380023,1,1,1993,17,17,17,17,17,17,17,17,17,17
380024,1,1,1993,0,0,0,0,0,0,0,0,0,0
380025,1,1,1993,20,20,20,20,20,20,20,20,20,20
380026,1,1,1993,0,0,0,0,0,0,12,12,0,0
380027,1,1,1993,11,13,6,0,0,0,22,6,0,0
380027,2,1,1993,0,0,0,0,0,0,22,0,0,0
380028,1,1,1993,0,0,0,0,0,0,0,0,0,0
380028,2,1,1993,0,0,0,12,0,0,0,0,0,0
380029,0,1,1993,14,14,14,14,14,14,14,14,14,14
380029,1,1,1993,21,21,0,17,18,0,0,0,20,0
380030,1,1,1993,0,0,0,0,0,0,0,0,0,0
380030,2,1,1993,0,0,0,0,0,0,0,0,0,0
380031,1,1,1993,0,0,0,0,0,0,0,0,0,0
380032,1,1,1993,0,4,0,0,13,12,24,0,5,0
380032,2,1,1993,0,21,0,7,9,0,0,14,0,0
380032,3,1,1993,0,0,0,0,36,20,0,0,14,0
380033,1,1,1993,14,14,14,14,14,14,14,14,14,14
380034,1,1,1993,10,7,0,18,21,0,0,0,0,0
380034,2,1,1993,0,0,0,0,0,0,7,0,0,0
380035,1,1,1993,28,0,0,0,7,0,15,0,0,10
380036,1,1,1993,24,24,24,24,24,24,24,24,24,24
380037,1,1,1993,0,0,0,0,0,0,0,0,0,0
380037,2,1,1993,0,0,0,0,0,0,0,0,0,0
380038,1,1,1993,14,14,14,14,14,14,14,14,14,14
380039,1,1,1993,0,0,0,0,0,0,0,0,0,0
380039,2,1,1993,0,0,0,0,0,0,0,0,0,0
380040,1,1,1993,0,0,0,0,0,0,0,0,0,0
380041,1,1,1993,0,0,0,0,0,0,0,9,0,0
380041,2,1,1993,0,0,0,0,0,0,13,0,0,0
380042,1,1,1993,20,20,20,20,20,20,20,20,20,20
380042,2,1,1993,0,0,0,0,0,0,0,0,0,0
380043,0,1,1993,0,0,17,0,0,0,0,0,0,0
380043,1,1,1993,8,0,0,0,0,0,0,0,0,0
380044,1,1,1993,0,0,0,0,0,0,0,0,0,0
380045,1,1,1993,26,26,26,26,26,26,26,26,26,26
380045,2,1,1993,0,0,0,0,0,0,0,21,0,0
380045,3,1,1993,0,0,0,0,0,0,0,0,18,0
380046,1,1,1993,14,14,14,14,14,14,14,14,14,14