ST_CASE,VEH_NO,PER_NO,YEAR,P1,P2,P3,P4,P5,P6,P7,P8,P9,P10
380047,1,1,1993,19,19,19,19,19,19,19,19,19,19
380047,2,1,1993,17,17,17,17,17,17,17,17,17,17
380047,3,1,1993,0,0,0,0,0,27,0,0,18,0
380048,1,1,1993,0,0,0,0,0,0,0,0,0,0
380048,2,1,1993,0,0,0,0,0,0,0,0,0,0
380049,1,1,1993,0,0,0,0,0,0,0,0,0,0
380049,2,1,1993,0,0,0,0,0,0,0,0,0,0
380050,1,1,1993,0,0,0,0,0,0,0,0,0,0
380050,2,1,1993,0,0,0,0,0,0,0,0,0,0
380051,1,1,1993,0,0,30,15,0,0,0,0,0,0
380051,2,1,1993,0,0,0,0,0,0,0,0,0,0
380052,1,1,1993,0,0,0,0,4,6,0,14,0,0
380052,2,1,1993,0,0,0,0,0,0,0,0,0,0
380053,1,1,1993,0,0,0,0,0,0,0,0,0,0
380053,2,1,1993,0,0,0,0,0,0,0,0,0,0
380054,1,1,1993,0,0,0,8,0,0,8,0,4,0
380055,1,1,1993,25,36,21,28,28,22,18,8,23,14
380056,1,1,1993,16,16,16,16,16,16,16,16,16,16
380057,1,1,1993,0,0,0,0,0,0,0,0,0,0
380057,2,1,1993,0,0,0,0,0,0,0,0,0,0
380058,1,1,1993,18,18,18,18,18,18,18,18,18,18
380059,1,1,1993,0,14,0,0,0,0,8,0,0,26
380059,2,1,1993,0,0,0,0,0,0,22,0,0,0
380059,3,1,1993,0,0,0,0,0,0,0,0,0,0
380060,1,1,1993,16,16,16,16,16,16,16,16,16,16
380061,1,1,1993,0,0,0,0,0,0,0,0,0,0
380061,2,1,1993,0,0,0,0,0,0,0,0,0,0
380062,1,1,1993,0,0,0,0,0,0,0,0,0,0
380062,2,1,1993,0,0,0,0,0,0,0,0,0,0
380063,1,1,1993,0,0,0,0,0,0,0,0,0,0
380063,2,1,1993,0,0,0,0,0,0,0,0,0,0
380064,1,1,1993,0,0,0,0,0,0,0,0,0,0
380064,2,1,1993,0,0,0,0,0,0,0,0,0,0
380065,1,1,1993,0,0,0,0,0,0,0,8,0,0
380065,2,1,1993,0,0,0,0,0,0,0,0,0,0
380066,1,1,1993,0,0,0,0,0,0,0,0,0,0
380067,0,1,1993,0,0,0,0,0,0,0,0,0,0
380067,1,1,1993,0,0,10,0,0,0,0,0,0,0
380068,1,1,1993,28,28,28,28,28,28,28,28,28,28
380068,2,1,1993,0,0,0,0,0,0,0,0,31,0
380069,1,1,1993,0,0,0,0,0,0,0,0,0,0
380070,1,1,1993,0,0,0,0,0,0,3,0,0,0
380070,2,1,1993,20,20,20,20,20,20,20,20,20,20
380071,1,1,1993,20,20,20,20,20,20,20,20,20,20
380072,1,1,1993,10,10,10,10,10,10,10,10,10,10
380073,1,1,1993,0,0,0,0,0,0,0,0,0,33
380074,1,1,1993,19,19,19,19,19,19,19,19,19,19
380075,1,1,1993,0,0,0,0,0,0,0,0,0,0
380075,2,1,1993,0,0,0,0,0,0,0,0,0,0
380076,1,1,1993,0,0,0,0,0,0,0,0,0,0
380077,1,1,1993,0,0,0,0,0,0,0,0,0,0
380078,1,1,1993,17,0,0,0,0,0,0,14,7,15
380078,2,1,1993,12,8,7,28,19,29,6,19,10,18
380079,1,1,1993,12,12,12,12,12,12,12,12,12,12
380080,1,1,1993,0,0,0,0,0,0,0,0,0,0
380080,2,1,1993,13,0,0,0,0,0,0,0,0,0
380081,1,1,1993,0,0,0,0,0,0,0,0,0,0
380081,2,1,1993,5,0,0,0,0,0,0,0,0,0
380081,3,1,1993,0,0,0,0,0,0,0,0,0,16
380082,1,1,1993,0,0,0,8,0,0,0,0,0,22
380082,2,1,1993,0,13,0,0,16,0,0,11,0,0
390001,1,1,1993,20,20,20,20,20,20,20,20,20,20
390003,1,1,1993,0,0,0,0,0,0,0,0,0,0
390004,1,1,1993,26,8,13,21,14,22,20,18,19,12
390005,1,1,1993,0,0,0,0,0,0,0,0,0,0
390005,2,1,1993,0,0,0,0,0,0,0,0,0,0
390006,1,1,1993,0,0,0,0,0,0,0,0,0,0
390007,1,1,1993,0,0,0,0,0,0,0,0,0,0
390007,2,1,1993,0,0,0,0,0,0,0,0,0,0
390008,1,1,1993,0,0,13,0,0,0,0,16,0,0
390009,1,1,1993,0,0,0,0,0,0,0,0,0,0
390009,2,1,1993,0,0,0,0,0,0,0,0,0,0
390010,1,1,1993,0,0,0,15,0,0,24,14,0,20
390010,2,1,1993,0,0,0,0,0,0,0,0,0,0
390010,3,1,1993,0,0,0,0,0,0,0,0,0,0
390011,1,1,1993,0,0,0,0,0,0,0,0,0,0
390011,2,1,1993,10,0,0,0,0,0,5,0,0,0
390012,1,1,1993,0,0,0,0,0,0,0,0,0,0
390012,2,1,1993,0,0,0,0,0,0,0,0,0,0
390013,0,2,1993,0,0,0,0,0,0,0,0,0,0
390013,1,1,1993,0,0,0,0,0,0,0,0,0,0
390014,1,1,1993,0,2,0,0,0,0,0,0,0,0
390014,2,1,1993,0,0,0,0,0,0,0,0,0,0
390015,0,1,1993,0,0,0,0,0,0,0,0,0,0
390015,1,1,1993,0,0,0,16,0,0,0,0,0,0
390015,2,1,1993,0,0,0,0,0,0,0,0,0,0
390017,1,1,1993,8,8,8,8,8,8,8,8,8,8
390018,1,1,1993,0,5,9,21,0,9,0,0,0,11
390020,1,1,1993,0,0,0,0,0,0,0,0,0,0
390020,2,1,1993,0,11,0,0,0,0,0,0,0,0
390021,1,1,1993,23,27,5,14,18,18,27,32,17,23
390022,1,1,1993,0,0,0,0,0,0,0,0,0,0
390022,2,1,1993,0,0,0,0,0,0,0,0,0,0
390024,1,1,1993,0,5,0,0,0,0,0,0,0,0
390025,1,1,1993,0,0,0,0,0,0,0,0,0,0
390025,2,1,1993,0,0,0,0,0,0,0,0,13,0
390026,1,1,1993,0,0,0,0,0,0,0,0,0,0
390027,1,1,1993,0,0,0,0,0,0,0,0,0,0
390028,1,1,1993,0,0,0,0,0,0,0,0,0,0
390028,2,1,1993,0,0,0,0,0,0,0,0,0,0
390029,1,1,1993,46,14,38,28,37,37,22,23,18,26
390029,2,1,1993,0,0,0,0,0,0,0,0,0,0
390030,1,1,1993,21,21,21,21,21,21,21,21,21,21
390031,1,1,1993,0,0,0,0,7,0,0,0,0,0
390031,2,1,1993,0,0,0,0,0,0,0,0,0,0
390032,1,1,1993,0,0,0,0,0,0,0,0,0,0
390032,2,1,1993,0,0,0,0,0,0,0,0,0,0
390033,1,1,1993,40,40,40,40,40,40,40,40,40,40
390034,1,1,1993,0,0,0,0,0,0,0,0,0,0
390034,2,1,1993,0,0,0,0,0,0,0,0,22,0
390035,1,1,1993,0,0,0,0,0,0,0,0,0,0
390035,2,1,1993,0,0,0,0,0,0,0,0,0,0
390036,1,1,1993,0,0,0,0,12,0,6,0,0,0
390036,2,1,1993,7,15,14,13,21,31,11,8,25,17
390037,1,1,1993,10,24,17,7,17,17,26,16,18,12
390038,1,1,1993,17,0,0,0,0,0,0,0,0,0
390038,2,1,1993,0,0,0,0,0,0,5,0,0,0
390039,1,1,1993,0,0,0,0,0,0,0,0,0,0
390040,1,1,1993,0,0,0,0,0,0,0,0,0,0
390040,2,1,1993,10,20,8,20,14,7,27,5,0,12
390041,1,1,1993,0,0,0,0,0,0,0,0,0,0
390041,2,1,1993,0,0,0,0,5,0,0,21,0,0
390041,3,1,1993,0,0,0,0,0,0,0,0,0,0
390042,1,1,1993,0,0,0,0,0,0,0,0,0,0
390044,1,1,1993,8,0,0,0,8,0,32,20,0,0
390046,1,1,1993,0,0,0,0,0,0,0,0,0,0
390046,2,1,1993,0,0,0,0,0,0,0,0,0,0
390047,1,1,1993,13,13,13,13,13,13,13,13,13,13
390048,1,1,1993,30,16,28,28,18,15,13,27,23,14
390049,1,1,1993,0,12,0,0,0,0,0,0,0,0
390050,1,1,1993,22,16,24,18,21,25,0,19,28,18
390051,1,1,1993,19,31,0,20,11,0,13,18,13,25
390051,2,1,1993,9,0,9,7,0,7,6,7,25,21
390052,1,1,1993,20,20,20,20,20,20,20,20,20,20
390053,1,1,1993,0,0,0,0,0,0,0,0,0,0
390053,2,1,1993,0,0,0,0,0,0,0,0,0,0
390053,3,1,1993,0,0,0,0,0,0,0,0,0,0
390054,1,1,1993,0,0,0,0,0,0,0,0,0,0
390054,2,1,1993,20,13,20,8,10,12,7,0,6,0
390055,0,1,1993,0,0,0,0,0,0,0,0,0,0
390055,1,1,1993,0,0,0,0,0,0,0,0,0,0
390056,1,1,1993,0,0,0,0,0,0,0,0,0,0
390057,0,1,1993,0,0,19,4,0,0,37,0,22,0
390057,1,1,1993,0,0,0,0,0,0,0,0,0,0
390058,1,1,1993,0,0,0,0,0,0,0,6,0,16
390059,1,1,1993,0,0,0,0,0,0,0,0,0,0
390060,1,1,1993,0,0,0,0,0,0,0,0,0,0
390060,2,1,1993,0,0,0,0,0,0,0,0,0,0
390061,0,1,1993,5,0,0,0,9,0,14,16,6,0
390061,1,1,1993,0,0,0,0,0,0,0,0,0,0
390062,1,1,1993,8,13,17,18,0,20,18,11,13,16
390063,0,1,1993,0,0,0,0,0,0,0,8,0,0
390063,1,1,1993,0,0,0,0,0,0,0,0,0,0
390064,1,1,1993,19,28,14,18,11,25,13,16,10,27
390066,1,1,1993,0,0,0,0,0,0,0,0,0,0
390066,2,1,1993,0,0,0,0,0,0,0,0,0,0
390067,1,1,1993,0,0,0,0,0,0,0,0,0,0
390067,2,1,1993,0,0,0,0,25,0,0,0,0,0
390067,3,1,1993,0,0,0,0,0,0,0,0,0,0
390068,0,1,1993,25,25,25,25,25,25,25,25,25,25
390068,1,1,1993,19,10,20,11,21,25,28,18,0,15
390070,1,1,1993,0,0,0,0,0,0,0,0,0,0
390070,2,1,1993,0,0,0,0,0,0,0,0,0,0
390071,1,1,1993,0,0,0,0,0,0,0,0,0,0
390072,1,1,1993,18,25,15,15,12,15,21,19,15,21
390074,0,1,1993,7,0,6,37,33,13,24,10,21,27
390074,1,1,1993,0,0,0,0,0,0,0,0,0,0
390074,2,1,1993,0,0,0,0,0,0,0,0,0,0
390075,1,1,1993,15,0,0,0,0,0,0,0,0,0
390077,1,1,1993,20,20,20,20,20,20,20,20,20,20
390078,1,1,1993,9,0,0,0,0,0,0,0,0,0
390078,2,1,1993,0,0,0,0,0,0,0,0,0,0
390079,1,1,1993,0,0,0,12,0,0,0,0,0,0
390079,2,1,1993,0,0,0,0,0,0,0,0,0,0
390080,1,1,1993,0,0,0,0,0,0,0,0,0,0
390080,2,1,1993,0,0,0,0,0,0,0,0,0,0
390081,1,1,1993,0,0,0,0,0,0,0,0,0,0
390081,2,1,1993,2,2,2,2,2,2,2,2,2,2
390082,1,1,1993,0,13,0,0,0,0,0,6,0,0
390083,1,1,1993,21,21,21,21,21,21,21,21,21,21
390084,0,1,1993,0,0,0,0,0,0,0,0,0,0
390084,1,1,1993,0,0,0,0,0,0,0,0,0,0
390085,0,1,1993,0,24,0,7,16,21,15,30,10,32
390085,1,1,1993,15,15,15,15,15,15,15,15,15,15
390086,1,1,1993,14,14,14,14,14,14,14,14,14,14
390086,2,1,1993,14,14,14,14,14,14,14,14,14,14
390087,1,1,1993,0,0,0,0,0,0,0,0,0,0
390088,1,1,1993,29,29,29,29,29,29,29,29,29,29
390088,2,1,1993,19,0,0,0,0,0,0,0,0,0
390089,1,1,1993,21,21,21,21,21,21,21,21,21,21
390090,1,1,1993,12,0,9,0,0,0,0,0,0,0
390091,1,1,1993,18,18,18,18,18,18,18,18,18,18
390092,1,1,1993,0,0,0,0,11,0,0,0,0,23
390093,1,1,1993,0,0,0,0,0,0,0,0,0,0
390094,1,1,1993,0,0,0,0,0,0,0,0,0,0
390094,2,1,1993,0,0,0,0,0,0,0,0,0,0
390095,1,1,1993,0,0,0,18,0,0,0,0,17,0
390096,1,1,1993,22,34,11,15,18,34,0,31,22,16
390097,1,1,1993,0,0,18,20,0,17,5,19,11,0
390098,1,1,1993,24,19,22,22,17,22,0,48,24,12
390099,1,1,1993,18,11,21,13,20,10,19,18,26,47
390100,1,1,1993,0,12,0,0,0,15,0,0,0,0
390101,1,1,1993,0,0,0,0,15,0,0,0,0,0
390102,1,1,1993,0,0,0,0,0,0,0,0,0,0
390102,2,1,1993,0,0,0,0,0,0,0,0,0,0
390103,1,1,1993,9,0,0,0,23,0,0,0,0,0
390103,2,1,1993,16,16,0,9,14,16,7,16,12,11
390104,1,1,1993,0,0,0,0,0,0,0,0,0,0
390104,2,1,1993,0,0,0,0,0,0,0,0,0,0
390105,1,1,1993,0,0,0,0,0,0,0,0,0,0
390105,2,1,1993,0,0,0,0,0,0,0,0,0,0
390106,1,1,1993,0,0,0,0,0,0,0,0,0,0
390107,1,1,1993,23,23,23,23,23,23,23,23,23,23
390108,1,1,1993,0,0,0,0,0,0,0,0,0,29
390108,2,1,1993,20,0,0,0,0,0,0,33,12,0
390109,1,1,1993,18,0,26,18,24,8,11,16,12,21
390110,1,1,1993,0,0,0,0,0,0,0,0,0,0
390110,2,1,1993,32,15,0,6,0,27,7,10,31,5
390111,0,1,1993,0,0,0,0,0,0,18,0,0,0
390111,1,1,1993,0,0,0,0,0,0,0,0,0,0
390112,1,1,1993,7,7,7,7,7,7,7,7,7,7
390113,1,1,1993,0,0,0,0,0,12,0,0,0,0
390113,2,1,1993,0,0,0,0,0,0,0,0,0,0
390114,1,1,1993,11,11,11,11,11,11,11,11,11,11
390115,1,1,1993,0,18,18,27,0,12,11,8,0,26
390116,1,1,1993,0,0,0,0,0,0,0,0,0,0
390116,2,1,1993,0,0,0,0,0,0,0,0,0,0
390116,3,1,1993,0,0,0,0,0,0,0,0,0,0
390117,1,1,1993,0,13,0,0,0,0,0,0,0,0
390117,2,1,1993,0,0,0,0,0,0,0,0,0,0
390118,0,1,1993,0,0,25,0,0,0,0,0,0,0
390118,1,1,1993,0,0,0,0,0,0,0,0,0,0
390120,1,1,1993,0,0,0,0,0,0,0,0,0,0
390121,1,1,1993,22,16,12,0,21,0,0,0,19,0
390122,1,1,1993,11,0,16,28,16,16,5,17,14,38
390123,1,1,1993,29,29,29,29,29,29,29,29,29,29
390123,2,1,1993,0,0,0,23,0,0,0,0,21,0
390124,1,1,1993,13,13,13,13,13,13,13,13,13,13
390125,1,1,1993,0,0,0,0,0,0,0,0,0,0
390125,2,1,1993,9,9,9,9,9,9,9,9,9,9
390126,1,1,1993,0,0,0,0,0,0,0,0,0,0
390126,2,1,1993,0,0,0,0,0,0,0,0,0,0
390127,1,1,1993,1,1,1,1,1,1,1,1,1,1
390129,1,1,1993,0,0,13,26,31,9,11,0,26,30
390130,1,1,1993,0,0,0,0,0,0,0,0,0,0
390130,2,1,1993,0,0,0,0,10,0,0,0,0,0
390131,1,1,1993,8,8,8,8,8,8,8,8,8,8
390132,1,1,1993,16,4,19,19,20,17,29,29,9,25
390132,2,1,1993,0,0,0,0,0,0,0,0,0,0
390133,1,1,1993,0,0,0,0,0,0,0,0,0,0
390133,2,1,1993,0,0,0,0,0,0,0,7,0,0
390134,1,1,1993,0,0,0,0,0,0,0,0,0,0
390134,2,1,1993,0,0,0,0,0,0,0,0,0,0
390135,1,1,1993,0,0,0,0,0,0,0,0,0,0
390136,1,1,1993,21,21,21,21,21,21,21,21,21,21
390137,1,1,1993,0,0,0,0,0,0,0,0,0,0
390137,2,1,1993,0,0,0,0,0,0,0,0,0,0
390138,1,1,1993,0,0,0,0,0,0,0,0,0,0
390138,2,1,1993,0,0,0,0,0,0,0,0,0,0
390139,1,1,1993,11,20,34,24,12,19,13,6,27,16
390140,1,1,1993,0,0,0,0,0,0,0,0,0,0
390140,2,1,1993,0,0,0,0,0,0,0,0,0,0
390141,1,1,1993,13,13,13,13,13,13,13,13,13,13
390142,0,1,1993,0,0,0,0,0,0,0,0,0,0
390142,1,1,1993,0,0,0,0,0,0,0,0,0,0
390143,1,1,1993,14,14,14,14,14,14,14,14,14,14
390144,1,1,1993,20,0,0,0,0,0,0,0,0,0
390144,2,1,1993,22,18,10,10,19,34,14,10,25,8
390145,1,1,1993,0,0,0,0,0,0,0,0,0,0
390145,2,1,1993,0,0,0,0,0,0,0,0,0,0
390145,3,1,1993,0,0,0,0,0,0,0,0,0,0
390146,1,1,1993,0,0,0,0,0,0,0,0,0,0
390146,2,1,1993,17,7,9,9,26,8,11,17,14,4
390147,1,1,1993,20,20,20,20,20,20,20,20,20,20
390148,1,1,1993,18,21,15,0,25,34,18,17,7,19
390149,1,1,1993,12,11,15,23,11,17,25,8,10,16
390150,1,1,1993,9,9,0,0,0,8,0,10,17,22
390150,2,1,1993,0,4,0,0,0,0,7,0,0,0
390151,0,1,1993,30,16,24,30,18,17,26,40,24,31
390151,1,1,1993,0,0,0,5,0,0,0,0,0,0
390152,1,1,1993,0,0,0,0,0,0,0,0,0,0
390152,2,1,1993,0,0,0,0,0,0,0,0,0,0
390152,3,1,1993,0,0,0,0,0,0,0,0,0,0
390153,1,1,1993,0,0,18,0,0,0,0,0,0,0
390153,2,1,1993,0,0,0,0,0,0,0,0,0,0
390153,3,1,1993,0,0,0,0,0,0,0,0,0,0
390154,1,1,1993,23,23,23,23,23,23,23,23,23,23
390155,1,1,1993,0,0,0,0,0,0,0,0,0,0
390155,2,1,1993,0,0,0,0,0,0,0,0,0,0
390156,1,1,1993,0,0,0,0,0,0,0,20,13,0
390157,1,1,1993,0,0,0,13,24,0,0,0,0,0
390158,1,1,1993,0,0,0,0,0,0,0,0,0,0
390158,2,1,1993,0,0,0,0,0,0,0,0,0,0
390160,1,1,1993,10,0,12,6,15,11,0,8,0,0
390161,1,1,1993,0,0,0,0,0,0,10,0,0,0
390162,1,1,1993,0,0,0,0,0,0,0,0,0,0
390162,2,1,1993,0,0,0,0,0,0,0,0,0,0
390163,1,1,1993,0,0,0,0,0,0,0,0,0,0
390163,2,1,1993,0,0,0,0,0,0,0,0,0,0
390164,1,1,1993,0,0,0,0,0,0,0,0,0,0
390164,2,1,1993,0,0,0,0,0,0,0,0,0,0
390165,0,1,1993,14,0,28,22,0,0,0,0,0,0
390165,1,1,1993,0,7,9,0,0,0,0,0,0,0
390166,1,1,1993,0,0,0,0,0,0,0,0,0,0
390166,2,1,1993,0,0,0,0,0,0,0,0,0,0
390167,1,1,1993,0,0,0,0,0,0,0,0,0,0
390167,2,1,1993,0,0,0,0,0,0,0,0,0,0
390169,1,1,1993,0,0,0,0,0,0,0,0,0,0
390169,2,1,1993,0,0,0,0,0,0,0,0,0,0
390169,3,1,1993,0,0,0,8,0,0,0,0,0,0
390170,1,1,1993,18,18,18,18,18,18,18,18,18,18
390171,1,1,1993,0,0,0,0,0,0,0,0,0,0
390171,2,1,1993,0,0,0,0,0,0,0,0,0,0
390172,1,1,1993,0,0,0,0,0,0,0,0,0,0
390172,2,1,1993,0,0,0,0,0,0,0,0,0,14
390172,3,1,1993,0,0,0,0,0,0,0,0,0,0
390173,1,1,1993,5,0,0,0,0,0,0,0,12,0
390173,2,1,1993,12,15,22,20,0,0,17,29,0,14
390174,0,1,1993,0,0,0,0,0,0,0,0,0,0
390174,1,1,1993,0,0,0,0,0,0,0,0,0,0
390175,1,1,1993,0,9,0,0,0,7,0,0,0,0
390175,2,1,1993,0,0,0,0,0,0,0,0,0,0
390176,1,1,1993,0,0,0,0,0,22,0,0,0,0
390176,2,1,1993,0,0,0,0,0,0,0,0,0,0
390177,1,1,1993,0,0,0,0,0,0,0,0,0,0
390178,1,1,1993,17,17,17,17,17,17,17,17,17,17
390179,1,1,1993,35,0,0,0,0,0,4,0,0,0
390180,0,1,1993,0,0,0,0,0,0,0,0,0,0
390180,1,1,1993,0,0,0,0,0,0,0,0,0,0
390181,1,1,1993,0,0,0,0,0,0,0,0,0,0
390182,1,1,1993,0,0,27,0,0,0,0,0,0,0
390182,2,1,1993,0,13,28,0,0,0,0,0,0,0
390183,0,1,1993,0,0,0,32,4,0,0,0,15,0
390183,1,1,1993,0,0,0,0,0,0,0,0,0,0
390184,1,1,1993,9,9,9,9,9,9,9,9,9,9
390185,1,1,1993,0,9,0,0,7,0,21,7,0,0
390187,1,1,1993,0,0,0,0,0,0,0,0,0,0
390188,1,1,1993,0,0,0,0,0,0,18,0,0,0
390189,1,1,1993,21,20,23,20,18,10,11,18,21,7
390191,1,1,1993,0,0,0,0,0,0,0,0,0,0
390191,2,1,1993,0,0,0,0,0,0,0,0,0,0
390191,3,1,1993,0,0,0,0,0,0,0,0,0,0
390192,1,1,1993,0,0,0,8,0,22,0,0,0,0
390192,2,1,1993,0,0,0,0,0,0,0,0,0,0
390192,3,1,1993,0,0,0,0,0,0,0,0,0,0
390193,1,1,1993,18,18,18,18,18,18,18,18,18,18
390194,1,1,1993,0,0,0,0,0,0,0,0,0,0
390194,2,1,1993,0,0,0,0,0,0,0,0,0,0
390195,0,1,1993,0,0,0,0,0,0,0,0,0,0
390195,1,1,1993,5,0,0,0,0,0,0,0,0,0
390196,1,1,1993,0,0,0,16,13,0,0,0,0,0
390197,1,1,1993,0,0,0,0,0,0,0,0,0,0
390198,1,1,1993,3,0,14,18,15,0,0,0,17,0
390199,1,1,1993,14,14,14,14,14,14,14,14,14,14
390200,1,1,1993,8,0,0,0,0,0,0,0,0,0
390200,2,1,1993,0,0,0,0,0,0,0,0,0,0
390201,1,1,1993,0,0,0,12,0,0,0,0,0,0
390201,2,1,1993,0,0,0,0,0,0,0,0,0,0
390202,1,1,1993,9,9,9,9,9,9,9,9,9,9
390203,1,1,1993,15,21,15,25,23,0,18,0,22,20
390204,1,1,1993,0,0,19,0,0,0,0,0,5,0
390205,1,1,1993,2,2,2,2,2,2,2,2,2,2
390206,1,1,1993,0,15,0,0,0,0,0,0,0,0
390206,2,1,1993,0,0,13,0,0,0,10,0,0,0
390207,1,1,1993,0,18,0,0,0,5,0,0,0,0
390208,1,1,1993,0,0,0,0,22,0,0,0,0,0
390208,2,1,1993,0,0,0,18,0,0,0,0,0,0
390209,1,1,1993,36,36,36,36,36,36,36,36,36,36
390210,1,1,1993,20,20,20,20,20,20,20,20,20,20
390210,2,1,1993,0,0,13,0,0,9,0,0,0,0
390211,1,1,1993,0,0,0,0,0,0,0,0,0,0
390211,2,1,1993,0,0,0,0,0,0,0,0,0,0
390212,1,1,1993,0,0,0,0,0,0,0,0,0,0
390212,2,1,1993,0,0,0,0,0,0,0,0,0,0
390213,0,1,1993,0,0,12,14,0,0,12,0,13,0
390213,1,1,1993,0,0,0,0,0,0,0,0,0,0
390214,1,1,1993,10,10,10,10,10,10,10,10,10,10
390214,2,1,1993,0,0,0,0,0,0,0,0,0,0
390215,1,1,1993,0,0,0,0,0,0,0,0,0,0
390216,1,1,1993,0,0,0,0,0,0,0,0,0,0
390217,1,1,1993,21,21,21,21,21,21,21,21,21,21
390218,1,1,1993,16,16,16,16,16,16,16,16,16,16
390218,2,1,1993,0,0,0,0,0,0,0,0,0,0
390218,3,1,1993,0,0,0,10,0,0,0,0,0,0
390219,1,1,1993,0,0,0,0,0,0,0,0,0,0
390220,1,1,1993,19,19,19,19,19,19,19,19,19,19
390221,1,1,1993,0,0,0,0,0,0,0,0,0,0
390221,2,1,1993,0,0,0,0,0,0,0,0,0,0
390222,1,1,1993,11,11,11,11,11,11,11,11,11,11
390223,1,1,1993,0,0,0,0,0,0,0,0,0,0
390223,2,1,1993,22,0,0,9,11,21,22,0,0,0
390224,1,1,1993,0,0,0,0,0,0,0,9,21,0
390225,1,1,1993,0,0,0,0,0,0,0,0,0,0
390225,2,1,1993,0,0,0,0,0,0,0,0,0,0
390225,3,1,1993,0,0,0,0,0,0,0,0,0,0
390226,1,1,1993,0,0,0,0,0,0,0,0,0,0
390227,1,1,1993,0,28,0,0,0,0,14,0,0,21
390228,1,1,1993,21,29,9,23,17,0,10,23,15,19
390229,1,1,1993,0,0,0,0,0,0,0,0,0,0
390230,1,1,1993,27,27,27,27,27,27,27,27,27,27
390230,2,1,1993,0,0,0,0,0,0,0,0,0,0
390231,1,1,1993,0,0,0,0,0,0,0,0,0,0
390231,2,1,1993,0,0,0,0,0,0,0,0,0,0
390232,1,1,1993,8,8,8,8,8,8,8,8,8,8
390233,1,1,1993,0,0,0,0,0,0,0,0,0,0
390234,1,1,1993,16,16,16,16,16,16,16,16,16,16
390235,1,1,1993,27,11,32,30,35,24,24,15,18,0
390236,0,1,1993,27,0,12,14,29,22,22,14,36,47
390236,1,1,1993,0,0,0,0,0,0,0,0,0,0
390236,2,1,1993,0,0,0,0,0,0,0,24,0,0
390237,0,1,1993,0,0,0,0,0,0,0,0,8,0
390237,1,1,1993,0,0,0,0,0,0,0,0,0,0
390238,1,1,1993,22,14,15,12,17,29,8,11,11,8
390239,1,1,1993,15,15,15,15,15,15,15,15,15,15
390240,1,1,1993,7,7,7,7,7,7,7,7,7,7
390241,1,1,1993,0,0,14,0,0,0,0,0,0,0
390242,1,1,1993,19,19,19,19,19,19,19,19,19,19
390242,2,1,1993,0,10,0,0,0,7,0,0,0,0
390243,1,1,1993,0,0,0,0,0,0,0,0,0,0
390243,2,1,1993,0,0,0,0,0,0,0,0,0,0
390244,1,1,1993,13,10,20,0,30,23,0,0,24,10
390244,2,1,1993,0,0,0,0,0,0,0,0,0,0
390245,1,1,1993,0,0,0,0,0,0,0,0,0,0
390245,2,1,1993,0,0,0,0,0,0,0,0,0,0
390246,1,1,1993,20,13,18,22,13,3,12,32,24,29
390247,1,1,1993,11,11,11,11,11,11,11,11,11,11
390248,1,1,1993,0,0,0,0,0,0,0,0,0,0
390248,2,1,1993,0,0,0,0,0,0,0,0,0,0
390249,1,1,1993,0,0,0,0,0,0,0,0,0,0
390249,2,1,1993,11,0,0,0,0,0,0,0,0,0
390250,1,1,1993,0,0,0,0,0,0,0,0,0,0
390252,1,1,1993,0,0,0,0,0,0,0,0,0,0
390253,1,1,1993,23,23,23,23,23,23,23,23,23,23
390254,1,1,1993,0,0,0,0,0,0,0,0,0,0
390255,1,1,1993,15,15,15,15,15,15,15,15,15,15
390256,1,1,1993,0,0,0,0,0,0,0,26,0,0
390257,1,1,1993,0,0,0,0,0,0,0,0,0,0
390257,2,1,1993,0,0,0,0,0,0,0,0,0,0
390258,1,1,1993,6,27,9,36,9,31,31,24,18,23
390259,1,1,1993,24,0,18,23,0,15,3,10,34,0
390260,1,1,1993,0,0,0,0,0,0,0,0,0,0
390260,2,1,1993,0,0,0,0,0,0,0,0,0,0
390261,1,1,1993,30,28,19,15,29,40,11,27,7,30
390263,1,1,1993,15,15,15,15,15,15,15,15,15,15
390264,1,1,1993,0,0,0,0,0,0,0,0,0,0
390264,2,1,1993,0,0,0,0,0,0,0,0,0,0
390265,1,1,1993,0,0,19,0,0,0,0,0,0,0
390265,2,1,1993,0,0,0,0,0,0,0,0,0,0
390266,1,1,1993,0,0,17,0,0,0,0,0,0,0
390267,1,1,1993,0,0,0,0,0,0,0,0,0,0
390267,2,1,1993,0,0,0,30,0,0,0,0,0,0
390268,1,1,1993,0,0,0,0,3,0,0,0,0,0
390269,1,1,1993,0,0,0,0,0,0,0,0,0,0
390270,1,1,1993,0,0,0,0,0,0,0,0,0,0
390271,1,1,1993,26,14,3,16,7,21,10,9,12,10
390271,2,1,1993,16,17,12,10,9,17,11,14,21,12
390272,0,1,1993,0,23,0,0,38,0,0,0,0,0
390272,1,1,1993,17,0,7,21,5,0,0,0,0,0
390273,1,1,1993,10,0,0,0,0,0,0,0,0,0
390273,2,1,1993,5,5,5,5,5,5,5,5,5,5
390274,1,1,1993,0,17,12,0,13,0,0,0,0,0