ST_CASE,VEH_NO,PER_NO,YEAR,P1,P2,P3,P4,P5,P6,P7,P8,P9,P10
390275,1,1,1993,0,0,0,0,0,0,0,0,0,0
390275,2,1,1993,0,0,0,0,0,0,0,0,0,0
390275,3,1,1993,0,0,0,0,0,0,0,0,0,4
390276,1,1,1993,0,0,0,0,0,12,17,26,17,0
390276,2,1,1993,0,0,0,0,0,0,0,0,0,0
390277,1,1,1993,0,0,0,0,0,0,0,0,0,0
390277,2,1,1993,0,0,0,0,0,0,0,0,0,0
390278,1,1,1993,22,22,22,22,22,22,22,22,22,22
390279,0,1,1993,0,0,0,0,0,0,0,0,0,0
390279,1,1,1993,0,0,0,0,0,0,0,0,0,0
390280,1,1,1993,0,0,0,0,0,0,0,0,0,0
390280,2,1,1993,0,0,0,0,0,0,0,0,0,0
390281,1,1,1993,0,0,0,0,0,0,10,0,0,0
390282,1,1,1993,0,0,0,0,0,0,0,0,0,0
390282,2,1,1993,0,0,0,0,0,0,0,0,0,0
390283,1,1,1993,0,0,0,0,0,0,0,0,0,0
390284,1,1,1993,0,0,0,0,0,0,0,0,0,0
390284,2,1,1993,0,0,0,0,0,0,0,0,0,0
390285,1,1,1993,0,0,0,0,0,0,0,0,0,0
390286,1,1,1993,0,0,0,0,0,0,0,0,0,0
390287,1,1,1993,0,0,0,0,0,0,0,0,0,0
390287,2,1,1993,0,0,0,0,0,0,0,0,0,0
390288,0,1,1993,0,0,0,0,0,0,0,0,0,0
390288,1,1,1993,0,0,0,0,0,0,0,0,0,0
390289,1,1,1993,0,0,0,0,0,0,0,0,0,0
390290,1,1,1993,0,28,0,0,0,0,0,0,0,0
390290,2,1,1993,0,0,0,0,0,0,0,0,0,0
390291,1,1,1993,7,7,7,7,7,7,7,7,7,7
390292,1,1,1993,0,0,0,0,0,0,0,0,0,0
390292,2,1,1993,0,0,0,0,0,0,0,0,0,0
390293,1,1,1993,0,0,0,0,0,0,0,0,0,0
390293,2,1,1993,0,0,0,0,0,0,0,0,0,0
390294,1,1,1993,0,0,0,0,0,0,0,0,0,0
390295,1,1,1993,0,0,0,0,0,0,0,0,0,0
390296,1,1,1993,24,29,31,33,22,0,19,17,23,26
390296,2,1,1993,0,0,0,0,0,0,0,0,0,0
390298,1,1,1993,0,0,0,0,0,0,0,0,10,0
390298,2,1,1993,0,0,0,0,0,0,0,0,0,0
390299,1,1,1993,0,0,0,0,0,0,15,0,0,0
390300,1,1,1993,0,0,0,0,0,0,0,0,0,0
390300,2,1,1993,0,0,0,0,0,0,0,0,0,0
390300,3,1,1993,0,0,0,0,0,0,0,0,0,0
390301,0,1,1993,0,0,0,0,0,0,0,0,0,0
390301,1,1,1993,0,0,0,0,0,0,0,0,0,0
390302,1,1,1993,0,0,0,0,0,0,0,0,0,0
390303,1,1,1993,0,0,0,0,0,0,0,0,0,0
390303,2,1,1993,0,0,0,0,0,0,0,0,17,0
390304,0,1,1993,0,0,0,0,0,0,0,0,0,16
390304,1,1,1993,0,0,0,0,0,0,0,0,0,0
390305,0,1,1993,0,0,0,0,0,0,0,0,0,0
390305,1,1,1993,0,0,0,0,0,0,0,0,0,0
390306,1,1,1993,0,0,0,0,0,0,0,0,0,0
390306,2,1,1993,11,0,0,0,0,0,0,0,0,0
390308,1,1,1993,0,0,0,0,0,0,0,0,0,0
390308,2,1,1993,0,0,0,0,6,0,0,0,0,0
390309,1,1,1993,19,19,19,19,19,19,19,19,19,19
390310,0,1,1993,0,0,0,0,0,0,0,0,0,0
390310,1,1,1993,25,16,16,40,16,19,10,26,0,7
390311,1,1,1993,44,27,11,19,0,23,38,22,19,27
390312,1,1,1993,19,12,21,33,12,8,13,9,12,17
390313,1,1,1993,0,0,0,0,8,0,16,0,0,0
390314,1,1,1993,0,14,17,19,12,8,17,17,14,21
390315,1,1,1993,0,0,0,0,0,11,0,0,0,0
390315,2,1,1993,0,0,0,0,0,0,0,0,0,0
390315,3,1,1993,0,0,0,0,0,0,0,0,0,0
390316,1,1,1993,0,0,0,0,0,0,0,0,0,0
390316,2,1,1993,0,0,0,0,0,0,0,0,0,0
390318,0,1,1993,0,0,0,0,0,10,0,0,0,0
390318,0,2,1993,0,17,26,0,0,3,11,0,10,25
390319,0,1,1993,0,0,0,0,0,0,0,0,0,0
390319,1,1,1993,0,0,8,0,0,0,0,0,0,0
390320,1,1,1993,0,0,0,0,0,0,0,0,0,0
390320,2,1,1993,0,0,13,0,0,0,0,0,0,0
390321,1,1,1993,0,0,0,0,0,0,0,0,0,11
390321,2,1,1993,0,0,0,0,0,0,0,0,0,0
390322,1,1,1993,0,0,0,0,0,0,0,0,0,0
390322,2,1,1993,0,0,0,0,0,0,0,0,0,0
390324,0,1,1993,0,0,0,33,0,0,0,13,0,0
390324,1,1,1993,6,17,14,33,24,17,20,0,5,4
390325,1,1,1993,0,0,13,0,0,0,0,0,0,0
390325,2,1,1993,0,0,0,0,0,0,0,0,0,0
390326,1,1,1993,0,0,0,0,0,0,0,0,0,0
390326,2,1,1993,17,0,0,0,0,0,0,0,0,0
390326,3,1,1993,0,0,0,0,0,0,0,0,0,0
390327,1,1,1993,0,0,0,0,0,15,0,0,0,0
390327,2,1,1993,0,0,0,0,0,0,0,0,0,0
390327,3,1,1993,0,0,0,11,0,0,0,0,0,0
390328,1,1,1993,0,0,0,0,0,0,0,0,0,0
390330,1,1,1993,0,0,0,0,0,0,0,0,0,0
390330,2,1,1993,11,5,7,11,6,13,36,16,0,18
390331,1,1,1993,0,0,0,0,0,0,0,0,0,0
390331,2,1,1993,0,0,0,0,0,0,0,0,0,0
390332,1,1,1993,0,0,0,0,0,10,24,15,0,0
390332,2,1,1993,0,0,0,0,0,0,0,0,0,0
390332,3,1,1993,0,0,0,0,0,0,0,0,0,0
390333,0,1,1993,0,0,0,0,0,0,0,0,0,0
390333,0,2,1993,0,0,0,0,0,0,0,0,0,0
390333,0,3,1993,0,0,0,0,0,0,0,0,0,0
390333,0,4,1993,0,0,0,0,0,0,0,0,0,0
390333,0,5,1993,0,0,0,0,0,0,0,0,0,0
390333,0,6,1993,0,0,0,0,0,0,0,0,0,0
390333,0,7,1993,0,0,0,0,0,8,0,0,0,0
390333,0,8,1993,0,0,0,0,0,0,0,0,0,0
390333,0,9,1993,0,0,0,28,0,0,0,0,0,0
390333,0,10,1993,0,0,0,0,0,0,0,0,0,0
390333,1,1,1993,0,0,0,0,0,0,0,0,0,0
390334,1,1,1993,0,0,0,0,0,0,0,0,0,0
390334,2,1,1993,0,0,0,0,0,0,0,0,0,0
390335,1,1,1993,9,9,9,9,9,9,9,9,9,9
390335,2,1,1993,14,14,14,14,14,14,14,14,14,14
390336,1,1,1993,0,0,0,0,0,0,0,0,0,0
390336,2,1,1993,0,0,0,0,0,0,0,0,0,0
390337,1,1,1993,0,0,0,0,0,0,0,0,0,0
390338,1,1,1993,0,0,0,0,0,0,0,0,0,0
390338,2,1,1993,25,25,25,25,25,25,25,25,25,25
390338,3,1,1993,0,0,0,0,0,0,0,0,0,0
390339,1,1,1993,0,16,28,10,18,17,22,25,19,13
390340,1,1,1993,0,0,7,11,18,0,0,0,6,0
390340,2,1,1993,0,0,0,0,0,0,0,0,0,0
390341,1,1,1993,0,0,0,0,0,0,0,0,0,0
390341,2,1,1993,0,0,9,3,0,0,0,0,0,0
390341,3,1,1993,0,0,0,0,0,0,0,10,0,0
390342,0,1,1993,0,0,0,0,0,0,0,0,0,0
390342,1,1,1993,0,0,0,0,0,0,0,0,0,0
390344,0,1,1993,0,0,0,38,0,21,0,0,12,0
390344,1,1,1993,17,30,16,18,23,14,10,13,19,17
390345,1,1,1993,0,0,0,0,0,0,0,0,0,0
390345,2,1,1993,0,0,0,0,0,0,0,0,0,0
390346,1,1,1993,0,0,8,0,0,0,0,0,0,0
390346,2,1,1993,0,0,0,0,0,0,0,0,0,0
390347,1,1,1993,24,24,24,24,24,24,24,24,24,24
390347,2,1,1993,0,0,0,0,0,0,0,0,0,18
390348,1,1,1993,0,0,0,0,0,0,0,0,0,0
390349,1,1,1993,0,0,0,0,0,0,0,0,0,0
390349,2,1,1993,0,0,0,0,0,11,0,0,0,0
390349,3,1,1993,0,0,0,0,0,0,0,0,0,0
390350,1,1,1993,0,0,0,0,0,0,0,0,0,0
390350,2,1,1993,30,30,30,30,30,30,30,30,30,30
390351,1,1,1993,0,0,0,0,0,0,0,0,0,0
390352,1,1,1993,0,0,0,0,0,0,0,0,0,0
390352,2,1,1993,0,0,0,0,0,0,0,0,0,0
390353,1,1,1993,0,0,0,0,0,0,0,0,0,0
390353,2,1,1993,0,0,0,0,0,0,0,0,0,0
390354,1,1,1993,0,0,0,0,0,0,0,0,0,0
390354,2,1,1993,29,0,39,27,11,11,29,10,17,16
390354,3,1,1993,0,0,0,0,0,0,0,0,0,0
390355,1,1,1993,8,8,8,8,8,8,8,8,8,8
390355,2,1,1993,0,0,0,0,0,0,0,0,0,0
390356,1,1,1993,0,0,0,0,0,0,0,0,7,0
390358,1,1,1993,14,7,21,11,0,8,14,0,10,7
390359,1,1,1993,0,0,0,0,0,0,0,0,0,0
390359,2,1,1993,0,0,0,0,0,0,0,0,0,0
390359,3,1,1993,0,0,0,0,0,0,0,0,0,0
390360,1,1,1993,0,0,0,0,0,0,0,0,0,0
390361,1,1,1993,15,15,15,15,15,15,15,15,15,15
390362,1,1,1993,0,8,12,12,3,0,21,15,0,10
390362,2,1,1993,0,0,0,0,0,0,0,0,0,0
390363,1,1,1993,10,13,18,0,0,11,14,0,0,3
390364,0,1,1993,0,0,0,0,0,0,0,0,0,0
390364,1,1,1993,0,0,0,0,0,0,0,0,0,0
390365,1,1,1993,15,0,9,15,0,0,0,0,0,8
390365,2,1,1993,0,0,0,0,0,0,0,0,0,0
390365,3,1,1993,0,0,0,0,0,0,0,0,0,0
390366,1,1,1993,0,0,0,0,0,0,0,0,0,0
390366,2,1,1993,15,15,15,15,15,15,15,15,15,15
390367,1,1,1993,0,0,0,0,0,0,0,0,0,0
390367,2,1,1993,0,0,0,0,0,0,0,0,0,0
390367,3,1,1993,0,0,0,0,0,0,0,0,0,0
390368,1,1,1993,0,0,0,0,0,0,0,0,0,0
390368,2,1,1993,0,0,0,0,0,0,0,10,0,0
390368,3,1,1993,0,0,0,0,0,0,0,0,0,0
390369,1,1,1993,9,25,0,0,0,0,0,0,0,0
390370,1,1,1993,0,0,0,0,0,0,0,0,0,0
390370,2,1,1993,0,0,0,0,0,0,0,0,0,0
390371,1,1,1993,11,11,11,11,11,11,11,11,11,11
390372,1,1,1993,0,0,0,0,0,0,0,0,0,0
390372,2,1,1993,0,0,0,0,0,0,0,0,0,0
390373,1,1,1993,0,0,0,0,0,0,0,0,0,0
390373,2,1,1993,0,0,0,0,0,0,0,0,0,0
390374,0,1,1993,0,0,0,0,0,40,0,0,0,12
390374,1,1,1993,0,0,0,0,0,0,0,0,0,0
390375,1,1,1993,17,17,17,17,17,17,17,17,17,17
390375,2,1,1993,0,0,7,0,0,0,0,5,0,0
390376,1,1,1993,0,0,0,0,50,0,0,0,0,0
390376,2,1,1993,0,0,15,0,20,0,25,0,22,0
390377,1,1,1993,14,14,14,14,14,14,14,14,14,14
390378,1,1,1993,0,0,0,0,0,0,0,0,0,0
390378,2,1,1993,0,0,0,0,0,0,0,13,0,0
390379,1,1,1993,0,0,0,0,0,0,0,0,0,0
390380,1,1,1993,30,30,30,30,30,30,30,30,30,30
390380,2,1,1993,0,0,0,0,0,3,0,0,0,0
390381,1,1,1993,10,5,34,0,0,26,0,0,0,20
390382,1,1,1993,0,0,0,0,0,0,0,0,0,0
390382,2,1,1993,0,0,0,0,0,0,0,0,0,0
390383,0,1,1993,0,0,0,24,0,0,0,0,0,0
390383,1,1,1993,0,0,0,0,18,0,0,0,0,0
390384,1,1,1993,0,0,0,0,0,0,0,0,0,0
390384,2,1,1993,0,0,0,0,0,0,0,0,0,0
390385,1,1,1993,0,0,0,0,0,0,0,0,0,0
390385,2,1,1993,4,4,4,4,4,4,4,4,4,4
390386,0,1,1993,0,0,0,0,0,0,0,0,0,0
390386,1,1,1993,0,0,0,0,0,0,0,0,0,0
390387,1,1,1993,13,0,0,0,0,0,0,0,0,0
390387,2,1,1993,0,0,0,0,0,0,0,0,0,0
390388,1,1,1993,0,0,0,0,0,0,0,0,0,0
390389,0,1,1993,0,0,0,0,0,0,0,0,0,0
390389,1,1,1993,12,12,12,12,12,12,12,12,12,12
390390,1,1,1993,0,0,0,0,0,0,0,0,0,0
390390,2,1,1993,0,0,0,0,0,0,0,0,0,0
390391,1,1,1993,0,0,0,0,0,0,0,0,0,0
390391,2,1,1993,9,9,9,9,9,9,9,9,9,9
390392,1,1,1993,0,0,0,0,0,0,0,0,0,0
390392,2,1,1993,0,0,0,0,0,0,0,0,0,0
390393,0,1,1993,0,0,0,0,0,0,0,0,0,0
390393,1,1,1993,0,0,0,0,0,0,0,0,0,0
390394,1,1,1993,0,0,0,0,0,0,0,0,0,0
390395,0,1,1993,0,0,0,0,0,0,0,0,0,0
390395,1,1,1993,0,0,0,0,0,0,0,0,0,0
390396,1,1,1993,0,0,0,0,0,0,0,4,0,0
390397,1,1,1993,12,12,12,12,12,12,12,12,12,12
390398,1,1,1993,0,0,0,0,0,0,0,0,0,0
390399,1,1,1993,0,0,0,0,0,0,0,0,0,0
390400,1,1,1993,0,0,0,0,0,0,0,0,0,0
390400,2,1,1993,0,0,0,0,0,0,0,0,0,0
390401,1,1,1993,0,0,0,0,0,0,0,0,0,0
390401,2,1,1993,0,0,0,0,0,0,0,0,4,0
390402,1,1,1993,0,0,0,0,0,0,0,0,0,0
390403,0,1,1993,0,0,0,0,0,0,0,0,0,0
390403,1,1,1993,0,0,0,0,0,0,0,0,0,0
390404,1,1,1993,0,0,0,0,0,0,0,0,0,0
390404,2,1,1993,9,0,0,0,0,0,0,0,0,0
390405,1,1,1993,15,0,9,13,15,10,20,0,15,17
390406,1,1,1993,21,21,21,21,21,21,21,21,21,21
390407,1,1,1993,0,0,0,0,0,0,0,4,0,0
390408,1,1,1993,0,0,0,0,0,0,0,0,0,0
390408,2,1,1993,16,0,0,0,0,0,0,0,0,0
390409,1,1,1993,24,24,24,24,24,24,24,24,24,24
390410,1,1,1993,0,0,0,0,0,0,0,0,0,0
390411,1,1,1993,19,19,19,19,19,19,19,19,19,19
390412,1,1,1993,10,10,10,10,10,10,10,10,10,10
390413,0,1,1993,28,0,38,0,0,0,21,10,26,0
390413,1,1,1993,11,11,11,11,11,11,11,11,11,11
390414,1,1,1993,0,0,0,0,0,0,0,0,0,0
390415,1,1,1993,0,24,23,34,20,11,8,18,19,32
390416,1,1,1993,0,0,0,0,0,0,0,0,0,0
390417,1,1,1993,0,0,0,0,0,0,0,0,0,7
390417,2,1,1993,0,0,0,0,0,0,0,0,0,0
390417,3,1,1993,0,0,0,0,0,19,0,0,0,0
390418,0,1,1993,0,0,0,0,0,0,0,0,0,0
390418,1,1,1993,0,0,0,0,0,0,0,0,0,0
390419,1,1,1993,0,0,0,0,0,0,0,0,0,0
390420,0,1,1993,0,0,0,0,0,0,0,0,13,0
390420,1,1,1993,0,0,0,0,0,0,15,21,0,0
390420,2,1,1993,0,0,14,0,0,13,0,0,0,0
390420,3,1,1993,0,0,0,0,0,0,0,0,0,0
390421,1,1,1993,0,0,0,0,0,0,0,0,0,0
390421,2,1,1993,0,0,0,0,0,0,0,0,0,0
390421,3,1,1993,0,0,0,0,14,0,10,0,0,0
390422,1,1,1993,37,19,12,10,12,10,17,14,23,40
390423,1,1,1993,5,19,16,16,4,11,9,24,15,7
390424,1,1,1993,0,0,0,0,0,0,0,0,0,11
390424,2,1,1993,12,0,0,0,0,0,0,22,0,40
390425,1,1,1993,0,0,0,0,0,0,0,0,0,0
390425,2,1,1993,0,0,0,0,0,0,0,0,0,0
390426,1,1,1993,0,0,0,0,0,0,0,0,0,0
390426,2,1,1993,0,0,0,0,0,0,0,0,0,0
390427,1,1,1993,0,0,0,0,0,0,0,0,0,0
390428,1,1,1993,0,0,0,0,0,0,0,0,0,0
390429,1,1,1993,0,8,8,20,18,0,0,18,30,11
390430,1,1,1993,0,0,0,0,0,12,0,0,0,0
390430,2,1,1993,0,26,0,0,0,0,0,0,0,0
390431,1,1,1993,22,22,22,22,22,22,22,22,22,22
390431,2,1,1993,16,0,4,9,19,0,0,0,0,10
390432,1,2,1993,0,0,0,0,0,0,0,0,0,0
390432,2,1,1993,17,17,17,17,17,17,17,17,17,17
390433,1,1,1993,17,18,14,19,6,18,29,11,13,11
390434,1,1,1993,0,0,0,0,0,0,0,0,0,0
390434,2,1,1993,0,0,0,0,0,0,0,0,0,0
390435,1,1,1993,0,0,0,0,0,0,0,0,0,0
390436,1,1,1993,0,0,0,0,0,5,0,0,0,0
390437,1,1,1993,0,0,0,0,0,0,0,0,0,0
390438,0,1,1993,25,25,25,25,25,25,25,25,25,25
390438,1,1,1993,0,0,0,13,0,0,0,0,0,0
390439,0,1,1993,0,0,0,0,0,0,0,0,0,0
390439,1,1,1993,0,0,0,0,0,0,0,0,0,0
390440,1,1,1993,0,0,8,13,22,0,0,21,20,0
390442,1,1,1993,20,20,20,20,20,20,20,20,20,20
390443,1,1,1993,18,18,18,18,18,18,18,18,18,18
390444,1,1,1993,0,0,0,0,0,0,0,0,0,0
390445,1,1,1993,0,0,0,0,0,0,0,0,0,6
390445,2,1,1993,15,15,15,15,15,15,15,15,15,15
390446,1,1,1993,0,0,0,0,0,0,0,0,0,0
390446,2,1,1993,0,0,0,0,0,0,0,0,0,0
390446,3,1,1993,0,0,18,0,0,0,0,0,0,0
390447,1,1,1993,0,0,0,0,0,0,0,0,0,27
390448,0,1,1993,0,0,0,0,0,0,0,0,0,0
390448,1,1,1993,0,0,0,0,0,0,0,0,0,0
390449,1,1,1993,13,13,13,13,13,13,13,13,13,13
390449,2,1,1993,13,13,13,13,13,13,13,13,13,13
390450,1,1,1993,0,0,0,0,0,0,0,0,0,0
390450,2,1,1993,0,0,0,0,0,0,0,0,0,0
390451,1,1,1993,0,0,0,0,0,0,0,0,0,0
390452,1,1,1993,0,0,0,0,0,0,0,0,0,0
390452,2,1,1993,0,0,0,0,0,0,0,0,0,0
390453,1,1,1993,0,0,0,0,0,0,0,0,0,0
390453,2,1,1993,0,0,0,0,0,0,0,0,0,0
390453,3,1,1993,0,0,0,0,0,0,0,0,0,0
390453,4,1,1993,0,0,0,0,0,0,0,0,0,0
390455,1,1,1993,14,11,15,33,16,13,12,14,12,12
390456,1,1,1993,0,0,0,0,0,0,0,0,0,0
390457,1,1,1993,0,0,0,0,0,0,0,0,0,0
390457,2,1,1993,0,0,0,0,3,0,0,0,0,7
390458,0,1,1993,0,15,0,0,0,0,0,0,0,0
390458,1,1,1993,0,0,0,0,0,0,0,0,0,0
390459,0,1,1993,0,0,36,0,0,0,0,24,0,0
390459,1,1,1993,13,8,27,19,19,35,28,13,15,21
390460,1,1,1993,0,0,0,0,0,0,0,0,0,0
390460,2,1,1993,0,0,0,0,0,0,0,0,0,0
390461,1,1,1993,0,0,0,0,0,0,0,0,0,0
390461,2,1,1993,0,0,0,0,0,0,0,0,0,0
390462,1,1,1993,23,23,23,23,23,23,23,23,23,23
390463,0,1,1993,0,0,0,0,0,0,0,0,13,28
390463,1,1,1993,0,0,0,0,0,18,14,0,28,0
390464,1,1,1993,11,11,11,11,11,11,11,11,11,11
390465,1,1,1993,0,0,0,0,0,0,0,0,0,0
390466,1,1,1993,0,0,0,0,0,0,0,0,0,0
390466,2,1,1993,0,0,0,0,0,0,0,0,0,0
390467,1,1,1993,0,0,0,0,0,0,0,0,0,0
390467,2,1,1993,0,0,0,0,0,0,0,0,0,0
390468,1,1,1993,0,0,0,0,0,0,0,0,0,0
390468,2,1,1993,0,0,0,0,0,0,0,0,0,0
390469,1,1,1993,0,0,0,0,0,0,0,0,0,0
390469,2,1,1993,0,0,0,0,0,0,0,0,0,0
390470,1,1,1993,21,21,21,21,21,21,21,21,21,21
390471,1,1,1993,29,18,0,0,0,0,0,0,0,0
390472,1,1,1993,0,0,0,0,0,0,0,0,0,0
390472,2,1,1993,0,0,0,0,0,0,0,0,0,0
390473,0,1,1993,0,0,0,0,0,0,0,0,0,0
390473,1,1,1993,0,0,0,0,0,0,0,0,0,0
390474,1,1,1993,0,0,0,0,0,0,0,0,0,0
390474,2,1,1993,0,0,0,0,0,0,0,0,0,0
390475,1,1,1993,0,0,0,25,0,0,0,0,0,0
390475,2,1,1993,0,0,0,0,0,0,0,0,0,4
390475,3,1,1993,0,0,0,0,0,0,0,0,0,0
390478,0,1,1993,31,31,31,31,31,31,31,31,31,31
390478,1,1,1993,0,0,0,0,0,0,0,0,0,0
390479,1,1,1993,0,0,0,0,0,0,0,0,0,0
390479,2,1,1993,0,0,0,0,0,0,0,0,0,0
390479,3,1,1993,0,0,0,0,0,0,0,0,0,0
390480,1,1,1993,0,0,0,0,0,0,0,0,0,0
390480,2,1,1993,0,0,0,0,0,0,0,0,0,0
390480,3,1,1993,0,0,0,0,0,0,0,0,0,0
390481,1,1,1993,0,0,0,0,15,0,0,0,0,0
390482,1,1,1993,26,11,19,0,24,16,2,21,30,0
390483,1,1,1993,0,0,0,0,0,0,0,0,0,0
390483,2,1,1993,0,0,0,0,0,0,0,0,0,0
390484,0,1,1993,22,22,22,22,22,22,22,22,22,22
390484,1,1,1993,0,0,0,9,2,22,0,12,9,18
390485,1,1,1993,13,0,0,0,0,0,0,0,0,0
390485,2,1,1993,0,0,0,0,0,0,0,0,0,0
390486,1,1,1993,0,0,0,0,0,0,0,0,0,0
390487,1,1,1993,0,2,0,17,0,0,0,0,0,0
390487,2,1,1993,15,15,15,15,15,15,15,15,15,15
390488,1,1,1993,10,10,10,10,10,10,10,10,10,10
390489,1,1,1993,0,2,0,0,0,0,0,0,0,0
390489,2,1,1993,0,0,0,0,0,0,0,0,0,9
390489,3,1,1993,0,0,0,0,0,0,0,0,0,0
390489,4,1,1993,0,0,0,0,13,0,0,0,0,0
390490,1,1,1993,0,0,0,0,0,0,0,0,0,0
390490,2,1,1993,0,0,0,0,0,6,0,0,0,0
390491,1,1,1993,5,0,0,0,0,0,0,0,0,0
390492,1,1,1993,9,0,0,0,0,0,0,0,0,0
390492,2,1,1993,0,0,0,0,0,0,9,0,0,0
390493,1,1,1993,0,0,0,0,0,0,0,0,0,0
390494,1,1,1993,0,0,8,11,0,0,0,0,0,0
390494,2,1,1993,0,0,0,0,0,9,0,0,0,0
390495,1,1,1993,8,8,8,8,8,8,8,8,8,8
390496,0,1,1993,0,0,0,0,0,0,0,0,0,0
390496,1,1,1993,0,0,0,0,0,0,0,0,0,0
390497,1,1,1993,23,23,23,23,23,23,23,23,23,23
390498,1,1,1993,0,10,0,0,0,0,0,0,0,0
390498,2,1,1993,0,0,0,0,0,0,0,21,0,0
390499,0,1,1993,0,0,11,19,26,35,0,9,0,27
390499,1,1,1993,18,18,18,18,18,18,18,18,18,18
390501,1,1,1993,0,0,0,0,0,0,0,0,0,0
390501,2,1,1993,0,0,0,0,0,0,0,0,0,11
390502,0,1,1993,16,16,16,16,16,16,16,16,16,16
390502,1,1,1993,0,0,0,0,0,0,0,0,0,0
390503,1,1,1993,0,0,0,0,0,0,0,0,0,0
390505,1,1,1993,3,3,3,3,3,3,3,3,3,3
390505,2,1,1993,0,0,0,0,0,0,0,0,0,0
390506,1,1,1993,0,0,0,0,0,0,0,0,0,0
390507,1,1,1993,15,15,15,15,15,15,15,15,15,15
390508,1,1,1993,0,0,0,0,0,0,0,0,0,0
390508,2,1,1993,0,0,0,0,0,0,0,35,0,0
390509,1,1,1993,0,0,0,0,0,0,0,0,0,0
390510,0,1,1993,23,23,23,23,23,23,23,23,23,23
390510,1,1,1993,2,2,2,2,2,2,2,2,2,2
390511,1,1,1993,0,0,0,0,0,0,0,0,0,0
390512,1,1,1993,24,24,24,24,24,24,24,24,24,24
390513,1,1,1993,0,0,0,0,0,0,0,0,0,0
390513,2,1,1993,0,0,0,0,0,0,14,0,0,0
390514,1,1,1993,2,2,2,2,2,2,2,2,2,2
390515,1,1,1993,0,0,0,0,0,0,0,0,0,0
390515,2,1,1993,0,0,0,0,0,0,0,0,0,0
390516,1,1,1993,0,0,0,0,0,0,0,0,0,0
390517,1,1,1993,0,0,0,0,0,0,0,0,0,0
390518,1,1,1993,0,0,0,0,0,0,22,0,0,0
390519,1,1,1993,24,24,24,24,24,24,24,24,24,24
390521,0,1,1993,0,10,0,0,0,0,0,0,0,0
390521,1,1,1993,0,0,0,0,0,0,0,0,0,0
390522,0,1,1993,0,0,0,0,0,0,0,0,0,0
390522,1,1,1993,0,0,0,0,0,0,0,0,0,0
390523,1,1,1993,0,0,0,0,0,0,0,0,0,0
390523,2,1,1993,0,0,0,0,0,0,0,0,0,0
390524,1,1,1993,0,0,0,0,0,0,0,0,0,0
390524,2,1,1993,0,0,0,0,0,0,0,0,0,0
390525,1,1,1993,0,0,0,20,0,0,0,0,0,0
390525,2,1,1993,0,0,0,0,0,0,0,0,0,0
390525,3,1,1993,0,0,0,0,0,0,0,0,0,0
390526,1,1,1993,17,16,5,22,4,14,16,8,27,0
390527,1,1,1993,0,0,0,0,0,0,0,0,0,5
390527,2,1,1993,0,0,0,0,0,0,0,0,0,0
390527,3,1,1993,0,0,0,0,0,0,0,0,0,0
390528,1,1,1993,0,0,0,0,0,0,0,0,0,0
390530,1,1,1993,15,15,15,15,15,15,15,15,15,15
390531,1,1,1993,0,0,0,0,0,0,0,0,0,0
390532,1,1,1993,0,0,0,0,0,0,0,0,0,0
390532,2,1,1993,0,0,0,0,0,0,0,0,0,0
390532,3,1,1993,0,0,0,0,0,0,0,0,0,0
390533,1,1,1993,0,0,0,0,0,0,0,0,0,0
390533,2,1,1993,0,0,0,0,0,0,0,0,0,0
390534,1,1,1993,0,0,0,0,0,0,0,0,13,0
390534,2,1,1993,0,0,0,0,0,0,0,0,0,0
390535,0,1,1993,0,0,0,0,0,0,0,0,0,0
390535,0,2,1993,0,0,0,0,0,0,0,0,0,0
390535,0,3,1993,8,8,8,8,8,8,8,8,8,8
390535,0,4,1993,0,0,0,0,0,0,0,0,0,0
390535,1,1,1993,0,0,0,0,0,0,0,0,0,0
390536,1,1,1993,0,0,0,0,0,0,0,0,0,0
390536,2,1,1993,0,0,0,0,0,0,0,0,0,0
390537,1,1,1993,0,0,0,0,0,0,0,0,0,0
390537,2,1,1993,0,0,0,0,0,0,6,0,0,0
390537,3,1,1993,0,0,0,0,0,0,0,0,0,0
390538,1,1,1993,0,0,17,0,0,0,0,0,0,0
390538,2,1,1993,0,7,19,0,0,0,0,5,0,0
390539,1,1,1993,0,7,34,27,19,11,16,11,12,15
390539,2,1,1993,14,12,28,4,0,10,4,0,0,0
390540,1,1,1993,21,21,21,21,21,21,21,21,21,21
390541,1,1,1993,0,0,0,0,0,0,0,0,0,0
390541,2,1,1993,0,0,0,0,0,0,0,0,0,0
390542,1,1,1993,0,0,0,0,0,0,0,0,0,0
390542,2,1,1993,14,0,0,0,0,19,0,0,13,0
390542,3,1,1993,0,0,0,0,0,0,0,0,0,0
390542,4,1,1993,0,0,0,0,0,0,0,0,0,0
390543,1,1,1993,0,0,0,0,0,0,0,0,0,0
390544,1,1,1993,22,10,9,12,21,22,10,20,5,7
390544,2,1,1993,0,0,0,0,0,0,0,0,0,0
390545,1,1,1993,0,0,0,0,0,0,0,0,0,0
390545,2,1,1993,0,0,0,0,0,0,0,0,0,0
390546,1,1,1993,0,0,0,0,0,0,0,0,0,0
390547,1,1,1993,0,0,0,0,0,0,0,0,0,0
390547,2,1,1993,0,0,0,0,0,0,0,0,0,0
390548,1,1,1993,0,0,0,0,0,0,0,0,0,0
390549,1,1,1993,0,7,0,14,11,0,0,0,0,0
390550,1,1,1993,12,19,15,4,9,15,17,8,31,12
390551,1,1,1993,25,25,25,25,25,25,25,25,25,25
390552,1,1,1993,0,0,0,0,0,0,0,0,0,0
390552,2,1,1993,0,0,0,0,0,0,0,0,0,0