ST_CASE,VEH_NO,PER_NO,YEAR,P1,P2,P3,P4,P5,P6,P7,P8,P9,P10
390552,3,1,1993,0,0,0,0,0,0,0,0,0,0
390553,1,1,1993,0,0,0,0,0,15,14,0,0,0
390554,0,1,1993,0,0,0,0,0,0,0,0,0,0
390554,1,1,1993,0,0,0,0,0,0,0,0,0,0
390555,1,1,1993,0,0,0,0,0,0,0,0,0,0
390555,2,1,1993,0,0,0,0,0,0,0,0,0,0
390556,0,1,1993,0,12,38,0,0,0,0,0,0,0
390556,1,1,1993,8,0,0,0,0,0,0,0,0,0
390557,1,1,1993,0,0,0,0,0,0,0,0,0,0
390557,2,1,1993,0,0,0,0,0,0,0,0,0,0
390558,0,1,1993,0,0,18,0,0,0,17,0,0,0
390558,1,1,1993,0,0,0,0,0,0,0,0,0,0
390559,1,1,1993,0,0,0,0,0,0,0,0,0,0
390560,1,1,1993,17,11,20,18,23,34,40,32,0,8
390561,1,1,1993,0,0,0,0,0,0,0,0,0,0
390562,1,1,1993,0,0,15,0,0,0,0,0,1,12
390562,2,1,1993,22,9,7,0,29,10,10,12,8,12
390563,1,1,1993,0,0,7,0,0,0,0,0,0,0
390563,2,1,1993,0,0,0,0,0,0,0,0,0,0
390563,3,1,1993,0,0,22,0,0,0,0,20,0,9
390564,1,1,1993,7,7,7,7,7,7,7,7,7,7
390564,2,1,1993,0,0,0,0,0,0,0,0,0,0
390565,1,1,1993,0,0,15,0,0,0,0,29,0,0
390565,2,1,1993,29,25,29,26,21,23,19,38,25,32
390566,1,1,1993,0,0,0,0,0,0,0,0,0,0
390566,2,1,1993,0,15,0,0,0,0,0,0,0,19
390567,1,1,1993,0,0,0,0,0,0,0,0,0,0
390567,2,1,1993,0,0,0,7,0,0,0,0,0,0
390568,1,1,1993,0,0,0,0,0,0,0,0,0,0
390569,1,1,1993,17,0,0,0,0,25,0,12,22,13
390569,2,1,1993,0,0,0,0,0,0,0,0,0,0
390571,1,1,1993,0,0,0,0,0,0,0,0,0,0
390571,2,1,1993,0,0,0,0,0,0,0,0,0,0
390572,1,1,1993,0,0,0,0,30,0,0,0,0,0
390573,1,1,1993,11,11,11,11,11,11,11,11,11,11
390574,1,1,1993,0,0,0,0,0,0,0,0,0,0
390574,2,1,1993,0,0,0,0,0,0,0,0,0,0
390575,1,1,1993,19,0,0,0,0,0,0,0,0,0
390576,1,1,1993,20,20,20,20,20,20,20,20,20,20
390577,1,1,1993,15,15,15,15,15,15,15,15,15,15
390578,1,1,1993,30,22,34,30,31,28,16,20,16,15
390580,1,1,1993,0,0,0,0,0,0,0,0,0,0
390581,1,1,1993,0,0,0,0,0,0,0,0,0,0
390581,2,1,1993,14,9,10,0,9,12,20,0,17,14
390582,1,1,1993,0,0,0,0,0,0,0,0,0,0
390582,2,1,1993,0,0,0,0,0,0,16,0,0,0
390583,0,1,1993,14,42,4,31,20,0,23,11,10,27
390583,1,1,1993,0,14,6,17,28,14,0,15,11,13
390584,1,1,1993,0,0,0,0,0,0,0,0,0,0
390584,2,1,1993,0,0,0,0,0,0,0,0,0,0
390586,1,1,1993,0,0,0,0,0,0,0,0,0,0
390587,1,1,1993,0,0,0,0,0,0,11,0,0,17
390587,2,1,1993,0,0,0,0,0,0,0,0,0,0
390588,1,1,1993,13,13,13,13,13,13,13,13,13,13
390588,2,1,1993,0,0,0,0,0,18,0,0,11,0
390589,1,1,1993,11,7,10,34,9,15,5,21,20,27
390591,1,1,1993,6,23,0,0,0,0,10,0,0,0
390591,2,1,1993,0,0,0,0,0,0,0,0,0,0
390592,1,1,1993,0,0,0,0,12,0,0,0,0,0
390592,2,1,1993,0,0,0,0,0,0,0,0,0,11
390593,0,1,1993,18,18,18,18,18,18,18,18,18,18
390593,1,1,1993,0,9,11,0,0,0,8,16,0,0
390595,1,1,1993,28,26,5,14,17,7,21,29,32,15
390596,1,1,1993,3,3,3,3,3,3,3,3,3,3
390597,1,1,1993,20,20,20,20,20,20,20,20,20,20
390598,1,1,1993,8,8,8,8,8,8,8,8,8,8
390599,1,1,1993,0,0,0,0,0,0,0,0,0,0
390600,1,1,1993,30,30,30,30,30,30,30,30,30,30
390601,1,1,1993,14,14,14,14,14,14,14,14,14,14
390602,1,1,1993,14,32,12,21,49,8,19,29,0,9
390603,1,1,1993,0,10,8,9,12,0,0,0,13,0
390603,2,1,1993,0,0,0,0,0,0,0,0,0,0
390604,1,1,1993,0,0,0,0,0,0,0,0,0,0
390606,1,1,1993,0,0,0,0,0,0,0,0,0,0
390606,2,1,1993,0,0,0,0,0,0,0,0,0,0
390607,1,1,1993,0,0,0,0,0,0,0,0,0,0
390608,1,1,1993,0,0,0,0,0,0,0,0,0,0
390610,1,1,1993,0,0,0,0,0,0,0,0,0,0
390610,2,1,1993,10,10,10,10,10,10,10,10,10,10
390611,1,1,1993,9,9,9,9,9,9,9,9,9,9
390612,1,1,1993,0,0,9,0,0,0,0,0,0,0
390613,1,1,1993,0,0,0,0,0,0,0,0,0,0
390613,2,1,1993,0,0,0,0,0,0,0,0,0,0
390614,1,1,1993,0,0,0,0,0,0,0,0,0,0
390614,2,1,1993,0,0,0,0,0,0,0,0,0,0
390615,1,1,1993,11,0,0,7,0,0,0,0,4,0
390616,1,1,1993,0,0,0,0,0,0,0,0,0,0
390616,2,1,1993,0,0,0,0,0,0,0,0,0,0
390617,0,1,1993,0,31,0,0,0,0,0,0,0,0
390617,1,1,1993,0,0,0,0,0,0,0,0,0,0
390617,2,1,1993,0,0,0,0,0,0,0,0,0,0
390618,1,1,1993,0,0,9,0,0,0,0,0,0,0
390619,1,1,1993,13,13,13,13,13,13,13,13,13,13
390620,1,1,1993,25,25,25,25,25,25,25,25,25,25
390621,1,1,1993,0,0,0,0,0,0,0,0,0,0
390621,2,1,1993,0,0,0,0,0,0,0,0,0,0
390622,1,1,1993,0,0,0,0,0,0,0,0,0,0
390622,2,1,1993,0,0,0,0,0,0,0,0,0,0
390623,1,1,1993,9,9,9,9,9,9,9,9,9,9
390624,1,1,1993,0,0,0,0,0,0,0,0,0,0
390625,1,1,1993,0,0,0,0,0,0,0,0,0,0
390625,2,1,1993,0,0,0,0,0,0,0,0,0,0
390626,1,1,1993,0,0,7,0,0,0,0,0,0,0
390626,2,1,1993,10,12,6,14,5,16,13,13,7,0
390626,3,1,1993,5,0,0,0,0,0,0,0,0,0
390627,1,1,1993,0,0,0,0,0,0,0,0,0,0
390627,2,1,1993,0,0,0,0,0,0,0,0,0,7
390628,1,1,1993,0,0,0,0,0,0,0,0,0,6
390628,2,1,1993,0,0,0,0,0,0,0,0,0,0
390629,0,1,1993,0,0,0,0,0,0,0,0,0,0
390629,1,1,1993,0,0,0,0,0,0,0,0,0,0
390630,0,1,1993,0,0,0,0,0,0,0,0,0,0
390630,1,1,1993,0,0,0,0,0,0,0,0,0,0
390631,1,1,1993,0,0,0,0,0,0,0,0,16,0
390633,0,1,1993,29,0,24,0,0,0,0,22,0,12
390633,1,1,1993,0,0,7,0,0,0,0,0,0,0
390634,1,1,1993,0,0,0,0,0,0,0,0,0,0
390634,2,1,1993,0,0,0,0,0,0,0,0,0,0
390635,1,1,1993,21,21,21,21,21,21,21,21,21,21
390636,1,1,1993,18,20,0,22,11,0,11,0,21,0
390637,1,1,1993,0,0,0,0,0,0,0,0,0,0
390638,1,1,1993,20,20,20,20,20,20,20,20,20,20
390640,1,1,1993,0,13,0,0,0,14,32,0,0,0
390641,1,1,1993,26,20,20,23,28,0,21,27,11,22
390642,0,1,1993,0,0,0,0,0,0,0,0,0,0
390642,1,1,1993,0,29,8,0,16,13,14,13,28,37
390644,1,1,1993,0,0,0,0,0,16,0,0,0,0
390645,1,1,1993,12,0,0,0,0,0,0,0,0,0
390646,1,1,1993,5,5,5,5,5,5,5,5,5,5
390647,1,1,1993,21,21,21,21,21,21,21,21,21,21
390648,0,1,1993,0,0,0,0,0,0,0,0,0,0
390648,1,1,1993,0,0,0,0,0,0,0,0,0,0
390649,1,1,1993,0,0,0,0,0,0,0,0,0,0
390650,1,1,1993,22,22,22,22,22,22,22,22,22,22
390651,1,1,1993,0,10,0,18,14,4,7,0,12,8
390652,1,1,1993,7,7,7,7,7,7,7,7,7,7
390653,1,1,1993,0,0,0,0,0,0,0,0,0,8
390654,1,1,1993,0,0,0,0,0,17,0,0,0,25
390655,1,1,1993,11,0,0,0,0,0,0,0,0,0
390655,2,1,1993,0,0,0,0,0,0,0,0,0,0
390656,1,1,1993,0,0,0,0,0,23,0,0,0,0
390656,2,1,1993,0,0,0,13,0,0,0,0,0,0
390657,1,1,1993,0,0,0,0,0,0,0,0,0,0
390657,2,1,1993,0,0,0,0,0,0,0,0,0,0
390658,1,1,1993,0,0,0,0,0,0,0,0,0,0
390659,1,1,1993,0,0,0,0,0,17,0,0,0,0
390660,1,1,1993,0,0,0,0,0,0,0,0,0,0
390660,2,1,1993,0,0,0,0,0,0,0,0,0,11
390661,1,1,1993,29,29,29,29,29,29,29,29,29,29
390662,0,1,1993,0,0,0,0,0,0,0,0,0,0
390662,1,1,1993,0,0,0,0,0,0,16,0,0,0
390663,1,1,1993,0,12,0,14,10,0,15,0,0,7
390664,1,1,1993,0,0,0,0,0,0,0,0,0,0
390665,1,1,1993,0,0,0,14,0,24,0,0,0,0
390665,2,1,1993,8,13,25,18,8,12,23,20,11,22
390666,0,1,1993,0,23,36,0,48,0,0,10,0,18
390666,1,1,1993,0,0,0,0,0,0,0,0,0,0
390667,0,1,1993,0,0,0,0,0,0,0,0,0,0
390667,1,1,1993,21,0,0,0,0,0,0,0,0,0
390668,1,1,1993,0,0,0,0,13,13,11,0,0,0
390669,1,1,1993,9,9,9,9,9,9,9,9,9,9
390670,1,1,1993,0,0,0,0,0,0,0,0,0,0
390670,2,1,1993,0,0,0,0,0,0,0,0,0,0
390671,1,1,1993,0,0,0,0,0,0,0,0,0,0
390672,1,1,1993,0,0,0,0,0,0,0,0,0,0
390672,2,1,1993,0,0,0,0,0,0,0,0,0,0
390674,0,1,1993,17,17,17,17,17,17,17,17,17,17
390674,1,1,1993,0,0,0,0,0,0,0,0,0,0
390675,1,1,1993,0,0,0,0,0,0,0,0,0,0
390675,2,1,1993,0,0,0,0,0,0,0,0,0,18
390676,1,1,1993,0,0,0,0,0,0,0,0,0,0
390677,1,1,1993,0,0,0,0,0,0,0,0,0,0
390678,1,1,1993,16,16,16,16,16,16,16,16,16,16
390679,1,1,1993,22,22,22,22,22,22,22,22,22,22
390680,1,1,1993,0,0,0,0,19,0,0,0,0,0
390681,1,1,1993,0,0,0,0,0,0,0,0,0,0
390681,2,1,1993,0,13,0,9,0,0,0,0,0,0
390682,1,1,1993,10,10,10,10,10,10,10,10,10,10
390683,1,1,1993,0,0,0,0,0,0,0,0,0,0
390683,2,1,1993,0,17,0,13,0,0,0,0,0,0
390684,1,1,1993,0,0,0,0,0,0,0,0,0,0
390684,2,1,1993,0,0,0,33,0,0,0,0,0,0
390686,1,1,1993,0,0,0,0,0,0,0,0,0,0
390686,2,1,1993,0,0,0,0,0,0,0,0,0,0
390687,1,1,1993,14,0,0,0,0,0,0,0,0,0
390688,1,1,1993,24,24,24,24,24,24,24,24,24,24
390689,1,1,1993,17,9,0,10,8,5,15,14,28,13
390690,1,1,1993,24,24,24,24,24,24,24,24,24,24
390690,2,1,1993,0,0,0,0,0,0,0,0,0,12
390691,1,1,1993,0,0,0,0,0,0,0,0,0,0
390692,1,1,1993,0,0,0,0,0,0,0,0,0,0
390692,2,1,1993,0,0,0,0,0,0,0,0,0,0
390693,1,1,1993,12,12,12,12,12,12,12,12,12,12
390694,1,1,1993,0,0,0,0,0,0,0,0,0,0
390695,1,1,1993,26,26,26,26,26,26,26,26,26,26
390696,1,1,1993,7,21,10,11,13,15,40,12,24,29
390697,1,1,1993,18,18,18,18,18,18,18,18,18,18
390698,1,1,1993,0,0,0,0,0,0,0,0,0,0
390698,2,1,1993,0,0,0,0,0,0,0,0,0,0
390699,1,1,1993,15,23,18,10,0,15,18,8,9,8
390700,1,1,1993,0,0,0,0,0,0,0,0,0,0
390701,1,1,1993,0,0,0,0,0,7,0,14,0,0
390702,1,1,1993,0,0,0,0,0,0,0,0,0,0
390702,2,1,1993,0,0,0,0,0,0,0,0,0,0
390703,1,1,1993,0,21,0,0,9,19,16,0,0,0
390703,2,1,1993,0,0,0,0,0,0,0,0,0,0
390704,0,1,1993,0,0,0,0,0,0,0,0,0,0
390704,1,1,1993,0,0,0,0,0,0,0,0,0,0
390705,1,1,1993,22,0,8,11,0,0,0,17,14,0
390706,1,1,1993,0,0,0,0,0,0,0,0,0,0
390707,1,1,1993,17,13,11,21,21,3,6,19,26,9
390707,2,1,1993,0,0,0,0,0,0,0,0,0,0
390708,1,1,1993,0,0,0,0,0,0,0,0,0,0
390708,2,1,1993,0,0,0,0,0,0,0,0,0,0
390709,1,1,1993,0,0,0,0,0,0,0,0,0,0
390710,1,1,1993,15,11,0,12,0,24,26,15,13,7
390711,1,1,1993,0,21,0,15,18,0,4,0,20,11
390712,0,1,1993,0,0,0,0,0,0,0,0,0,0
390712,1,1,1993,0,0,0,0,0,0,0,0,0,0
390713,1,1,1993,9,0,0,18,0,0,0,0,0,0
390713,2,1,1993,0,0,0,0,0,0,0,0,0,0
390714,1,1,1993,11,11,11,11,11,11,11,11,11,11
390715,1,1,1993,6,0,17,18,13,17,9,0,6,12
390716,1,1,1993,17,17,17,17,17,17,17,17,17,17
390717,1,1,1993,0,0,0,0,0,0,0,0,0,0
390718,1,1,1993,0,0,0,0,0,0,14,0,0,0
390719,1,1,1993,0,0,0,18,18,0,0,0,0,0
390720,1,1,1993,0,0,0,0,0,0,0,0,0,0
390721,1,1,1993,0,0,0,0,0,0,0,0,0,0
390722,1,1,1993,0,0,0,0,0,0,0,0,0,0
390723,1,1,1993,26,26,26,26,26,26,26,26,26,26
390724,0,1,1993,0,0,0,0,0,0,0,0,0,0
390724,1,1,1993,21,18,0,14,20,0,23,28,8,16
390725,1,1,1993,0,0,0,0,0,0,0,0,0,0
390726,1,1,1993,19,20,48,16,22,11,19,19,27,22
390727,1,1,1993,28,15,23,21,17,31,22,13,12,16
390728,0,1,1993,26,6,22,16,30,12,0,0,23,39
390728,1,1,1993,0,0,0,0,0,0,0,0,0,0
390729,1,1,1993,32,0,8,3,19,0,4,0,11,0
390730,1,1,1993,26,23,30,25,24,0,18,27,21,39
390731,1,1,1993,0,0,0,10,0,0,0,0,12,15
390731,2,1,1993,11,15,14,15,13,0,18,4,28,21
390732,0,1,1993,0,0,0,0,0,0,0,0,0,0
390732,1,1,1993,0,0,0,0,0,0,0,0,0,0
390733,1,1,1993,26,15,16,5,5,17,11,15,24,20
390734,1,1,1993,8,8,8,8,8,8,8,8,8,8
390736,1,1,1993,0,0,0,0,0,0,0,0,0,0
390737,1,1,1993,0,0,0,0,0,0,0,0,0,0
390737,2,1,1993,0,31,18,0,0,9,14,0,21,0
390738,1,1,1993,0,0,0,0,0,0,0,0,0,0
390738,2,1,1993,0,0,0,16,0,0,0,20,34,0
390739,1,1,1993,0,0,0,0,0,0,0,0,0,0
390740,1,1,1993,12,32,27,31,18,25,18,16,18,31
390741,1,1,1993,12,19,18,12,26,14,27,12,45,34
390742,1,1,1993,0,0,0,0,0,0,0,0,0,0
390742,2,1,1993,0,0,0,0,0,0,0,0,0,0
390744,0,1,1993,0,0,0,0,0,0,0,0,0,0
390744,1,1,1993,0,0,0,0,0,0,0,0,0,0
390745,0,1,1993,0,0,0,0,0,0,0,0,0,0
390745,1,1,1993,0,0,0,0,0,0,0,16,0,0
390746,1,1,1993,5,5,5,5,5,5,5,5,5,5
390747,1,1,1993,27,0,0,16,0,19,0,0,10,0
390748,1,1,1993,0,0,0,0,0,0,0,0,0,0
390750,1,1,1993,0,0,0,0,0,0,14,0,0,0
390751,1,1,1993,6,8,0,0,0,0,0,0,21,24
390753,1,1,1993,19,0,0,0,0,0,0,0,0,16
390754,1,1,1993,0,14,0,0,0,0,0,0,0,0
390754,2,1,1993,16,16,16,16,16,16,16,16,16,16
390755,1,1,1993,0,0,0,0,0,0,0,0,0,0
390756,1,1,1993,9,0,0,13,0,0,0,0,0,11
390756,2,1,1993,0,0,19,27,7,21,0,0,18,0
390757,0,1,1993,0,0,0,3,0,0,0,0,0,0
390757,1,1,1993,0,0,0,0,0,0,0,0,0,0
390758,1,1,1993,0,0,0,0,0,0,5,0,0,3
390758,2,1,1993,0,0,0,0,0,12,0,26,0,0
390759,1,1,1993,0,0,0,0,0,0,0,0,0,0
390759,2,1,1993,23,23,23,23,23,23,23,23,23,23
390760,1,1,1993,0,0,0,16,0,0,0,0,0,0
390760,2,1,1993,0,0,0,0,0,0,0,0,0,0
390761,1,1,1993,21,0,0,0,0,0,7,0,0,0
390761,2,1,1993,0,0,0,0,0,0,0,0,0,0
390762,1,1,1993,0,0,0,0,0,0,0,0,0,0
390762,2,1,1993,0,0,0,0,0,0,0,0,0,0
390763,1,1,1993,0,0,0,0,0,0,0,0,0,0
390764,1,1,1993,0,13,22,0,22,0,19,0,0,0
390765,1,1,1993,0,0,0,0,0,0,0,0,0,0
390767,0,1,1993,20,0,0,19,19,0,0,36,0,0
390767,1,1,1993,0,0,14,18,0,0,0,0,0,0
390768,1,1,1993,0,0,0,11,0,0,0,0,0,0
390769,1,1,1993,16,16,16,16,16,16,16,16,16,16
390770,1,1,1993,0,0,0,0,0,0,0,0,0,0
390771,1,1,1993,0,0,0,0,0,0,0,12,0,0
390771,2,1,1993,0,22,0,0,16,0,16,0,8,0
390772,0,1,1993,0,21,29,0,16,14,0,0,0,26
390772,0,2,1993,8,34,0,20,19,10,0,27,0,21
390772,0,3,1993,0,28,15,0,11,21,36,0,0,24
390772,0,4,1993,0,14,17,0,32,10,0,0,0,0
390772,1,1,1993,13,0,0,0,11,4,8,0,5,0
390773,0,1,1993,0,0,21,0,16,0,0,0,0,0
390773,0,2,1993,16,0,0,0,0,0,0,0,0,0
390773,1,1,1993,0,0,0,0,0,0,0,0,0,0
390774,1,1,1993,11,0,0,0,0,0,28,0,0,0
390774,2,1,1993,0,0,0,0,0,0,0,0,0,0
390775,1,1,1993,18,18,18,18,18,18,18,18,18,18
390776,1,1,1993,23,23,23,23,23,23,23,23,23,23
390778,1,1,1993,11,7,18,2,14,16,7,9,25,14
390779,1,1,1993,21,0,4,12,28,9,19,23,26,17
390780,1,1,1993,18,12,0,18,17,0,22,22,21,15
390780,2,1,1993,0,0,0,0,0,0,0,0,0,0
390781,1,1,1993,0,0,0,0,0,0,0,0,0,0
390781,2,1,1993,6,6,6,6,6,6,6,6,6,6
390782,1,1,1993,0,0,0,0,0,0,0,0,0,0
390783,1,1,1993,13,19,15,22,7,15,14,9,33,7
390784,1,1,1993,6,8,9,1,20,4,24,22,10,34
390785,1,1,1993,0,27,11,28,0,24,16,0,0,21
390787,1,1,1993,0,0,0,0,0,0,0,0,0,0
390788,1,1,1993,0,0,0,0,0,0,14,0,0,0
390789,1,1,1993,12,6,17,10,25,13,14,19,33,0
390790,1,1,1993,0,0,0,0,0,0,0,0,0,0
390790,2,1,1993,0,0,0,0,0,0,0,0,0,0
390791,1,1,1993,20,33,17,23,15,19,30,30,7,9
390792,1,1,1993,0,0,0,0,0,0,0,0,0,0
390792,2,1,1993,0,0,0,0,0,0,0,0,0,0
390793,0,1,1993,5,5,5,5,5,5,5,5,5,5
390793,1,1,1993,0,0,0,0,0,0,0,0,6,0
390795,1,1,1993,0,0,0,0,0,0,0,10,0,0
390795,2,1,1993,0,0,0,0,0,0,0,0,0,0
390796,1,1,1993,18,18,18,18,18,18,18,18,18,18
390796,2,1,1993,0,0,0,0,0,0,0,0,0,0
390797,1,1,1993,0,0,0,0,21,0,0,0,0,0
390798,1,1,1993,0,0,0,0,0,0,0,0,0,0
390798,2,1,1993,0,0,0,0,0,0,0,0,0,0
390799,1,1,1993,0,0,0,0,0,0,0,0,0,0
390799,2,1,1993,0,0,0,0,0,0,0,0,0,0
390800,1,1,1993,0,0,29,0,0,0,0,0,0,0
390800,2,1,1993,0,0,0,0,0,0,0,0,0,0
390801,1,1,1993,0,0,0,0,0,0,0,0,0,0
390801,2,1,1993,0,0,0,0,0,0,0,0,0,0
390802,1,1,1993,30,30,30,30,30,30,30,30,30,30
390803,1,1,1993,0,0,0,0,0,0,0,0,0,0
390804,1,1,1993,16,19,17,16,4,19,17,35,16,26
390805,1,1,1993,12,12,12,12,12,12,12,12,12,12
390806,0,1,1993,0,0,0,0,0,0,0,0,0,0
390806,1,1,1993,0,0,0,0,0,0,0,0,0,0
390807,1,1,1993,0,0,0,0,0,0,0,0,0,0
390808,1,1,1993,0,0,0,0,0,0,0,0,0,0
390808,2,1,1993,0,0,0,0,0,0,0,0,0,0
390809,1,1,1993,0,0,0,0,0,0,0,0,0,0
390809,2,1,1993,0,0,0,0,0,0,0,0,0,0
390810,1,1,1993,0,0,0,0,0,0,0,0,0,0
390811,1,1,1993,0,0,0,0,0,0,0,0,0,0
390811,2,1,1993,0,0,0,0,0,0,0,0,0,0
390812,1,1,1993,0,0,0,0,0,0,0,0,0,0
390812,2,1,1993,0,0,0,0,0,0,0,0,0,0
390813,1,1,1993,0,0,0,0,0,0,0,0,0,0
390813,2,1,1993,4,10,8,17,15,0,32,12,9,8
390814,1,1,1993,25,25,25,25,25,25,25,25,25,25
390815,1,1,1993,0,0,0,0,0,0,0,0,0,0
390815,2,1,1993,0,0,0,0,0,0,0,0,0,0
390816,1,1,1993,0,0,0,0,0,0,0,0,0,0
390816,2,1,1993,0,0,0,0,0,0,0,0,0,0
390817,1,1,1993,0,0,0,0,0,0,0,0,0,0
390817,2,1,1993,0,0,0,0,0,0,0,0,0,0
390818,1,1,1993,23,16,24,20,17,26,17,9,22,16
390819,1,1,1993,0,0,0,0,0,0,0,0,0,0
390819,2,1,1993,0,0,0,0,0,0,0,0,0,0
390820,1,1,1993,15,15,15,15,15,15,15,15,15,15
390821,1,1,1993,8,9,22,11,11,12,13,27,6,12
390822,1,1,1993,0,10,0,22,0,13,0,0,0,0
390823,1,1,1993,0,0,0,0,0,0,0,0,0,0
390824,1,1,1993,0,0,0,0,0,0,0,0,0,0
390824,2,1,1993,0,0,0,0,0,0,0,11,0,0
390825,1,1,1993,0,0,0,0,0,0,0,0,0,0
390825,2,1,1993,0,0,0,0,0,0,0,0,0,0
390826,0,1,1993,0,0,0,0,0,0,0,0,0,0
390826,1,1,1993,0,0,0,0,0,0,0,0,0,0
390827,1,1,1993,19,9,0,18,0,18,14,0,15,0
390828,1,1,1993,0,0,0,12,0,0,0,0,0,0
390829,1,1,1993,0,0,0,0,0,0,0,0,0,0
390829,2,1,1993,18,18,18,18,18,18,18,18,18,18
390830,0,1,1993,0,0,0,0,26,0,0,0,0,0
390830,1,1,1993,0,0,0,0,0,0,0,0,3,0
390831,1,1,1993,0,0,0,0,0,0,0,0,0,0
390831,2,1,1993,0,0,0,0,0,0,0,0,6,0
390832,1,1,1993,0,0,0,0,0,0,0,0,0,16
390832,2,1,1993,0,0,0,0,0,20,0,0,0,0
390833,1,1,1993,0,0,0,0,0,0,0,0,0,0
390833,2,1,1993,0,0,0,0,0,0,0,0,0,0
390834,1,1,1993,0,0,0,0,0,0,0,0,0,0
390834,2,1,1993,0,0,0,0,0,0,0,0,0,0
390835,1,1,1993,0,0,0,0,0,0,0,0,0,0
390836,1,1,1993,0,0,0,0,0,0,0,0,0,0
390836,2,1,1993,0,0,0,0,0,0,0,0,0,0
390837,1,1,1993,15,15,15,15,15,15,15,15,15,15
390837,2,1,1993,0,0,0,0,0,0,0,0,0,15
390838,1,1,1993,0,0,0,0,0,0,0,0,0,0
390838,2,1,1993,0,0,0,0,0,0,0,0,0,0
390839,1,1,1993,0,0,13,8,0,0,0,0,0,0
390839,2,1,1993,0,0,0,0,0,0,0,0,0,0
390840,1,1,1993,0,0,0,0,0,0,0,0,0,0
390840,2,1,1993,0,0,0,0,0,0,0,0,0,0
390841,1,1,1993,0,0,0,0,0,0,0,0,0,0
390841,2,1,1993,0,0,0,0,0,0,0,0,0,0
390842,1,1,1993,0,0,0,0,10,0,0,0,0,0
390843,1,1,1993,0,0,0,0,0,0,0,0,0,0
390843,2,1,1993,0,0,0,0,0,0,0,0,0,0
390845,1,1,1993,20,29,20,7,9,4,11,10,12,6
390846,1,1,1993,0,0,4,0,0,0,0,0,0,0
390847,0,1,1993,0,0,0,0,0,0,0,0,0,0
390847,1,1,1993,0,0,0,0,0,0,0,0,0,0
390848,1,1,1993,23,28,27,12,0,14,11,29,0,12
390849,1,1,1993,0,0,0,0,0,0,0,0,0,0
390849,2,1,1993,0,0,0,0,0,0,0,0,0,0
390850,1,1,1993,0,0,0,0,0,0,0,0,0,0
390850,2,1,1993,0,0,0,0,0,0,0,0,0,0
390851,0,1,1993,0,0,0,0,0,0,0,0,0,0
390851,1,1,1993,0,0,0,0,0,0,0,0,0,0
390852,1,1,1993,0,0,0,2,7,0,12,0,16,0
390853,1,1,1993,0,0,0,0,0,0,0,0,0,0
390853,2,1,1993,0,0,0,0,0,0,0,0,0,0
390854,0,1,1993,0,0,0,0,0,0,0,0,0,0
390854,1,1,1993,0,15,0,0,0,0,0,0,0,9
390855,1,1,1993,0,0,0,0,0,0,0,0,0,0
390855,2,1,1993,0,0,0,0,0,0,0,0,0,0
390856,0,1,1993,0,0,0,0,20,0,0,0,21,0
390856,1,1,1993,0,0,0,0,0,0,0,0,0,0
390857,1,1,1993,0,4,0,0,5,0,4,4,4,0
390858,1,1,1993,0,0,0,0,0,0,0,0,0,0
390858,2,1,1993,0,0,0,0,0,0,0,0,0,0
390859,1,1,1993,26,26,26,26,26,26,26,26,26,26
390859,2,1,1993,11,0,12,15,27,10,6,3,3,15
390860,1,1,1993,0,0,0,0,0,0,0,0,15,0
390863,1,1,1993,0,0,14,0,0,0,0,0,0,0
390863,2,1,1993,0,3,16,15,0,14,0,0,7,0
390864,1,1,1993,25,25,25,25,25,25,25,25,25,25
390864,2,1,1993,23,23,23,23,23,23,23,23,23,23
390865,1,1,1993,0,11,0,0,17,0,24,0,0,0
390866,1,1,1993,0,0,29,14,22,0,0,0,0,0
390866,2,1,1993,0,0,7,0,0,0,0,0,0,0
390867,1,1,1993,0,0,11,2,12,13,0,0,0,0
390867,2,1,1993,0,0,0,0,0,0,0,0,0,0
390868,1,1,1993,0,0,0,0,0,0,0,0,0,0
390868,2,1,1993,0,0,0,0,0,0,0,0,0,0
390869,1,1,1993,0,0,0,0,0,0,0,0,0,0
390870,1,1,1993,0,0,0,0,0,0,0,0,0,0
390870,2,1,1993,21,21,21,21,21,21,21,21,21,21
390871,0,1,1993,0,0,0,0,0,0,10,0,0,0
390871,1,1,1993,0,0,0,0,0,0,0,0,0,0
390872,0,1,1993,0,0,0,0,27,0,0,0,0,0
390872,1,1,1993,0,0,0,0,11,0,0,0,0,0
390873,1,1,1993,0,0,0,0,0,0,0,0,0,0
390873,2,1,1993,13,13,13,13,13,13,13,13,13,13
390874,1,1,1993,14,14,14,14,14,14,14,14,14,14
390874,2,1,1993,0,0,0,0,0,0,0,0,0,0
390875,1,1,1993,0,0,0,20,0,0,0,7,0,0
390876,1,1,1993,0,0,0,0,0,0,0,0,0,0
390876,2,1,1993,0,0,0,0,0,0,0,0,0,0
390877,1,1,1993,0,0,0,0,0,0,0,0,0,0
390877,2,1,1993,0,0,0,0,0,0,0,5,0,0
390878,1,1,1993,0,0,0,0,0,0,0,0,0,0
390879,1,1,1993,0,0,0,0,0,0,0,0,0,0
390879,2,1,1993,0,0,0,0,0,0,0,0,0,0