ST_CASE,VEH_NO,PER_NO,YEAR,P1,P2,P3,P4,P5,P6,P7,P8,P9,P10
390880,1,1,1993,25,25,25,25,25,25,25,25,25,25
390881,1,1,1993,0,0,0,0,0,0,18,12,13,0
390881,2,1,1993,14,0,0,0,0,0,9,0,0,0
390881,3,1,1993,0,0,0,0,0,0,0,0,0,0
390882,1,1,1993,0,0,0,0,0,0,0,0,0,0
390882,2,1,1993,0,0,0,0,0,0,0,0,0,15
390883,1,1,1993,0,0,0,0,0,0,0,0,0,0
390884,1,1,1993,0,0,0,0,0,0,0,0,0,0
390884,2,1,1993,0,0,0,0,0,0,0,0,0,0
390884,3,1,1993,0,0,0,0,0,0,0,0,0,0
390885,1,1,1993,0,14,0,4,0,0,0,0,0,0
390886,1,1,1993,0,0,0,0,0,0,0,0,0,0
390887,1,1,1993,0,0,0,0,0,0,0,0,0,0
390887,2,1,1993,0,0,0,0,0,0,0,0,0,0
390888,1,1,1993,0,0,0,0,0,0,0,0,0,0
390888,2,1,1993,0,0,0,0,0,0,0,0,0,0
390889,1,1,1993,0,0,0,0,0,0,0,0,0,0
390890,0,1,1993,0,0,0,25,0,0,0,0,0,0
390890,1,1,1993,0,0,0,0,0,0,0,0,0,0
390891,1,1,1993,0,0,0,0,0,0,0,0,0,0
390891,2,1,1993,0,0,0,0,0,0,0,0,0,0
390891,3,1,1993,0,0,0,0,0,0,0,0,0,0
390892,1,1,1993,11,11,11,11,11,11,11,11,11,11
390893,1,1,1993,24,0,19,0,0,13,0,0,0,0
390895,0,1,1993,0,0,0,0,0,0,0,0,0,0
390895,1,1,1993,0,0,0,0,0,0,0,0,0,0
390896,1,1,1993,0,0,0,0,0,0,0,0,0,0
390896,2,1,1993,0,0,0,0,0,0,0,0,0,0
390897,1,1,1993,11,11,11,11,11,11,11,11,11,11
390897,2,1,1993,0,0,0,0,0,0,0,0,0,0
390898,1,1,1993,21,11,19,20,24,13,0,18,16,20
390899,1,1,1993,0,0,0,0,0,0,0,0,0,0
390899,2,1,1993,0,0,11,0,0,7,0,6,0,0
390900,1,1,1993,24,22,0,16,20,8,0,0,9,42
390901,0,1,1993,0,0,0,0,0,0,0,0,0,0
390901,1,1,1993,0,0,0,0,0,0,0,0,0,0
390902,1,1,1993,11,0,21,0,0,0,7,0,0,0
390902,2,1,1993,18,0,0,0,0,0,13,8,0,0
390903,1,1,1993,6,6,6,6,6,6,6,6,6,6
390904,1,1,1993,0,0,0,0,0,0,0,0,0,0
390904,2,1,1993,0,0,0,0,0,0,0,0,0,0
390905,1,1,1993,0,0,0,0,0,0,0,9,0,4
390906,1,1,1993,18,18,18,18,18,18,18,18,18,18
390907,1,1,1993,0,0,7,0,0,0,0,0,0,0
390908,0,1,1993,0,0,0,0,0,0,0,0,0,0
390908,1,1,1993,0,0,0,0,0,0,0,0,0,0
390909,1,1,1993,0,0,0,0,0,0,0,0,0,0
390909,2,1,1993,0,0,0,0,0,0,0,0,0,0
390910,1,1,1993,0,0,0,0,0,0,0,0,0,0
390911,1,1,1993,0,0,0,0,0,0,0,0,0,0
390911,2,1,1993,0,0,0,0,0,0,0,0,0,0
390913,1,1,1993,0,0,0,0,0,0,0,0,0,0
390914,1,1,1993,28,15,10,20,26,32,18,7,15,0
390915,0,1,1993,0,0,0,0,0,0,0,0,0,0
390915,1,1,1993,0,0,0,0,0,0,0,0,0,0
390916,1,1,1993,0,0,0,0,0,0,0,0,0,0
390916,2,1,1993,25,25,25,25,25,25,25,25,25,25
390917,1,1,1993,0,0,0,0,4,0,0,0,0,0
390918,0,1,1993,0,0,0,0,0,0,0,0,0,0
390918,1,1,1993,0,0,0,0,0,0,0,0,0,0
390919,1,1,1993,0,0,0,0,0,0,0,0,0,0
390919,2,1,1993,0,0,0,0,0,0,0,0,0,0
390920,1,1,1993,0,0,0,0,0,0,0,0,0,0
390920,2,1,1993,5,14,0,0,7,11,0,0,0,0
390921,1,1,1993,0,0,0,0,0,0,0,0,0,0
390921,2,1,1993,15,15,15,15,15,15,15,15,15,15
390922,1,1,1993,0,0,0,0,0,2,0,0,0,0
390923,1,1,1993,0,0,0,0,0,0,0,0,0,0
390923,2,1,1993,0,0,0,0,0,0,0,0,0,0
390924,1,1,1993,0,0,8,0,0,0,0,0,0,0
390924,2,1,1993,0,0,0,0,0,0,0,22,0,0
390925,1,1,1993,16,16,16,16,16,16,16,16,16,16
390926,0,1,1993,0,0,0,0,0,0,0,0,0,0
390926,1,1,1993,5,0,0,0,0,0,0,0,0,0
390927,1,1,1993,21,21,21,21,21,21,21,21,21,21
390928,1,1,1993,0,0,0,0,0,0,0,0,0,0
390929,1,1,1993,0,0,0,0,0,0,0,0,0,0
390929,2,1,1993,0,0,0,0,0,0,0,0,0,0
390930,1,1,1993,0,0,0,0,0,0,0,0,0,0
390930,2,1,1993,0,0,8,17,0,0,0,0,0,0
390932,1,1,1993,23,23,23,23,23,23,23,23,23,23
390933,1,1,1993,15,0,0,9,12,0,0,17,13,0
390934,1,1,1993,23,23,23,23,23,23,23,23,23,23
390935,1,1,1993,22,12,14,16,15,26,24,0,24,23
390936,1,1,1993,0,0,0,0,0,0,0,0,0,0
390936,2,1,1993,0,0,0,0,0,0,0,0,0,0
390937,0,1,1993,0,0,0,0,0,0,0,19,0,0
390937,1,1,1993,0,0,0,0,0,0,0,0,0,0
390938,0,1,1993,0,0,0,36,0,0,0,0,0,0
390938,1,1,1993,15,0,11,8,0,0,0,15,0,0
390939,1,1,1993,0,0,0,0,0,0,0,0,0,0
390940,1,1,1993,0,0,0,0,0,0,0,0,0,0
390942,1,1,1993,21,16,18,11,21,8,18,14,18,8
390943,1,1,1993,0,0,0,0,0,0,0,0,0,0
390943,2,1,1993,0,0,0,0,0,0,0,0,0,0
390944,1,1,1993,16,16,16,16,16,16,16,16,16,16
390944,2,1,1993,0,0,0,0,0,0,0,0,0,0
390944,3,1,1993,0,0,0,0,0,0,0,0,0,0
390944,4,1,1993,0,8,0,0,0,0,0,0,0,0
390945,1,1,1993,0,0,0,0,0,0,0,0,0,0
390945,2,1,1993,0,0,0,0,0,0,0,0,0,0
390946,1,1,1993,0,0,0,0,0,0,0,0,0,0
390946,2,1,1993,0,0,0,4,0,0,0,0,0,22
390946,3,1,1993,0,0,0,0,0,0,0,0,0,0
390947,1,1,1993,20,20,20,20,20,20,20,20,20,20
390949,1,1,1993,0,0,17,0,0,0,0,0,0,0
390949,2,1,1993,0,0,0,0,0,0,0,0,0,0
390950,1,1,1993,0,0,0,0,0,0,0,0,0,0
390950,2,1,1993,0,0,0,0,0,0,0,0,0,0
390950,3,1,1993,0,0,0,0,0,0,0,0,0,0
390950,4,1,1993,0,0,0,0,0,0,0,0,0,0
390950,5,1,1993,0,0,0,0,0,0,0,0,0,0
390951,1,1,1993,0,0,0,0,0,0,0,0,0,0
390951,2,1,1993,0,0,0,9,0,10,26,0,0,0
390952,0,1,1993,0,0,0,0,0,25,0,0,0,0
390952,1,1,1993,0,0,0,0,0,0,0,0,0,0
390953,1,1,1993,0,0,0,0,0,0,0,0,0,0
390953,2,1,1993,0,0,0,0,0,0,0,0,0,0
390954,1,1,1993,0,0,0,0,0,0,0,0,0,0
390954,2,1,1993,0,0,0,0,0,0,0,0,0,0
390957,1,1,1993,0,0,0,0,0,0,0,0,0,0
390957,2,1,1993,0,0,0,0,0,0,0,0,0,0
390958,1,1,1993,0,0,0,0,0,0,11,0,0,0
390959,0,1,1993,0,0,0,0,0,0,0,0,0,0
390959,1,1,1993,0,0,0,0,0,0,0,0,0,0
390959,2,1,1993,0,0,0,0,0,0,0,0,0,0
390959,3,1,1993,0,0,0,0,0,0,0,0,0,0
390960,1,1,1993,0,0,0,0,0,0,0,0,0,0
390960,2,1,1993,0,0,0,0,0,0,0,0,0,0
390960,3,1,1993,0,0,0,0,0,0,0,0,0,0
390960,4,1,1993,0,6,0,0,0,0,0,0,0,0
390960,5,1,1993,0,0,0,0,0,0,0,0,0,0
390961,1,1,1993,0,0,0,0,0,0,0,0,0,0
390961,2,1,1993,0,0,0,0,0,0,0,0,0,0
390962,1,1,1993,0,11,0,0,0,0,0,0,0,0
390962,2,1,1993,0,0,0,0,0,0,0,0,0,0
390963,1,1,1993,0,0,0,0,0,0,0,0,0,0
390963,2,1,1993,0,0,0,0,0,0,0,0,0,0
390963,3,1,1993,0,0,0,0,0,0,0,0,0,0
390964,1,1,1993,0,0,0,0,0,0,0,0,0,13
390964,2,1,1993,0,0,0,0,0,0,0,0,0,0
390965,1,1,1993,0,0,0,0,0,0,0,10,0,0
390965,2,1,1993,12,12,12,12,12,12,12,12,12,12
390966,1,1,1993,7,7,7,7,7,7,7,7,7,7
390966,2,1,1993,0,0,0,0,0,0,0,0,0,0
390967,1,1,1993,17,17,17,17,17,17,17,17,17,17
390967,2,1,1993,0,0,0,0,0,0,0,0,0,0
390967,3,1,1993,0,0,0,0,0,0,0,0,0,0
390968,1,1,1993,0,0,0,0,0,0,0,0,0,0
390968,2,1,1993,0,19,13,6,0,14,0,7,0,14
390968,3,1,1993,6,0,4,13,8,8,0,5,22,0
390968,4,1,1993,0,0,0,0,0,0,0,0,0,0
390969,1,1,1993,13,11,11,22,0,3,25,11,10,19
390970,1,1,1993,0,0,0,0,0,0,0,0,0,0
390970,2,1,1993,0,0,0,0,0,0,0,0,0,0
390971,0,1,1993,0,0,0,0,0,0,0,0,0,0
390971,1,1,1993,0,0,0,0,0,0,0,0,0,0
390972,1,1,1993,0,0,18,0,0,0,0,0,0,0
390972,2,1,1993,0,0,0,0,0,0,0,0,0,0
390973,1,1,1993,0,0,0,0,0,0,0,0,0,0
390973,2,1,1993,0,0,0,0,0,0,0,0,0,0
390974,1,1,1993,0,0,0,0,0,0,0,0,0,0
390974,2,1,1993,0,0,0,0,0,0,0,0,0,0
390974,3,1,1993,0,0,0,0,22,0,0,0,0,0
390975,0,1,1993,0,0,0,0,0,0,0,0,0,0
390975,1,1,1993,0,0,0,0,0,0,0,0,5,0
390976,1,1,1993,10,0,0,0,0,0,0,0,0,0
390976,2,1,1993,0,0,0,0,0,0,0,0,0,0
390977,1,1,1993,0,0,0,0,0,0,0,0,0,0
390977,2,1,1993,0,0,0,0,0,0,0,0,0,0
390977,3,1,1993,0,0,0,0,4,0,0,0,0,0
390978,1,1,1993,21,0,0,0,0,0,0,0,7,14
390978,2,1,1993,0,6,0,0,0,0,0,0,0,0
390979,1,1,1993,0,15,0,0,0,0,0,0,0,0
390979,2,1,1993,0,0,0,0,0,0,0,0,4,0
390979,3,1,1993,0,0,0,0,0,0,0,0,0,0
390980,1,1,1993,0,0,0,0,0,0,0,0,0,0
390980,2,1,1993,0,0,0,0,0,0,0,0,0,0
390980,3,1,1993,0,0,0,0,0,0,0,0,0,0
390981,0,1,1993,0,0,0,0,0,0,0,0,0,31
390981,1,1,1993,0,0,0,0,0,0,0,0,0,0
390982,1,1,1993,23,23,23,23,23,23,23,23,23,23
390983,1,1,1993,0,0,0,0,0,0,0,0,0,0
390983,2,1,1993,23,23,23,23,23,23,23,23,23,23
390984,1,1,1993,17,17,17,17,17,17,17,17,17,17
390985,1,1,1993,12,12,12,12,12,12,12,12,12,12
390986,1,1,1993,12,12,12,12,12,12,12,12,12,12
390986,2,1,1993,0,0,0,0,0,0,0,0,0,0
390987,1,1,1993,24,24,24,24,24,24,24,24,24,24
390987,2,1,1993,0,0,0,0,0,0,0,0,0,0
390988,1,1,1993,8,0,0,0,0,0,0,0,0,0
390989,1,1,1993,0,7,0,0,0,20,0,0,0,0
390990,1,1,1993,0,0,17,0,0,0,0,0,0,0
390990,2,1,1993,0,0,0,0,0,0,0,0,0,0
390991,1,1,1993,11,11,10,11,14,12,17,33,9,20
390992,1,1,1993,0,0,0,0,0,0,0,0,0,0
390992,2,1,1993,0,0,0,0,0,0,0,0,0,0
390993,1,1,1993,0,0,0,0,0,0,0,0,0,0
390994,1,1,1993,0,0,0,0,0,0,0,0,0,0
390994,2,1,1993,0,0,0,0,0,0,0,0,0,0
390995,1,1,1993,0,0,0,0,0,0,0,0,0,0
390995,2,1,1993,0,0,0,0,0,0,0,0,0,0
390996,1,1,1993,0,0,0,0,0,0,0,0,0,0
390996,2,1,1993,0,0,0,0,0,0,0,0,0,0
390997,1,1,1993,0,0,0,0,0,0,0,0,0,0
390997,2,1,1993,12,12,12,12,12,12,12,12,12,12
390998,0,1,1993,23,28,20,34,23,36,13,26,27,22
390998,1,1,1993,0,0,0,0,0,0,0,0,0,0
390999,1,1,1993,0,0,0,0,0,0,0,0,0,0
391000,1,1,1993,0,0,0,0,0,0,0,0,0,0
391000,2,1,1993,20,20,20,20,20,20,20,20,20,20
391001,1,1,1993,18,13,14,19,13,18,15,16,8,4
391002,1,1,1993,0,0,0,0,0,0,0,0,0,0
391003,1,1,1993,0,0,0,0,0,0,0,0,0,0
391003,2,1,1993,0,0,0,0,5,0,0,37,0,0
391004,1,1,1993,0,23,7,0,0,31,11,35,0,29
391005,1,1,1993,20,16,0,18,22,23,25,21,9,7
391006,1,1,1993,0,0,0,0,0,0,0,0,0,0
391006,2,1,1993,0,0,0,0,0,0,0,0,0,0
391007,1,1,1993,18,18,18,18,18,18,18,18,18,18
391008,0,1,1993,34,0,0,0,0,13,0,0,0,0
391008,1,1,1993,0,0,0,0,0,0,0,0,0,0
391009,1,1,1993,0,0,0,0,0,0,0,0,0,0
391009,2,1,1993,0,0,0,0,0,0,0,0,0,0
391010,1,1,1993,11,11,11,11,11,11,11,11,11,11
391011,0,1,1993,0,0,0,0,0,0,0,0,0,0
391011,1,1,1993,0,0,0,0,0,0,0,0,0,0
391012,1,1,1993,0,0,0,0,0,0,0,0,0,0
391013,1,1,1993,0,0,0,0,0,0,0,0,0,0
391013,2,1,1993,0,0,0,0,0,0,0,0,0,0
391014,1,1,1993,0,0,0,0,0,0,0,0,0,0
391015,1,1,1993,0,0,0,0,0,0,0,0,0,0
391016,1,1,1993,13,0,0,0,0,0,0,20,0,0
391018,1,1,1993,0,19,21,0,0,0,25,28,5,17
391018,2,1,1993,0,0,0,0,6,0,0,0,0,0
391020,0,1,1993,0,0,0,21,0,0,0,0,0,0
391020,2,1,1993,0,0,0,0,0,0,0,0,7,0
391021,1,1,1993,8,8,8,8,8,8,8,8,8,8
391022,1,1,1993,0,0,0,0,0,0,0,0,0,0
391022,2,1,1993,0,0,0,0,0,0,0,0,0,0
391023,1,1,1993,0,0,0,0,0,0,0,0,0,0
391023,2,1,1993,0,0,0,0,0,0,0,0,0,0
391024,0,1,1993,0,0,0,0,0,0,0,0,0,0
391024,1,1,1993,0,0,0,0,0,0,0,0,0,0
391025,1,1,1993,0,0,0,0,0,0,0,0,0,0
391025,2,1,1993,0,0,0,0,0,0,0,0,0,0
391026,1,1,1993,0,0,0,0,0,0,0,0,0,0
391026,2,1,1993,0,0,0,0,0,0,0,0,0,0
391026,3,1,1993,0,0,0,0,0,0,0,0,0,0
391027,1,1,1993,0,0,0,0,0,0,0,0,0,0
391028,1,1,1993,0,0,0,0,0,0,0,0,0,0
391029,1,1,1993,15,0,0,0,0,0,0,0,0,0
391029,2,1,1993,0,0,15,0,0,0,0,0,14,0
391030,1,1,1993,18,18,18,18,18,18,18,18,18,18
391031,1,1,1993,11,17,18,12,11,21,10,31,23,18
391032,1,1,1993,0,0,0,0,0,0,0,0,0,0
391032,2,1,1993,0,0,0,0,0,0,0,0,0,0
391033,1,1,1993,0,0,0,0,0,0,0,0,0,0
391034,1,1,1993,31,0,31,4,31,8,15,20,23,32
391034,2,1,1993,0,17,0,0,15,0,0,0,0,4
391035,1,1,1993,0,20,0,0,13,0,0,0,0,0
391036,1,1,1993,0,0,0,0,5,0,0,0,0,0
391036,2,1,1993,0,0,0,0,0,0,0,0,0,0
391038,1,1,1993,16,24,10,0,0,0,28,5,26,0
391039,1,1,1993,0,0,0,0,0,0,14,18,0,14
391040,1,1,1993,0,0,0,0,0,0,0,0,11,0
391040,2,1,1993,0,0,0,0,0,0,0,0,0,0
391041,1,1,1993,6,6,6,6,6,6,6,6,6,6
391042,1,1,1993,0,0,0,0,0,0,0,0,0,0
391042,2,1,1993,0,0,0,0,0,0,0,0,0,0
391043,0,1,1993,0,32,12,0,0,22,0,20,24,0
391043,1,1,1993,0,0,0,0,8,0,0,0,0,0
391044,1,1,1993,0,0,0,0,0,0,0,0,0,0
391045,1,1,1993,0,0,0,0,0,0,0,0,0,0
391045,2,1,1993,0,0,0,0,0,0,0,0,0,0
391046,1,1,1993,16,17,6,11,8,17,7,15,17,19
391047,1,1,1993,0,0,0,0,0,0,0,0,0,0
391047,2,1,1993,0,0,0,0,0,0,0,0,0,0
391047,3,1,1993,0,0,0,0,0,0,0,0,0,0
391048,1,1,1993,0,0,0,0,0,0,0,0,0,0
391049,1,1,1993,0,0,0,0,0,0,0,0,0,0
391049,2,1,1993,0,0,0,0,0,0,0,0,0,0
391049,3,1,1993,0,0,0,0,0,0,0,0,0,0
391050,1,1,1993,0,0,0,0,0,0,0,0,0,0
391050,2,1,1993,0,0,0,0,0,0,0,0,0,0
391052,0,1,1993,24,25,36,33,35,13,17,19,25,20
391052,1,1,1993,18,15,10,10,20,20,13,10,4,4
391053,1,1,1993,0,0,0,0,0,0,0,0,0,0
391054,1,1,1993,0,0,0,0,0,7,0,0,0,0
391054,2,1,1993,14,8,33,15,23,14,23,13,26,2
391055,0,1,1993,0,0,0,0,0,0,0,0,0,0
391055,1,1,1993,0,0,0,0,0,0,12,0,0,0
391056,1,1,1993,0,0,0,0,0,0,14,0,0,0
391057,0,1,1993,0,0,0,0,6,0,0,0,0,0
391057,1,1,1993,0,0,0,0,0,0,0,0,0,0
391058,1,1,1993,33,26,30,25,18,24,9,23,21,17
391059,1,1,1993,32,21,3,0,10,5,0,9,2,10
391060,1,1,1993,0,0,0,0,0,0,0,0,0,0
391060,2,1,1993,0,0,0,0,0,0,0,0,0,0
391061,1,1,1993,0,0,0,15,0,14,0,0,0,0
391061,2,1,1993,0,0,0,0,0,0,0,0,0,0
391062,1,1,1993,0,0,0,0,0,0,0,0,0,0
391063,0,1,1993,2,2,2,2,2,2,2,2,2,2
391063,1,1,1993,0,0,0,0,0,0,0,0,0,0
391064,1,1,1993,0,0,0,0,0,0,0,0,0,0
391065,1,1,1993,13,13,14,6,8,27,35,13,13,19
391066,1,1,1993,0,0,0,9,0,0,0,0,0,0
391067,1,1,1993,0,0,0,0,0,0,0,0,0,0
391067,2,1,1993,32,32,32,32,32,32,32,32,32,32
391068,1,1,1993,0,0,0,0,0,0,0,0,0,0
391068,2,1,1993,0,0,0,0,0,0,0,0,0,0
391070,1,1,1993,0,0,0,0,0,0,0,0,0,0
391070,2,1,1993,0,0,0,0,0,0,0,0,0,0
391070,3,1,1993,0,0,0,0,0,0,0,0,0,0
391072,1,1,1993,0,0,0,0,0,0,0,0,0,0
391072,2,1,1993,0,0,0,0,0,0,0,0,0,0
391073,1,1,1993,0,0,0,0,0,0,0,0,0,0
391073,2,1,1993,15,15,15,15,15,15,15,15,15,15
391074,0,1,1993,0,0,0,0,24,0,0,0,0,0
391074,1,1,1993,0,0,0,0,0,0,24,0,0,33
391075,1,1,1993,14,14,14,14,14,14,14,14,14,14
391076,1,1,1993,0,0,0,0,0,0,0,0,0,0
391078,1,1,1993,23,23,23,23,23,23,23,23,23,23
391079,1,1,1993,0,0,0,0,0,0,0,0,0,0
391079,2,1,1993,0,0,0,0,0,0,0,0,0,0
391080,1,1,1993,0,0,0,0,0,0,0,0,0,0
391080,2,1,1993,16,16,16,16,16,16,16,16,16,16
391080,3,1,1993,0,0,0,0,0,0,0,0,0,0
391081,1,1,1993,23,23,23,23,23,23,23,23,23,23
391081,2,1,1993,18,18,18,18,18,18,18,18,18,18
391082,1,1,1993,0,0,0,0,0,0,0,0,0,0
391083,1,1,1993,19,19,19,19,19,19,19,19,19,19
391084,1,1,1993,0,0,0,0,0,0,0,0,0,0
391084,2,1,1993,0,0,0,0,0,0,0,0,0,0
391085,1,1,1993,0,0,0,0,0,0,0,0,0,0
391086,1,1,1993,0,0,0,0,0,0,0,0,0,0
391087,0,1,1993,0,0,0,0,0,0,0,0,0,0
391087,1,1,1993,0,0,0,0,0,0,0,0,0,0
391088,1,1,1993,15,15,15,15,15,15,15,15,15,15
391089,1,1,1993,0,0,0,0,0,0,0,0,0,0
391090,1,1,1993,0,0,0,0,0,0,0,0,0,0
391090,2,1,1993,0,0,0,0,0,0,0,0,0,0
391091,1,1,1993,0,0,0,0,0,0,0,0,0,0
391091,2,1,1993,0,0,0,0,0,0,0,0,0,0
391092,1,1,1993,0,0,0,0,0,0,0,0,0,0
391092,2,1,1993,0,0,0,0,0,0,0,0,0,0
391093,1,1,1993,0,0,0,0,0,0,0,0,0,0
391093,2,1,1993,0,0,0,0,0,0,25,0,0,0
391094,0,1,1993,0,0,31,39,0,0,0,0,0,0
391094,1,1,1993,0,0,0,0,0,0,0,0,0,0
391095,1,1,1993,13,21,12,24,9,24,16,20,16,17
391096,0,1,1993,0,0,0,0,0,0,0,0,0,0
391096,1,1,1993,0,0,0,0,0,0,0,0,0,0
391097,1,1,1993,0,0,0,0,0,0,0,0,0,0
391097,2,1,1993,0,0,7,0,0,0,0,0,0,0
391098,1,1,1993,0,0,0,0,0,0,0,0,0,0
391098,2,1,1993,0,0,0,0,0,0,0,0,0,0
391099,1,1,1993,4,7,23,14,5,14,21,16,3,2
391099,2,1,1993,13,0,0,11,16,0,10,10,0,0
391099,3,1,1993,0,0,0,8,0,0,0,0,0,0
391100,1,1,1993,28,20,17,11,25,6,24,19,13,5
391101,1,1,1993,0,0,0,14,0,0,0,0,0,0
391101,2,1,1993,0,0,20,14,19,5,0,0,11,0
391102,1,1,1993,0,0,0,0,0,0,0,0,0,0
391102,2,1,1993,0,0,0,0,0,0,0,0,0,0
391103,1,1,1993,0,0,0,0,0,0,0,0,0,0
391103,2,1,1993,0,0,0,0,0,0,0,0,0,0
391104,1,1,1993,27,11,14,20,29,7,17,41,23,17
391105,1,1,1993,0,0,0,0,0,0,0,0,0,11
391105,2,1,1993,0,0,0,0,0,0,0,0,0,0
391106,0,1,1993,0,0,0,0,0,0,0,0,0,0
391106,2,1,1993,0,0,0,11,18,14,0,9,0,18
391107,1,1,1993,0,0,0,0,0,0,0,18,0,0
391108,0,1,1993,0,0,0,0,0,0,0,0,0,0
391108,1,1,1993,0,0,0,0,0,0,0,0,0,0
391108,2,1,1993,0,0,0,0,0,0,0,0,0,0
391109,1,1,1993,0,0,0,0,0,0,0,0,0,0
391109,2,1,1993,0,0,0,0,0,44,0,0,0,0
391110,1,1,1993,0,0,0,0,0,25,0,0,0,0
391112,1,1,1993,0,0,0,0,0,0,0,0,0,13
391112,2,1,1993,0,0,0,0,0,0,0,0,0,0
391113,1,1,1993,0,0,0,0,0,0,0,8,23,26
391114,1,1,1993,22,0,0,12,0,25,0,0,0,15
391114,2,1,1993,11,4,19,0,0,12,13,14,13,11
391115,1,1,1993,10,0,0,18,22,28,12,0,0,0
391116,1,1,1993,0,0,0,0,0,0,0,0,20,0
391117,1,1,1993,0,0,0,0,0,0,0,0,0,0
391117,2,1,1993,0,0,0,0,0,0,0,0,0,0
391118,1,1,1993,0,0,0,0,0,0,0,0,0,0
391118,2,1,1993,0,0,0,0,0,0,0,0,0,0
391119,1,1,1993,0,0,0,0,0,0,0,0,0,0
391119,2,1,1993,0,0,0,0,0,0,0,0,0,0
391120,1,1,1993,0,0,0,0,0,0,0,0,0,6
391121,0,1,1993,17,13,24,0,20,21,23,0,18,0
391121,1,1,1993,0,0,0,17,0,0,0,0,0,3
391122,1,1,1993,12,12,16,0,5,5,15,3,11,5
391123,1,1,1993,0,0,0,0,0,0,0,0,0,0
391123,2,1,1993,0,0,0,0,0,0,0,0,0,0
391124,1,1,1993,0,0,0,0,0,0,0,0,0,0
391125,0,1,1993,22,22,22,22,22,22,22,22,22,22
391125,1,1,1993,0,0,0,0,0,0,0,0,0,0
391126,1,1,1993,11,4,7,21,20,0,10,19,8,11
391126,2,1,1993,0,0,0,0,0,0,0,0,0,0
391127,1,1,1993,0,0,0,0,18,0,11,0,0,0
391128,1,1,1993,0,0,0,0,0,0,0,20,0,0
391128,2,1,1993,0,0,0,0,0,0,0,0,0,0
391129,1,1,1993,0,0,0,0,0,0,0,0,0,0
391130,1,1,1993,17,17,17,17,17,17,17,17,17,17
391132,1,1,1993,0,0,0,0,0,0,0,0,0,0
391132,2,1,1993,0,0,0,0,0,0,0,0,0,0
391133,1,1,1993,0,0,0,0,0,0,0,0,0,0
391133,2,1,1993,31,19,0,10,0,6,0,13,16,6
391133,3,1,1993,0,0,0,0,0,0,0,0,0,0
391133,4,1,1993,0,0,0,0,0,0,0,0,0,0
391134,0,1,1993,0,0,0,0,0,7,0,5,0,0
391134,1,1,1993,0,0,0,0,0,0,0,0,0,0
391135,1,1,1993,0,0,0,0,0,0,0,0,0,0
391135,2,1,1993,0,16,0,0,0,0,0,0,0,0
391136,1,1,1993,0,0,0,0,0,0,0,0,0,0
391136,2,1,1993,0,0,0,0,0,0,0,0,0,0
391138,1,1,1993,16,16,16,16,16,16,16,16,16,16
391138,2,1,1993,0,0,0,0,0,0,0,0,0,0
391139,1,1,1993,0,0,0,0,0,0,0,0,0,0
391139,2,1,1993,0,9,0,0,0,0,0,0,0,0
391139,3,1,1993,0,0,0,0,0,0,0,8,0,0
391140,1,1,1993,0,0,0,0,0,0,11,0,0,0
391140,2,1,1993,0,0,0,0,0,0,0,0,0,0
391141,1,1,1993,16,21,18,30,31,0,15,32,17,0
391142,0,1,1993,0,0,0,0,26,0,8,0,0,0
391142,1,1,1993,0,0,0,0,0,0,0,0,0,0
391143,1,1,1993,16,22,18,15,11,23,32,13,24,9
391143,2,1,1993,0,0,0,0,0,0,0,0,0,0
391144,1,1,1993,29,20,17,24,34,31,24,31,13,25
391145,1,1,1993,19,0,24,16,12,26,13,22,11,18
391146,1,1,1993,20,20,20,20,20,20,20,20,20,20
391147,1,1,1993,8,6,0,0,3,0,0,0,11,11
391147,2,1,1993,15,29,10,15,11,0,15,16,15,15
391148,1,1,1993,0,0,0,0,0,15,0,0,0,0
391149,0,1,1993,45,0,0,17,9,0,0,24,28,0
391149,1,1,1993,0,0,0,0,0,0,0,0,0,17
391149,2,1,1993,0,0,14,0,7,10,0,0,0,0
391152,1,1,1993,0,0,0,0,0,0,0,0,0,0
391152,2,1,1993,0,0,0,0,0,0,0,0,0,0
391153,1,1,1993,0,0,0,0,0,0,0,0,0,0
391153,2,1,1993,0,0,0,0,0,0,0,0,0,10
391154,1,1,1993,0,0,0,12,0,0,0,0,0,0
391154,2,1,1993,0,0,0,0,0,0,0,0,0,0
391155,0,1,1993,0,17,0,0,0,0,0,0,0,0
391155,1,1,1993,0,0,0,0,0,0,0,0,0,0
391155,2,1,1993,0,0,0,0,0,0,0,0,0,0
391155,3,1,1993,0,0,0,0,0,0,0,0,0,0
391156,1,1,1993,0,0,0,0,0,0,0,0,0,0
391157,1,1,1993,0,0,0,0,0,0,7,9,0,0
391158,1,1,1993,20,30,0,27,17,12,20,12,25,19
391159,1,1,1993,0,0,0,0,0,0,0,0,0,0
391159,2,1,1993,0,0,0,0,0,0,0,5,0,0
391160,0,1,1993,0,0,0,0,0,0,0,0,0,0
391160,1,1,1993,0,5,0,4,22,7,0,0,9,0
391161,1,1,1993,0,24,9,0,0,0,0,0,0,0
391162,1,1,1993,0,26,0,0,0,0,15,0,0,25
391162,2,1,1993,0,19,25,18,0,27,0,14,0,0
391163,0,1,1993,0,0,0,0,0,0,0,0,0,0
391163,1,1,1993,0,0,0,0,0,0,0,0,0,0
391164,1,1,1993,0,0,0,0,0,0,0,0,0,0
391164,2,1,1993,0,0,0,0,0,0,0,0,0,0
391165,1,1,1993,22,22,22,22,22,22,22,22,22,22
391165,2,1,1993,0,0,0,0,0,0,0,0,0,0
391166,1,1,1993,0,0,0,0,0,0,0,0,0,0