ST_CASE,VEH_NO,PER_NO,YEAR,P1,P2,P3,P4,P5,P6,P7,P8,P9,P10
391167,1,1,1993,0,0,0,0,0,0,0,0,0,0
391167,2,1,1993,0,0,0,0,0,0,0,0,0,0
391167,3,1,1993,0,0,0,0,0,0,0,0,0,0
391168,1,1,1993,0,0,0,0,0,0,0,0,0,0
391168,2,1,1993,0,0,0,0,0,0,0,0,0,0
391168,3,1,1993,0,0,0,0,0,0,0,0,0,0
391171,1,1,1993,0,0,0,0,0,0,0,0,0,0
391171,2,1,1993,27,15,20,9,23,27,32,0,40,0
391172,1,1,1993,11,33,21,33,23,18,12,16,14,9
391173,1,1,1993,9,9,9,9,9,9,9,9,9,9
391174,1,1,1993,0,0,0,0,0,0,0,0,0,0
391174,2,1,1993,2,2,2,2,2,2,2,2,2,2
391175,1,1,1993,11,23,16,22,13,12,18,16,18,9
391175,2,1,1993,28,18,15,14,13,18,18,11,11,22
391176,1,1,1993,22,15,12,15,14,40,12,10,11,24
391177,1,1,1993,8,8,8,8,8,8,8,8,8,8
391177,2,1,1993,0,0,0,0,0,0,0,0,0,0
391178,1,1,1993,0,0,0,0,0,0,0,0,0,0
391178,2,1,1993,0,0,0,0,0,0,0,0,0,0
391179,1,1,1993,16,16,16,16,16,16,16,16,16,16
391181,1,1,1993,0,0,0,0,0,0,0,0,0,0
391181,2,1,1993,0,0,0,0,0,0,0,13,0,0
391181,3,1,1993,13,13,13,13,13,13,13,13,13,13
391182,0,1,1993,0,0,0,0,0,0,0,0,0,0
391182,1,1,1993,0,0,0,0,0,0,0,0,0,0
391183,1,1,1993,29,29,29,29,29,29,29,29,29,29
391184,1,1,1993,0,0,0,0,0,0,0,0,0,10
391185,1,1,1993,2,2,2,2,2,2,2,2,2,2
391186,1,1,1993,33,33,33,33,33,33,33,33,33,33
391187,1,1,1993,0,0,0,0,0,0,0,0,0,0
391188,1,1,1993,0,0,0,0,0,0,0,0,0,0
391188,2,1,1993,0,0,0,0,0,0,0,0,0,9
391189,1,1,1993,20,28,27,6,21,28,12,0,0,18
391190,1,1,1993,23,23,23,23,23,23,23,23,23,23
391192,1,1,1993,22,22,22,22,22,22,22,22,22,22
391193,1,1,1993,0,0,0,0,0,0,0,0,0,0
391193,2,1,1993,0,28,0,0,0,0,0,0,0,0
391195,1,1,1993,0,0,0,0,0,0,0,0,0,0
391195,2,1,1993,0,0,0,0,0,0,0,0,0,0
391196,1,1,1993,0,0,0,0,0,0,24,28,0,0
391199,1,1,1993,18,11,11,20,10,13,22,16,8,0
391199,2,1,1993,0,0,0,0,0,0,0,0,0,0
391201,1,1,1993,26,26,26,26,26,26,26,26,26,26
391202,1,1,1993,0,0,0,0,0,0,0,0,0,0
391202,2,1,1993,0,0,0,0,0,0,0,0,0,0
391203,1,1,1993,26,26,26,26,26,26,26,26,26,26
391204,1,1,1993,0,0,0,0,0,0,0,0,0,0
391204,2,1,1993,0,0,0,0,0,0,0,0,0,0
391206,1,1,1993,0,0,0,0,10,0,0,0,0,0
391206,2,1,1993,0,0,0,0,8,0,0,0,0,0
391207,1,1,1993,0,0,0,0,0,0,0,0,0,0
391207,2,1,1993,0,0,0,0,0,0,0,0,0,0
391208,1,1,1993,0,0,0,9,0,0,0,0,0,0
391208,2,1,1993,23,12,12,17,15,3,9,18,10,12
391209,1,1,1993,0,0,0,0,0,0,0,0,0,0
391210,1,1,1993,0,0,0,0,0,0,0,0,12,0
391210,2,1,1993,0,0,0,0,0,0,0,0,0,0
391211,1,1,1993,0,0,0,0,0,0,0,0,0,0
391211,2,1,1993,0,0,0,0,0,0,0,0,0,0
391213,1,1,1993,0,0,0,0,0,0,0,9,0,0
391213,2,1,1993,0,0,0,0,0,0,0,0,0,0
391214,1,1,1993,12,20,23,12,20,31,19,39,14,20
391214,2,1,1993,0,0,0,0,0,0,0,0,0,0
391215,1,1,1993,9,9,9,9,9,9,9,9,9,9
391216,0,1,1993,0,0,0,0,0,0,0,0,0,0
391216,1,1,1993,0,0,0,0,0,0,0,0,0,0
391217,1,1,1993,0,0,0,0,0,0,0,0,0,0
391217,2,1,1993,0,0,0,0,0,0,0,7,0,0
391218,1,1,1993,0,0,0,0,0,0,0,0,0,0
391218,2,1,1993,0,0,0,0,0,0,0,0,0,0
391219,1,1,1993,0,0,0,0,0,0,0,0,0,0
391220,0,1,1993,0,0,0,0,15,0,0,0,0,0
391220,1,1,1993,0,0,0,0,0,0,0,0,0,0
391221,1,1,1993,5,0,0,13,0,0,0,22,0,0
391222,0,1,1993,11,39,14,0,26,0,15,32,6,15
391222,1,1,1993,22,0,8,13,10,7,21,7,26,16
391223,1,1,1993,0,0,19,0,0,0,0,0,0,0
391223,2,1,1993,0,0,0,0,0,0,0,0,0,0
391224,1,1,1993,8,17,14,3,23,9,11,0,14,12
391225,0,1,1993,0,0,0,0,0,0,0,0,0,0
391225,0,2,1993,0,0,21,0,14,18,0,0,11,0
391225,1,1,1993,0,0,0,0,0,0,0,0,0,0
391226,1,1,1993,0,0,0,0,0,0,0,0,0,0
391226,2,1,1993,0,0,0,0,0,0,0,0,0,0
391227,1,1,1993,0,0,0,0,0,0,0,0,0,0
391227,2,1,1993,0,0,0,0,0,0,0,0,0,0
391228,1,1,1993,0,0,0,0,0,0,0,0,0,0
391228,2,1,1993,0,0,0,0,0,0,0,0,0,0
391229,1,1,1993,21,21,21,21,21,21,21,21,21,21
391230,1,1,1993,0,0,0,0,0,0,13,0,0,11
391232,1,1,1993,0,0,0,0,0,0,0,0,0,0
391232,2,1,1993,19,19,19,19,19,19,19,19,19,19
391233,1,1,1993,20,20,20,20,20,20,20,20,20,20
391233,2,1,1993,0,0,0,0,0,0,0,0,0,3
391234,1,1,1993,17,17,17,17,17,17,17,17,17,17
391234,2,1,1993,6,0,0,0,0,0,0,0,0,0
391234,3,1,1993,0,0,0,0,0,0,0,0,0,0
391234,4,1,1993,0,0,0,0,0,0,0,0,0,0
391235,1,1,1993,5,4,23,0,12,17,19,14,12,0
391235,2,1,1993,0,0,7,27,0,7,0,0,0,0
391236,1,1,1993,0,0,0,0,0,0,0,0,0,0
391237,1,1,1993,14,14,14,14,14,14,14,14,14,14
391238,1,1,1993,18,18,18,18,18,18,18,18,18,18
391239,1,1,1993,0,0,0,11,0,0,0,0,19,9
391240,1,1,1993,0,23,6,13,20,2,4,17,0,0
391240,2,1,1993,21,32,0,20,12,2,12,36,8,20
391241,1,1,1993,0,0,0,0,0,0,0,0,0,0
391241,2,1,1993,0,0,0,0,0,0,0,0,0,0
391242,1,1,1993,0,0,0,0,0,0,0,0,0,0
391242,2,1,1993,0,0,0,0,0,0,0,0,0,0
391243,1,1,1993,6,6,6,6,6,6,6,6,6,6
391244,1,1,1993,24,30,32,24,29,10,18,22,24,16
391245,1,1,1993,0,0,0,0,0,0,0,0,0,0
391245,2,1,1993,0,0,0,0,0,0,0,0,0,0
391246,1,1,1993,21,21,21,21,21,21,21,21,21,21
391247,1,1,1993,0,0,0,0,0,0,0,0,0,0
391248,1,1,1993,12,20,19,29,3,17,19,33,10,0
391249,1,1,1993,0,0,0,0,0,0,0,0,0,0
391249,2,1,1993,0,0,0,0,0,0,0,0,0,0
391250,1,1,1993,30,0,0,14,17,14,36,22,12,4
391251,1,1,1993,34,13,7,26,16,24,17,9,27,24
391252,1,1,1993,0,0,0,0,0,0,0,0,0,0
391253,1,1,1993,0,0,0,0,0,0,0,0,0,0
391253,2,1,1993,0,0,0,0,0,0,0,0,0,0
391253,3,1,1993,0,0,0,0,0,0,0,0,0,0
391254,1,1,1993,0,0,0,0,0,0,0,0,0,0
391255,1,1,1993,0,0,0,0,0,0,0,0,0,0
391255,2,1,1993,0,0,0,0,0,0,0,0,0,0
391256,1,1,1993,0,0,0,0,0,0,2,0,0,0
391256,2,1,1993,0,0,0,0,0,0,0,0,0,0
391257,1,1,1993,18,18,18,18,18,18,18,18,18,18
391258,1,1,1993,0,0,0,0,0,0,0,0,0,0
391258,2,1,1993,0,0,0,0,0,0,0,0,0,0
391259,1,1,1993,0,0,0,0,0,0,0,0,0,0
391259,2,1,1993,0,0,0,0,0,0,0,0,0,0
391260,1,1,1993,0,0,0,0,0,0,0,0,0,0
391260,2,1,1993,0,0,0,0,0,0,0,0,0,0
391261,1,1,1993,0,0,25,0,0,0,0,0,0,0
391261,2,1,1993,0,0,0,0,0,0,0,0,0,0
391262,1,1,1993,0,0,0,0,0,0,0,0,0,0
391262,2,1,1993,0,0,0,0,0,0,0,0,0,0
391263,0,1,1993,21,8,16,33,26,20,35,0,16,17
391263,1,1,1993,0,0,0,0,0,0,0,0,0,0
391264,1,1,1993,0,0,0,0,0,0,0,0,21,0
391264,2,1,1993,0,0,0,0,0,0,0,0,0,0
391265,1,1,1993,0,0,0,0,0,0,0,0,0,0
391266,1,1,1993,0,0,0,0,0,11,0,0,0,0
391266,2,1,1993,0,3,0,0,0,0,0,0,0,23
391268,1,1,1993,0,0,0,0,0,0,0,0,0,0
391268,2,1,1993,0,0,0,0,0,0,0,0,0,0
391269,1,1,1993,0,0,0,0,0,0,0,0,0,0
391269,2,1,1993,0,0,0,0,0,0,0,5,0,7
391270,1,1,1993,0,0,0,0,0,0,0,0,0,0
391270,2,1,1993,0,0,0,0,0,0,0,0,0,0
391270,3,1,1993,0,0,0,0,0,0,0,0,0,0
391271,0,1,1993,28,28,28,28,28,28,28,28,28,28
391271,1,1,1993,0,0,12,11,0,0,0,0,0,13
391272,1,1,1993,14,0,7,0,10,0,0,0,0,0
391274,1,1,1993,0,0,0,0,0,0,0,0,0,0
391275,1,1,1993,0,0,0,0,0,0,0,0,0,0
391275,2,1,1993,0,0,0,0,0,0,0,0,0,0
391276,1,1,1993,0,0,0,0,0,0,0,0,0,0
391276,2,1,1993,0,0,0,0,0,0,0,0,0,0
391277,1,1,1993,0,0,0,0,0,0,0,0,0,0
391278,1,1,1993,0,0,0,0,0,0,0,0,0,6
391278,2,1,1993,0,0,0,6,6,0,0,0,0,0
391279,2,1,1993,0,0,0,0,0,0,0,0,0,0
391280,1,1,1993,0,0,0,0,0,0,0,0,0,0
391280,2,1,1993,0,0,1,0,0,0,0,0,0,0
391281,1,1,1993,0,0,0,0,0,0,0,0,0,0
391282,1,1,1993,0,0,0,0,0,0,0,0,0,0
391282,2,1,1993,0,0,0,0,0,0,0,0,0,0
391283,1,1,1993,0,0,0,12,0,0,0,0,0,0
391284,1,1,1993,0,0,0,0,0,0,0,0,0,0
391285,1,1,1993,9,3,8,9,14,12,18,10,9,23
391286,1,1,1993,0,0,0,0,0,0,0,0,0,0
391287,1,1,1993,13,13,13,13,13,13,13,13,13,13
391288,1,1,1993,24,0,0,0,21,9,13,19,14,8
391289,1,1,1993,16,16,16,16,16,16,16,16,16,16
391290,1,1,1993,0,0,0,0,0,0,0,0,0,15
391291,1,1,1993,0,0,0,0,0,0,0,0,0,0
391291,2,1,1993,0,0,0,0,0,0,0,0,0,0
391292,1,1,1993,0,0,0,0,0,0,0,0,0,0
391293,1,1,1993,0,0,0,0,0,0,0,0,0,0
391294,1,1,1993,0,0,0,0,0,0,0,0,0,0
391294,2,1,1993,11,31,0,28,22,23,31,18,13,24
391295,1,1,1993,13,13,13,13,13,13,13,13,13,13
391296,1,1,1993,1,1,1,1,1,1,1,1,1,1
391296,2,1,1993,0,0,0,0,0,0,0,0,0,0
391297,1,1,1993,0,0,0,0,0,0,0,0,0,0
391298,1,1,1993,0,0,0,0,0,0,0,0,0,0
391299,1,1,1993,0,0,0,0,0,0,0,0,0,0
391300,1,1,1993,25,25,25,25,25,25,25,25,25,25
391301,0,1,1993,0,0,0,0,0,0,0,0,0,0
391301,1,1,1993,0,0,0,0,0,0,0,0,0,0
391302,1,1,1993,0,0,0,0,0,0,0,0,0,0
391303,0,1,1993,38,28,26,13,7,12,24,7,15,0
391303,1,1,1993,18,9,14,12,5,26,17,8,18,5
391304,0,1,1993,0,0,0,0,0,0,0,0,0,28
391304,1,1,1993,0,0,0,0,0,0,0,0,0,0
391305,0,1,1993,0,0,0,0,0,0,0,0,0,0
391305,1,1,1993,0,0,0,0,0,0,0,0,0,0
391306,1,1,1993,0,0,0,0,14,0,0,0,0,0
391307,1,1,1993,8,0,0,0,0,0,0,0,0,0
391307,2,1,1993,0,0,0,0,0,0,0,0,0,0
391308,1,1,1993,0,0,0,0,0,0,0,0,0,0
391308,2,1,1993,0,0,0,0,0,0,0,0,0,12
391308,3,1,1993,0,19,0,0,0,0,0,14,0,0
391310,0,1,1993,0,40,0,0,0,0,0,0,0,27
391310,2,1,1993,0,0,0,0,0,0,0,0,0,18
391310,3,1,1993,0,0,0,8,0,0,0,0,0,8
391311,0,1,1993,12,26,18,29,0,5,14,14,33,45
391311,1,1,1993,15,0,13,0,0,15,0,0,16,12
391312,1,1,1993,0,0,0,0,0,0,0,0,0,0
391312,2,1,1993,0,0,0,0,0,0,0,0,0,0
391314,1,1,1993,19,0,7,7,8,2,4,14,5,22
391316,1,1,1993,0,0,0,0,0,0,0,0,0,0
391316,2,1,1993,0,0,0,0,0,0,0,0,0,4
391317,1,1,1993,0,0,0,0,0,0,0,0,0,0
391317,2,1,1993,0,0,0,0,0,0,0,0,0,0
391318,1,1,1993,14,0,20,0,0,0,0,0,0,0
391318,2,1,1993,0,0,0,0,0,0,0,0,0,0
391319,1,1,1993,0,22,0,0,0,0,0,0,8,0
391320,1,1,1993,45,45,45,45,45,45,45,45,45,45
391320,2,1,1993,0,0,0,0,0,9,0,0,0,0
391321,1,1,1993,0,0,0,0,0,0,0,0,0,0
391322,1,1,1993,0,11,10,7,14,0,0,16,9,7
391323,1,1,1993,11,0,18,0,0,0,0,0,9,0
391323,2,1,1993,0,0,0,0,0,0,0,0,0,0
391324,1,1,1993,0,0,0,0,0,0,0,0,0,0
391324,2,1,1993,33,33,33,33,33,33,33,33,33,33
391325,1,1,1993,0,0,0,0,0,0,0,0,0,0
391326,1,1,1993,0,0,14,0,0,10,0,0,0,27
391326,2,1,1993,3,5,22,0,18,0,10,15,0,0
391327,1,1,1993,8,4,7,0,0,0,0,0,0,31
391327,2,1,1993,0,0,0,0,0,0,20,26,0,15
391328,1,1,1993,0,0,0,0,0,0,0,0,0,0
391328,2,1,1993,0,0,0,0,0,0,9,0,0,0
391328,3,1,1993,0,0,0,0,0,0,0,0,0,0
391328,4,1,1993,0,0,0,0,0,0,0,0,0,0
391329,1,1,1993,4,4,4,4,4,4,4,4,4,4
391330,1,1,1993,38,38,38,38,38,38,38,38,38,38
391331,1,1,1993,0,0,14,0,0,0,0,0,0,0
391332,1,1,1993,18,0,0,0,7,19,0,0,0,0
391333,1,1,1993,6,0,0,0,0,0,0,0,0,0
391333,2,2,1993,0,0,0,0,0,0,0,0,0,0
391335,0,1,1993,0,0,0,0,0,0,0,0,0,0
391335,1,1,1993,0,0,0,0,0,0,0,0,0,0
391335,2,1,1993,0,0,0,0,0,15,0,0,0,16
391337,0,1,1993,0,0,0,0,0,0,0,0,0,0
391337,1,1,1993,0,0,0,0,0,0,0,0,0,0
391338,1,1,1993,13,15,16,10,7,7,4,9,4,5
391338,2,1,1993,20,17,0,18,0,16,0,5,6,0
391339,0,1,1993,17,0,0,28,0,0,31,0,0,0
391339,1,1,1993,0,0,13,0,4,0,13,0,0,0
391339,2,1,1993,0,0,0,0,0,0,0,0,0,0
391340,1,1,1993,0,0,0,0,0,0,0,0,0,0
391340,3,1,1993,0,0,0,0,0,0,0,0,0,0
391341,1,1,1993,0,0,6,0,0,0,0,0,0,0
391342,1,1,1993,0,0,0,0,0,0,0,0,0,0
391343,1,1,1993,22,16,0,0,0,0,0,9,0,0
391344,1,1,1993,0,0,0,0,0,0,0,0,0,0
391344,2,1,1993,0,0,0,0,0,0,0,0,0,0
391345,1,1,1993,0,0,0,0,0,0,0,0,0,0
391345,2,1,1993,0,0,0,0,0,0,0,0,0,0
391346,1,1,1993,0,0,0,0,0,0,10,0,11,0
391346,2,1,1993,0,0,0,0,0,0,0,0,0,0
391347,0,1,1993,28,28,28,28,28,28,28,28,28,28
391347,1,1,1993,5,0,9,0,18,4,0,8,0,20
391348,1,1,1993,12,12,12,12,12,12,12,12,12,12
391349,1,1,1993,0,0,0,0,0,0,0,0,0,0
391349,2,1,1993,0,0,0,0,0,0,0,0,0,0
391351,1,1,1993,0,0,0,24,0,0,0,0,0,0
391351,2,1,1993,0,0,0,0,0,0,0,0,0,0
391352,1,1,1993,0,0,0,0,0,0,0,0,0,0
391352,2,1,1993,0,0,0,0,0,0,0,0,0,0
391353,0,1,1993,0,11,12,23,34,10,20,13,30,12
391353,1,1,1993,10,6,13,21,21,26,13,4,33,18
391354,1,1,1993,0,24,0,0,0,0,0,0,0,0
391355,1,1,1993,17,17,17,17,17,17,17,17,17,17
391356,1,1,1993,12,19,27,43,0,18,0,23,0,30
391357,1,1,1993,0,0,0,0,0,0,0,19,0,0
391357,2,1,1993,0,0,0,0,0,0,0,0,0,0
391358,1,1,1993,0,0,0,0,0,0,0,0,0,0
391358,2,1,1993,0,0,0,0,0,0,0,0,0,0
391360,1,1,1993,0,0,0,0,0,0,0,0,0,0
391361,1,1,1993,0,0,0,0,0,0,0,0,0,0
391362,1,1,1993,0,0,0,0,0,0,0,0,0,0
391363,1,1,1993,13,13,13,13,13,13,13,13,13,13
391364,0,1,1993,0,0,0,0,0,0,0,0,0,0
391364,1,1,1993,0,0,0,0,0,0,0,0,0,0
391365,0,1,1993,33,15,9,32,20,26,9,17,22,36
391365,1,1,1993,16,17,16,13,12,6,19,15,9,0
391366,1,1,1993,0,0,21,0,10,9,0,0,0,0
391367,1,1,1993,0,0,0,0,0,0,0,0,0,0
391368,1,1,1993,0,0,0,0,0,0,0,20,0,0
391368,2,1,1993,2,10,16,19,14,19,9,19,16,17
391370,1,1,1993,0,0,11,0,0,10,16,0,10,0
391371,1,1,1993,0,0,0,0,0,0,0,0,0,0
391371,2,1,1993,0,0,0,0,0,0,0,0,0,0
391371,3,1,1993,0,0,0,0,0,0,0,0,0,0
391372,0,1,1993,11,0,23,0,9,15,0,8,16,0
391372,1,1,1993,18,13,33,19,0,23,15,10,17,29
391373,0,1,1993,5,0,0,41,10,27,27,38,45,24
391373,1,1,1993,5,0,15,15,17,6,16,5,12,12
391374,0,1,1993,0,30,36,0,0,0,22,39,13,12
391374,2,1,1993,11,10,21,18,7,29,20,15,21,22
391375,1,1,1993,0,0,0,0,0,0,0,0,0,0
391375,2,1,1993,0,0,0,0,8,0,0,0,0,0
391376,1,1,1993,0,23,0,0,0,0,0,0,0,0
391377,1,1,1993,0,0,0,0,0,0,0,0,0,0
391377,2,1,1993,0,0,20,0,0,0,0,10,0,0
391377,3,1,1993,0,0,0,0,0,0,0,0,0,0
391378,1,1,1993,0,0,0,0,0,0,0,0,0,0
391378,2,1,1993,0,0,0,0,0,0,0,0,0,0
391380,1,1,1993,14,0,0,0,0,0,0,0,0,0
391381,1,1,1993,0,14,0,0,10,26,20,0,0,0
391382,1,1,1993,1,1,1,1,1,1,1,1,1,1
391383,1,1,1993,0,0,0,0,0,0,0,0,0,0
391383,2,1,1993,0,0,0,0,0,0,0,0,0,0
391384,1,1,1993,0,0,0,0,0,0,0,0,0,0
391384,2,1,1993,0,0,0,0,0,19,0,0,0,0
391386,1,1,1993,0,0,0,0,0,11,4,0,0,0
391388,1,1,1993,16,13,0,0,11,9,15,0,0,0
391389,1,1,1993,0,0,0,0,0,0,0,0,0,0
391390,1,1,1993,0,11,0,0,0,0,0,0,0,0
391391,0,1,1993,19,0,0,0,0,0,0,0,0,0
391391,0,2,1993,0,28,0,6,27,0,16,0,0,26
391391,1,1,1993,0,6,0,0,0,0,0,0,0,0
391391,2,1,1993,0,0,0,0,0,0,0,0,0,0
391392,0,1,1993,0,0,0,0,0,0,0,0,0,0
391392,1,1,1993,0,12,0,0,0,0,0,0,0,0
391393,1,1,1993,5,5,5,5,5,5,5,5,5,5
391393,2,1,1993,0,0,0,0,0,0,0,0,0,0
391394,1,1,1993,18,14,10,11,17,17,19,17,17,0
391394,2,1,1993,0,0,0,0,0,0,0,0,0,0
391395,1,1,1993,0,0,0,0,0,0,0,0,0,0
391395,2,1,1993,10,0,0,0,0,11,0,0,0,5
391396,0,1,1993,0,0,0,0,0,0,0,0,0,0
391396,1,1,1993,0,0,0,0,0,0,0,0,0,0
391397,1,1,1993,0,0,6,0,0,0,0,19,0,0
391397,2,1,1993,0,0,14,0,0,10,0,11,12,8
391398,0,1,1993,0,0,0,0,28,23,0,0,0,0
391398,0,2,1993,0,0,0,0,0,0,0,0,0,0
391398,0,3,1993,0,0,0,0,0,0,0,0,0,0
391398,0,4,1993,0,0,0,0,0,0,0,0,0,0
391398,1,1,1993,4,4,4,4,4,4,4,4,4,4
391399,0,1,1993,14,14,14,14,14,14,14,14,14,14
391399,1,1,1993,0,0,0,0,0,0,0,18,0,0
391400,1,1,1993,0,0,0,0,0,0,0,0,0,1
391400,2,1,1993,12,18,11,9,21,18,26,16,18,25
391401,0,1,1993,0,0,0,0,0,0,0,0,0,0
391401,1,1,1993,0,0,0,0,0,3,0,0,0,0
391402,1,1,1993,0,0,0,0,0,0,0,0,0,0
391403,1,1,1993,0,0,0,0,0,0,0,0,0,0
391403,2,1,1993,0,0,0,0,0,0,0,0,0,0
391404,1,1,1993,0,0,0,0,0,0,0,0,0,0
391405,1,1,1993,15,22,16,16,13,21,28,26,8,16
391406,1,1,1993,0,0,0,0,0,0,0,0,0,0
391406,2,1,1993,0,0,0,0,0,0,0,0,0,0
391406,3,1,1993,0,0,0,0,0,0,0,0,0,0
391407,0,1,1993,0,0,13,25,0,43,0,0,0,0
391407,1,1,1993,0,0,0,0,0,0,0,0,0,0
391408,1,1,1993,0,0,0,0,9,0,0,0,0,0
391408,2,1,1993,13,15,15,16,23,14,0,4,19,25
391409,1,1,1993,0,0,0,0,0,0,0,0,0,0
391409,2,1,1993,31,16,6,17,10,8,13,11,21,17
391410,1,1,1993,0,34,9,0,6,0,0,17,0,13
391411,1,1,1993,0,0,0,0,0,0,0,0,0,0
391411,2,1,1993,0,0,0,0,0,0,0,0,0,0
391416,1,1,1993,0,0,0,0,0,0,0,0,0,0
391416,2,1,1993,0,0,0,0,0,0,0,0,0,19
391417,1,1,1993,0,0,0,0,0,0,0,0,0,0
391420,1,1,1993,14,14,14,14,14,14,14,14,14,14
391421,1,1,1993,20,28,30,32,28,0,32,17,35,15
391422,1,1,1993,7,7,7,7,7,7,7,7,7,7
391422,2,1,1993,0,12,0,3,0,0,3,0,0,0
391423,1,1,1993,0,0,0,0,0,0,0,0,0,0
391423,2,1,1993,0,7,0,0,0,0,11,17,14,28
391425,1,1,1993,0,0,0,0,20,0,3,19,0,0
391426,1,1,1993,0,0,0,0,0,0,0,0,0,0
391427,0,1,1993,0,0,0,0,0,20,0,18,0,0
391427,1,1,1993,0,0,0,0,0,0,0,0,0,0
391428,0,1,1993,40,0,17,0,5,0,0,0,5,0
391428,1,1,1993,0,0,0,0,0,0,0,0,0,0
391429,1,1,1993,2,2,2,2,2,2,2,2,2,2
391430,0,1,1993,0,0,0,0,0,0,0,0,0,0
391430,1,1,1993,0,0,0,0,0,0,0,0,0,0
391431,1,1,1993,0,0,0,0,0,0,0,0,0,0
391431,2,1,1993,0,0,0,0,0,0,0,0,0,0
391432,1,1,1993,0,0,0,0,0,0,0,0,0,0
391432,2,1,1993,0,0,0,0,0,0,15,0,0,0
391433,0,1,1993,0,0,0,0,0,0,0,0,0,0
391433,1,1,1993,0,0,0,0,0,0,0,0,0,0
400001,1,1,1993,0,0,0,12,0,0,0,0,12,0
400002,1,1,1993,0,0,0,0,0,0,0,0,0,0
400002,2,1,1993,0,0,0,0,0,0,0,0,0,0
400003,1,1,1993,17,17,17,17,17,17,17,17,17,17
400004,1,1,1993,7,13,4,12,12,7,12,0,19,2
400004,2,1,1993,5,5,5,5,5,5,5,5,5,5
400004,3,1,1993,0,0,0,0,0,0,0,0,0,0
400005,0,1,1993,0,0,0,0,0,0,0,0,0,0
400005,1,1,1993,25,0,13,0,9,0,7,0,4,15
400006,0,1,1993,0,0,0,0,0,0,0,0,0,0
400006,1,1,1993,0,0,0,0,0,0,0,0,0,0
400007,1,1,1993,0,0,0,0,0,0,0,0,0,0
400007,2,1,1993,18,18,18,18,18,18,18,18,18,18
400008,1,1,1993,0,0,0,0,0,0,0,0,0,0
400008,2,1,1993,0,0,0,0,0,0,0,0,0,0
400009,1,1,1993,0,0,0,0,0,0,0,0,0,0
400009,2,1,1993,0,0,0,0,0,0,0,0,0,15
400010,1,1,1993,24,24,24,24,24,24,24,24,24,24
400011,1,1,1993,24,24,24,24,24,24,24,24,24,24
400012,1,1,1993,9,0,0,0,0,12,0,0,22,0
400013,1,1,1993,18,18,18,18,18,18,18,18,18,18
400014,1,1,1993,0,0,0,0,0,0,0,0,0,17
400014,2,1,1993,0,0,0,0,0,0,0,0,0,0
400015,1,1,1993,11,0,0,0,0,0,0,0,0,0
400016,1,1,1993,5,5,5,5,5,5,5,5,5,5
400017,1,1,1993,0,0,0,0,0,0,0,0,0,0
400017,2,1,1993,0,0,0,0,0,0,0,0,7,0
400018,1,1,1993,0,0,0,0,0,0,0,0,0,0
400018,2,1,1993,0,0,0,0,0,0,0,0,0,0
400018,3,1,1993,0,0,0,0,0,0,0,0,0,0
400019,1,1,1993,25,25,25,25,25,25,25,25,25,25
400020,1,1,1993,0,0,0,0,0,0,0,0,0,0
400021,1,1,1993,0,0,0,0,0,0,0,0,0,0
400021,2,1,1993,0,0,0,0,0,0,0,0,0,0
400021,3,1,1993,0,0,0,0,0,0,0,0,10,0
400022,1,1,1993,0,0,0,0,0,0,0,0,0,0
400022,2,1,1993,0,0,0,0,0,0,0,0,0,0
400023,1,1,1993,0,0,0,0,0,0,0,0,0,0
400023,2,1,1993,0,0,0,0,0,19,0,0,0,0
400024,1,1,1993,11,11,11,11,11,11,11,11,11,11
400024,2,1,1993,0,0,0,0,0,0,0,0,0,0
400025,1,1,1993,10,10,10,10,10,10,10,10,10,10
400026,1,1,1993,0,0,0,0,0,0,0,0,0,0
400026,2,1,1993,0,0,0,0,0,0,0,0,0,0
400027,1,1,1993,13,13,13,13,13,13,13,13,13,13
400028,1,1,1993,0,0,0,0,0,0,0,0,0,0
400028,2,1,1993,0,0,0,0,0,0,0,0,0,0
400029,0,1,1993,0,0,0,0,0,0,0,0,0,0
400029,1,1,1993,9,0,0,15,3,0,44,0,0,0
400030,1,1,1993,15,27,26,11,16,12,21,30,46,26
400031,1,1,1993,20,20,20,20,20,20,20,20,20,20
400032,1,1,1993,0,0,0,0,0,0,0,0,0,0
400032,2,1,1993,0,0,0,0,0,0,0,0,0,0
400033,1,1,1993,0,0,0,0,0,0,0,0,0,0
400033,2,1,1993,0,0,0,0,0,0,0,0,2,0
400033,3,1,1993,0,0,0,0,0,0,0,0,0,0
400034,1,1,1993,18,18,18,18,18,18,18,18,18,18
400034,2,1,1993,0,0,0,0,0,0,0,0,0,0
400035,1,1,1993,0,0,15,17,0,0,45,0,0,14
400035,2,1,1993,0,0,0,0,0,0,0,0,0,0
400036,1,1,1993,0,0,0,0,0,0,0,0,0,0
400036,2,1,1993,0,0,0,0,0,0,0,0,0,0
400037,1,1,1993,0,0,0,0,0,0,0,0,0,0
400037,2,1,1993,0,0,0,0,0,0,0,0,0,0
400038,1,1,1993,60,60,60,60,60,60,60,60,60,60
400039,1,1,1993,0,0,0,0,0,0,0,0,0,0
400039,2,1,1993,0,0,0,0,0,0,0,0,0,0
400040,1,1,1993,0,0,0,0,0,0,0,0,0,0
400040,2,1,1993,0,0,0,0,0,0,0,0,0,0
400041,0,1,1993,0,0,0,0,0,0,0,0,0,0