ST_CASE,VEH_NO,PER_NO,YEAR,P1,P2,P3,P4,P5,P6,P7,P8,P9,P10
400041,1,1,1993,0,0,0,0,0,0,5,0,0,0
400042,1,1,1993,0,0,0,0,0,0,0,0,0,0
400043,1,1,1993,14,3,0,0,0,0,24,11,0,16
400044,1,1,1993,20,20,20,20,20,20,20,20,20,20
400045,1,1,1993,15,15,15,15,15,15,15,15,15,15
400046,1,1,1993,0,0,0,0,0,0,0,0,0,0
400046,2,1,1993,0,0,0,0,0,0,0,0,0,0
400047,1,1,1993,0,0,0,0,0,0,0,0,0,0
400048,1,1,1993,0,0,0,0,11,0,0,0,0,0
400048,2,1,1993,0,0,0,0,0,0,0,0,0,0
400049,1,1,1993,0,0,0,0,0,0,0,0,0,0
400049,2,1,1993,0,0,0,0,0,0,0,0,0,0
400049,3,1,1993,0,0,0,0,0,0,0,0,0,0
400049,4,1,1993,0,0,0,0,0,0,0,0,0,0
400049,5,1,1993,7,7,7,7,7,7,7,7,7,7
400050,1,1,1993,0,0,0,0,0,0,0,0,0,0
400050,2,1,1993,0,0,0,0,0,0,0,0,0,0
400051,1,1,1993,0,0,0,0,0,0,0,0,0,0
400052,1,1,1993,24,24,24,24,24,24,24,24,24,24
400053,1,1,1993,0,0,0,0,0,0,0,0,0,0
400053,2,1,1993,0,0,0,0,0,0,0,0,2,0
400054,1,1,1993,21,16,15,13,14,14,7,14,14,10
400056,1,1,1993,0,0,0,0,0,0,0,0,0,0
400056,2,1,1993,0,0,0,0,0,0,0,0,0,0
400057,1,1,1993,13,13,13,13,13,13,13,13,13,13
400058,1,1,1993,0,0,6,0,0,0,0,0,0,13
400059,1,1,1993,0,0,19,0,0,0,0,0,25,0
400059,2,1,1993,0,0,0,0,0,0,0,0,0,0
400060,0,1,1993,0,0,0,0,0,0,0,20,15,0
400060,1,1,1993,0,0,0,0,0,0,10,0,0,0
400061,1,1,1993,23,23,23,23,23,23,23,23,23,23
400063,1,1,1993,0,0,0,0,0,0,0,0,0,0
400063,2,1,1993,0,0,0,0,0,0,0,0,0,0
400064,1,1,1993,0,0,0,0,0,0,0,0,0,0
400066,1,1,1993,21,25,21,16,14,12,16,0,7,20
400067,1,1,1993,0,11,0,0,0,0,0,11,0,0
400067,2,1,1993,0,0,0,0,0,0,0,0,0,0
400068,1,1,1993,23,23,23,23,23,23,23,23,23,23
400069,0,1,1993,11,11,11,11,11,11,11,11,11,11
400069,1,1,1993,8,0,0,0,0,0,0,0,0,0
400070,0,1,1993,32,32,32,32,32,32,32,32,32,32
400070,1,1,1993,0,0,0,0,0,0,0,0,0,0
400071,1,1,1993,0,0,0,0,0,0,0,0,0,11
400071,2,1,1993,0,0,0,0,0,0,0,0,0,0
400071,3,1,1993,0,0,0,0,0,0,0,0,6,0
400072,1,1,1993,18,18,18,18,18,18,18,18,18,18
400072,2,1,1993,0,0,0,0,0,0,0,0,0,0
400073,1,1,1993,22,22,22,22,22,22,22,22,22,22
400074,1,1,1993,28,28,28,28,28,28,28,28,28,28
400075,1,1,1993,10,10,10,10,10,10,10,10,10,10
400076,0,1,1993,0,0,0,0,0,0,0,0,0,0
400076,0,2,1993,0,22,17,0,0,27,30,28,15,0
400076,1,1,1993,17,17,17,17,17,17,17,17,17,17
400077,1,1,1993,23,23,23,23,23,23,23,23,23,23
400078,1,1,1993,0,0,0,0,0,0,0,0,0,0
400078,2,1,1993,0,0,0,0,0,0,0,0,0,0
400079,1,1,1993,0,0,0,0,0,0,6,17,0,0
400080,1,1,1993,5,0,0,0,0,0,0,0,0,0
400080,2,1,1993,0,0,0,0,0,16,0,0,0,0
400081,1,1,1993,11,11,11,11,11,11,11,11,11,11
400082,1,1,1993,20,20,20,20,20,20,20,20,20,20
400083,1,1,1993,0,0,11,0,16,12,0,16,0,0
400083,2,1,1993,0,0,0,0,0,0,0,0,0,0
400084,1,1,1993,0,0,0,0,0,0,0,0,8,0
400084,2,1,1993,0,0,0,0,0,0,0,0,0,0
400085,1,1,1993,0,0,0,0,0,0,0,0,0,0
400086,1,1,1993,0,0,0,8,0,0,0,0,0,0
400086,2,1,1993,0,0,0,0,0,0,0,0,0,0
400087,1,1,1993,8,8,8,8,8,8,8,8,8,8
400088,1,1,1993,10,10,10,10,10,10,10,10,10,10
400089,1,1,1993,23,23,23,23,23,23,23,23,23,23
400089,2,1,1993,10,0,0,0,0,0,0,0,0,0
400090,1,1,1993,0,0,0,0,0,0,0,0,0,0
400090,2,1,1993,0,0,0,0,0,0,0,0,0,0
400091,1,1,1993,21,21,21,21,21,21,21,21,21,21
400092,1,1,1993,0,0,0,15,0,0,14,0,0,0
400093,1,1,1993,22,22,22,22,22,22,22,22,22,22
400094,1,1,1993,0,0,0,0,0,0,0,0,0,0
400095,1,1,1993,0,0,0,0,0,0,0,0,0,0
400095,2,1,1993,0,0,0,0,0,0,0,0,0,0
400095,3,1,1993,0,0,0,0,0,0,0,0,0,0
400096,1,1,1993,0,0,0,0,0,0,0,0,0,0
400097,1,1,1993,4,4,4,4,4,4,4,4,4,4
400097,2,1,1993,0,0,0,0,0,0,0,0,0,0
400099,0,1,1993,13,13,13,13,13,13,13,13,13,13
400099,1,1,1993,8,10,11,0,0,0,11,0,18,3
400100,1,1,1993,9,9,9,9,9,9,9,9,9,9
400101,1,1,1993,15,15,15,15,15,15,15,15,15,15
400102,1,1,1993,0,0,0,0,0,0,0,0,0,0
400102,2,1,1993,0,10,0,0,0,0,0,0,0,0
400103,0,1,1993,0,0,0,0,0,0,0,0,0,0
400103,0,2,1993,0,0,0,0,12,25,0,0,0,0
400103,1,1,1993,0,0,0,0,0,0,0,0,0,0
400104,1,1,1993,0,0,0,0,0,0,0,0,0,0
400104,2,1,1993,0,0,0,0,0,0,0,0,0,0
400104,3,1,1993,0,0,0,0,0,0,0,0,0,0
400105,1,1,1993,0,0,0,0,0,0,0,0,0,0
400106,1,1,1993,0,0,0,0,0,32,0,0,0,31
400107,1,1,1993,28,28,28,28,28,28,28,28,28,28
400108,0,1,1993,0,0,0,0,0,0,0,0,0,0
400108,1,1,1993,0,0,0,0,0,0,0,0,0,0
400109,0,1,1993,0,0,0,0,0,0,0,0,0,0
400109,1,1,1993,4,0,0,0,0,0,0,0,17,7
400110,1,1,1993,0,0,0,0,0,0,0,0,0,0
400111,1,1,1993,20,20,20,20,20,20,20,20,20,20
400111,2,1,1993,0,0,0,0,0,0,0,0,0,0
400112,0,1,1993,0,0,0,0,0,25,0,0,0,0
400112,1,1,1993,0,0,0,0,0,0,0,0,0,0
400113,1,1,1993,19,10,5,7,15,12,5,9,0,8
400114,1,1,1993,19,19,19,19,19,19,19,19,19,19
400114,2,1,1993,0,0,0,0,0,0,0,0,0,0
400115,1,1,1993,0,0,0,0,0,0,0,0,0,0
400115,2,1,1993,0,0,0,0,0,0,0,0,0,0
400117,1,1,1993,9,9,9,9,9,9,9,9,9,9
400118,0,1,1993,0,36,0,0,21,0,0,0,22,26
400118,1,1,1993,0,0,0,0,0,0,0,0,0,0
400119,1,1,1993,23,23,23,23,23,23,23,23,23,23
400120,1,1,1993,8,8,8,8,8,8,8,8,8,8
400120,2,1,1993,13,13,13,13,13,13,13,13,13,13
400121,1,1,1993,0,0,9,0,9,14,0,4,0,0
400122,1,1,1993,18,18,18,18,18,18,18,18,18,18
400122,2,1,1993,0,0,0,0,0,0,0,0,0,0
400123,1,1,1993,15,15,15,15,15,15,15,15,15,15
400124,1,1,1993,22,36,6,16,10,23,28,31,29,29
400125,1,1,1993,0,0,0,0,0,0,0,0,20,0
400126,1,1,1993,0,0,0,0,0,0,0,0,0,0
400126,2,1,1993,0,0,0,0,0,0,0,10,0,0
400127,1,1,1993,0,0,0,0,0,0,0,0,0,0
400128,1,1,1993,0,0,0,0,0,0,0,0,0,0
400128,2,1,1993,0,0,0,0,0,0,0,0,0,0
400129,1,1,1993,0,0,0,0,0,0,0,0,0,0
400130,1,1,1993,17,17,17,17,17,17,17,17,17,17
400130,2,1,1993,0,0,0,0,0,0,0,0,0,0
400131,1,1,1993,0,0,0,0,0,16,0,0,25,0
400131,2,1,1993,0,0,0,0,0,0,0,0,0,0
400131,3,1,1993,0,0,0,0,0,0,0,0,0,0
400132,1,1,1993,0,0,0,0,0,0,0,0,0,0
400132,2,1,1993,0,0,0,0,0,0,0,0,0,0
400133,1,1,1993,24,24,24,24,24,24,24,24,24,24
400134,1,1,1993,0,0,0,0,0,0,0,0,0,0
400135,1,1,1993,0,12,40,21,0,0,0,0,0,0
400135,2,1,1993,0,0,0,0,0,0,0,0,0,0
400136,1,1,1993,0,0,0,0,0,0,0,10,0,0
400136,2,1,1993,12,12,12,12,12,12,12,12,12,12
400137,1,1,1993,6,6,6,6,6,6,6,6,6,6
400137,2,1,1993,3,3,3,3,3,3,3,3,3,3
400138,1,1,1993,10,10,10,10,10,10,10,10,10,10
400138,2,1,1993,0,0,0,0,0,0,0,0,0,0
400139,1,1,1993,0,0,0,0,0,0,0,0,0,0
400139,2,1,1993,0,0,0,0,0,0,0,0,0,0
400140,1,1,1993,28,28,28,28,28,28,28,28,28,28
400141,0,1,1993,0,0,0,0,0,0,0,0,0,0
400141,1,1,1993,0,0,0,0,0,0,0,0,0,0
400141,2,1,1993,0,0,0,0,0,0,0,0,0,0
400141,3,1,1993,0,0,0,0,0,0,0,0,0,0
400141,4,1,1993,0,0,0,0,0,0,0,0,0,0
400141,5,1,1993,0,0,0,0,0,0,0,0,0,0
400141,6,1,1993,0,0,0,0,0,0,19,0,0,0
400141,7,1,1993,0,0,0,0,0,0,0,0,0,0
400141,8,1,1993,0,0,0,0,0,0,0,0,0,0
400141,9,1,1993,0,0,0,0,0,0,0,0,0,0
400141,10,1,1993,0,0,0,0,0,0,0,0,0,0
400141,11,1,1993,0,0,0,0,0,0,0,0,0,0
400141,12,1,1993,0,0,0,0,0,0,0,0,0,0
400141,13,1,1993,0,0,0,0,0,0,0,0,0,0
400141,14,1,1993,0,0,0,0,0,0,0,0,0,0
400141,15,1,1993,0,0,0,0,0,0,0,0,0,15
400142,1,1,1993,0,0,0,0,0,0,0,0,0,0
400142,2,1,1993,0,0,0,0,0,0,0,0,0,0
400143,1,1,1993,17,17,17,17,17,17,17,17,17,17
400144,1,1,1993,10,10,10,10,10,10,10,10,10,10
400145,1,1,1993,16,16,16,16,16,16,16,16,16,16
400146,1,1,1993,0,0,0,0,0,0,0,0,0,0
400146,2,1,1993,0,0,0,0,0,0,0,0,0,0
400147,1,1,1993,9,9,9,9,9,9,9,9,9,9
400147,2,1,1993,0,0,0,0,0,0,0,0,0,0
400148,1,1,1993,25,25,25,25,25,25,25,25,25,25
400149,1,1,1993,1,1,1,1,1,1,1,1,1,1
400150,1,1,1993,20,11,0,8,16,12,16,22,0,0
400151,1,1,1993,25,25,25,25,25,25,25,25,25,25
400152,1,1,1993,30,30,30,30,30,30,30,30,30,30
400152,2,1,1993,3,3,3,3,3,3,3,3,3,3
400153,1,1,1993,0,0,0,0,14,0,0,0,0,0
400153,2,1,1993,0,0,0,0,0,0,0,0,0,0
400154,1,1,1993,0,0,0,0,0,0,0,0,0,0
400155,1,1,1993,0,0,0,0,0,0,0,0,0,0
400156,1,1,1993,7,7,7,7,7,7,7,7,7,7
400156,2,1,1993,0,22,0,0,0,0,19,0,0,0
400157,1,1,1993,0,0,0,0,0,0,0,0,0,0
400157,2,1,1993,0,0,0,0,0,0,0,0,0,0
400157,3,1,1993,0,0,0,0,0,0,0,0,0,0
400158,1,1,1993,0,0,0,0,0,0,0,0,0,0
400158,2,1,1993,6,0,0,0,0,0,0,0,10,0
400159,1,1,1993,0,0,0,0,0,0,0,0,0,0
400160,1,1,1993,0,0,0,0,0,0,0,0,0,0
400160,2,1,1993,0,0,0,0,0,0,0,0,0,0
400161,1,1,1993,6,6,6,6,6,6,6,6,6,6
400162,1,1,1993,0,0,0,0,0,0,0,0,0,0
400163,1,1,1993,0,16,0,0,0,14,0,0,0,0
400164,1,1,1993,20,20,20,20,20,20,20,20,20,20
400164,2,1,1993,0,0,0,0,8,0,0,0,0,0
400165,1,1,1993,0,0,0,0,0,0,0,0,0,0
400165,2,1,1993,0,0,0,0,0,0,0,0,0,0
400166,1,1,1993,19,19,29,17,21,22,13,29,17,23
400167,1,1,1993,0,0,0,0,0,0,0,0,0,0
400167,2,1,1993,0,0,0,0,0,0,0,0,0,0
400168,1,1,1993,0,0,9,0,0,0,0,0,0,0
400168,2,1,1993,0,0,0,0,0,0,0,0,0,0
400169,1,1,1993,0,0,0,0,0,0,0,0,0,0
400169,2,1,1993,0,0,0,0,0,0,0,0,0,0
400169,3,1,1993,0,0,0,0,0,0,0,0,0,0
400170,1,1,1993,0,0,0,0,0,0,0,0,0,0
400170,2,1,1993,0,0,0,0,0,0,0,0,0,0
400170,3,1,1993,0,0,0,0,0,0,0,0,0,0
400171,1,1,1993,0,0,0,0,0,0,0,0,0,0
400171,2,1,1993,0,0,0,0,0,0,0,0,0,0
400172,1,1,1993,32,22,0,26,29,5,19,14,25,14
400173,1,1,1993,0,0,0,0,0,0,0,0,0,0
400173,2,1,1993,0,0,0,0,0,0,0,0,0,0
400174,1,1,1993,20,20,20,20,20,20,20,20,20,20
400174,2,1,1993,0,0,0,0,0,0,0,0,0,0
400175,0,1,1993,0,0,0,0,0,0,0,0,0,0
400175,1,1,1993,0,0,0,0,0,0,0,0,0,0
400176,1,1,1993,0,0,0,0,0,9,0,0,0,9
400177,1,1,1993,0,0,0,0,0,0,0,0,0,0
400178,1,1,1993,25,25,25,25,25,25,25,25,25,25
400179,1,1,1993,0,0,0,0,0,0,0,0,0,0
400179,2,1,1993,0,0,0,0,0,0,0,0,0,0
400180,1,1,1993,0,0,0,0,0,0,0,0,0,0
400180,2,1,1993,0,0,0,0,0,0,0,0,0,0
400181,1,1,1993,0,0,0,0,0,0,0,0,0,0
400181,2,1,1993,0,0,0,0,8,0,0,0,0,0
400181,3,1,1993,0,0,0,0,0,0,0,0,0,0
400182,0,1,1993,0,0,0,0,0,0,0,0,0,0
400182,1,1,1993,7,7,7,7,7,7,7,7,7,7
400183,1,1,1993,0,0,0,0,0,0,0,0,0,0
400184,1,1,1993,0,0,0,0,0,0,0,0,0,0
400184,2,1,1993,0,0,0,0,0,0,0,0,0,0
400185,1,1,1993,0,0,0,0,0,0,0,0,0,0
400185,2,1,1993,0,0,0,0,0,0,0,0,0,0
400186,1,1,1993,0,0,0,0,0,0,0,0,0,0
400186,2,1,1993,0,0,0,0,0,0,0,0,0,0
400187,1,1,1993,30,30,30,30,30,30,30,30,30,30
400187,2,1,1993,0,0,0,0,0,0,0,0,0,0
400188,1,1,1993,0,0,0,0,0,0,0,0,0,0
400188,2,1,1993,44,0,0,0,0,0,0,0,15,0
400188,3,1,1993,0,0,0,0,0,0,0,17,0,0
400188,4,1,1993,0,0,0,0,0,0,0,0,0,0
400189,1,1,1993,27,27,27,27,27,27,27,27,27,27
400190,1,1,1993,0,20,0,0,0,16,0,0,0,0
400191,1,1,1993,25,25,25,25,25,25,25,25,25,25
400191,2,1,1993,12,12,12,12,12,12,12,12,12,12
400192,1,1,1993,5,13,0,0,0,0,0,0,0,0
400193,1,1,1993,0,18,0,0,0,0,0,0,0,0
400194,1,1,1993,22,22,22,22,22,22,22,22,22,22
400195,0,1,1993,21,21,21,21,21,21,21,21,21,21
400195,1,1,1993,7,0,0,0,0,0,12,6,0,0
400196,1,1,1993,14,14,14,14,14,14,14,14,14,14
400197,1,1,1993,0,0,0,0,0,0,0,0,0,0
400198,1,1,1993,0,0,0,0,0,0,0,0,0,0
400198,2,1,1993,0,0,0,0,0,0,0,0,0,0
400199,1,1,1993,0,0,0,0,0,0,0,0,0,0
400200,1,1,1993,0,20,0,0,20,0,0,25,0,0
400200,2,1,1993,0,0,0,0,0,0,0,0,0,0
400201,1,1,1993,25,25,25,25,25,25,25,25,25,25
400202,1,1,1993,7,7,7,7,7,7,7,7,7,7
400203,0,1,1993,20,20,20,20,20,20,20,20,20,20
400203,1,1,1993,15,18,8,8,7,7,16,30,35,22
400204,1,1,1993,0,0,0,0,0,0,27,0,0,0
400205,1,1,1993,0,0,0,0,0,0,0,0,0,0
400205,2,1,1993,0,0,0,0,0,0,0,0,0,0
400206,1,1,1993,0,0,0,0,0,0,0,0,0,0
400207,1,1,1993,11,11,11,11,11,11,11,11,11,11
400208,1,1,1993,0,0,0,0,0,0,0,0,0,0
400209,1,1,1993,0,0,0,0,0,0,0,0,0,0
400210,1,1,1993,0,0,0,0,0,0,0,0,0,0
400211,1,1,1993,0,0,0,0,0,0,0,0,0,0
400211,2,1,1993,0,0,0,0,0,0,16,0,0,0
400212,1,1,1993,16,16,16,16,16,16,16,16,16,16
400213,1,1,1993,0,0,0,0,0,0,0,0,0,0
400213,2,1,1993,0,0,0,0,21,21,0,0,0,0
400214,1,1,1993,29,7,27,5,10,18,9,31,23,15
400216,1,1,1993,16,16,16,16,16,16,16,16,16,16
400217,1,1,1993,7,7,7,7,7,7,7,7,7,7
400218,1,1,1993,0,0,0,0,0,0,0,0,0,0
400218,2,1,1993,0,0,0,0,0,0,0,0,0,0
400219,1,1,1993,34,34,34,34,34,34,34,34,34,34
400219,2,1,1993,0,0,0,0,0,0,0,0,0,0
400220,1,1,1993,3,3,3,3,3,3,3,3,3,3
400220,2,1,1993,10,10,10,10,10,10,10,10,10,10
400221,1,1,1993,0,0,0,0,0,0,0,0,0,0
400222,1,1,1993,0,0,9,0,0,0,0,0,0,0
400222,2,1,1993,5,5,5,5,5,5,5,5,5,5
400223,1,1,1993,17,17,29,37,9,13,31,37,25,10
400224,1,1,1993,0,0,0,0,0,0,17,0,0,5
400225,0,1,1993,39,39,39,39,39,39,39,39,39,39
400225,1,1,1993,0,0,0,0,0,0,0,0,0,0
400226,1,1,1993,0,0,0,0,0,0,0,0,0,0
400226,2,1,1993,0,0,0,0,0,0,0,0,0,0
400227,1,1,1993,0,0,0,0,0,0,0,0,0,0
400228,1,1,1993,0,0,13,0,0,0,0,0,0,0
400229,1,1,1993,20,20,20,20,20,20,20,20,20,20
400229,2,1,1993,0,0,0,0,0,0,0,0,0,0
400230,1,1,1993,0,0,0,0,0,0,0,0,0,0
400231,1,1,1993,0,0,0,0,0,0,0,0,0,0
400232,1,1,1993,11,11,11,11,11,11,11,11,11,11
400232,2,1,1993,0,0,0,0,0,0,22,0,0,0
400233,1,1,1993,0,0,0,0,0,0,0,0,0,0
400233,2,1,1993,0,0,0,0,0,0,0,0,0,0
400235,1,1,1993,0,0,0,0,0,0,0,0,0,0
400235,2,1,1993,0,0,0,0,0,0,0,0,0,0
400236,1,1,1993,0,0,0,0,0,0,0,0,0,0
400236,2,1,1993,0,0,0,0,0,0,0,0,0,0
400236,3,1,1993,0,0,0,0,0,0,0,0,0,0
400237,1,1,1993,0,6,0,0,0,0,0,0,5,0
400237,2,1,1993,0,0,0,0,0,0,0,0,0,0
400238,0,1,1993,33,33,33,33,33,33,33,33,33,33
400238,1,1,1993,0,0,0,0,0,0,0,0,9,0
400239,1,1,1993,13,14,0,0,15,0,16,0,15,23
400239,2,1,1993,3,3,3,3,3,3,3,3,3,3
400240,1,1,1993,0,0,0,0,0,0,0,0,0,0
400240,2,1,1993,0,0,0,0,26,0,0,0,0,0
400241,0,1,1993,25,25,25,25,25,25,25,25,25,25
400241,1,1,1993,13,13,13,13,13,13,13,13,13,13
400242,1,1,1993,0,0,0,0,0,0,0,0,0,0
400242,2,1,1993,0,0,0,0,0,0,0,0,0,0
400243,1,1,1993,0,0,0,0,0,0,0,0,0,0
400243,2,1,1993,0,0,0,0,0,0,0,0,0,0
400245,1,1,1993,0,0,0,11,0,0,0,0,0,19
400246,1,1,1993,0,0,3,0,17,0,0,0,0,0
400246,2,1,1993,5,5,5,5,5,5,5,5,5,5
400247,1,1,1993,0,0,0,0,0,0,0,0,0,0
400247,2,1,1993,0,0,0,0,0,0,0,0,0,0
400248,1,1,1993,0,0,0,0,0,0,0,0,0,0
400248,2,1,1993,0,0,0,0,0,0,0,0,0,0
400249,1,1,1993,0,0,0,0,0,0,0,0,0,0
400249,2,1,1993,23,12,0,18,19,35,28,0,7,11
400250,1,1,1993,0,0,0,0,0,0,0,0,0,0
400250,2,1,1993,0,0,0,0,0,12,21,14,0,0
400251,1,1,1993,20,20,20,20,20,20,20,20,20,20
400252,0,1,1993,29,29,29,29,29,29,29,29,29,29
400252,1,1,1993,0,0,0,0,0,0,0,0,6,0
400253,1,1,1993,0,0,0,0,0,0,0,0,0,0
400253,2,1,1993,0,0,0,0,0,0,0,0,0,0
400254,1,1,1993,0,0,0,0,0,13,0,0,0,0
400254,2,1,1993,0,0,0,0,0,0,4,0,0,0
400254,3,1,1993,0,0,0,0,0,0,0,0,0,0
400254,4,1,1993,0,0,0,7,0,0,0,0,0,0
400255,1,1,1993,0,0,0,0,0,0,0,0,0,0
400256,1,1,1993,0,0,0,0,0,0,0,0,0,0
400257,1,1,1993,21,21,21,21,21,21,21,21,21,21
400258,1,1,1993,0,0,0,0,0,0,0,0,0,0
400258,2,1,1993,0,0,0,0,0,0,0,0,0,0
400259,1,1,1993,0,0,0,0,0,0,0,0,0,0
400260,1,1,1993,23,0,0,0,14,0,13,17,0,6
400261,0,1,1993,16,0,31,19,27,0,20,25,19,33
400261,1,1,1993,21,21,21,21,21,21,21,21,21,21
400262,1,1,1993,10,10,10,10,10,10,10,10,10,10
400263,1,1,1993,0,0,0,0,0,0,0,0,0,0
400263,2,1,1993,13,13,13,13,13,13,13,13,13,13
400263,3,1,1993,0,0,0,0,0,0,13,0,0,0
400264,0,1,1993,0,0,0,0,0,0,0,0,0,0
400264,1,1,1993,8,8,8,8,8,8,8,8,8,8
400265,1,1,1993,0,0,0,0,0,0,0,0,0,0
400265,2,1,1993,0,24,0,0,0,0,0,0,0,0
400265,3,1,1993,0,0,0,0,0,0,0,0,0,0
400266,1,1,1993,0,0,0,0,0,0,0,0,0,0
400266,2,1,1993,0,0,0,0,0,0,0,0,0,0
400267,1,1,1993,0,0,0,0,0,0,0,0,0,0
400268,1,1,1993,0,0,0,0,0,0,0,0,0,0
400268,2,1,1993,0,0,0,0,0,0,0,0,0,0
400268,3,1,1993,0,0,0,0,0,0,0,0,0,0
400269,1,1,1993,0,0,0,0,0,0,0,0,0,0
400269,2,1,1993,0,10,0,0,0,0,0,0,0,15
400270,0,1,1993,0,0,0,0,0,0,0,0,0,0
400270,0,2,1993,0,0,0,0,0,0,0,0,0,0
400270,0,3,1993,0,17,24,0,26,34,0,0,0,0
400270,1,1,1993,0,0,0,0,0,0,0,0,0,0
400271,1,1,1993,0,0,0,0,0,0,0,0,0,0
400271,2,1,1993,0,0,0,0,0,0,0,0,0,0
400272,1,1,1993,0,0,0,0,0,0,0,0,0,0
400272,2,1,1993,0,0,0,8,0,0,0,0,0,0
400273,1,1,1993,0,0,0,0,0,0,0,0,0,0
400273,2,1,1993,0,0,0,0,0,0,0,0,0,0
400274,1,1,1993,0,0,0,0,0,0,0,0,0,0
400274,2,1,1993,0,0,0,0,0,0,0,0,0,0
400275,1,1,1993,8,8,8,8,8,8,8,8,8,8
400275,2,1,1993,0,0,0,0,0,0,0,0,0,0
400276,0,1,1993,0,0,0,0,0,0,0,0,0,0
400276,1,1,1993,0,0,0,0,0,0,0,0,0,0
400277,0,1,1993,0,0,0,0,0,0,0,0,0,0
400277,1,1,1993,0,0,0,0,0,0,0,0,0,0
400278,1,1,1993,8,8,8,8,8,8,8,8,8,8
400279,1,1,1993,10,0,10,14,18,7,17,10,0,9
400279,2,1,1993,0,0,0,0,0,0,0,0,0,0
400280,1,1,1993,0,0,0,0,0,0,0,0,0,0
400281,1,1,1993,0,0,0,0,0,0,0,0,0,0
400282,0,1,1993,0,0,0,0,0,0,0,0,0,0
400282,1,1,1993,0,0,0,0,0,0,0,0,0,0
400283,1,1,1993,0,0,0,0,0,0,0,0,0,0
400283,2,1,1993,0,0,49,0,0,0,0,0,0,0
400284,1,1,1993,0,0,0,0,0,0,0,0,0,0
400285,1,1,1993,0,0,0,0,0,0,0,0,0,0
400285,2,1,1993,20,15,12,11,0,0,0,0,14,12
400286,1,1,1993,0,0,0,0,0,0,0,0,0,0
400286,2,1,1993,0,0,0,0,0,0,0,0,0,0
400287,1,1,1993,0,0,0,0,0,0,0,0,0,0
400287,2,1,1993,0,0,0,0,0,0,0,0,0,0
400288,1,1,1993,0,0,0,0,0,0,0,0,0,0
400288,2,1,1993,0,0,0,0,0,0,0,7,0,0
400289,1,1,1993,13,13,13,13,13,13,13,13,13,13
400289,2,1,1993,0,0,0,0,0,0,0,0,0,0
400290,1,1,1993,12,24,9,17,18,12,13,13,11,0
400290,2,1,1993,0,0,0,16,0,0,0,0,0,0
400291,1,1,1993,14,3,14,18,9,0,18,7,0,4
400291,2,1,1993,0,0,0,0,15,0,0,0,10,0
400292,1,1,1993,0,0,0,0,0,0,0,0,0,0
400292,2,1,1993,0,0,0,61,0,0,0,0,0,0
400293,1,1,1993,0,0,0,0,0,0,0,0,0,0
400293,2,1,1993,0,0,0,0,0,0,0,0,0,0
400294,1,1,1993,22,9,18,28,16,32,23,14,15,20
400294,2,1,1993,0,0,0,0,0,0,0,0,0,0
400295,1,1,1993,0,0,0,0,0,0,0,0,0,0
400296,1,1,1993,0,0,0,0,0,0,0,0,0,0
400297,1,1,1993,0,0,0,0,0,0,0,0,0,0
400297,2,1,1993,0,0,0,0,0,0,0,10,0,0
400298,1,1,1993,13,22,0,24,0,23,0,15,0,0
400299,1,1,1993,34,34,34,34,34,34,34,34,34,34
400299,2,1,1993,0,0,0,0,0,6,0,0,0,0
400300,1,1,1993,36,23,17,24,22,26,0,36,13,11
400300,2,1,1993,0,0,0,0,0,0,0,0,0,0
400301,1,1,1993,8,8,8,8,8,8,8,8,8,8
400302,1,1,1993,0,0,0,0,0,0,0,0,0,0
400303,1,1,1993,22,22,22,22,22,22,22,22,22,22
400304,0,1,1993,10,10,10,10,10,10,10,10,10,10
400305,1,1,1993,0,34,0,0,0,0,10,0,0,0
400305,2,1,1993,0,0,0,0,0,0,0,0,0,0
400306,1,1,1993,0,0,0,0,0,0,0,0,0,0
400306,2,1,1993,0,0,0,0,0,0,0,0,0,0
400307,1,1,1993,0,0,0,0,0,0,0,0,0,0
400307,2,1,1993,0,0,0,0,0,0,0,0,0,0
400308,1,1,1993,10,10,10,10,10,10,10,10,10,10
400309,1,1,1993,0,0,0,0,0,0,0,0,0,0
400309,2,1,1993,0,0,0,0,0,0,0,0,0,0
400310,1,1,1993,0,0,0,0,0,0,0,0,0,0
400312,1,1,1993,0,0,0,0,0,0,0,0,0,0
400312,2,1,1993,0,0,0,0,0,0,16,0,0,0
400313,1,1,1993,27,27,27,27,27,27,27,27,27,27
400313,2,1,1993,0,0,0,7,0,0,0,0,0,0
400314,0,1,1993,0,0,0,0,0,0,0,0,0,0
400314,1,1,1993,17,0,0,5,0,0,0,0,0,0
400315,1,1,1993,15,15,15,15,15,15,15,15,15,15
400316,1,1,1993,0,0,0,0,0,0,0,0,0,0
400317,1,1,1993,0,0,0,0,0,0,0,0,0,0
400318,1,1,1993,0,0,0,0,0,0,0,0,0,0
400318,2,1,1993,0,0,0,0,0,0,0,0,0,0
400319,1,1,1993,0,0,12,0,12,22,0,0,0,0
400320,1,1,1993,27,27,27,27,27,27,27,27,27,27
400321,1,1,1993,0,0,0,0,0,0,0,0,0,0
400321,2,1,1993,0,0,0,0,0,0,0,0,0,0
400322,0,1,1993,0,0,0,0,0,0,0,0,0,0
400322,1,1,1993,0,0,0,0,0,0,0,0,0,0