ST_CASE,VEH_NO,PER_NO,YEAR,P1,P2,P3,P4,P5,P6,P7,P8,P9,P10
400323,1,1,1993,0,0,0,0,0,0,0,0,0,0
400323,2,1,1993,0,0,0,0,0,0,0,0,0,0
400324,1,1,1993,0,0,0,0,0,0,0,0,0,0
400324,2,1,1993,0,0,0,0,0,0,0,0,0,0
400324,3,1,1993,0,0,0,0,0,0,0,0,0,0
400325,1,1,1993,0,0,0,16,15,0,0,0,0,0
400326,1,1,1993,0,0,0,0,0,0,0,0,0,0
400326,2,1,1993,0,0,0,0,0,0,0,0,0,0
400327,0,1,1993,0,0,0,0,0,0,0,0,0,0
400327,1,1,1993,0,0,0,0,0,0,0,0,0,0
400328,1,1,1993,24,24,24,24,24,24,24,24,24,24
400329,1,1,1993,0,0,0,0,0,0,0,0,0,0
400329,2,1,1993,0,0,0,0,0,0,0,0,0,0
400330,1,1,1993,12,12,12,12,12,12,12,12,12,12
400331,1,1,1993,29,29,29,29,29,29,29,29,29,29
400332,0,1,1993,16,16,16,16,16,16,16,16,16,16
400332,1,1,1993,10,10,10,10,10,10,10,10,10,10
400333,1,1,1993,10,10,10,10,10,10,10,10,10,10
400334,1,1,1993,0,0,0,0,0,0,0,0,0,0
400334,2,1,1993,0,0,0,0,0,0,0,0,0,0
400335,1,1,1993,0,0,0,0,0,0,0,0,0,0
400335,2,1,1993,4,4,4,4,4,4,4,4,4,4
400336,1,1,1993,15,15,15,15,15,15,15,15,15,15
400337,1,1,1993,0,0,0,0,0,0,0,0,0,0
400338,1,1,1993,0,0,0,0,0,0,0,0,0,0
400339,1,1,1993,0,0,0,0,0,0,0,0,0,0
400340,0,1,1993,0,0,0,0,0,0,0,0,0,0
400340,1,1,1993,0,0,0,0,0,0,0,0,0,0
400341,1,1,1993,0,0,0,0,0,0,0,0,0,0
400341,2,1,1993,0,0,0,0,0,0,0,0,0,0
400342,0,1,1993,0,0,0,0,0,0,0,0,0,0
400342,1,1,1993,0,0,0,0,0,0,0,0,0,0
400342,2,1,1993,0,0,0,0,0,0,0,0,0,0
400343,1,1,1993,0,0,0,0,0,0,0,0,0,0
400344,1,1,1993,0,0,0,0,0,0,0,0,0,0
400344,2,1,1993,0,0,0,0,0,0,0,0,0,0
400345,1,1,1993,0,0,0,0,0,0,0,0,0,0
400345,2,1,1993,0,0,0,0,0,0,0,0,0,0
400346,1,1,1993,0,0,0,0,0,0,0,0,0,0
400346,2,1,1993,11,29,19,19,15,0,11,0,0,19
400347,1,1,1993,0,0,0,0,0,0,0,0,0,0
400348,1,1,1993,22,22,22,22,22,22,22,22,22,22
400348,2,1,1993,0,0,0,0,0,0,0,0,0,0
400349,1,1,1993,0,0,0,0,0,0,0,0,0,0
400349,2,1,1993,0,0,0,0,0,0,0,0,0,0
400349,3,1,1993,18,0,0,0,0,0,0,0,0,0
400350,1,1,1993,4,10,19,15,25,12,10,14,0,10
400350,2,1,1993,0,0,0,0,0,0,0,0,0,0
400351,1,1,1993,0,0,0,0,0,0,0,0,0,0
400352,1,1,1993,13,13,13,13,13,13,13,13,13,13
400353,1,1,1993,11,11,11,11,11,11,11,11,11,11
400354,1,1,1993,16,16,16,16,16,16,16,16,16,16
400355,1,1,1993,8,8,8,8,8,8,8,8,8,8
400356,1,1,1993,0,0,11,0,0,0,0,11,5,22
400357,1,1,1993,0,0,0,0,0,17,0,0,0,0
400358,1,1,1993,0,0,0,0,0,0,0,0,0,0
400358,2,1,1993,0,0,0,0,0,0,0,0,0,0
400360,1,1,1993,27,27,27,27,27,27,27,27,27,27
400361,1,1,1993,0,0,0,0,0,0,0,0,0,0
400361,2,1,1993,0,0,0,0,0,0,0,0,0,0
400362,1,1,1993,0,0,0,0,0,0,0,0,0,0
400362,2,1,1993,0,0,0,0,0,0,0,0,0,0
400363,1,1,1993,0,0,0,0,0,0,0,0,0,0
400363,2,1,1993,0,0,0,0,0,0,0,0,0,0
400364,1,1,1993,0,0,0,0,0,0,0,0,0,0
400365,1,1,1993,0,0,0,0,0,0,0,0,0,0
400365,2,1,1993,0,0,0,0,0,0,0,0,0,0
400366,1,1,1993,0,0,0,0,0,0,0,0,0,0
400366,2,1,1993,0,0,0,0,0,0,0,0,0,0
400367,1,1,1993,0,0,0,0,0,0,0,0,0,0
400368,1,1,1993,0,0,0,0,0,0,0,0,0,0
400369,1,1,1993,28,12,0,13,0,25,0,0,18,8
400370,1,1,1993,0,0,0,0,0,0,0,0,0,0
400371,1,1,1993,10,10,10,10,10,10,10,10,10,10
400372,1,1,1993,0,0,0,0,0,0,0,0,0,0
400373,1,1,1993,19,17,26,27,29,7,30,20,12,17
400373,2,1,1993,12,12,12,12,12,12,12,12,12,12
400374,1,1,1993,5,5,5,5,5,5,5,5,5,5
400375,1,1,1993,16,5,0,0,12,0,3,13,0,11
400375,2,1,1993,0,0,0,0,0,0,0,0,0,0
400376,0,1,1993,0,15,0,12,32,26,0,0,0,0
400377,1,1,1993,20,6,23,13,12,20,18,13,9,12
400377,2,1,1993,0,0,0,0,0,0,0,0,0,0
400377,3,1,1993,0,0,0,0,0,0,0,0,0,0
400378,1,1,1993,0,0,0,0,0,0,0,0,0,0
400379,1,1,1993,0,0,0,0,0,0,0,0,0,0
400380,0,1,1993,8,8,8,8,8,8,8,8,8,8
400380,1,1,1993,0,0,3,0,0,0,0,0,0,0
400381,1,1,1993,0,0,0,0,0,0,0,0,0,0
400381,2,1,1993,0,0,0,0,0,0,0,0,0,0
400382,1,1,1993,20,20,20,20,20,20,20,20,20,20
400383,1,1,1993,10,10,10,10,10,10,10,10,10,10
400383,2,1,1993,0,0,22,0,0,0,0,0,0,0
400384,0,1,1993,18,18,18,18,18,18,18,18,18,18
400384,1,1,1993,26,10,0,15,17,11,15,18,15,10
400384,2,1,1993,0,5,0,0,0,0,0,0,0,0
400385,1,1,1993,23,23,23,23,23,23,23,23,23,23
400386,1,1,1993,0,0,23,0,0,4,0,0,18,0
400387,1,1,1993,0,0,0,0,0,0,0,0,0,0
400387,2,1,1993,0,0,0,0,0,0,0,0,0,0
400387,3,1,1993,0,0,0,0,0,0,0,0,0,0
400388,1,1,1993,0,0,0,0,0,13,0,0,0,0
400389,1,1,1993,0,0,0,0,0,0,0,0,0,0
400389,2,1,1993,0,23,12,0,0,27,27,0,0,16
400390,0,1,1993,0,0,0,0,0,0,0,0,0,0
400390,1,1,1993,0,0,0,0,0,0,0,0,0,0
400391,1,1,1993,8,10,22,9,31,18,22,18,30,3
400392,1,1,1993,0,0,0,0,0,0,0,0,0,0
400392,2,1,1993,0,0,0,0,0,0,0,0,0,0
400393,1,1,1993,0,0,0,0,0,0,0,0,0,0
400393,2,1,1993,0,0,0,0,0,0,0,0,0,0
400395,1,1,1993,0,0,0,0,0,0,0,0,0,0
400395,2,1,1993,0,0,0,0,0,0,0,0,0,0
400396,0,1,1993,0,0,0,0,0,0,0,0,0,0
400396,1,1,1993,0,0,0,0,11,0,0,5,0,0
400397,1,1,1993,0,0,0,0,0,0,0,0,0,0
400398,1,1,1993,0,0,0,0,0,0,0,0,0,0
400399,1,1,1993,0,24,0,30,17,29,14,21,0,15
400400,1,1,1993,28,28,28,28,28,28,28,28,28,28
400400,2,1,1993,0,0,0,0,0,0,0,0,0,0
400400,3,1,1993,0,0,0,0,0,0,0,0,0,0
400401,1,1,1993,0,27,22,10,18,12,11,0,18,0
400402,0,1,1993,0,0,0,0,0,0,0,0,0,0
400402,1,1,1993,0,0,0,0,0,0,0,0,0,0
400403,1,1,1993,0,26,18,0,13,20,33,18,10,12
400404,1,1,1993,0,8,0,13,0,0,0,20,9,0
400404,2,1,1993,0,0,0,0,0,0,0,0,0,0
400405,1,1,1993,19,19,19,19,19,19,19,19,19,19
400406,1,1,1993,5,5,5,5,5,5,5,5,5,5
400407,1,1,1993,21,21,21,21,21,21,21,21,21,21
400408,1,1,1993,5,17,13,9,10,20,3,0,17,0
400409,1,1,1993,0,0,0,0,0,0,0,0,0,0
400410,1,1,1993,0,0,0,0,0,0,0,0,0,0
400411,1,1,1993,17,17,17,17,17,17,17,17,17,17
400412,1,1,1993,16,16,16,16,16,16,16,16,16,16
400413,1,1,1993,0,11,0,0,0,26,18,3,0,0
400413,2,1,1993,0,0,0,0,0,0,0,0,0,0
400414,1,1,1993,0,0,12,0,0,0,0,18,23,0
400415,0,1,1993,6,6,6,6,6,6,6,6,6,6
400415,1,1,1993,14,30,15,19,18,19,24,18,28,24
400416,1,1,1993,0,0,0,0,0,0,0,0,0,0
400417,1,1,1993,0,0,0,0,0,0,0,0,0,0
400418,1,1,1993,0,0,0,0,0,0,0,0,0,0
400418,2,1,1993,0,0,0,0,0,0,0,0,0,0
400418,3,1,1993,0,0,0,0,0,0,0,0,0,0
400418,4,1,1993,0,0,0,0,0,0,0,0,0,0
400419,1,1,1993,0,0,0,0,0,0,0,0,0,0
400420,1,1,1993,0,0,0,0,0,0,0,0,0,0
400420,2,1,1993,0,20,0,0,0,0,0,0,0,0
400421,1,1,1993,0,0,8,0,0,0,0,0,0,0
400421,2,1,1993,0,12,0,19,0,0,0,0,0,0
400422,0,1,1993,0,0,0,0,0,0,0,21,30,0
400422,1,1,1993,0,0,0,0,0,0,0,0,0,0
400423,1,1,1993,6,6,6,6,6,6,6,6,6,6
400423,2,1,1993,0,0,0,0,0,0,0,0,0,14
400424,1,1,1993,9,9,9,9,9,9,9,9,9,9
400425,1,1,1993,0,21,9,26,11,21,12,28,20,17
400426,1,1,1993,0,23,22,0,0,15,0,0,8,9
400427,1,1,1993,16,15,15,6,26,14,13,35,16,20
400427,2,1,1993,0,0,0,0,0,0,0,0,0,0
400427,3,1,1993,0,0,0,0,0,0,0,0,0,0
400428,1,1,1993,27,27,27,27,27,27,27,27,27,27
400430,1,1,1993,5,5,5,5,5,5,5,5,5,5
400431,1,1,1993,19,19,19,19,19,19,19,19,19,19
400432,1,1,1993,14,10,12,14,18,21,11,18,15,29
400434,1,1,1993,0,0,0,0,0,0,0,0,0,0
400434,2,1,1993,0,0,0,0,0,0,0,0,0,0
400435,0,1,1993,0,0,0,0,0,0,0,0,0,0
400435,1,1,1993,0,0,0,0,0,0,0,0,0,0
400436,0,1,1993,36,36,36,36,36,36,36,36,36,36
400436,1,1,1993,0,0,7,0,11,0,0,0,10,0
400437,1,1,1993,0,0,0,0,0,0,0,0,0,0
400437,2,1,1993,0,0,0,4,0,0,0,0,0,0
400438,0,1,1993,26,26,26,26,26,26,26,26,26,26
400438,1,1,1993,0,0,0,0,0,0,0,8,0,0
400439,1,1,1993,0,0,0,0,0,0,0,0,0,0
400439,2,1,1993,0,0,0,0,0,0,0,0,0,0
400440,1,1,1993,0,0,0,0,0,0,0,0,0,0
400441,1,1,1993,0,0,0,0,0,0,0,0,0,0
400441,2,1,1993,0,0,0,0,0,0,0,0,0,0
400442,1,1,1993,17,17,17,17,17,17,17,17,17,17
400443,0,1,1993,0,0,0,0,0,0,0,0,0,0
400443,1,1,1993,0,10,12,18,23,26,13,12,10,0
400444,1,1,1993,7,7,7,7,7,7,7,7,7,7
400445,1,1,1993,6,6,6,6,6,6,6,6,6,6
400446,1,1,1993,0,0,0,0,0,0,0,0,0,0
400446,2,1,1993,0,0,0,0,0,0,0,2,0,0
400447,1,1,1993,18,18,18,18,18,18,18,18,18,18
400448,1,1,1993,0,0,0,0,0,0,27,0,0,9
400448,2,1,1993,0,0,0,0,0,0,0,0,0,0
400449,1,1,1993,6,6,6,6,6,6,6,6,6,6
400450,1,1,1993,0,0,0,0,0,0,0,0,0,0
400450,2,1,1993,0,0,0,0,0,0,0,0,0,0
400451,1,1,1993,0,0,0,0,0,0,0,0,0,0
400451,2,1,1993,0,0,0,0,0,0,0,0,0,0
400452,1,1,1993,0,0,0,0,0,0,0,0,0,0
400452,2,1,1993,0,0,0,0,0,0,0,0,0,0
400453,0,1,1993,23,23,23,23,23,23,23,23,23,23
400453,1,1,1993,0,0,0,0,9,0,0,0,0,0
400454,1,1,1993,0,0,0,0,0,0,0,0,0,0
400455,1,1,1993,0,0,0,0,0,0,0,0,0,0
400456,1,1,1993,0,0,0,0,0,0,0,0,0,0
400456,2,1,1993,0,0,0,11,0,12,0,0,0,0
400457,1,1,1993,0,0,0,0,0,0,0,0,0,0
400457,2,1,1993,0,0,0,0,0,0,0,0,0,0
400457,3,1,1993,0,3,0,0,0,0,0,0,0,0
400458,1,1,1993,0,0,0,0,0,0,0,0,0,0
400459,1,1,1993,0,0,0,0,0,0,0,0,0,0
400459,2,1,1993,0,0,21,0,0,0,10,0,0,0
400460,1,1,1993,9,0,0,0,0,0,0,0,0,0
400460,2,1,1993,0,0,0,0,0,0,0,0,0,2
400461,1,1,1993,0,0,0,0,0,0,0,0,0,0
400462,0,1,1993,0,0,0,0,0,0,9,0,0,0
400462,1,1,1993,0,0,0,0,0,0,0,0,0,0
400463,1,1,1993,10,0,0,14,0,29,15,13,0,16
400464,0,1,1993,32,32,32,32,32,32,32,32,32,32
400464,1,1,1993,0,0,8,0,0,0,17,0,0,0
400465,1,1,1993,0,0,0,0,0,0,0,0,0,0
400467,1,1,1993,6,6,6,6,6,6,6,6,6,6
400467,2,1,1993,0,0,0,0,0,0,0,0,0,0
400468,1,1,1993,0,0,0,0,0,0,0,0,0,0
400469,1,1,1993,17,17,17,17,17,17,17,17,17,17
400470,1,1,1993,0,0,0,0,0,0,0,0,0,0
400471,1,1,1993,0,0,0,0,0,0,0,0,0,0
400472,1,1,1993,0,0,0,0,0,0,0,0,0,0
400473,1,1,1993,0,0,0,0,0,0,0,0,0,0
400473,2,1,1993,0,24,9,10,26,30,12,0,22,15
400474,1,1,1993,0,0,0,0,0,0,0,0,0,0
400474,2,1,1993,0,0,0,0,0,0,0,0,0,0
400475,1,1,1993,0,0,0,0,0,0,0,0,0,0
400475,2,1,1993,0,0,0,0,0,0,0,0,0,0
400476,1,1,1993,3,3,3,3,3,3,3,3,3,3
400477,1,1,1993,24,24,24,24,24,24,24,24,24,24
400477,2,1,1993,0,0,0,0,0,0,0,0,0,0
400478,1,1,1993,0,0,0,0,0,0,0,0,0,0
400479,1,1,1993,2,2,2,2,2,2,2,2,2,2
400480,1,1,1993,0,0,0,0,0,0,0,0,0,0
400480,2,1,1993,0,0,0,0,0,0,0,0,0,0
400481,1,1,1993,41,17,25,12,0,7,27,21,10,17
400482,1,1,1993,20,20,20,20,20,20,20,20,20,20
400483,1,1,1993,0,0,20,0,0,18,0,0,0,0
400484,1,1,1993,0,0,0,0,0,0,0,0,0,0
400484,2,1,1993,0,0,0,0,0,0,0,0,0,0
400485,0,1,1993,12,7,0,16,20,17,27,42,12,25
400485,1,1,1993,0,25,0,15,12,10,0,0,11,16
400485,2,1,1993,0,5,0,0,0,0,0,8,12,0
400486,1,1,1993,21,21,21,21,21,21,21,21,21,21
400487,1,1,1993,0,16,0,7,2,0,19,11,19,11
400488,1,1,1993,0,0,0,0,0,0,0,0,0,0
400489,1,1,1993,0,0,0,0,0,0,0,0,0,0
400489,2,1,1993,0,0,0,0,0,0,0,0,0,0
400491,1,1,1993,28,28,28,28,28,28,28,28,28,28
400492,1,1,1993,0,0,0,0,0,0,0,0,0,0
400492,2,1,1993,0,0,0,0,0,0,0,0,0,0
400493,1,1,1993,0,0,0,0,0,0,0,0,0,0
400493,2,1,1993,0,0,0,0,0,0,0,0,0,0
400494,1,1,1993,29,29,29,29,29,29,29,29,29,29
400494,2,1,1993,0,0,0,0,0,0,0,0,0,0
400495,1,1,1993,26,26,26,26,26,26,26,26,26,26
400495,2,1,1993,0,0,0,0,0,0,0,0,0,0
400495,3,1,1993,0,0,0,0,0,0,0,0,0,0
400496,1,1,1993,24,24,24,24,24,24,24,24,24,24
400496,2,1,1993,0,0,0,0,0,0,0,0,0,0
400497,1,1,1993,0,0,0,0,0,0,0,0,0,0
400497,2,1,1993,0,0,0,0,0,0,0,0,0,0
400498,1,1,1993,0,0,0,0,0,0,0,16,0,0
400498,2,1,1993,0,0,0,0,0,0,0,0,0,0
400498,3,1,1993,0,0,0,0,0,0,0,0,0,0
400499,1,1,1993,26,0,12,15,19,0,0,0,12,17
400500,1,1,1993,0,0,0,0,0,0,0,0,0,0
400500,2,1,1993,0,0,0,0,0,0,0,0,0,0
400501,0,1,1993,0,0,0,0,0,0,0,0,0,0
400501,1,1,1993,0,0,0,0,0,0,0,0,0,0
400502,1,1,1993,0,0,0,0,0,0,0,0,0,0
400502,2,1,1993,0,0,0,0,10,0,0,0,0,0
400503,1,1,1993,0,0,0,0,0,0,0,0,0,0
400504,1,1,1993,23,23,23,23,23,23,23,23,23,23
400505,1,1,1993,14,14,14,14,14,14,14,14,14,14
400506,1,1,1993,24,24,24,24,24,24,24,24,24,24
400508,1,1,1993,22,17,14,7,14,24,16,9,11,0
400508,2,1,1993,0,0,0,0,0,0,0,0,0,0
400509,1,1,1993,14,14,14,14,14,14,14,14,14,14
400509,2,1,1993,0,0,0,0,0,0,10,0,0,0
400510,1,1,1993,0,0,0,0,0,0,0,0,0,0
400511,1,1,1993,16,16,16,16,16,16,16,16,16,16
400512,1,1,1993,19,19,19,19,19,19,19,19,19,19
400515,1,1,1993,0,0,0,0,0,0,0,0,0,0
400518,1,1,1993,12,12,12,12,12,12,12,12,12,12
400519,1,1,1993,0,0,0,0,0,0,0,0,0,0
400519,2,1,1993,0,0,0,0,0,0,0,0,0,0
400520,1,1,1993,34,34,34,34,34,34,34,34,34,34
400521,1,1,1993,15,15,15,15,15,15,15,15,15,15
400522,1,1,1993,19,0,0,0,0,0,0,0,0,0
400522,2,1,1993,0,0,0,0,0,0,0,0,0,0
400523,1,1,1993,0,0,0,0,0,0,0,0,0,0
400523,2,1,1993,0,0,0,0,0,0,0,0,0,0
400524,1,1,1993,0,0,0,0,0,0,0,0,0,0
400524,2,1,1993,0,0,0,5,0,0,0,0,0,0
400525,1,1,1993,0,0,0,0,0,0,0,0,0,0
400526,1,1,1993,15,15,15,15,15,15,15,15,15,15
400528,1,1,1993,0,0,0,0,0,0,0,0,0,0
400528,2,1,1993,0,0,0,0,0,0,0,0,0,0
400529,1,1,1993,0,0,0,0,0,0,0,0,0,0
400529,2,1,1993,0,0,0,0,0,0,0,0,0,0
400529,3,1,1993,0,0,0,0,0,0,0,0,0,0
400530,1,1,1993,0,0,0,0,0,0,0,0,0,0
400530,2,1,1993,0,0,0,0,0,0,0,0,0,0
400531,1,1,1993,0,0,0,0,0,0,0,0,0,0
400531,2,1,1993,0,0,0,0,0,0,0,0,0,0
400532,1,1,1993,0,0,0,0,0,0,0,0,0,0
400533,1,1,1993,0,0,0,0,0,0,0,0,0,0
400533,2,1,1993,0,0,0,0,0,0,0,0,0,0
400534,1,1,1993,22,22,22,22,22,22,22,22,22,22
400535,1,1,1993,9,0,0,0,0,0,7,17,16,23
400536,1,1,1993,14,0,0,0,10,0,22,0,22,23
400537,1,1,1993,12,12,12,12,12,12,12,12,12,12
400537,2,1,1993,0,0,0,0,0,0,0,0,0,0
400537,3,1,1993,6,6,6,6,6,6,6,6,6,6
400538,1,1,1993,0,0,0,0,0,0,0,0,0,0
400538,2,1,1993,0,0,0,0,0,0,0,0,0,0
400539,0,1,1993,0,0,6,0,10,21,0,0,0,0
400539,1,1,1993,0,0,0,0,0,12,0,0,0,0
400540,1,1,1993,13,13,13,13,13,13,13,13,13,13
400540,2,1,1993,0,0,0,0,0,0,0,0,0,0
400540,3,1,1993,0,0,0,0,0,0,0,0,0,0
400541,1,1,1993,0,0,0,0,0,0,0,0,0,0
400541,2,1,1993,0,0,0,0,0,0,0,0,0,0
400543,1,1,1993,0,0,0,0,0,0,0,0,0,0
400543,2,1,1993,7,0,0,0,0,0,0,0,0,0
400544,1,1,1993,14,11,13,27,22,16,10,8,24,22
400545,1,1,1993,0,0,0,0,0,0,0,0,0,0
400546,1,1,1993,0,0,0,0,0,0,0,0,5,0
400546,2,1,1993,0,0,0,0,0,0,0,0,0,0
400547,1,1,1993,0,0,0,0,0,0,0,0,0,0
400547,2,1,1993,0,0,0,0,0,0,0,0,0,0
400548,1,1,1993,23,23,23,23,23,23,23,23,23,23
400549,1,1,1993,0,0,0,0,0,0,0,0,0,0
400549,2,1,1993,0,0,0,0,0,0,0,14,0,0
400550,1,1,1993,23,23,23,23,23,23,23,23,23,23
400551,1,1,1993,0,0,0,0,0,0,0,0,0,0
400552,1,1,1993,0,0,0,0,0,0,0,0,0,0
400553,0,1,1993,0,0,0,0,0,0,0,0,0,0
400553,1,1,1993,0,0,0,0,0,0,0,0,0,0
400555,1,1,1993,0,0,0,0,0,0,0,0,0,0
400555,2,1,1993,0,0,0,0,0,0,0,0,0,0
400557,1,1,1993,9,9,9,9,9,9,9,9,9,9
400558,1,1,1993,0,0,0,0,0,0,0,0,0,0
400558,2,1,1993,0,0,0,0,0,0,0,0,0,0
400559,1,1,1993,16,16,16,16,16,16,16,16,16,16
400560,0,1,1993,0,0,0,0,0,0,0,0,0,0
400560,1,1,1993,0,0,0,0,0,0,0,0,0,0
400561,1,1,1993,0,0,0,0,0,0,0,0,0,0
400561,2,1,1993,0,0,0,0,0,0,0,0,0,0
400562,1,1,1993,0,0,0,0,22,0,35,17,0,0
400563,1,1,1993,0,0,0,0,0,0,0,0,0,0
400563,2,1,1993,0,0,0,0,0,0,0,0,0,0
400563,3,1,1993,0,0,0,0,0,0,0,0,0,0
400563,4,1,1993,0,0,0,0,0,0,0,0,0,0
400563,5,1,1993,0,0,0,0,0,0,0,0,0,0
400564,1,1,1993,22,22,22,22,22,22,22,22,22,22
400564,2,1,1993,0,0,0,0,0,0,0,0,0,0
400565,0,1,1993,8,8,8,8,8,8,8,8,8,8
400565,1,1,1993,0,14,0,0,0,0,0,0,0,0
400566,0,1,1993,32,32,32,32,32,32,32,32,32,32
400566,1,1,1993,0,0,0,0,0,0,0,0,0,0
400567,1,1,1993,0,0,0,0,0,0,0,0,0,0
400567,2,1,1993,0,0,0,0,0,0,0,0,0,0
400568,1,1,1993,0,0,0,0,0,0,0,0,0,0
400569,1,1,1993,0,0,0,0,0,0,0,0,13,0
400570,1,1,1993,27,27,27,27,27,27,27,27,27,27
400571,1,1,1993,0,0,0,0,0,0,0,0,0,0
400571,2,1,1993,0,0,0,0,0,0,0,0,0,0
400572,0,1,1993,0,0,0,0,0,0,0,0,0,0
400572,1,1,1993,13,13,13,13,13,13,13,13,13,13
400573,1,1,1993,0,0,0,0,0,0,0,0,0,0
400573,2,1,1993,0,12,0,0,0,0,9,0,16,0
400574,1,1,1993,27,27,27,27,27,27,27,27,27,27
400575,1,1,1993,28,18,20,18,32,18,23,29,32,33
400576,1,1,1993,0,0,0,0,0,0,0,0,0,0
400576,2,1,1993,0,0,0,0,0,0,0,0,0,0
400577,1,1,1993,0,0,0,0,0,0,0,0,0,0
400577,2,1,1993,0,0,0,0,0,0,0,0,0,0
400578,1,1,1993,0,0,0,0,0,0,0,0,0,0
400578,2,1,1993,18,18,18,18,18,18,18,18,18,18
400579,1,1,1993,0,0,0,0,0,0,0,0,0,0
400580,0,1,1993,0,0,31,0,0,24,0,21,0,19
400580,1,1,1993,0,0,0,0,0,0,0,0,0,0
400581,0,1,1993,29,29,29,29,29,29,29,29,29,29
400581,0,2,1993,0,0,13,13,11,13,21,25,23,0
400581,1,1,1993,0,0,0,0,0,0,0,0,0,0
400582,0,1,1993,0,0,0,0,0,0,0,0,0,0
400582,1,1,1993,0,0,0,0,0,0,0,23,0,0
400583,1,1,1993,0,0,2,0,0,0,0,0,0,0
400584,1,1,1993,0,0,0,0,0,0,0,0,0,0
400585,1,1,1993,31,31,31,31,31,31,31,31,31,31
400586,0,1,1993,0,0,0,0,0,0,0,0,0,0
400586,1,1,1993,0,0,0,0,0,0,0,0,0,0
400587,1,1,1993,0,0,0,0,18,0,14,0,0,0
400587,2,1,1993,0,0,0,0,0,0,0,0,0,0
400589,1,1,1993,0,0,0,0,0,0,0,0,0,0
400590,1,1,1993,0,0,0,0,0,0,0,0,0,0
400591,0,1,1993,0,0,0,0,0,22,0,0,0,0
400591,1,1,1993,0,0,0,0,0,0,0,0,0,0
400592,1,1,1993,0,0,0,0,0,0,0,0,0,0
400592,2,1,1993,0,0,0,0,0,0,0,0,0,0
400593,0,1,1993,0,0,18,27,12,21,0,0,6,0
400593,0,2,1993,0,0,0,0,0,0,0,0,0,0
400593,0,3,1993,0,0,7,20,23,21,0,0,24,4
400593,0,4,1993,0,12,28,0,0,19,0,7,0,0
400593,1,1,1993,0,0,0,0,0,0,0,0,0,0
400593,2,1,1993,0,0,0,0,0,0,0,0,0,0
400593,3,1,1993,0,0,0,0,0,0,0,0,0,0
400594,1,1,1993,0,0,0,0,0,0,0,0,0,0
400595,1,1,1993,0,0,0,0,0,0,0,0,0,0
400596,1,1,1993,0,0,0,0,0,0,0,0,0,0
400597,1,1,1993,11,11,11,11,11,11,11,11,11,11
400598,1,1,1993,0,0,0,0,0,0,0,0,0,0
400599,0,1,1993,0,0,0,0,0,0,0,0,0,0
400599,1,1,1993,0,0,0,0,0,0,0,0,0,0
400600,1,1,1993,0,0,0,0,0,0,0,0,0,0
400600,2,1,1993,0,0,0,0,0,0,0,0,0,0
400601,1,1,1993,0,0,0,0,0,0,0,0,0,0
400601,2,1,1993,0,0,0,0,0,0,0,0,0,0
400602,1,1,1993,0,0,0,0,0,0,0,0,14,0
400602,2,1,1993,0,0,0,0,0,0,0,0,0,0
400603,1,1,1993,0,0,0,0,0,0,0,0,0,17
400603,2,1,1993,0,0,0,0,0,0,0,0,0,0
400603,3,1,1993,0,0,0,0,0,0,0,0,0,0
400604,1,1,1993,0,0,0,20,0,0,0,0,0,0
400605,1,1,1993,29,29,29,29,29,29,29,29,29,29
400605,2,1,1993,0,0,0,0,0,0,0,0,0,0
400606,1,1,1993,2,2,2,2,2,2,2,2,2,2
400606,2,1,1993,0,0,0,0,0,0,0,0,3,0
400606,3,1,1993,0,0,0,0,0,0,0,0,0,0
400607,1,1,1993,7,7,7,7,7,7,7,7,7,7
400607,2,1,1993,0,0,0,0,0,0,0,0,0,0
400609,1,1,1993,0,0,0,0,0,0,0,0,5,0
400609,2,1,1993,5,5,5,5,5,5,5,5,5,5
400609,3,1,1993,0,0,0,0,0,0,0,0,0,0
410001,1,1,1993,29,29,29,29,29,29,29,29,29,29
410002,1,1,1993,0,11,0,13,0,0,0,14,0,8
410002,2,1,1993,5,5,5,5,5,5,5,5,5,5
410004,1,1,1993,6,6,6,6,6,6,6,6,6,6
410004,2,1,1993,0,0,0,0,0,0,0,0,0,0
410005,1,1,1993,0,0,0,0,0,0,0,0,0,0
410005,2,1,1993,0,0,0,0,0,0,0,0,0,0
410006,1,1,1993,0,0,0,0,0,0,0,0,0,0
410006,2,1,1993,0,0,0,0,0,0,0,0,0,0
410008,1,1,1993,0,0,0,0,0,0,0,0,0,0
410009,1,1,1993,0,0,0,0,0,0,0,0,0,0
410009,2,1,1993,0,0,0,0,0,0,0,0,0,0
410010,1,1,1993,0,0,0,0,0,0,0,0,0,0
410010,2,1,1993,0,0,0,0,0,0,0,0,0,0
410011,0,2,1993,0,0,0,0,0,0,0,0,0,0
410011,0,3,1993,0,0,0,0,0,0,0,0,0,0
410011,1,1,1993,0,0,0,0,0,0,0,0,0,0
410012,1,1,1993,0,0,0,0,0,0,0,0,0,0
410014,1,1,1993,0,0,0,0,0,0,0,0,0,0
410014,2,1,1993,10,0,0,0,0,0,11,0,0,0
410015,0,1,1993,7,7,7,7,7,7,7,7,7,7
410015,1,1,1993,0,0,0,0,0,0,0,0,0,0
410017,1,1,1993,29,29,29,29,29,29,29,29,29,29
410018,1,1,1993,0,0,0,0,0,0,0,0,0,0