ST_CASE,VEH_NO,PER_NO,YEAR,P1,P2,P3,P4,P5,P6,P7,P8,P9,P10
410019,1,1,1993,0,0,0,0,0,0,0,0,0,0
410020,1,1,1993,19,30,6,24,32,18,20,13,23,38
410021,1,1,1993,3,3,3,3,3,3,3,3,3,3
410021,2,1,1993,0,0,0,0,0,0,0,0,0,0
410022,1,1,1993,0,0,0,0,0,0,0,0,0,0
410022,2,1,1993,6,6,6,6,6,6,6,6,6,6
410023,1,1,1993,0,0,0,0,0,0,0,0,0,0
410023,2,1,1993,0,0,0,0,0,0,0,0,0,0
410024,0,1,1993,36,36,36,36,36,36,36,36,36,36
410024,1,1,1993,0,0,0,0,0,0,0,0,0,0
410025,1,1,1993,0,0,0,0,0,0,0,0,0,0
410025,2,1,1993,0,0,0,0,0,0,0,0,0,0
410026,1,1,1993,0,0,0,0,0,0,0,0,0,0
410026,2,1,1993,0,0,0,0,0,0,0,0,0,0
410026,3,1,1993,0,0,0,0,0,9,0,0,0,0
410028,0,1,1993,0,0,0,0,0,0,0,0,0,0
410028,1,1,1993,0,0,0,0,0,0,0,0,0,0
410029,0,1,1993,0,0,0,0,0,0,0,0,0,0
410029,1,1,1993,28,28,28,28,28,28,28,28,28,28
410030,1,1,1993,0,0,0,0,0,0,9,0,0,0
410031,1,1,1993,0,0,0,0,0,0,0,0,0,0
410032,0,1,1993,15,15,15,15,15,15,15,15,15,15
410032,1,1,1993,15,0,17,0,11,0,8,20,0,0
410033,1,1,1993,22,22,22,22,22,22,22,22,22,22
410034,1,1,1993,26,26,26,26,26,26,26,26,26,26
410034,2,1,1993,0,0,0,0,0,0,0,0,0,0
410034,3,1,1993,0,0,0,0,0,0,0,0,0,0
410035,1,1,1993,0,0,0,0,0,0,0,0,0,0
410035,2,1,1993,0,0,0,0,0,0,0,0,0,0
410036,1,1,1993,15,15,15,15,15,15,15,15,15,15
410037,0,1,1993,0,0,0,0,0,0,0,0,0,0
410037,1,1,1993,0,0,0,0,0,0,0,0,0,0
410038,0,1,1993,0,0,0,0,0,0,0,0,0,0
410038,1,1,1993,0,0,0,0,0,0,0,0,0,0
410039,1,1,1993,0,0,0,0,0,0,0,0,0,0
410039,2,1,1993,0,0,0,0,0,0,0,0,0,0
410040,1,1,1993,0,0,0,0,0,0,0,0,0,0
410040,2,1,1993,0,0,0,0,0,0,0,0,0,0
410041,1,1,1993,0,0,0,0,0,0,0,0,0,0
410041,2,1,1993,0,0,0,0,0,0,0,0,0,0
410042,1,1,1993,0,0,0,0,0,0,0,0,0,0
410042,2,1,1993,0,0,0,0,0,0,0,0,0,0
410043,1,1,1993,12,12,12,12,12,12,12,12,12,12
410044,1,1,1993,0,0,0,0,0,0,0,0,0,0
410045,1,1,1993,16,16,16,16,16,16,16,16,16,16
410046,1,1,1993,0,0,0,0,0,0,0,0,0,0
410046,2,1,1993,0,0,0,0,0,0,0,0,0,0
410047,1,1,1993,8,8,8,8,8,8,8,8,8,8
410048,0,1,1993,0,0,0,0,0,0,0,0,0,0
410048,1,1,1993,0,0,0,0,0,0,0,0,0,0
410049,1,1,1993,0,0,0,0,0,0,0,0,0,0
410049,2,1,1993,0,0,0,0,0,0,0,0,0,0
410049,3,1,1993,0,0,0,0,0,0,0,0,0,0
410050,1,1,1993,23,23,23,23,23,23,23,23,23,23
410052,1,1,1993,7,7,7,7,7,7,7,7,7,7
410052,2,1,1993,0,0,0,0,0,0,0,0,0,0
410053,1,1,1993,15,15,15,15,15,15,15,15,15,15
410053,2,1,1993,0,0,0,0,0,0,0,0,0,0
410053,3,1,1993,0,0,0,0,0,0,0,0,0,0
410054,1,1,1993,0,0,0,0,0,0,0,0,0,0
410055,1,1,1993,0,0,0,0,0,0,0,0,0,0
410055,2,1,1993,0,0,0,0,0,0,0,0,0,0
410056,1,1,1993,0,0,0,0,0,0,0,0,0,0
410058,1,1,1993,0,0,0,0,0,0,0,0,0,0
410059,1,1,1993,21,21,21,21,21,21,21,21,21,21
410060,1,1,1993,0,0,0,0,0,0,0,0,0,0
410061,1,1,1993,0,0,0,0,14,0,0,0,0,0
410062,1,1,1993,0,0,0,0,0,0,0,0,0,0
410062,2,1,1993,0,0,0,0,0,0,0,0,0,0
410063,0,1,1993,0,0,0,0,0,0,0,0,0,0
410063,1,1,1993,0,0,0,0,0,0,0,0,0,0
410064,1,1,1993,21,21,21,21,21,21,21,21,21,21
410065,1,1,1993,23,23,23,23,23,23,23,23,23,23
410066,1,1,1993,0,0,0,0,0,0,0,0,0,0
410066,2,1,1993,0,0,0,0,0,0,0,0,0,0
410067,1,1,1993,0,15,0,5,0,0,0,0,0,0
410068,1,1,1993,0,0,0,0,0,0,13,0,0,0
410069,1,1,1993,5,5,5,5,5,5,5,5,5,5
410069,2,1,1993,0,0,0,0,0,0,0,0,0,0
410070,1,1,1993,8,8,8,8,8,8,8,8,8,8
410071,1,1,1993,21,21,21,21,21,21,21,21,21,21
410072,1,1,1993,34,34,34,34,34,34,34,34,34,34
410073,0,1,1993,0,0,0,0,0,0,0,0,0,0
410073,1,1,1993,0,0,0,0,0,0,0,0,0,0
410074,1,1,1993,0,0,0,0,0,0,0,0,0,0
410075,1,1,1993,0,23,0,0,0,0,0,0,0,0
410076,1,1,1993,12,12,12,12,12,12,12,12,12,12
410077,0,1,1993,0,0,0,0,0,0,0,0,0,0
410077,1,1,1993,10,10,10,10,10,10,10,10,10,10
410078,1,1,1993,0,0,0,0,0,0,0,0,0,0
410078,2,1,1993,0,0,0,0,0,0,0,0,0,0
410079,1,1,1993,0,0,0,0,0,0,0,0,0,0
410079,2,1,1993,0,0,0,0,0,0,0,0,0,0
410080,1,1,1993,0,0,0,0,0,0,0,0,0,0
410080,2,1,1993,0,0,0,0,0,0,0,0,0,0
410081,1,1,1993,0,0,0,0,0,0,0,0,0,0
410081,2,1,1993,0,0,0,0,0,0,0,0,0,0
410082,1,1,1993,0,0,0,0,4,0,0,0,0,0
410083,1,1,1993,7,7,7,7,7,7,7,7,7,7
410083,2,1,1993,0,0,0,0,0,0,0,0,0,0
410083,3,1,1993,0,0,0,0,0,0,0,0,0,0
410083,4,1,1993,0,0,0,0,0,0,0,0,0,8
410084,1,1,1993,24,24,24,24,24,24,24,24,24,24
410084,2,1,1993,0,0,0,0,0,0,0,0,0,0
410086,1,1,1993,0,0,0,0,0,0,0,0,0,0
410086,2,1,1993,0,0,0,0,0,0,0,0,0,0
410087,1,1,1993,0,0,0,0,0,0,7,0,0,0
410087,2,1,1993,0,0,0,0,0,0,0,0,0,0
410088,1,1,1993,27,27,27,27,27,27,27,27,27,27
410088,2,1,1993,0,0,0,0,0,0,0,0,0,0
410088,3,1,1993,0,0,0,0,0,0,0,0,0,0
410089,1,1,1993,0,0,0,0,0,0,0,0,0,0
410090,0,1,1993,23,23,23,23,23,23,23,23,23,23
410090,0,2,1993,17,17,17,17,17,17,17,17,17,17
410090,1,1,1993,16,17,17,13,20,26,6,11,10,27
410091,1,1,1993,33,33,33,33,33,33,33,33,33,33
410092,1,1,1993,17,17,17,17,17,17,17,17,17,17
410092,2,1,1993,0,0,0,0,0,0,0,0,0,0
410092,3,1,1993,0,0,0,0,0,0,0,0,0,0
410093,0,1,1993,0,0,0,0,0,0,0,0,0,0
410093,1,1,1993,0,0,0,0,0,0,0,0,0,0
410094,1,1,1993,0,0,0,0,0,0,0,0,0,0
410095,1,1,1993,25,25,25,25,25,25,25,25,25,25
410096,0,1,1993,0,0,0,0,0,0,0,0,0,0
410096,1,1,1993,0,0,0,0,0,0,0,0,0,0
410097,1,1,1993,0,0,0,0,0,0,0,0,0,0
410098,1,1,1993,0,0,0,0,0,0,0,0,0,0
410099,1,1,1993,0,0,0,0,0,0,0,0,0,0
410099,2,1,1993,0,0,0,0,0,0,0,0,0,0
410099,3,1,1993,0,0,0,0,0,0,0,0,0,0
410100,0,1,1993,31,31,31,31,31,31,31,31,31,31
410100,1,1,1993,0,0,0,0,0,0,0,0,0,0
410101,0,1,1993,13,13,13,13,13,13,13,13,13,13
410101,1,1,1993,0,0,0,0,0,0,0,0,0,0
410102,1,1,1993,28,28,28,28,28,28,28,28,28,28
410103,1,1,1993,22,22,22,22,22,22,22,22,22,22
410104,1,1,1993,0,0,0,0,0,0,0,0,0,0
410104,2,1,1993,0,0,0,0,0,0,0,0,0,0
410104,3,1,1993,0,0,0,0,0,0,0,0,0,0
410105,1,1,1993,0,0,0,0,0,0,0,0,0,0
410106,1,1,1993,0,0,0,0,0,0,0,0,0,0
410106,2,1,1993,0,0,0,0,0,0,0,0,0,0
410107,1,1,1993,0,0,0,0,0,0,0,0,0,0
410108,1,1,1993,24,24,24,24,24,24,24,24,24,24
410108,2,1,1993,0,0,0,0,0,0,0,0,0,0
410109,1,1,1993,0,0,0,0,0,0,0,0,0,0
410109,2,1,1993,0,0,0,0,0,0,0,0,0,0
410110,1,1,1993,12,12,12,12,12,12,12,12,12,12
410111,1,1,1993,3,3,3,3,3,3,3,3,3,3
410111,2,1,1993,0,0,0,0,0,0,0,0,0,0
410112,1,1,1993,25,25,25,25,25,25,25,25,25,25
410113,1,1,1993,0,0,0,0,0,0,0,0,0,0
410113,2,1,1993,4,4,4,4,4,4,4,4,4,4
410114,1,1,1993,15,0,0,0,0,0,0,0,0,0
410114,2,1,1993,0,0,0,0,0,0,0,0,0,0
410115,1,1,1993,13,13,13,13,13,13,13,13,13,13
410116,1,1,1993,22,29,16,33,15,0,21,20,16,0
410116,2,1,1993,0,0,0,0,0,0,0,0,0,0
410118,0,1,1993,0,0,0,0,0,0,0,0,0,22
410118,1,1,1993,0,0,0,0,0,0,0,0,0,0
410119,1,1,1993,0,0,0,0,0,0,0,0,0,0
410119,2,1,1993,0,0,0,0,0,0,0,0,0,0
410120,1,1,1993,0,0,0,0,0,0,0,0,0,5
410120,2,1,1993,24,24,24,24,24,24,24,24,24,24
410121,1,1,1993,7,7,7,7,7,7,7,7,7,7
410121,2,1,1993,24,24,24,24,24,24,24,24,24,24
410122,1,1,1993,0,0,0,0,0,0,0,0,0,0
410123,1,1,1993,0,0,0,0,0,0,0,0,0,0
410123,2,1,1993,9,9,9,9,9,9,9,9,9,9
410124,1,1,1993,20,20,20,20,20,20,20,20,20,20
410124,2,1,1993,0,0,0,0,0,0,0,0,0,0
410125,1,1,1993,19,19,19,19,19,19,19,19,19,19
410126,0,1,1993,24,24,24,24,24,24,24,24,24,24
410126,1,1,1993,0,0,0,0,0,0,0,0,0,0
410128,1,1,1993,0,0,0,0,0,0,0,0,0,0
410128,2,1,1993,0,0,0,0,0,0,0,0,0,0
410129,1,1,1993,13,13,13,13,13,13,13,13,13,13
410129,2,1,1993,0,0,0,0,0,0,0,0,0,0
410129,3,1,1993,0,0,0,0,0,0,0,0,0,0
410130,1,1,1993,23,23,23,23,23,23,23,23,23,23
410130,2,1,1993,6,6,6,6,6,6,6,6,6,6
410131,1,1,1993,0,0,0,0,0,0,0,0,0,0
410131,2,1,1993,0,0,0,0,0,0,0,0,0,0
410132,1,1,1993,1,1,1,1,1,1,1,1,1,1
410133,1,1,1993,23,23,23,23,23,23,23,23,23,23
410134,1,1,1993,21,21,21,21,21,21,21,21,21,21
410135,1,1,1993,0,0,0,0,0,0,0,0,0,7
410135,2,1,1993,0,0,0,0,0,0,0,0,0,0
410137,0,1,1993,19,0,0,0,0,14,11,0,0,0
410137,1,1,1993,0,0,0,0,0,0,0,5,0,0
410138,1,1,1993,0,0,0,0,0,0,0,0,0,0
410138,2,1,1993,0,0,15,0,0,0,0,0,0,0
410139,1,1,1993,8,8,8,8,8,8,8,8,8,8
410140,1,1,1993,0,0,0,0,0,0,0,0,0,0
410141,1,1,1993,5,5,5,5,5,5,5,5,5,5
410141,2,1,1993,0,0,0,0,0,0,0,0,0,0
410142,1,1,1993,34,34,34,34,34,34,34,34,34,34
410143,1,1,1993,35,35,35,35,35,35,35,35,35,35
410143,2,1,1993,0,0,0,0,0,0,0,0,0,0
410143,3,1,1993,0,0,0,0,0,0,0,0,0,0
410144,1,1,1993,0,0,0,0,0,0,0,0,0,0
410144,2,1,1993,0,0,0,0,0,0,0,0,0,0
410145,1,1,1993,22,22,22,22,22,22,22,22,22,22
410146,1,1,1993,0,0,0,0,0,0,0,0,0,0
410147,1,1,1993,22,22,22,22,22,22,22,22,22,22
410147,2,1,1993,0,0,0,0,0,0,0,0,0,0
410148,1,1,1993,13,22,9,20,29,13,12,10,7,11
410149,1,1,1993,17,17,17,17,17,17,17,17,17,17
410149,2,1,1993,0,0,0,0,0,0,0,0,0,0
410150,1,1,1993,20,20,20,20,20,20,20,20,20,20
410151,1,1,1993,23,23,23,23,23,23,23,23,23,23
410151,2,1,1993,0,0,0,0,0,0,0,0,0,0
410152,1,1,1993,16,6,6,26,8,27,23,3,18,17
410153,1,1,1993,0,0,0,0,0,0,0,0,0,0
410153,2,1,1993,0,14,0,0,0,0,0,0,0,0
410154,1,1,1993,0,0,0,0,0,0,0,0,0,0
410155,1,1,1993,0,19,0,0,0,0,0,0,0,10
410156,1,1,1993,0,0,0,0,0,0,0,0,0,0
410157,1,1,1993,0,0,0,0,0,0,0,0,0,0
410158,1,1,1993,0,0,0,0,0,0,0,0,0,0
410159,0,1,1993,12,12,12,12,12,12,12,12,12,12
410159,1,1,1993,0,0,4,0,0,0,0,12,33,0
410160,1,1,1993,16,16,16,16,16,16,16,16,16,16
410161,1,1,1993,0,0,0,0,0,0,0,0,0,0
410161,2,1,1993,0,0,0,0,0,0,0,0,0,0
410162,1,1,1993,0,0,0,0,0,0,0,0,0,0
410162,2,1,1993,0,0,0,0,0,0,0,0,0,0
410163,1,1,1993,0,0,0,0,0,0,0,0,0,0
410163,2,1,1993,0,0,0,0,0,0,0,0,0,0
410164,0,1,1993,0,0,0,0,0,0,0,0,0,0
410164,1,1,1993,0,0,0,0,0,0,0,0,0,0
410165,1,1,1993,18,18,18,18,18,18,18,18,18,18
410165,2,1,1993,0,0,0,0,0,0,0,0,0,0
410165,3,1,1993,0,0,0,6,7,0,10,0,0,10
410166,0,1,1993,0,0,0,0,11,0,0,0,0,0
410166,1,1,1993,0,0,0,0,0,0,0,0,0,0
410167,1,1,1993,28,28,28,28,28,28,28,28,28,28
410167,2,1,1993,0,0,0,0,0,0,0,0,0,0
410168,1,1,1993,0,0,0,0,0,0,0,0,0,0
410169,1,1,1993,0,0,0,0,0,0,0,0,0,0
410169,2,1,1993,0,0,0,0,0,0,0,0,0,0
410169,3,1,1993,0,0,15,0,0,0,0,0,0,0
410170,1,1,1993,16,16,16,16,16,16,16,16,16,16
410171,1,1,1993,0,0,0,0,0,0,0,0,0,0
410172,1,1,1993,28,28,28,28,28,28,28,28,28,28
410174,1,1,1993,19,19,19,19,19,19,19,19,19,19
410175,0,1,1993,0,0,0,0,0,0,0,0,0,0
410175,1,1,1993,0,0,0,0,0,0,0,0,0,0
410176,0,1,1993,29,29,29,29,29,29,29,29,29,29
410176,1,1,1993,0,0,0,0,0,0,0,0,0,0
410177,1,1,1993,0,0,0,0,0,0,0,0,0,0
410178,1,1,1993,8,8,8,8,8,8,8,8,8,8
410179,1,1,1993,0,0,0,0,0,0,0,0,0,0
410180,0,1,1993,0,0,0,0,0,0,0,0,0,0
410180,1,1,1993,0,0,0,0,0,0,0,0,18,0
410181,0,1,1993,0,0,0,0,0,0,0,0,0,0
410181,1,1,1993,1,1,1,1,1,1,1,1,1,1
410182,1,1,1993,0,0,0,0,0,0,0,0,0,0
410182,2,1,1993,0,0,0,0,0,0,0,0,0,0
410184,1,1,1993,0,0,0,0,0,0,0,0,0,0
410184,2,1,1993,0,0,0,3,0,0,0,0,0,0
410185,0,1,1993,0,0,0,0,0,0,0,0,0,0
410185,1,1,1993,0,0,0,0,0,0,0,0,0,0
410186,1,1,1993,0,0,0,0,0,0,0,0,0,0
410187,1,1,1993,0,0,0,0,0,0,0,0,0,0
410188,0,1,1993,0,0,0,0,0,0,0,0,0,0
410188,1,1,1993,11,0,0,16,7,13,15,11,6,12
410189,1,1,1993,0,0,0,0,0,0,0,0,0,0
410189,2,1,1993,0,0,0,0,0,0,0,0,0,0
410190,1,1,1993,0,0,0,0,0,0,0,0,0,0
410191,1,1,1993,0,0,0,0,0,0,0,0,0,0
410191,2,1,1993,0,0,0,0,0,0,0,0,0,0
410192,1,1,1993,28,28,28,28,28,28,28,28,28,28
410192,2,1,1993,0,0,0,0,0,0,0,0,0,0
410193,0,1,1993,0,0,0,0,0,0,0,0,0,0
410193,1,1,1993,0,0,0,0,0,0,0,0,0,0
410194,0,1,1993,19,37,20,34,28,16,9,29,33,0
410194,1,1,1993,0,0,0,0,0,0,0,0,0,0
410195,1,1,1993,0,0,0,0,0,0,0,0,0,0
410195,2,1,1993,0,0,0,0,0,0,0,0,0,0
410196,0,1,1993,3,3,3,3,3,3,3,3,3,3
410196,1,1,1993,0,0,0,0,0,0,0,0,0,0
410197,1,1,1993,18,18,18,18,18,18,18,18,18,18
410199,1,1,1993,0,0,0,0,0,0,0,0,0,0
410200,1,1,1993,14,14,14,14,14,14,14,14,14,14
410200,2,1,1993,0,0,0,0,0,0,0,0,0,0
410201,0,1,1993,0,0,0,0,0,0,0,0,0,0
410201,1,1,1993,0,0,0,0,0,0,0,0,0,0
410202,0,1,1993,0,0,0,0,0,0,0,0,0,0
410202,1,1,1993,0,0,0,0,7,0,0,0,0,0
410203,1,1,1993,0,0,0,0,0,0,0,0,0,0
410203,2,1,1993,0,0,0,0,0,0,0,0,0,0
410204,1,1,1993,18,18,18,18,18,18,18,18,18,18
410204,2,1,1993,0,0,0,0,0,0,0,0,0,0
410205,1,1,1993,0,0,0,0,0,0,0,0,0,0
410206,1,1,1993,23,23,23,23,23,23,23,23,23,23
410206,2,1,1993,0,9,0,0,0,0,0,0,0,0
410207,1,1,1993,0,0,0,0,0,0,0,0,0,0
410208,1,1,1993,5,5,5,5,5,5,5,5,5,5
410209,1,1,1993,8,8,8,8,8,8,8,8,8,8
410209,2,1,1993,0,0,0,0,0,0,0,0,0,0
410210,1,1,1993,0,0,0,0,0,0,0,0,0,0
410210,2,1,1993,0,0,0,0,0,0,0,0,0,0
410211,1,1,1993,0,0,0,0,0,0,0,0,0,0
410212,1,1,1993,20,20,20,20,20,20,20,20,20,20
410213,1,1,1993,0,0,0,0,0,0,0,0,0,0
410213,2,1,1993,0,0,0,0,0,0,0,0,0,0
410214,1,1,1993,11,11,11,11,11,11,11,11,11,11
410215,1,1,1993,0,0,0,0,0,0,0,0,0,0
410215,2,1,1993,0,0,0,0,0,0,0,0,0,0
410216,1,1,1993,13,13,13,13,13,13,13,13,13,13
410217,1,1,1993,10,10,10,10,10,10,10,10,10,10
410218,1,1,1993,0,0,0,0,0,0,0,0,0,0
410218,2,1,1993,0,0,0,0,0,0,0,0,0,0
410219,1,1,1993,0,0,0,0,0,0,0,0,0,0
410220,0,1,1993,0,0,0,0,0,0,0,0,0,0
410220,1,1,1993,0,0,0,0,0,0,0,0,0,0
410221,1,1,1993,0,0,0,0,0,0,0,0,0,0
410222,1,1,1993,0,0,0,0,0,0,0,0,0,0
410222,2,1,1993,0,0,0,0,0,0,0,0,0,0
410223,1,1,1993,0,0,0,0,0,0,0,0,0,0
410223,2,1,1993,0,0,0,0,0,0,0,0,0,0
410224,1,1,1993,0,0,0,0,0,0,0,0,0,0
410224,2,1,1993,10,0,0,0,0,0,0,0,0,0
410225,1,1,1993,25,25,25,25,25,25,25,25,25,25
410226,1,1,1993,0,0,0,0,0,0,0,0,0,0
410226,2,1,1993,0,0,0,0,0,0,0,0,0,0
410227,1,1,1993,11,11,11,11,11,11,11,11,11,11
410228,0,1,1993,0,0,0,0,0,0,0,0,0,0
410228,1,1,1993,0,0,0,0,0,0,0,0,0,0
410228,2,1,1993,0,0,0,0,0,0,0,0,0,0
410229,1,1,1993,20,20,20,20,20,20,20,20,20,20
410230,1,1,1993,0,0,0,0,0,0,0,0,0,0
410231,1,1,1993,0,0,0,6,0,0,0,0,0,0
410231,2,1,1993,0,0,0,0,0,0,0,0,0,0
410232,1,1,1993,0,0,0,0,0,0,0,0,0,0
410233,1,1,1993,0,0,0,0,0,0,0,0,0,0
410234,1,1,1993,0,0,0,0,0,0,0,0,0,0
410235,1,1,1993,0,0,0,0,0,0,0,0,0,0
410236,1,1,1993,0,0,0,0,0,0,0,0,0,0
410236,2,1,1993,0,0,0,0,0,0,0,0,0,0
410237,1,1,1993,0,0,0,0,0,0,0,0,0,0
410237,2,1,1993,0,0,0,0,0,0,0,0,0,0
410238,0,1,1993,12,36,22,14,29,17,15,25,30,13
410238,1,1,1993,0,0,0,0,0,0,0,0,0,0
410240,1,1,1993,8,8,8,8,8,8,8,8,8,8
410241,0,1,1993,0,0,0,0,0,0,0,0,0,0
410241,1,1,1993,0,0,0,0,0,0,0,0,0,0
410242,1,1,1993,0,0,0,0,0,0,0,0,0,0
410242,2,1,1993,0,0,0,0,0,0,0,0,0,0
410243,1,1,1993,0,0,0,0,0,0,0,0,0,0
410243,2,1,1993,0,0,0,0,0,0,0,0,0,17
410244,1,1,1993,0,0,0,0,0,0,0,0,0,0
410244,2,1,1993,0,0,0,0,0,0,0,0,0,0
410245,1,1,1993,0,0,0,0,0,0,0,0,0,0
410246,1,1,1993,0,0,0,0,0,0,0,0,0,0
410246,2,1,1993,0,0,0,0,0,0,0,0,0,0
410247,1,1,1993,10,10,10,10,10,10,10,10,10,10
410248,1,1,1993,0,0,0,0,0,0,0,0,0,0
410248,2,1,1993,0,0,0,0,0,0,0,0,0,0
410249,1,1,1993,0,0,0,0,0,0,0,0,0,0
410250,1,1,1993,0,0,0,0,0,0,0,0,0,0
410251,0,1,1993,0,0,0,0,0,0,0,0,0,0
410251,1,1,1993,0,0,0,0,0,0,0,0,0,0
410252,0,1,1993,0,0,0,0,0,0,0,0,0,0
410252,1,1,1993,0,0,0,0,0,0,0,0,0,0
410253,1,1,1993,0,0,0,0,0,0,0,0,0,0
410253,2,1,1993,5,5,5,5,5,5,5,5,5,5
410254,1,1,1993,0,0,0,0,0,0,0,0,0,0
410255,1,1,1993,0,0,0,0,0,0,0,0,0,0
410255,2,1,1993,0,5,0,0,0,0,0,0,0,0
410256,1,1,1993,0,0,0,0,0,0,0,0,0,0
410256,2,1,1993,11,11,11,11,11,11,11,11,11,11
410257,1,1,1993,20,20,20,20,20,20,20,20,20,20
410257,2,1,1993,0,0,0,0,0,0,0,0,0,0
410258,1,1,1993,0,0,0,0,0,0,6,0,13,0
410259,1,1,1993,0,0,0,0,0,0,0,0,0,0
410260,1,1,1993,0,0,0,0,0,0,0,0,0,0
410260,2,1,1993,34,34,34,34,34,34,34,34,34,34
410261,0,1,1993,0,0,0,0,0,0,0,0,0,0
410261,1,1,1993,0,9,13,0,0,0,0,0,0,0
410262,1,1,1993,26,0,0,0,17,0,4,0,14,0
410262,2,1,1993,0,18,0,0,0,0,0,0,0,0
410263,1,1,1993,15,15,15,15,15,15,15,15,15,15
410264,1,1,1993,0,0,0,0,0,0,0,0,0,0
410265,1,1,1993,0,0,0,0,0,0,0,0,0,0
410268,1,1,1993,15,10,12,14,0,0,19,23,13,19
410268,2,1,1993,8,0,0,0,0,0,0,0,0,0
410269,1,1,1993,0,0,0,0,0,0,0,0,0,0
410269,2,1,1993,1,1,1,1,1,1,1,1,1,1
410270,1,1,1993,35,35,35,35,35,35,35,35,35,35
410270,2,1,1993,0,0,0,0,0,0,0,0,0,0
410271,1,1,1993,0,0,0,0,0,0,0,0,0,0
410271,2,1,1993,0,0,0,0,0,0,0,0,0,0
410272,0,1,1993,0,0,0,0,0,0,0,0,0,0
410272,1,1,1993,0,0,0,0,0,0,0,0,0,0
410273,1,1,1993,0,0,0,0,0,0,0,0,0,0
410273,2,1,1993,0,0,0,0,0,0,0,0,0,0
410274,1,1,1993,0,0,0,0,0,0,0,0,0,0
410275,1,1,1993,5,5,5,5,5,5,5,5,5,5
410276,1,1,1993,18,18,18,18,18,18,18,18,18,18
410277,1,1,1993,0,0,0,0,0,0,0,0,0,0
410277,2,1,1993,0,16,0,0,0,24,0,11,0,0
410278,1,1,1993,17,17,17,17,17,17,17,17,17,17
410279,1,1,1993,0,0,0,0,0,0,0,0,0,0
410279,2,1,1993,0,0,0,0,0,0,4,0,0,0
410280,1,1,1993,0,0,0,0,0,0,0,0,5,0
410281,1,1,1993,0,0,0,0,0,0,0,0,0,0
410281,2,1,1993,0,0,0,0,0,0,0,0,0,0
410282,1,1,1993,0,0,0,0,0,0,5,0,0,0
410282,2,1,1993,0,0,0,0,0,0,0,0,0,0
410283,1,1,1993,0,0,0,0,0,0,0,0,0,0
410283,2,1,1993,0,0,0,0,0,0,0,0,0,0
410284,1,1,1993,0,0,0,0,0,0,0,0,0,0
410285,1,1,1993,0,0,0,0,0,0,0,0,0,0
410285,2,1,1993,0,0,0,0,0,0,0,0,0,0
410286,1,1,1993,0,8,0,0,0,0,0,8,0,0
410287,1,1,1993,0,0,0,0,0,0,0,0,0,0
410287,2,1,1993,0,0,0,0,0,0,0,0,0,0
410288,1,1,1993,0,0,0,0,0,0,0,0,0,0
410289,1,1,1993,0,0,0,0,0,0,0,0,0,0
410289,2,1,1993,0,11,9,28,13,0,14,9,0,14
410290,1,1,1993,0,0,0,0,0,0,0,0,0,0
410291,1,1,1993,1,1,1,1,1,1,1,1,1,1
410292,1,1,1993,0,0,0,0,0,0,0,0,0,0
410292,2,1,1993,0,0,0,0,0,0,0,0,0,0
410293,1,1,1993,0,0,0,0,0,0,0,0,0,0
410293,2,1,1993,0,0,0,0,0,0,0,0,0,0
410294,0,1,1993,5,5,5,5,5,5,5,5,5,5
410294,1,1,1993,0,0,0,0,0,0,0,0,0,0
410295,1,1,1993,0,5,0,0,0,0,0,0,4,0
410295,2,1,1993,10,18,0,0,0,11,0,18,17,0
410296,1,1,1993,18,18,18,18,18,18,18,18,18,18
410297,1,1,1993,14,14,14,14,14,14,14,14,14,14
410298,1,1,1993,33,34,46,0,23,22,19,0,23,11
410299,1,1,1993,0,0,0,0,0,0,0,0,0,0
410300,1,1,1993,10,8,6,0,14,0,7,18,0,0
410301,1,1,1993,16,0,0,0,0,0,0,11,0,0
410302,1,1,1993,0,0,0,0,0,0,0,0,0,0
410302,2,1,1993,0,0,0,0,15,0,0,0,3,0
410303,1,1,1993,0,0,0,0,0,0,0,0,0,0
410303,2,1,1993,0,0,0,0,0,0,0,0,0,0
410303,3,1,1993,0,0,0,0,0,0,12,0,0,0
410304,1,1,1993,29,29,29,29,29,29,29,29,29,29
410305,0,1,1993,17,17,17,17,17,17,17,17,17,17
410305,1,1,1993,0,0,0,0,0,0,0,0,0,0
410305,2,1,1993,13,13,13,13,13,13,13,13,13,13
410306,0,1,1993,0,0,0,0,0,0,0,0,0,0
410306,1,1,1993,0,0,0,0,0,0,0,0,0,0
410307,1,1,1993,0,0,0,0,0,0,0,0,0,0
410307,2,1,1993,0,0,0,0,0,0,0,0,0,0
410308,1,1,1993,25,25,25,25,25,25,25,25,25,25
410309,1,1,1993,0,0,0,0,0,0,0,0,0,0
410310,1,1,1993,0,0,0,0,0,0,0,0,0,0
410310,2,1,1993,0,0,0,0,0,0,0,0,0,0
410311,1,1,1993,15,15,15,15,15,15,15,15,15,15
410312,0,1,1993,18,18,18,18,18,18,18,18,18,18
410312,1,1,1993,12,12,12,12,12,12,12,12,12,12
410313,1,1,1993,0,0,0,0,0,0,0,0,0,0
410313,2,1,1993,0,0,0,0,0,0,0,0,0,0
410314,0,1,1993,0,0,0,0,0,0,0,0,0,0
410314,1,1,1993,24,24,24,24,24,24,24,24,24,24
410315,1,1,1993,2,2,2,2,2,2,2,2,2,2