ST_CASE,VEH_NO,PER_NO,YEAR,P1,P2,P3,P4,P5,P6,P7,P8,P9,P10
410316,1,1,1993,0,0,0,0,0,0,0,0,0,0
410318,1,1,1993,0,0,0,0,0,0,0,0,0,0
410318,2,1,1993,0,0,0,0,0,0,0,0,0,0
410319,1,1,1993,0,0,0,0,0,0,0,0,0,0
410320,1,1,1993,0,0,13,0,0,0,0,0,0,18
410320,2,1,1993,0,0,0,0,0,0,0,0,0,0
410321,0,1,1993,0,0,0,0,0,0,0,0,0,0
410321,1,1,1993,0,0,0,0,0,0,0,0,0,0
410322,1,1,1993,0,0,0,0,0,0,0,0,0,0
410322,2,1,1993,0,0,0,0,0,0,0,0,0,0
410323,1,1,1993,0,0,0,0,0,0,0,0,0,0
410324,0,1,1993,25,25,25,25,25,25,25,25,25,25
410324,1,1,1993,0,0,0,0,0,0,0,0,0,0
410325,1,1,1993,0,0,0,0,0,0,0,0,0,0
410325,2,1,1993,0,0,0,0,0,0,0,0,0,0
410326,1,1,1993,0,0,4,0,13,11,9,0,0,0
410326,2,1,1993,0,0,0,0,0,0,0,0,0,0
410327,1,1,1993,0,0,0,0,0,0,0,0,0,0
410327,2,1,1993,0,0,0,0,0,0,0,0,0,0
410328,1,1,1993,29,29,29,29,29,29,29,29,29,29
410328,2,1,1993,0,6,0,0,0,0,0,0,0,0
410330,1,1,1993,14,14,14,14,14,14,14,14,14,14
410331,0,1,1993,0,0,0,0,0,0,0,0,0,0
410331,1,1,1993,0,0,0,0,0,0,19,20,13,0
410332,0,1,1993,0,0,0,0,0,0,0,0,0,0
410332,1,1,1993,0,0,0,0,0,0,0,0,0,0
410333,1,1,1993,16,16,16,16,16,16,16,16,16,16
410334,1,1,1993,16,16,16,16,16,16,16,16,16,16
410335,1,1,1993,0,0,0,0,0,0,0,0,0,0
410335,2,1,1993,13,13,13,13,13,13,13,13,13,13
410336,1,1,1993,0,0,0,0,0,0,0,0,0,0
410337,1,1,1993,0,0,0,0,0,0,0,0,0,0
410338,1,1,1993,0,0,0,0,0,0,0,0,0,0
410338,2,1,1993,0,0,0,0,0,0,0,0,0,0
410339,1,1,1993,0,0,0,0,0,0,0,0,0,0
410339,2,1,1993,0,0,0,0,0,0,0,0,0,0
410339,3,1,1993,0,0,0,0,0,0,0,0,0,0
410339,4,1,1993,0,0,0,0,0,0,0,0,0,0
410339,5,1,1993,0,0,0,0,0,0,0,0,0,0
410340,1,1,1993,0,0,0,0,0,0,0,0,0,0
410341,1,1,1993,0,0,0,13,0,0,0,0,0,0
410342,1,1,1993,0,0,0,0,0,0,0,0,0,0
410343,1,1,1993,0,0,0,0,0,0,0,0,0,0
410343,2,1,1993,0,0,0,0,0,0,0,0,0,0
410344,1,1,1993,0,0,0,0,0,0,0,0,0,0
410345,1,1,1993,16,16,16,16,16,16,16,16,16,16
410346,1,1,1993,1,1,1,1,1,1,1,1,1,1
410346,2,1,1993,0,0,0,0,0,0,0,0,0,0
410347,0,1,1993,12,12,12,12,12,12,12,12,12,12
410347,1,1,1993,9,0,13,8,24,0,0,14,0,0
410348,1,1,1993,0,0,0,0,0,0,0,0,0,0
410348,2,1,1993,0,0,0,0,0,0,0,0,0,0
410349,1,1,1993,0,0,0,0,0,0,0,0,0,0
410349,2,1,1993,0,0,0,0,0,0,0,0,0,0
410350,1,1,1993,22,22,22,22,22,22,22,22,22,22
410351,1,1,1993,0,0,0,0,0,0,0,0,0,0
410353,1,1,1993,5,5,5,5,5,5,5,5,5,5
410354,1,1,1993,22,22,22,22,22,22,22,22,22,22
410355,1,1,1993,0,0,0,0,0,0,0,0,0,0
410356,1,1,1993,0,0,0,0,0,0,0,0,0,0
410357,1,1,1993,7,7,7,7,7,7,7,7,7,7
410358,0,1,1993,20,20,20,20,20,20,20,20,20,20
410358,1,1,1993,0,0,0,0,0,0,0,0,0,0
410359,1,1,1993,0,0,0,0,0,0,0,0,0,0
410359,2,1,1993,0,0,0,0,0,0,0,0,0,0
410360,1,1,1993,0,0,0,0,0,0,0,0,0,0
410361,1,1,1993,0,0,0,0,0,0,0,0,0,0
410361,2,1,1993,0,0,0,0,0,0,0,0,0,0
410362,1,1,1993,0,0,0,0,0,0,0,0,0,0
410363,0,1,1993,0,0,0,0,0,0,0,0,0,0
410363,1,1,1993,0,0,0,0,0,0,0,0,0,0
410364,1,1,1993,0,0,0,0,0,0,0,0,0,0
410364,2,1,1993,0,0,0,0,0,0,0,0,0,0
410364,3,1,1993,0,0,0,0,0,0,0,0,0,0
410365,1,1,1993,11,11,11,11,11,11,11,11,11,11
410366,1,1,1993,0,0,0,0,0,0,0,0,0,0
410366,2,1,1993,4,4,4,4,4,4,4,4,4,4
410367,1,1,1993,0,0,0,0,0,0,0,0,0,0
410367,2,1,1993,0,0,0,0,0,0,0,0,0,0
410367,3,1,1993,0,9,0,0,0,0,0,0,0,0
410368,1,1,1993,22,22,22,22,22,22,22,22,22,22
410369,0,1,1993,0,0,0,0,0,0,0,0,0,0
410369,1,1,1993,0,0,0,0,0,0,3,0,0,0
410369,2,1,1993,0,0,0,0,0,0,0,0,0,0
410370,1,1,1993,0,0,0,0,0,0,0,0,0,0
410371,1,1,1993,0,0,0,0,0,0,0,0,0,0
410371,2,1,1993,0,0,0,0,0,0,0,0,0,0
410372,1,1,1993,0,0,0,0,0,0,0,0,0,0
410372,2,1,1993,0,0,0,0,0,0,0,0,0,0
410372,3,1,1993,0,0,0,0,0,0,0,0,0,0
410373,1,1,1993,0,0,0,0,0,0,0,0,0,0
410373,2,1,1993,0,25,0,0,0,0,0,0,0,0
410374,0,1,1993,0,0,0,0,0,0,0,0,0,0
410374,1,1,1993,0,0,0,8,0,0,0,0,0,0
410376,1,1,1993,0,0,0,0,0,0,0,0,0,0
410376,2,1,1993,0,0,0,0,14,19,0,0,0,0
410377,0,1,1993,6,6,6,6,6,6,6,6,6,6
410377,1,1,1993,0,0,0,0,0,0,0,0,0,0
410378,1,1,1993,0,0,0,0,0,0,0,0,0,0
410379,1,1,1993,0,0,0,0,0,0,0,0,0,0
410379,2,1,1993,0,0,0,0,0,0,0,0,0,0
410380,0,1,1993,5,5,5,5,5,5,5,5,5,5
410380,1,1,1993,0,0,0,0,0,0,0,0,0,0
410381,1,1,1993,17,17,17,17,17,17,17,17,17,17
410383,1,1,1993,6,6,6,6,6,6,6,6,6,6
410383,2,1,1993,0,0,0,0,0,0,0,0,0,0
410383,3,1,1993,0,0,0,0,0,0,0,0,0,0
410384,1,1,1993,34,34,34,34,34,34,34,34,34,34
410384,2,1,1993,0,0,0,0,0,0,0,0,12,0
410385,1,1,1993,0,0,0,0,0,0,0,0,0,0
410385,2,1,1993,0,0,0,0,0,0,0,0,0,0
410386,1,1,1993,0,0,0,0,0,0,0,0,0,0
410386,2,1,1993,0,0,0,0,0,0,0,0,0,0
410387,1,1,1993,0,0,0,0,0,0,0,0,16,0
410387,2,1,1993,0,0,0,0,0,0,0,0,0,0
410388,1,1,1993,0,0,0,0,0,0,0,0,0,0
410389,1,1,1993,18,18,18,18,18,18,18,18,18,18
410389,2,1,1993,0,0,0,0,0,0,0,0,0,0
410390,1,1,1993,19,19,19,19,19,19,19,19,19,19
410390,2,1,1993,0,0,0,0,0,0,0,0,0,0
410390,3,1,1993,0,0,0,0,0,0,0,0,0,23
410390,4,1,1993,0,0,0,0,0,0,0,0,0,0
410390,5,1,1993,0,0,0,0,0,0,0,0,0,0
410391,1,1,1993,0,0,0,0,0,0,0,0,0,0
410391,2,1,1993,0,0,0,0,0,0,0,0,0,0
410392,1,1,1993,0,0,0,0,0,0,0,0,0,0
410392,2,1,1993,0,0,0,0,0,0,0,0,0,0
410393,1,1,1993,36,36,36,36,36,36,36,36,36,36
410393,2,1,1993,0,0,0,0,0,0,0,0,0,0
410393,3,1,1993,0,0,0,0,0,0,0,0,0,0
410394,1,1,1993,28,28,28,28,28,28,28,28,28,28
410395,1,1,1993,0,0,0,0,0,0,0,0,0,0
410395,2,1,1993,0,0,0,0,0,0,0,0,0,0
410396,0,1,1993,0,0,0,0,0,0,0,0,0,0
410396,1,1,1993,0,0,0,0,0,0,0,0,0,0
410397,0,1,1993,0,0,0,0,0,0,0,0,0,0
410397,0,2,1993,0,0,0,8,0,21,0,0,0,0
410397,1,1,1993,0,0,0,0,0,0,0,0,0,0
410398,1,1,1993,14,14,14,14,14,14,14,14,14,14
410398,2,1,1993,0,0,0,11,0,0,0,0,0,0
410399,1,1,1993,0,0,0,0,0,0,0,0,0,0
410399,2,1,1993,0,0,0,0,0,0,0,0,0,0
410400,1,1,1993,0,0,0,0,0,0,0,0,0,0
410400,2,1,1993,1,1,1,1,1,1,1,1,1,1
410401,1,1,1993,0,0,0,0,0,0,0,0,0,0
410401,2,1,1993,0,0,0,0,0,0,0,0,0,0
410402,1,1,1993,0,0,0,0,0,0,0,0,0,0
410402,2,1,1993,0,0,0,0,0,0,0,0,0,0
410403,0,1,1993,0,0,0,0,0,0,0,0,0,0
410403,1,1,1993,0,0,0,0,10,0,0,0,0,0
410404,1,1,1993,0,0,0,0,0,0,0,0,0,0
410405,1,1,1993,0,0,0,0,21,0,0,0,0,6
410405,2,1,1993,0,0,0,0,0,0,0,0,0,0
410406,1,1,1993,17,17,17,17,17,17,17,17,17,17
410407,1,1,1993,0,0,0,0,0,0,0,0,0,0
410408,1,1,1993,0,0,0,0,0,0,0,0,0,0
410408,2,1,1993,0,0,0,0,0,0,0,0,0,0
410409,1,1,1993,0,0,0,0,0,0,0,0,0,0
410409,2,1,1993,0,0,0,0,0,0,0,0,0,0
410410,1,1,1993,0,0,0,0,0,0,0,0,0,0
410411,1,1,1993,22,22,22,22,22,22,22,22,22,22
410412,1,1,1993,0,0,0,0,0,0,0,0,0,0
410412,2,1,1993,4,4,4,4,4,4,4,4,4,4
410413,1,1,1993,12,12,12,12,12,12,12,12,12,12
410413,2,1,1993,13,0,0,21,0,0,4,0,3,0
410414,1,1,1993,19,19,19,19,19,19,19,19,19,19
410414,2,1,1993,0,0,0,0,0,0,0,0,0,0
410415,1,1,1993,0,0,0,0,0,0,0,0,0,0
410416,1,1,1993,15,15,15,15,15,15,15,15,15,15
410416,2,1,1993,0,0,0,0,0,0,0,0,0,0
410417,1,1,1993,0,0,0,20,0,0,0,7,27,0
410417,2,1,1993,0,0,0,0,0,0,0,0,0,0
410418,1,1,1993,0,0,0,0,0,0,0,0,0,0
410419,1,1,1993,10,10,10,10,10,10,10,10,10,10
410420,1,1,1993,0,0,0,0,0,0,0,0,0,0
410420,2,1,1993,24,24,24,24,24,24,24,24,24,24
410422,1,1,1993,18,18,18,18,18,18,18,18,18,18
410423,0,1,1993,33,33,33,33,33,33,33,33,33,33
410423,1,1,1993,0,0,0,0,0,0,0,0,0,0
410424,1,1,1993,19,19,19,19,19,19,19,19,19,19
410424,2,1,1993,0,0,0,0,0,0,0,0,0,0
410425,0,1,1993,29,29,29,29,29,29,29,29,29,29
410425,1,1,1993,0,0,0,0,0,0,0,0,0,0
410426,1,1,1993,11,11,11,11,11,11,11,11,11,11
410428,0,1,1993,0,0,0,0,0,0,0,0,0,0
410428,1,1,1993,0,0,0,0,0,0,0,0,0,0
410429,0,1,1993,0,0,0,0,0,0,0,0,0,0
410429,1,1,1993,0,0,0,0,0,0,0,0,0,0
410430,0,1,1993,0,0,0,0,0,0,0,0,0,0
410430,1,1,1993,0,0,0,0,0,0,0,0,0,0
410431,1,1,1993,0,0,0,0,0,0,0,0,0,0
410432,1,1,1993,21,21,21,21,21,21,21,21,21,21
410432,2,1,1993,26,0,0,0,0,0,0,0,0,0
410433,0,1,1993,16,16,16,16,16,16,16,16,16,16
410433,1,1,1993,4,4,4,4,4,4,4,4,4,4
410435,0,1,1993,3,3,3,3,3,3,3,3,3,3
410435,0,2,1993,0,0,0,0,0,0,0,0,0,0
410435,1,1,1993,0,0,0,0,0,0,0,0,0,0
410436,1,1,1993,0,0,0,0,0,0,0,0,0,0
410436,2,1,1993,0,0,0,0,0,0,0,0,0,0
410437,0,1,1993,15,15,15,15,15,15,15,15,15,15
410437,1,1,1993,6,6,6,6,6,6,6,6,6,6
410438,1,1,1993,0,0,0,0,0,0,0,0,0,0
410438,2,1,1993,0,0,0,0,0,0,0,0,0,0
410438,3,1,1993,0,0,0,0,0,0,0,0,0,0
410438,4,1,1993,0,0,0,0,0,6,0,0,0,5
410439,1,1,1993,0,0,0,0,0,0,0,0,0,0
410439,2,1,1993,0,0,0,0,0,0,0,0,0,0
410440,1,1,1993,0,0,0,0,0,0,0,0,0,0
410441,1,1,1993,0,0,0,0,0,0,0,0,0,0
410441,2,1,1993,0,0,0,0,0,0,0,0,0,0
410442,1,1,1993,0,0,0,0,0,0,0,0,0,0
410442,2,1,1993,0,0,0,0,0,0,0,0,0,0
410443,1,1,1993,20,20,20,20,20,20,20,20,20,20
410443,2,1,1993,0,0,0,0,0,0,0,0,0,0
410444,1,1,1993,0,0,0,0,0,0,0,0,0,0
410445,1,1,1993,0,0,0,0,0,0,0,0,0,0
410445,2,1,1993,0,0,0,0,0,0,0,0,0,0
410446,1,1,1993,0,0,0,0,0,0,0,0,0,0
410446,2,1,1993,0,0,0,0,0,0,0,0,0,0
410447,1,1,1993,20,20,20,20,20,20,20,20,20,20
410448,1,1,1993,0,0,0,0,0,0,0,0,0,0
410449,1,1,1993,0,0,0,0,0,0,0,0,0,0
410450,1,1,1993,0,0,0,0,0,0,0,0,0,0
410450,2,1,1993,0,0,0,0,0,0,0,0,0,0
410451,0,1,1993,0,0,0,0,0,0,0,0,0,0
410451,1,1,1993,0,0,0,0,0,0,0,0,0,0
410452,1,1,1993,17,17,17,17,17,17,17,17,17,17
410453,1,1,1993,0,0,0,0,0,0,0,0,0,0
410453,2,1,1993,0,0,0,0,0,0,0,0,0,0
410454,1,1,1993,0,0,0,0,0,0,0,0,0,0
410455,1,1,1993,21,21,21,21,21,21,21,21,21,21
410456,0,1,1993,0,0,0,0,0,0,0,0,0,0
410456,1,1,1993,0,0,0,0,0,0,0,0,0,0
410457,1,1,1993,0,0,0,0,0,0,0,0,0,0
410458,1,1,1993,30,11,23,19,24,36,32,35,32,21
410459,1,1,1993,0,0,0,0,0,0,0,0,0,0
410459,2,1,1993,0,0,0,0,0,0,0,0,0,0
410460,1,1,1993,0,0,0,0,0,0,0,0,0,0
410461,1,1,1993,0,0,0,0,0,0,0,0,0,0
410462,1,1,1993,0,0,0,0,0,18,0,0,0,0
410463,1,1,1993,12,10,18,0,6,12,14,10,18,7
410464,1,1,1993,0,0,0,0,0,0,0,0,0,0
410465,1,1,1993,31,31,31,31,31,31,31,31,31,31
410465,2,1,1993,0,0,0,0,0,0,0,0,0,0
410466,1,1,1993,11,11,11,11,11,11,11,11,11,11
410466,2,1,1993,15,15,15,15,15,15,15,15,15,15
410467,1,1,1993,20,20,20,20,20,20,20,20,20,20
410468,1,1,1993,0,0,0,0,0,0,0,0,0,0
410468,2,1,1993,0,0,0,0,0,0,0,0,0,0
410469,1,1,1993,0,0,0,0,0,0,0,0,0,0
410469,2,1,1993,5,5,5,5,5,5,5,5,5,5
410470,1,1,1993,0,0,0,11,0,0,0,0,0,0
410471,0,1,1993,0,0,0,0,0,0,0,0,0,0
410471,1,1,1993,0,0,0,0,0,0,0,0,0,0
410472,0,1,1993,0,22,0,0,38,0,0,15,0,0
410472,0,2,1993,0,27,0,40,23,0,22,23,12,0
410472,1,1,1993,0,0,0,0,0,0,0,0,0,0
410473,1,1,1993,0,0,0,0,0,0,0,0,0,0
410473,2,1,1993,0,0,0,0,0,0,0,0,0,0
410474,1,1,1993,0,0,0,0,0,0,0,0,0,0
410474,2,1,1993,0,0,0,0,0,0,0,0,0,0
410475,1,1,1993,0,0,0,0,0,0,0,0,0,0
410475,2,1,1993,0,0,0,0,0,0,0,0,0,0
410476,1,1,1993,0,0,0,0,0,0,0,0,0,0
410476,2,1,1993,0,0,0,0,0,0,0,0,0,0
410477,1,1,1993,0,0,0,0,0,0,0,0,0,0
410477,2,1,1993,0,0,0,0,0,0,0,0,0,0
410478,1,1,1993,20,20,20,20,20,20,20,20,20,20
410479,1,1,1993,0,0,8,10,0,2,0,0,7,14
410479,2,1,1993,0,0,0,0,0,0,0,0,0,0
410480,0,1,1993,41,4,45,25,22,28,29,14,8,15
410480,1,1,1993,0,0,0,0,0,0,0,0,0,0
410481,1,1,1993,0,14,20,0,0,0,0,0,0,18
420001,1,1,1993,23,23,23,23,23,23,23,23,23,23
420001,2,1,1993,0,0,0,0,0,0,0,0,0,0
420001,3,1,1993,0,0,0,0,0,0,0,0,0,0
420002,0,1,1993,24,24,24,24,24,24,24,24,24,24
420002,1,1,1993,31,31,31,31,31,31,31,31,31,31
420003,0,1,1993,0,31,0,0,7,17,0,0,0,30
420003,1,1,1993,7,8,10,5,15,19,15,0,13,16
420004,1,1,1993,0,0,0,0,0,0,0,0,0,0
420005,1,1,1993,0,0,0,0,0,0,0,0,0,0
420005,2,1,1993,0,0,0,0,0,0,0,0,0,0
420006,1,1,1993,0,0,0,0,0,0,0,0,0,0
420006,2,1,1993,0,0,0,0,0,0,0,0,0,0
420007,1,1,1993,0,0,0,0,0,0,0,0,0,0
420008,1,1,1993,0,0,0,0,0,0,0,0,0,0
420009,1,1,1993,0,0,0,0,0,0,0,0,14,0
420009,2,1,1993,0,0,0,0,0,6,0,0,0,0
420009,3,1,1993,0,0,0,0,0,0,0,0,0,0
420010,1,1,1993,0,0,0,0,0,0,0,0,0,0
420011,1,1,1993,0,0,0,0,0,0,0,0,0,0
420011,2,1,1993,0,0,0,0,0,0,0,0,0,0
420012,1,1,1993,0,0,0,0,0,0,0,0,11,0
420013,1,1,1993,0,0,0,0,0,0,0,0,0,0
420013,2,1,1993,0,0,0,0,0,0,0,0,0,0
420014,1,1,1993,0,0,0,0,0,0,0,0,0,0
420014,2,1,1993,0,0,7,17,0,0,0,0,0,0
420015,1,1,1993,29,29,29,29,29,29,29,29,29,29
420016,1,1,1993,0,0,0,0,0,0,0,0,0,0
420016,2,1,1993,0,0,0,0,0,0,0,0,0,0
420016,3,1,1993,0,0,0,0,0,8,0,0,0,0
420017,1,1,1993,0,0,0,0,0,0,0,0,0,0
420017,2,1,1993,0,0,0,0,0,0,0,0,0,0
420018,1,1,1993,12,0,11,15,12,2,14,14,4,16
420019,0,1,1993,0,0,0,0,0,0,0,0,0,0
420019,1,1,1993,0,0,0,0,0,0,0,0,0,0
420020,1,1,1993,2,2,2,2,2,2,2,2,2,2
420021,1,1,1993,15,15,15,15,15,15,15,15,15,15
420022,1,1,1993,0,0,0,0,0,0,0,0,0,0
420023,1,1,1993,0,0,0,0,0,0,0,0,0,0
420023,2,1,1993,0,0,0,0,0,0,11,0,0,0
420024,1,1,1993,12,16,0,22,17,17,2,20,33,11
420024,2,1,1993,0,0,0,0,0,0,0,0,0,0
420025,1,1,1993,0,0,0,0,0,0,0,0,0,0
420025,2,1,1993,0,0,0,0,0,0,0,0,0,0
420026,1,1,1993,0,0,0,0,0,0,0,0,0,0
420027,1,1,1993,17,0,8,10,10,23,23,0,19,0
420028,1,1,1993,0,0,0,0,0,0,0,0,0,0
420028,2,1,1993,0,0,0,0,0,0,0,0,0,0
420029,1,1,1993,0,0,0,0,0,0,0,0,0,0
420029,2,1,1993,0,0,0,0,0,0,0,0,0,0
420030,1,1,1993,22,22,22,22,22,22,22,22,22,22
420030,2,1,1993,0,0,0,0,0,0,0,0,0,0
420031,1,1,1993,12,12,12,12,12,12,12,12,12,12
420031,2,1,1993,8,8,8,8,8,8,8,8,8,8
420032,1,1,1993,15,15,15,15,15,15,15,15,15,15
420033,1,1,1993,0,0,0,0,0,0,0,0,0,0
420033,2,1,1993,0,0,0,0,8,0,0,0,0,0
420033,3,1,1993,0,0,0,0,0,0,0,0,0,0
420034,1,1,1993,8,0,24,0,0,0,12,0,0,0
420035,1,1,1993,13,13,13,13,13,13,13,13,13,13
420036,0,1,1993,0,0,0,0,0,0,0,0,0,0
420036,1,1,1993,0,0,0,0,0,0,0,0,0,0
420037,0,1,1993,19,19,19,19,19,19,19,19,19,19
420037,1,1,1993,0,0,0,0,0,0,0,0,0,0
420038,1,1,1993,16,0,10,0,14,0,0,0,0,0
420040,1,1,1993,0,0,0,0,0,0,0,0,0,0
420041,1,1,1993,0,0,0,0,0,0,0,0,0,0
420041,2,1,1993,0,0,0,0,6,0,0,0,0,0
420042,1,1,1993,5,5,5,5,5,5,5,5,5,5
420042,2,1,1993,0,0,0,0,0,0,0,0,0,0
420043,0,1,1993,0,0,0,0,0,0,0,0,0,0
420043,1,1,1993,0,0,0,0,0,0,0,0,0,0
420044,1,1,1993,0,0,0,0,0,0,0,0,0,12
420045,0,1,1993,5,5,5,5,5,5,5,5,5,5
420045,1,1,1993,0,0,0,0,0,0,0,0,0,0
420046,1,1,1993,0,0,0,0,0,0,0,0,0,0
420046,2,1,1993,0,0,0,36,0,0,0,0,0,0
420047,0,1,1993,0,0,0,0,0,0,0,0,0,0
420047,1,1,1993,0,0,0,0,0,0,0,0,0,0
420047,2,1,1993,0,0,0,0,0,0,0,0,0,0
420048,1,1,1993,0,0,0,0,0,0,0,0,0,0
420048,2,1,1993,0,0,0,0,0,0,0,0,0,0
420049,1,1,1993,30,30,30,30,30,30,30,30,30,30
420050,1,1,1993,0,0,0,0,0,0,0,0,0,0
420050,2,1,1993,0,0,0,0,0,0,0,0,0,0
420051,1,1,1993,19,19,19,19,19,19,19,19,19,19
420052,1,1,1993,0,0,0,0,0,0,0,0,0,0
420052,2,1,1993,0,0,0,0,0,0,0,0,0,0
420053,0,1,1993,0,0,0,0,13,0,0,20,0,0
420053,1,1,1993,0,0,0,0,0,0,0,0,0,0
420054,1,1,1993,0,0,0,0,0,0,0,0,0,0
420054,2,1,1993,0,0,0,0,0,0,0,0,0,0
420055,1,1,1993,28,28,28,28,28,28,28,28,28,28
420056,1,1,1993,11,23,13,16,9,15,23,11,21,19
420056,2,1,1993,18,18,18,18,18,18,18,18,18,18
420057,1,1,1993,0,0,0,0,0,0,0,0,0,0
420057,2,1,1993,0,0,0,0,0,0,0,0,0,0
420058,1,1,1993,22,22,22,22,22,22,22,22,22,22
420059,1,1,1993,0,0,0,0,0,0,0,0,0,0
420059,2,1,1993,0,0,0,0,0,0,0,0,0,0
420060,1,1,1993,9,20,21,35,0,8,14,0,0,17
420060,2,1,1993,0,0,0,0,0,0,0,0,0,0
420061,1,1,1993,0,0,0,0,0,0,0,0,0,0
420062,1,1,1993,27,27,27,27,27,27,27,27,27,27
420062,2,1,1993,0,0,0,0,0,0,0,0,0,0
420063,1,1,1993,0,0,0,0,0,0,0,0,0,0
420064,1,1,1993,0,0,0,0,0,0,0,0,0,0
420064,2,1,1993,16,16,16,16,16,16,16,16,16,16
420065,1,1,1993,9,9,9,9,9,9,9,9,9,9
420065,2,1,1993,0,0,0,0,0,0,0,0,0,0
420066,0,1,1993,0,0,0,0,0,0,0,0,0,0
420066,1,1,1993,0,0,0,0,0,0,0,0,0,0
420067,1,1,1993,0,0,0,0,0,0,0,0,0,0
420068,1,1,1993,94,94,94,94,94,94,94,94,94,94
420069,1,1,1993,18,0,0,0,0,0,23,20,0,0
420069,2,1,1993,16,32,21,25,24,18,0,18,23,22
420070,1,1,1993,13,13,13,13,13,13,13,13,13,13
420071,1,1,1993,0,0,0,0,0,0,0,0,0,0
420071,2,1,1993,0,0,0,0,0,0,0,0,0,0
420071,3,1,1993,0,0,0,0,0,0,0,0,0,0
420072,0,1,1993,21,0,26,0,0,0,0,0,0,0
420072,1,1,1993,0,0,0,0,0,0,0,0,0,0
420072,2,1,1993,0,0,0,0,0,0,0,0,0,0
420073,1,1,1993,21,21,21,21,21,21,21,21,21,21
420074,0,1,1993,0,0,0,0,0,0,0,0,0,0
420074,1,1,1993,8,8,8,8,8,8,8,8,8,8
420075,0,1,1993,0,0,0,0,0,0,0,0,0,0
420075,1,1,1993,0,0,0,0,0,0,0,0,0,0
420076,1,1,1993,26,26,26,26,26,26,26,26,26,26
420076,2,1,1993,5,5,5,5,5,5,5,5,5,5
420077,1,1,1993,31,31,31,31,31,31,31,31,31,31
420079,1,1,1993,10,10,10,10,10,10,10,10,10,10
420079,2,1,1993,0,0,0,0,0,0,0,0,0,0
420080,1,1,1993,0,0,0,0,0,0,0,0,0,0
420081,1,1,1993,23,23,23,23,23,23,23,23,23,23
420082,1,1,1993,0,0,0,0,0,0,0,0,0,0
420082,2,1,1993,0,0,0,0,0,0,0,0,0,0
420083,1,1,1993,25,25,25,25,25,25,25,25,25,25
420084,0,1,1993,0,0,0,0,0,0,0,14,0,0
420084,1,1,1993,10,0,0,0,5,0,18,19,0,6
420085,1,1,1993,16,16,16,16,16,16,16,16,16,16
420085,2,1,1993,0,32,0,0,6,0,15,20,0,4
420086,1,1,1993,6,6,6,6,6,6,6,6,6,6
420086,2,1,1993,0,0,0,0,0,0,0,0,0,0
420087,1,1,1993,27,27,27,27,27,27,27,27,27,27
420087,2,1,1993,0,0,0,0,0,0,0,0,0,0
420088,1,1,1993,0,0,0,0,0,0,0,0,0,0
420088,2,1,1993,0,0,0,0,0,0,0,0,0,0
420089,1,1,1993,0,0,0,0,0,0,0,0,0,0
420089,2,1,1993,0,0,0,0,0,0,0,0,0,0
420090,1,1,1993,0,0,0,0,0,0,0,0,0,0
420090,2,1,1993,0,0,0,0,0,0,0,0,0,0
420091,1,1,1993,13,13,13,13,13,13,13,13,13,13
420091,2,1,1993,0,0,0,0,0,0,0,0,0,0
420092,1,1,1993,0,0,0,0,0,0,0,0,0,0
420093,0,1,1993,0,0,0,0,0,0,0,0,0,0
420093,1,1,1993,0,0,0,0,0,0,0,0,0,0
420094,1,1,1993,29,29,29,29,29,29,29,29,29,29
420095,1,1,1993,20,20,20,20,20,20,20,20,20,20
420096,1,1,1993,19,19,19,19,19,19,19,19,19,19
420097,1,1,1993,28,28,28,28,28,28,28,28,28,28
420098,1,1,1993,0,0,0,0,0,0,0,0,0,0
420099,1,1,1993,19,19,19,19,19,19,19,19,19,19
420100,1,1,1993,0,0,0,0,0,0,0,0,0,0
420101,1,1,1993,94,94,94,94,94,94,94,94,94,94
420101,2,1,1993,0,0,0,0,0,0,0,0,0,0
420102,1,1,1993,9,0,0,0,5,0,0,19,0,0
420102,2,1,1993,0,0,0,0,0,0,0,0,0,0
420103,1,1,1993,13,0,0,0,0,8,0,0,0,0
420104,0,1,1993,0,0,0,0,0,0,0,0,0,0
420104,1,1,1993,0,0,0,0,0,0,0,0,0,0
420105,1,1,1993,16,16,16,16,16,16,16,16,16,16
420106,1,1,1993,24,24,24,24,24,24,24,24,24,24
420107,1,1,1993,0,0,0,0,0,0,0,0,0,0
420107,2,1,1993,0,0,0,0,0,0,0,0,0,0
420108,1,1,1993,0,0,0,0,0,0,0,0,0,0
420108,2,1,1993,0,0,0,0,0,0,0,0,0,0
420109,1,1,1993,18,18,18,18,18,18,18,18,18,18
420110,1,1,1993,0,0,0,0,0,0,0,0,0,0
420111,1,1,1993,21,21,21,21,21,21,21,21,21,21
420111,2,1,1993,7,33,24,5,10,8,31,7,12,9
420112,1,1,1993,0,0,0,0,0,0,0,0,0,0
420112,2,1,1993,0,0,0,0,0,0,0,0,0,0
420113,1,1,1993,0,0,0,0,0,0,0,0,0,0
420114,1,1,1993,23,23,23,23,23,23,23,23,23,23
420115,1,1,1993,0,0,0,0,0,0,0,0,0,0
420115,2,1,1993,0,0,0,0,0,0,0,0,0,0
420116,0,1,1993,0,26,18,0,4,0,5,0,0,0
420116,0,2,1993,31,12,6,12,23,13,20,0,19,22
420116,1,1,1993,0,0,0,0,0,0,0,0,0,0