ST_CASE,VEH_NO,PER_NO,YEAR,P1,P2,P3,P4,P5,P6,P7,P8,P9,P10
420117,1,1,1993,27,27,27,27,27,27,27,27,27,27
420118,1,1,1993,18,18,18,18,18,18,18,18,18,18
420118,2,1,1993,0,0,0,0,0,0,0,0,0,0
420118,3,1,1993,0,0,0,0,0,0,0,0,0,0
420119,1,1,1993,0,0,0,0,4,0,0,0,0,0
420119,2,1,1993,0,0,0,0,0,0,0,0,0,0
420120,1,1,1993,29,29,29,29,29,29,29,29,29,29
420120,2,1,1993,0,12,0,0,7,23,0,0,0,0
420121,1,1,1993,0,0,0,0,0,0,0,0,0,0
420121,2,1,1993,0,0,0,0,0,0,0,0,0,0
420122,1,1,1993,0,0,0,0,0,0,18,0,0,0
420122,2,1,1993,0,0,0,0,0,0,0,0,0,0
420123,1,1,1993,0,0,0,0,0,0,0,0,0,0
420123,2,1,1993,0,0,0,5,0,0,0,0,0,0
420124,1,1,1993,26,26,26,26,26,26,26,26,26,26
420125,1,1,1993,24,24,24,24,24,24,24,24,24,24
420127,1,1,1993,6,18,21,15,3,9,9,6,16,4
420128,0,1,1993,0,0,0,0,0,0,0,0,0,0
420128,1,1,1993,23,15,9,11,23,21,19,0,0,23
420129,0,1,1993,0,0,0,0,0,0,0,0,0,0
420129,0,2,1993,0,0,0,0,0,0,0,0,0,0
420129,1,1,1993,0,0,0,0,0,0,0,0,0,0
420130,1,1,1993,0,0,0,0,0,0,0,0,0,0
420130,2,1,1993,0,0,0,0,0,0,0,0,0,0
420131,0,1,1993,0,0,0,0,0,0,0,0,0,0
420131,1,1,1993,0,0,0,0,0,0,0,0,0,0
420132,1,1,1993,0,0,0,0,0,0,0,0,0,0
420132,2,1,1993,0,0,0,6,0,0,0,0,0,0
420133,1,1,1993,0,0,0,0,0,0,0,0,0,0
420133,2,1,1993,0,0,0,0,0,0,0,0,0,0
420134,1,1,1993,0,0,0,0,0,0,0,0,0,0
420134,2,1,1993,13,0,0,0,0,0,15,0,0,0
420135,1,1,1993,0,0,0,0,0,0,0,0,0,0
420136,1,1,1993,0,0,0,0,0,0,0,0,0,0
420136,2,1,1993,0,0,0,0,0,0,0,0,0,0
420137,1,1,1993,0,21,0,0,0,0,12,9,0,10
420137,2,1,1993,0,0,0,0,0,0,0,0,0,0
420138,1,1,1993,0,0,0,0,0,0,0,0,0,0
420138,2,1,1993,0,0,0,6,0,0,0,0,0,0
420139,1,1,1993,0,0,0,0,0,0,0,0,0,0
420139,2,1,1993,0,0,0,0,0,0,0,0,0,0
420140,1,1,1993,22,18,23,20,27,21,14,23,21,13
420141,0,1,1993,0,0,0,0,0,0,0,0,0,0
420141,1,1,1993,0,0,0,0,0,0,0,0,0,0
420142,1,1,1993,0,0,0,0,0,0,0,0,0,0
420143,0,1,1993,0,0,0,0,0,0,0,0,0,0
420143,1,1,1993,0,0,0,0,0,0,0,0,0,0
420144,1,1,1993,27,27,27,27,27,27,27,27,27,27
420144,2,1,1993,0,0,0,0,0,0,0,0,0,0
420145,1,1,1993,22,22,22,22,22,22,22,22,22,22
420145,2,1,1993,0,0,0,0,0,0,0,0,0,0
420146,1,1,1993,7,21,20,24,5,21,8,9,25,15
420147,1,1,1993,0,0,0,0,0,0,0,0,0,0
420148,1,1,1993,16,16,16,16,16,16,16,16,16,16
420149,1,1,1993,0,0,0,0,0,0,0,0,0,0
420149,2,1,1993,0,0,0,0,0,0,0,0,0,0
420150,1,1,1993,0,0,0,0,0,0,0,0,0,0
420150,2,1,1993,0,0,0,0,0,0,0,0,0,0
420151,1,1,1993,0,0,0,0,0,0,0,0,0,0
420151,2,1,1993,0,0,0,0,0,0,0,0,9,0
420152,1,1,1993,0,0,10,35,0,0,0,0,0,0
420153,1,1,1993,0,0,0,0,0,0,0,0,0,0
420153,2,1,1993,0,0,0,0,0,0,0,0,0,0
420154,1,1,1993,17,17,17,17,17,17,17,17,17,17
420155,1,1,1993,30,30,30,30,30,30,30,30,30,30
420155,2,1,1993,15,0,0,0,10,0,0,6,24,13
420156,0,1,1993,14,0,0,16,17,0,33,39,13,33
420156,1,1,1993,0,0,0,0,0,6,0,16,0,0
420157,1,1,1993,0,0,0,0,0,0,0,6,0,0
420157,2,1,1993,0,0,0,0,0,0,0,0,0,0
420158,1,1,1993,20,20,20,20,20,20,20,20,20,20
420159,1,1,1993,0,0,0,0,0,0,0,0,0,0
420159,2,1,1993,0,0,0,0,0,0,0,0,0,0
420159,3,1,1993,0,0,0,0,0,0,0,0,0,0
420160,1,1,1993,19,19,19,19,19,19,19,19,19,19
420161,1,1,1993,24,24,24,24,24,24,24,24,24,24
420161,2,1,1993,14,14,14,14,14,14,14,14,14,14
420162,0,1,1993,0,0,0,0,0,0,0,7,0,0
420162,1,1,1993,0,0,0,0,0,0,12,0,0,0
420163,1,1,1993,7,7,7,7,7,7,7,7,7,7
420164,1,1,1993,0,0,0,0,0,0,0,0,0,0
420165,1,1,1993,0,25,0,19,0,6,4,17,0,0
420166,0,1,1993,0,0,0,0,0,9,0,0,0,0
420166,1,1,1993,42,42,42,42,42,42,42,42,42,42
420167,1,1,1993,0,0,0,0,0,0,0,0,0,5
420167,2,1,1993,0,0,0,0,0,0,0,0,0,0
420168,1,1,1993,0,0,0,0,0,0,0,0,0,0
420169,1,1,1993,0,0,0,0,7,0,0,0,0,0
420169,2,1,1993,0,0,0,0,0,0,0,0,0,0
420170,1,1,1993,0,0,0,0,0,0,0,0,0,0
420171,1,1,1993,26,26,26,26,26,26,26,26,26,26
420172,0,1,1993,0,28,0,0,0,26,0,0,0,41
420172,1,1,1993,0,0,0,0,0,0,0,0,0,0
420173,1,1,1993,0,0,0,0,0,0,0,0,0,0
420173,2,1,1993,0,0,0,0,0,0,0,0,0,0
420174,1,1,1993,0,0,0,0,0,0,0,0,0,0
420175,1,1,1993,31,31,31,31,31,31,31,31,31,31
420175,2,1,1993,0,0,0,0,6,0,0,0,0,0
420176,1,1,1993,20,20,20,20,20,20,20,20,20,20
420177,1,1,1993,19,19,19,19,19,19,19,19,19,19
420178,1,1,1993,10,0,0,0,0,0,17,23,0,11
420179,1,1,1993,5,0,0,0,6,0,19,0,0,0
420179,2,1,1993,0,0,0,0,0,0,0,0,0,0
420180,0,1,1993,16,29,19,12,11,10,11,6,43,0
420180,0,2,1993,6,6,6,6,6,6,6,6,6,6
420180,1,1,1993,27,27,27,27,27,27,27,27,27,27
420181,1,1,1993,35,35,35,35,35,35,35,35,35,35
420182,0,1,1993,0,0,0,0,0,0,0,0,0,0
420182,1,1,1993,0,0,0,0,0,0,0,0,0,13
420183,0,1,1993,29,3,20,34,20,0,27,16,5,18
420183,1,1,1993,0,0,0,0,0,0,0,0,0,0
420184,1,1,1993,18,18,18,18,18,18,18,18,18,18
420184,2,1,1993,0,0,0,0,0,0,0,0,0,0
420185,1,1,1993,18,18,18,18,18,18,18,18,18,18
420185,2,1,1993,0,0,0,0,0,0,0,0,0,0
420186,1,1,1993,0,0,0,0,0,0,0,0,0,0
420186,2,1,1993,0,0,0,0,0,0,0,0,0,0
420187,1,1,1993,0,0,0,0,0,0,0,0,0,0
420188,1,1,1993,0,0,0,0,0,0,0,0,0,0
420188,2,1,1993,0,0,0,0,0,0,0,0,0,0
420189,1,1,1993,0,0,0,0,0,0,0,0,0,0
420189,2,1,1993,0,0,0,0,0,0,0,0,0,0
420190,1,1,1993,15,0,20,0,20,23,0,31,0,32
420191,1,1,1993,0,0,0,0,0,0,0,0,0,0
420192,1,1,1993,12,12,12,12,12,12,12,12,12,12
420193,1,1,1993,0,0,0,0,0,0,0,0,0,0
420193,2,1,1993,0,15,0,0,16,0,0,0,0,0
420194,1,1,1993,19,19,19,19,19,19,19,19,19,19
420194,2,1,1993,0,0,0,0,15,0,10,17,0,0
420195,1,1,1993,0,0,0,0,0,0,0,0,0,0
420195,2,1,1993,0,0,0,0,0,0,0,0,0,0
420196,1,1,1993,0,0,0,0,0,0,0,0,0,0
420196,2,1,1993,0,0,0,0,0,13,0,0,0,0
420197,1,1,1993,0,0,0,0,0,0,0,0,0,0
420197,2,1,1993,0,0,0,0,0,0,0,0,0,0
420198,1,1,1993,0,0,0,0,0,0,0,0,0,0
420198,2,1,1993,0,0,0,0,0,0,0,0,0,0
420199,1,1,1993,0,0,0,0,0,0,0,0,23,17
420199,2,1,1993,0,0,0,0,0,0,0,0,0,0
420200,1,1,1993,16,16,16,16,16,16,16,16,16,16
420201,1,1,1993,23,23,23,23,23,23,23,23,23,23
420201,2,1,1993,0,11,0,0,0,0,0,0,0,0
420202,1,1,1993,25,25,25,25,25,25,25,25,25,25
420203,0,1,1993,0,0,0,0,0,0,0,0,0,0
420203,1,1,1993,0,12,17,18,0,10,4,15,12,14
420204,1,1,1993,12,0,12,0,0,23,0,13,0,0
420204,2,1,1993,0,0,0,0,0,0,0,0,0,0
420205,1,1,1993,24,24,24,24,24,24,24,24,24,24
420206,1,1,1993,37,37,37,37,37,37,37,37,37,37
420207,0,1,1993,0,0,0,0,0,0,0,0,0,0
420207,1,1,1993,0,0,0,0,0,0,0,0,0,0
420208,0,1,1993,0,0,0,14,0,0,17,0,0,6
420208,1,1,1993,0,0,0,0,0,0,0,0,0,0
420209,0,1,1993,0,0,10,0,0,0,0,0,0,0
420209,1,1,1993,0,0,0,0,0,3,0,0,0,0
420210,1,1,1993,0,0,0,0,0,0,0,0,0,0
420210,2,1,1993,0,0,0,0,0,0,0,0,0,0
420211,1,1,1993,0,0,0,0,0,0,0,0,0,0
420211,2,1,1993,0,0,0,0,0,0,0,0,0,0
420212,1,1,1993,0,0,0,0,0,0,0,0,0,0
420213,1,1,1993,0,0,0,0,0,0,0,0,0,0
420215,0,1,1993,0,0,0,0,0,0,0,0,0,0
420215,1,1,1993,0,0,0,0,0,0,0,0,0,0
420216,1,1,1993,0,0,0,0,0,0,0,0,0,0
420216,2,1,1993,0,0,4,0,0,0,0,0,0,0
420217,1,1,1993,0,0,0,0,0,0,0,0,0,0
420217,2,1,1993,0,0,0,0,0,10,0,0,0,0
420218,1,1,1993,0,0,0,0,0,0,0,0,0,0
420218,2,1,1993,0,0,0,0,0,0,0,0,0,0
420219,1,1,1993,0,0,0,0,0,0,0,0,0,0
420219,2,1,1993,0,0,0,0,0,0,0,0,0,0
420220,1,1,1993,18,18,18,18,18,18,18,18,18,18
420220,2,1,1993,0,0,0,0,0,0,0,0,0,0
420221,0,1,1993,0,0,0,0,0,0,0,0,0,0
420221,1,1,1993,11,0,0,0,0,0,0,0,0,0
420222,1,1,1993,15,15,15,15,15,15,15,15,15,15
420223,1,1,1993,11,11,11,11,11,11,11,11,11,11
420223,2,1,1993,0,0,0,0,0,0,0,0,0,0
420224,1,1,1993,11,11,11,11,11,11,11,11,11,11
420224,2,1,1993,12,11,20,4,6,5,23,17,10,19
420225,1,1,1993,19,19,19,19,19,19,19,19,19,19
420225,2,1,1993,15,0,0,0,0,0,0,0,0,0
420226,1,1,1993,14,14,14,14,14,14,14,14,14,14
420227,1,1,1993,0,0,0,0,0,0,0,0,0,0
420228,1,1,1993,0,0,0,0,0,0,0,0,0,0
420228,2,1,1993,0,0,0,0,0,0,0,0,0,0
420230,1,1,1993,0,0,0,0,0,0,0,0,0,0
420230,2,1,1993,0,0,0,0,0,0,0,0,0,0
420230,3,1,1993,0,0,0,0,0,0,0,0,0,0
420231,1,1,1993,5,0,0,0,0,0,0,0,0,0
420231,2,1,1993,0,5,0,0,0,0,0,0,14,0
420232,1,1,1993,0,10,0,0,5,0,0,25,0,0
420233,1,1,1993,19,19,19,19,19,19,19,19,19,19
420234,1,1,1993,10,10,10,10,10,10,10,10,10,10
420235,1,1,1993,16,16,16,16,16,16,16,16,16,16
420236,1,1,1993,21,21,21,21,21,21,21,21,21,21
420237,1,1,1993,0,23,17,12,6,8,0,0,0,16
420238,1,1,1993,0,0,0,0,0,0,0,0,0,0
420238,2,1,1993,1,1,1,1,1,1,1,1,1,1
420239,1,1,1993,13,13,13,13,13,13,13,13,13,13
420239,2,1,1993,0,0,0,0,0,17,0,0,0,0
420240,1,1,1993,23,23,23,23,23,23,23,23,23,23
420241,0,1,1993,23,23,23,23,23,23,23,23,23,23
420241,1,1,1993,0,0,8,6,0,0,0,0,0,0
420242,0,1,1993,0,0,0,0,0,0,0,0,0,0
420242,1,1,1993,0,0,0,0,0,0,0,0,0,0
420243,1,1,1993,0,0,0,0,0,0,0,0,0,0
420244,1,1,1993,22,4,11,17,18,9,21,18,10,14
420244,2,1,1993,0,0,0,0,0,0,0,10,0,0
420244,3,1,1993,0,0,0,0,0,0,0,0,0,0
420245,1,1,1993,0,0,0,0,0,0,0,0,0,0
420246,1,1,1993,22,22,22,22,22,22,22,22,22,22
420247,0,1,1993,0,0,0,0,0,0,0,0,0,0
420247,1,1,1993,12,12,12,12,12,12,12,12,12,12
420248,0,1,1993,0,0,0,0,0,0,0,0,0,0
420248,1,1,1993,0,0,0,0,0,0,0,0,0,0
420249,1,1,1993,0,0,0,0,0,0,0,0,0,0
420249,2,1,1993,0,0,0,0,0,0,0,0,0,0
420250,1,1,1993,0,0,0,0,0,0,0,0,0,0
420250,2,1,1993,0,0,0,0,0,0,0,0,0,0
420251,1,1,1993,18,37,8,22,10,4,11,16,12,25
420252,0,1,1993,0,0,0,0,0,0,0,0,0,32
420252,1,1,1993,0,0,0,0,0,0,0,0,0,0
420253,0,1,1993,0,0,0,0,0,0,0,0,0,0
420253,1,1,1993,0,0,0,0,0,0,0,0,0,0
420254,1,1,1993,25,23,19,22,0,14,0,26,16,10
420254,2,1,1993,0,0,0,0,0,0,0,0,4,0
420254,3,1,1993,0,0,0,0,0,8,0,0,0,0
420255,1,1,1993,0,0,0,0,0,0,0,0,0,0
420255,2,1,1993,0,0,0,0,0,0,0,0,0,8
420256,1,1,1993,0,0,0,0,0,0,0,0,0,0
420256,2,1,1993,0,5,0,0,0,23,0,0,0,0
420257,1,1,1993,0,0,0,13,0,0,0,0,0,0
420258,1,1,1993,0,0,10,0,0,0,0,0,0,0
420258,2,1,1993,0,0,0,0,0,0,0,0,0,0
420259,0,1,1993,0,0,0,0,0,0,0,0,0,0
420259,1,1,1993,0,0,0,0,0,0,0,0,0,0
420260,1,1,1993,14,24,22,16,16,32,21,13,6,8
420260,2,1,1993,0,0,0,0,0,0,0,0,0,0
420261,1,1,1993,26,26,26,26,26,26,26,26,26,26
420262,1,1,1993,32,29,21,14,27,26,27,0,22,23
420263,0,1,1993,12,12,12,12,12,12,12,12,12,12
420263,1,1,1993,0,0,0,0,0,0,0,0,0,0
420264,1,1,1993,22,22,22,22,22,22,22,22,22,22
420265,1,1,1993,0,0,0,10,9,10,0,14,0,14
420266,1,1,1993,0,0,0,0,0,0,0,0,0,0
420266,2,1,1993,0,0,0,0,11,0,0,0,0,13
420267,1,1,1993,0,0,0,0,0,0,0,0,0,0
420267,2,1,1993,0,0,0,0,0,0,0,0,0,0
420268,0,1,1993,0,0,0,0,0,0,0,0,0,0
420268,1,1,1993,0,0,0,0,0,0,0,0,0,0
420269,1,1,1993,0,0,0,0,0,0,0,0,9,0
420269,2,1,1993,0,0,0,0,0,0,0,0,0,0
420269,3,1,1993,0,0,0,0,0,0,0,0,0,0
420270,1,1,1993,14,14,14,14,14,14,14,14,14,14
420271,1,1,1993,0,0,0,0,0,25,0,0,10,17
420271,2,1,1993,0,0,0,0,0,0,0,0,0,0
420272,1,1,1993,0,0,0,0,0,0,0,0,0,0
420272,2,1,1993,0,0,0,0,0,0,0,0,0,0
420273,1,1,1993,0,0,0,0,0,0,0,0,0,0
420273,2,1,1993,0,0,0,0,0,0,0,0,0,0
420274,1,1,1993,0,0,0,0,0,0,0,0,0,0
420274,2,1,1993,0,0,0,0,0,0,0,0,0,0
420275,1,1,1993,25,25,25,25,25,25,25,25,25,25
420276,1,1,1993,26,26,26,26,26,26,26,26,26,26
420277,1,1,1993,0,0,0,0,0,0,0,0,0,0
420277,2,1,1993,0,0,0,0,0,0,0,0,0,0
420278,1,1,1993,21,21,21,21,21,21,21,21,21,21
420278,2,1,1993,0,0,0,0,0,0,0,0,0,0
420279,1,1,1993,0,0,0,0,0,0,0,0,0,0
420280,0,1,1993,0,0,0,0,38,0,0,0,0,0
420280,1,1,1993,3,0,0,0,0,0,0,6,0,0
420281,1,1,1993,0,0,0,0,33,19,0,0,0,0
420283,1,1,1993,23,23,23,23,23,23,23,23,23,23
420284,1,1,1993,0,0,0,0,0,0,0,0,0,0
420284,2,1,1993,0,0,0,0,0,0,0,0,0,0
420285,1,1,1993,24,15,15,2,31,23,7,4,21,21
420285,2,1,1993,0,0,0,0,0,22,0,0,0,25
420286,1,1,1993,0,0,0,0,0,0,0,0,0,0
420287,1,1,1993,15,15,15,15,15,15,15,15,15,15
420288,1,1,1993,13,5,0,0,0,0,0,0,0,0
420288,2,1,1993,0,0,0,0,0,0,0,0,0,0
420289,1,1,1993,0,0,0,0,0,0,0,0,0,0
420289,2,1,1993,0,0,0,0,0,0,0,0,0,0
420290,1,1,1993,0,0,0,0,0,0,0,0,0,0
420291,1,1,1993,0,0,0,0,0,0,0,0,0,0
420291,2,1,1993,0,0,0,0,0,0,0,0,0,0
420292,0,1,1993,0,0,0,0,0,0,0,0,0,0
420292,1,1,1993,0,0,0,0,0,0,0,0,0,0
420293,1,1,1993,0,0,0,0,0,0,0,0,0,0
420293,2,1,1993,0,0,0,0,0,0,0,0,0,0
420294,1,1,1993,0,0,0,0,0,0,0,0,0,0
420295,0,1,1993,0,0,0,0,0,0,0,0,0,0
420295,1,1,1993,0,0,0,0,0,0,0,0,0,0
420295,2,1,1993,0,0,0,0,0,0,0,0,0,0
420296,0,1,1993,26,26,26,26,26,26,26,26,26,26
420296,1,1,1993,16,0,0,0,0,0,0,0,0,0
420297,1,1,1993,23,23,23,23,23,23,23,23,23,23
420297,2,1,1993,0,11,0,0,0,0,0,0,0,0
420298,1,1,1993,0,0,0,0,0,0,0,0,0,0
420299,1,1,1993,18,18,18,18,18,18,18,18,18,18
420299,2,1,1993,0,0,0,0,0,0,0,0,0,0
420300,1,1,1993,0,0,0,0,0,0,0,0,0,0
420300,2,1,1993,0,0,0,0,0,0,0,0,0,0
420301,1,1,1993,0,0,0,0,0,0,0,0,0,0
420302,1,1,1993,0,0,0,0,0,0,0,0,0,0
420302,2,1,1993,0,0,0,0,0,0,0,0,0,0
420303,1,1,1993,25,25,25,25,25,25,25,25,25,25
420303,2,1,1993,0,7,0,0,26,0,0,0,0,0
420303,3,1,1993,0,0,0,0,0,0,0,0,0,0
420304,1,1,1993,6,6,6,6,6,6,6,6,6,6
420304,2,1,1993,0,0,0,0,0,0,0,0,0,0
420305,1,1,1993,18,18,18,18,18,18,18,18,18,18
420306,1,1,1993,0,0,0,0,0,0,0,0,11,0
420306,2,1,1993,6,0,0,0,0,0,0,0,0,0
420307,1,1,1993,0,0,0,0,0,0,0,0,0,0
420308,1,1,1993,13,0,0,0,0,0,0,0,0,0
420309,1,1,1993,5,5,5,5,5,5,5,5,5,5
420310,0,1,1993,0,0,0,0,0,0,0,0,0,0
420310,1,1,1993,0,0,0,0,0,10,0,0,0,0
420312,1,1,1993,9,16,13,29,14,18,30,14,10,7
420313,1,1,1993,26,26,26,26,26,26,26,26,26,26
420314,1,1,1993,29,29,29,29,29,29,29,29,29,29
420315,1,1,1993,0,0,0,0,0,0,0,0,0,0
420316,1,1,1993,12,12,12,12,12,12,12,12,12,12
420317,1,1,1993,1,1,1,1,1,1,1,1,1,1
420318,1,1,1993,0,0,0,0,0,0,0,0,0,0
420318,2,1,1993,0,0,0,0,0,0,0,0,0,0
420319,1,1,1993,0,0,0,0,0,0,0,0,0,0
420320,1,1,1993,0,0,0,0,0,0,0,0,0,0
420320,2,1,1993,0,0,0,0,0,0,0,0,0,0
420321,1,1,1993,20,20,20,20,20,20,20,20,20,20
420322,1,1,1993,21,21,21,21,21,21,21,21,21,21
420322,2,1,1993,0,0,0,0,0,0,0,0,0,0
420323,1,1,1993,0,0,0,0,0,0,0,0,0,0
420324,0,1,1993,0,0,0,18,22,22,0,10,0,14
420324,1,1,1993,11,11,11,11,11,11,11,11,11,11
420325,1,1,1993,0,0,0,0,0,0,0,0,0,0
420325,2,1,1993,0,0,0,0,0,0,0,0,0,0
420326,1,1,1993,15,15,15,15,15,15,15,15,15,15
420327,1,1,1993,23,23,23,23,23,23,23,23,23,23
420328,0,1,1993,0,0,0,0,0,0,0,0,0,0
420328,1,1,1993,0,0,0,0,0,0,0,0,0,0
420329,1,1,1993,0,0,0,0,0,0,0,0,0,0
420329,2,1,1993,18,0,9,7,14,7,0,18,13,0
420330,0,1,1993,0,0,0,0,0,0,0,0,0,0
420330,1,1,1993,0,0,0,0,0,0,0,0,0,0
420331,1,1,1993,0,0,0,0,0,0,0,0,0,0
420332,1,1,1993,24,24,24,24,24,24,24,24,24,24
420333,1,1,1993,19,38,13,0,0,27,0,0,32,11
420334,1,1,1993,0,0,0,0,0,0,0,0,0,0
420334,2,1,1993,0,0,0,9,6,0,0,0,0,0
420335,1,1,1993,0,0,0,0,0,0,0,0,0,0
420336,1,1,1993,19,15,8,0,22,28,10,0,11,12
420336,2,1,1993,0,0,0,0,0,0,0,0,0,0
420337,0,1,1993,27,27,27,27,27,27,27,27,27,27
420337,1,1,1993,0,0,0,0,0,0,0,0,0,0
420338,1,1,1993,0,0,0,0,0,0,0,0,0,0
420338,2,1,1993,0,0,0,0,0,8,0,0,18,0
420339,1,1,1993,7,7,7,7,7,7,7,7,7,7
420340,1,1,1993,0,0,0,0,0,0,0,0,0,0
420340,2,1,1993,0,0,0,7,0,0,0,0,0,0
420341,1,1,1993,11,11,11,11,11,11,11,11,11,11
420341,2,1,1993,0,0,2,0,19,0,0,13,0,33
420342,1,1,1993,9,17,22,22,10,18,7,0,13,13
420343,0,1,1993,0,0,0,0,0,0,0,0,0,0
420343,1,1,1993,17,0,0,0,0,0,0,6,0,0
420344,1,1,1993,0,0,0,0,0,0,0,0,0,0
420344,2,1,1993,0,0,0,0,0,0,0,0,0,0
420345,0,1,1993,0,0,0,0,0,0,0,0,0,0
420345,1,1,1993,0,0,0,0,0,8,0,0,0,0
420346,1,1,1993,0,0,0,0,0,0,0,0,0,0
420346,2,1,1993,0,0,0,0,0,0,0,0,0,0
420347,1,1,1993,0,0,0,0,0,0,0,0,0,0
420348,1,1,1993,12,12,12,12,12,12,12,12,12,12
420349,0,1,1993,0,12,0,0,0,14,19,0,24,0
420349,1,1,1993,0,0,0,0,0,0,0,0,0,0
420350,1,1,1993,0,0,0,0,0,0,0,0,0,0
420350,2,1,1993,0,0,0,0,0,0,0,0,0,0
420351,1,1,1993,20,20,20,20,20,20,20,20,20,20
420351,2,1,1993,29,20,10,17,16,23,22,15,18,21
420352,1,1,1993,0,0,0,0,0,0,0,0,0,0
420352,2,1,1993,0,0,12,0,0,32,0,19,0,0
420353,1,1,1993,0,0,0,0,0,0,0,0,0,0
420353,2,1,1993,0,0,0,0,0,0,0,0,0,0
420354,1,1,1993,0,0,0,0,0,0,0,0,0,0
420354,2,1,1993,0,0,0,0,0,0,0,0,0,0
420355,1,1,1993,0,0,0,0,0,0,0,0,0,0
420355,2,1,1993,0,0,0,0,0,0,0,0,0,0
420356,1,1,1993,0,0,0,0,0,0,0,0,0,0
420356,2,1,1993,0,0,0,0,0,0,0,0,0,0
420357,1,1,1993,20,20,20,20,20,20,20,20,20,20
420357,2,1,1993,0,0,0,0,0,0,0,0,0,0
420358,1,1,1993,20,20,20,20,20,20,20,20,20,20
420359,1,1,1993,0,0,20,0,2,0,0,0,0,0
420359,2,1,1993,0,0,0,0,0,0,0,0,0,0
420360,1,1,1993,29,29,29,29,29,29,29,29,29,29
420361,1,1,1993,0,0,0,0,0,0,0,0,0,0
420361,2,1,1993,0,0,0,18,0,0,0,0,0,0
420362,0,1,1993,0,0,0,0,0,0,0,0,0,0
420362,1,1,1993,0,0,0,0,0,0,0,0,0,0
420363,0,1,1993,0,0,16,0,0,0,27,0,16,0
420363,1,1,1993,0,0,0,4,0,0,2,0,0,0
420364,1,1,1993,0,0,0,0,0,0,0,0,0,0
420364,2,1,1993,0,0,0,0,0,0,13,0,0,0
420365,1,1,1993,0,0,0,0,0,0,0,0,0,0
420365,2,1,1993,0,0,0,0,0,0,0,0,0,0
420366,1,1,1993,0,0,0,0,0,0,0,0,0,0
420366,2,1,1993,0,0,0,0,0,0,0,0,0,0
420367,1,1,1993,0,0,0,0,0,0,0,0,0,0
420367,2,1,1993,0,0,0,0,0,0,0,0,0,0
420368,1,1,1993,0,0,0,0,0,0,0,0,0,0
420368,2,1,1993,0,0,0,0,0,0,0,0,0,0
420368,3,1,1993,0,0,0,0,0,0,0,0,0,0
420368,4,1,1993,0,15,0,0,0,0,0,0,0,0
420368,5,1,1993,0,0,0,0,0,12,0,0,0,9
420368,6,1,1993,0,0,0,0,0,0,0,0,0,0
420368,7,1,1993,0,0,0,0,0,0,0,0,0,0
420369,1,1,1993,0,0,0,0,0,0,0,0,0,0
420369,2,1,1993,0,0,0,0,0,0,0,0,0,0
420370,0,1,1993,31,31,31,31,31,31,31,31,31,31
420370,0,2,1993,0,34,8,25,9,24,0,22,0,3
420370,1,1,1993,0,0,0,0,0,0,0,0,20,21
420371,1,1,1993,8,8,8,8,8,8,8,8,8,8
420372,0,1,1993,31,31,31,31,31,31,31,31,31,31
420372,1,1,1993,0,0,0,0,0,0,8,0,0,0
420373,0,1,1993,0,0,0,0,0,0,0,0,0,0
420373,1,1,1993,0,0,0,0,0,0,0,0,0,0
420374,0,1,1993,0,0,0,0,0,0,0,0,0,0
420374,1,1,1993,0,0,0,0,0,0,0,0,0,0
420375,0,1,1993,26,0,38,13,24,14,0,15,0,0
420375,1,1,1993,0,13,0,0,0,0,0,0,0,0
420376,0,1,1993,0,0,0,0,0,0,0,0,0,0
420376,1,1,1993,0,0,0,8,0,0,24,0,12,0
420377,0,1,1993,0,0,0,0,0,0,0,0,0,0
420377,1,1,1993,19,0,0,0,0,20,11,18,0,16
420378,0,1,1993,2,2,2,2,2,2,2,2,2,2
420378,1,1,1993,0,0,0,0,0,0,0,0,0,13
420379,0,1,1993,0,0,0,0,0,0,0,0,0,0
420379,1,1,1993,0,3,0,0,27,0,15,18,0,0
420380,1,1,1993,0,0,0,0,0,0,0,0,0,0
420380,2,1,1993,0,0,0,0,0,0,0,0,0,0
420380,3,1,1993,0,0,0,0,0,0,0,22,24,0
420380,4,1,1993,0,0,0,0,0,0,0,0,0,0
420380,5,1,1993,0,0,0,0,0,0,0,0,0,0
420380,6,1,1993,0,0,0,0,0,15,0,0,0,0
420380,7,1,1993,0,0,0,0,0,0,0,0,0,0
420380,8,1,1993,0,5,0,0,0,0,0,0,0,0
420381,1,1,1993,0,0,0,0,0,0,0,0,0,0
420381,2,1,1993,0,0,0,0,0,0,0,0,0,0
420381,3,1,1993,0,0,0,0,0,0,0,0,0,0
420382,0,1,1993,0,0,0,0,0,0,0,0,0,0
420382,1,1,1993,0,0,0,0,19,0,0,0,0,0
420383,1,1,1993,32,32,32,32,32,32,32,32,32,32
420383,2,1,1993,0,0,23,21,0,18,0,0,4,0
420384,1,1,1993,0,0,0,0,0,0,0,0,0,0
420384,2,1,1993,0,0,0,0,0,0,0,0,0,0
420385,1,1,1993,0,0,0,0,0,0,0,0,0,0
420386,1,1,1993,25,6,9,5,19,15,5,9,9,8
420387,1,1,1993,16,16,16,16,16,16,16,16,16,16