ST_CASE,VEH_NO,PER_NO,YEAR,P1,P2,P3,P4,P5,P6,P7,P8,P9,P10
420388,1,1,1993,0,0,0,0,0,0,0,0,0,0
420388,2,1,1993,0,0,0,0,0,0,0,0,0,0
420389,1,1,1993,0,0,0,0,0,0,0,0,0,0
420390,1,1,1993,19,19,19,19,19,19,19,19,19,19
420391,1,1,1993,29,29,29,29,29,29,29,29,29,29
420392,1,1,1993,0,0,0,0,0,0,0,0,0,0
420392,2,1,1993,7,7,7,7,7,7,7,7,7,7
420393,1,1,1993,29,29,29,29,29,29,29,29,29,29
420394,1,1,1993,21,21,21,21,21,21,21,21,21,21
420395,1,1,1993,0,0,0,0,0,0,0,0,0,0
420395,2,1,1993,0,0,0,0,0,0,0,0,0,0
420396,1,1,1993,1,1,1,1,1,1,1,1,1,1
420397,1,1,1993,13,13,13,13,13,13,13,13,13,13
420398,1,1,1993,0,0,0,0,0,0,0,0,0,0
420398,2,1,1993,0,0,0,14,8,0,0,0,0,0
420399,1,1,1993,0,0,0,0,0,0,0,0,0,0
420399,2,1,1993,0,0,0,0,0,0,0,0,0,0
420400,1,1,1993,0,0,0,0,0,0,0,6,0,0
420400,2,1,1993,0,0,0,0,0,0,0,0,0,0
420401,1,1,1993,0,0,0,0,0,0,0,0,0,0
420401,2,1,1993,0,0,0,0,0,0,0,0,0,0
420402,1,1,1993,9,9,9,9,9,9,9,9,9,9
420403,1,1,1993,0,9,0,0,0,0,0,0,0,0
420403,2,1,1993,0,0,0,0,0,0,0,0,0,0
420404,1,1,1993,0,0,0,0,0,0,0,0,0,0
420404,2,1,1993,0,0,0,0,0,0,0,0,0,0
420405,1,1,1993,0,0,0,0,20,0,25,0,0,15
420406,1,1,1993,0,0,0,0,0,0,0,0,0,0
420406,2,1,1993,0,0,0,0,0,0,0,0,0,0
420407,1,1,1993,6,17,17,15,9,16,0,22,32,6
420407,2,1,1993,0,0,27,0,0,0,0,0,0,0
420408,1,1,1993,0,0,0,0,0,0,0,0,0,0
420408,2,1,1993,0,0,0,0,0,0,0,0,0,0
420409,0,1,1993,0,0,0,0,0,0,0,0,0,0
420409,0,2,1993,0,0,0,0,0,0,0,0,0,0
420409,1,1,1993,0,0,14,0,0,14,0,0,0,0
420410,1,1,1993,0,23,0,0,0,0,0,0,0,0
420410,2,1,1993,0,0,0,0,0,0,0,0,0,0
420411,1,1,1993,0,0,0,0,0,0,0,0,0,0
420411,2,1,1993,8,16,3,0,0,0,0,0,0,0
420412,1,1,1993,13,13,13,13,13,13,13,13,13,13
420413,1,1,1993,0,0,0,0,0,0,0,0,0,0
420414,1,1,1993,0,0,0,0,0,0,0,0,0,0
420414,2,1,1993,0,0,0,11,0,0,0,0,16,0
420415,1,1,1993,16,16,16,16,16,16,16,16,16,16
420416,1,1,1993,17,17,17,17,17,17,17,17,17,17
420417,0,1,1993,0,0,0,0,0,0,0,0,0,0
420417,1,1,1993,0,0,0,0,0,0,0,0,0,0
420418,1,1,1993,57,57,57,57,57,57,57,57,57,57
420418,2,1,1993,0,0,0,0,0,0,0,0,0,0
420420,1,1,1993,0,0,0,0,0,0,0,0,0,0
420421,1,1,1993,0,0,0,0,0,0,0,0,0,0
420422,1,1,1993,0,0,0,0,0,0,0,0,0,0
420423,1,1,1993,20,20,20,20,20,20,20,20,20,20
420424,1,1,1993,18,18,18,18,18,18,18,18,18,18
420425,1,1,1993,16,16,16,16,16,16,16,16,16,16
420425,2,1,1993,0,15,0,0,0,0,0,0,0,0
420426,1,1,1993,0,0,0,0,0,0,0,0,0,0
420427,1,1,1993,0,0,0,0,0,0,0,0,0,0
420427,2,1,1993,12,12,0,3,6,0,11,17,0,0
420428,1,1,1993,0,0,0,0,0,0,0,0,0,0
420428,2,1,1993,0,0,0,0,0,0,0,0,0,0
420429,1,1,1993,16,16,16,16,16,16,16,16,16,16
420430,1,1,1993,0,0,0,0,0,0,0,0,0,0
420430,2,1,1993,0,0,0,0,0,0,0,12,0,0
420431,1,1,1993,31,31,31,31,31,31,31,31,31,31
420432,1,1,1993,0,0,0,0,0,0,0,0,0,0
420432,2,1,1993,0,0,0,0,0,0,0,0,6,0
420433,1,1,1993,27,27,27,27,27,27,27,27,27,27
420433,2,1,1993,0,0,8,0,0,0,11,0,0,0
420433,3,1,1993,0,0,0,0,0,0,0,0,0,0
420434,1,1,1993,0,0,0,0,0,0,0,0,0,0
420435,1,1,1993,0,0,0,0,0,0,0,0,0,0
420436,0,1,1993,13,13,13,13,13,13,13,13,13,13
420436,1,1,1993,0,10,17,0,0,0,0,0,0,0
420436,2,1,1993,11,0,0,0,0,0,0,0,0,23
420436,3,1,1993,0,0,0,0,0,0,0,0,0,0
420437,1,1,1993,0,0,0,0,0,0,0,0,0,0
420438,1,1,1993,0,0,0,0,0,0,0,0,0,0
420438,2,1,1993,0,0,0,0,0,0,0,0,0,0
420440,1,1,1993,14,9,0,17,23,12,18,14,11,7
420440,2,1,1993,0,0,0,0,0,0,0,0,0,0
420441,1,1,1993,0,0,0,0,0,0,0,0,0,0
420442,1,1,1993,24,24,24,24,24,24,24,24,24,24
420444,1,1,1993,0,0,0,0,0,0,0,0,0,0
420444,2,1,1993,0,0,0,0,0,0,0,0,0,0
420445,1,1,1993,17,17,17,17,17,17,17,17,17,17
420446,1,1,1993,0,0,0,0,0,0,0,0,0,0
420446,2,1,1993,0,0,0,0,0,0,0,0,0,0
420447,1,1,1993,0,0,0,0,0,0,0,0,0,0
420448,1,1,1993,0,0,0,0,0,0,0,0,0,0
420449,1,1,1993,19,19,19,19,19,19,19,19,19,19
420450,1,1,1993,21,21,21,21,21,21,21,21,21,21
420451,1,1,1993,0,0,0,0,0,0,0,0,0,0
420451,2,1,1993,0,0,0,0,0,6,0,5,0,0
420452,1,1,1993,13,13,13,13,13,13,13,13,13,13
420452,2,1,1993,0,0,0,0,0,0,0,0,0,0
420453,1,1,1993,0,0,0,0,0,0,0,0,0,0
420454,1,1,1993,8,0,0,12,0,0,13,0,14,5
420455,1,1,1993,12,12,12,12,12,12,12,12,12,12
420456,1,1,1993,20,20,20,20,20,20,20,20,20,20
420457,1,1,1993,19,19,19,19,19,19,19,19,19,19
420457,2,1,1993,0,0,0,0,0,0,0,0,0,0
420458,0,1,1993,16,16,16,16,16,16,16,16,16,16
420458,0,2,1993,0,13,8,18,17,12,23,0,27,5
420458,1,1,1993,0,0,0,0,0,0,0,0,0,0
420459,0,1,1993,0,0,0,0,0,0,0,0,0,0
420459,0,2,1993,37,28,15,24,16,8,15,0,19,0
420459,0,3,1993,0,0,0,0,0,0,0,0,0,0
420459,1,1,1993,0,0,0,0,0,0,0,0,0,0
420460,1,1,1993,0,0,0,0,0,0,0,0,0,0
420460,2,1,1993,0,0,0,0,0,0,0,0,0,0
420461,1,1,1993,0,0,0,0,0,0,0,0,0,0
420461,2,1,1993,0,0,0,0,0,0,0,0,0,0
420462,0,1,1993,3,3,3,3,3,3,3,3,3,3
420462,1,1,1993,19,19,19,19,19,19,19,19,19,19
420463,1,1,1993,0,0,0,0,0,0,0,0,0,0
420463,2,1,1993,0,0,0,0,0,0,0,0,0,0
420464,0,1,1993,0,0,0,0,0,0,0,0,0,0
420464,1,1,1993,0,0,0,0,0,0,0,0,0,0
420465,1,1,1993,0,0,0,0,0,0,0,0,0,0
420465,2,1,1993,0,0,0,0,0,0,0,0,0,0
420466,1,1,1993,13,17,23,20,0,15,0,0,15,0
420467,0,1,1993,0,0,0,0,0,0,0,0,0,0
420467,1,1,1993,5,5,5,5,5,5,5,5,5,5
420468,1,1,1993,0,0,0,0,0,0,0,0,0,0
420468,2,1,1993,0,0,0,0,0,0,0,0,0,0
420468,3,1,1993,19,19,19,19,19,19,19,19,19,19
420469,1,1,1993,0,0,0,0,0,0,0,0,0,0
420469,2,1,1993,0,0,0,0,0,0,0,0,0,0
420470,1,1,1993,0,0,0,15,17,0,0,26,12,14
420471,1,1,1993,0,23,0,0,0,0,0,0,0,16
420471,2,1,1993,0,0,0,0,0,0,0,0,0,0
420472,1,1,1993,0,0,0,0,0,0,0,0,0,0
420472,2,1,1993,0,0,0,0,0,0,0,0,0,0
420472,3,1,1993,0,0,0,0,0,0,0,0,0,0
420473,1,1,1993,12,12,12,12,12,12,12,12,12,12
420475,0,1,1993,27,19,17,20,0,32,0,15,34,26
420475,1,1,1993,0,0,0,0,0,0,0,0,0,0
420476,1,1,1993,0,0,0,0,0,0,0,0,0,0
420476,2,1,1993,0,0,0,0,0,0,0,0,0,0
420477,1,1,1993,11,11,11,11,11,11,11,11,11,11
420478,1,1,1993,0,0,0,0,0,0,0,0,0,0
420479,1,1,1993,0,0,0,0,0,0,0,0,0,0
420479,2,1,1993,0,0,0,0,0,0,0,0,0,0
420480,1,1,1993,0,0,0,0,0,0,0,0,0,0
420481,1,1,1993,18,18,18,18,18,18,18,18,18,18
420482,1,1,1993,9,9,9,9,9,9,9,9,9,9
420482,2,1,1993,0,0,0,0,0,0,0,0,0,0
420483,1,1,1993,0,0,0,0,0,0,0,0,0,0
420483,2,1,1993,0,0,0,0,0,0,0,0,0,0
420483,3,1,1993,0,8,0,0,0,0,0,0,0,0
420484,1,1,1993,22,22,22,22,22,22,22,22,22,22
420484,2,1,1993,0,0,0,0,0,0,0,0,0,0
420485,1,1,1993,0,0,0,0,0,0,0,0,0,0
420486,1,1,1993,4,31,0,9,0,0,0,0,0,0
420486,2,1,1993,5,5,5,5,5,5,5,5,5,5
420487,0,1,1993,0,0,0,0,0,0,0,0,0,0
420487,1,1,1993,0,0,0,0,0,0,0,0,0,0
420488,0,1,1993,21,21,21,21,21,21,21,21,21,21
420488,1,1,1993,0,0,0,0,0,0,0,0,0,0
420489,1,1,1993,0,0,0,0,0,0,0,0,0,0
420489,2,1,1993,0,0,0,0,0,0,0,0,0,0
420490,1,1,1993,0,0,0,0,0,0,0,0,0,0
420490,2,1,1993,0,0,0,0,0,0,0,0,0,0
420491,0,2,1993,12,14,11,3,21,0,29,9,15,30
420491,0,3,1993,27,31,16,20,24,0,9,18,31,0
420491,1,1,1993,0,0,0,0,0,0,0,0,0,0
420492,0,1,1993,0,0,13,0,0,0,0,0,0,15
420492,1,1,1993,0,0,4,0,23,0,0,0,0,0
420493,1,1,1993,0,0,0,0,21,0,0,7,19,15
420493,2,1,1993,0,0,0,0,0,0,0,0,0,0
420494,0,1,1993,12,12,12,12,12,12,12,12,12,12
420494,1,1,1993,7,20,18,17,11,21,17,13,4,29
420494,2,1,1993,0,0,9,0,0,0,0,0,0,15
420495,1,1,1993,0,0,0,0,0,0,0,0,0,0
420495,2,1,1993,0,0,0,0,0,0,0,0,0,0
420496,0,1,1993,0,18,4,0,0,0,24,14,0,0
420496,0,2,1993,0,0,21,0,16,0,0,7,21,0
420496,0,3,1993,0,0,0,0,22,21,0,0,0,0
420496,0,4,1993,0,0,0,0,0,0,0,0,0,0
420496,0,5,1993,0,0,0,11,16,0,0,0,0,0
420496,1,1,1993,0,0,0,0,0,0,0,0,0,0
420498,1,1,1993,29,29,29,29,29,29,29,29,29,29
420498,2,1,1993,0,0,0,0,0,0,0,0,0,0
420498,3,1,1993,0,0,0,0,0,0,0,0,0,0
420499,0,1,1993,0,0,0,0,0,0,0,0,0,0
420499,1,1,1993,0,0,0,0,0,0,0,0,0,0
420500,1,1,1993,0,0,0,0,0,14,0,0,7,6
420501,1,1,1993,0,0,0,0,0,0,0,0,0,0
420501,2,1,1993,0,0,0,0,0,0,0,0,0,0
420502,1,1,1993,0,0,0,0,0,0,0,0,0,0
420502,2,1,1993,0,0,0,0,0,0,0,0,0,0
420503,0,1,1993,0,0,0,0,0,0,0,0,0,0
420503,1,1,1993,0,0,0,0,31,0,0,0,0,0
420504,0,1,1993,0,0,0,0,0,0,0,0,0,0
420504,1,1,1993,19,0,0,0,0,0,0,0,0,0
420505,0,1,1993,0,0,0,0,0,0,0,0,0,0
420505,0,2,1993,10,22,0,22,19,11,0,27,8,0
420505,1,1,1993,0,0,0,0,0,0,0,0,0,0
420506,0,1,1993,0,0,0,0,0,0,0,0,0,0
420506,1,1,1993,0,0,0,0,0,0,0,0,0,0
420507,1,1,1993,28,28,28,28,28,28,28,28,28,28
420507,2,1,1993,0,0,0,0,0,0,0,0,0,0
420508,1,1,1993,0,0,0,0,0,0,0,0,0,0
420508,2,1,1993,0,0,0,0,0,0,0,0,0,0
420509,1,1,1993,0,0,0,0,0,0,0,0,0,0
420510,1,1,1993,5,5,5,5,5,5,5,5,5,5
420510,2,1,1993,0,0,0,0,0,0,0,0,0,0
420511,1,1,1993,0,0,0,0,0,0,0,0,0,0
420513,1,1,1993,0,0,0,0,0,0,0,0,0,0
420513,2,1,1993,0,0,0,0,0,0,0,0,0,0
420514,1,1,1993,0,0,0,0,0,0,0,0,0,0
420515,1,1,1993,12,12,12,12,12,12,12,12,12,12
420516,1,1,1993,12,12,12,12,12,12,12,12,12,12
420516,2,1,1993,2,2,2,2,2,2,2,2,2,2
420517,1,1,1993,0,0,0,0,0,0,0,0,0,0
420517,2,1,1993,0,0,0,0,0,0,0,0,0,0
420518,1,1,1993,0,0,0,0,0,0,0,0,0,0
420518,2,1,1993,4,26,0,9,19,4,0,0,0,0
420519,1,1,1993,0,0,0,0,0,0,0,0,0,0
420520,1,1,1993,14,14,14,14,14,14,14,14,14,14
420521,1,1,1993,0,0,0,0,0,0,0,0,0,0
420521,2,1,1993,0,0,0,0,0,0,0,0,0,0
420522,1,1,1993,7,7,7,7,7,7,7,7,7,7
420523,1,1,1993,0,0,0,0,0,0,0,0,0,0
420523,2,1,1993,0,0,0,0,0,0,0,0,0,0
420524,1,1,1993,15,15,15,15,15,15,15,15,15,15
420524,2,1,1993,0,0,0,0,0,0,0,0,0,0
420525,1,1,1993,18,18,18,18,18,18,18,18,18,18
420526,0,1,1993,15,24,16,0,16,21,0,23,18,0
420526,1,1,1993,0,0,0,0,0,0,0,0,0,0
420526,3,1,1993,0,0,0,0,0,0,0,0,0,0
420526,4,1,1993,0,0,0,0,0,0,0,0,0,0
420527,1,1,1993,42,42,42,42,42,42,42,42,42,42
420528,0,1,1993,0,0,0,0,0,0,0,0,0,0
420528,1,1,1993,0,0,0,0,0,0,0,0,0,0
420529,1,1,1993,4,4,4,4,4,4,4,4,4,4
420530,1,1,1993,15,15,15,15,15,15,15,15,15,15
420531,1,1,1993,0,0,0,0,0,0,0,0,0,0
420531,2,1,1993,0,0,0,0,0,0,0,0,0,0
420532,1,1,1993,0,0,0,0,0,0,0,0,0,0
420532,2,1,1993,0,0,0,0,0,0,0,0,0,0
420533,0,1,1993,0,0,0,0,0,0,0,0,0,0
420533,1,1,1993,0,0,0,0,0,0,0,0,0,0
420534,1,1,1993,14,14,14,14,14,14,14,14,14,14
420534,2,1,1993,0,0,0,0,0,0,0,0,0,0
420535,1,1,1993,0,0,0,0,0,0,0,0,0,0
420535,2,1,1993,0,0,0,0,0,0,0,0,0,0
420536,1,1,1993,0,0,0,0,12,0,20,0,0,0
420537,1,1,1993,0,0,0,0,0,0,0,0,0,0
420537,2,1,1993,0,0,0,0,0,0,0,0,0,0
420538,1,1,1993,20,20,20,20,20,20,20,20,20,20
420539,1,1,1993,0,0,0,0,0,0,0,0,0,0
420539,2,1,1993,12,12,12,12,12,12,12,12,12,12
420540,1,1,1993,10,10,10,10,10,10,10,10,10,10
420541,1,1,1993,0,0,0,0,0,0,0,0,0,6
420541,2,1,1993,0,0,17,0,0,0,0,0,0,23
420542,1,1,1993,0,0,0,0,0,0,0,0,0,0
420542,2,1,1993,0,0,3,0,0,0,0,22,0,0
420543,0,1,1993,27,33,9,22,0,36,13,20,27,0
420543,1,1,1993,0,0,0,0,0,19,0,0,0,0
420544,1,1,1993,0,0,0,0,0,0,0,0,0,0
420545,1,1,1993,12,12,12,12,12,12,12,12,12,12
420545,2,1,1993,0,0,0,14,25,0,0,0,0,0
420545,3,1,1993,0,0,0,0,0,15,0,0,0,0
420546,0,1,1993,0,23,9,0,0,17,0,0,23,15
420546,1,1,1993,12,0,0,0,0,16,21,6,14,5
420547,0,1,1993,10,10,10,10,10,10,10,10,10,10
420547,1,1,1993,11,11,11,11,11,11,11,11,11,11
420548,1,1,1993,27,27,27,27,27,27,27,27,27,27
420549,1,1,1993,0,0,0,0,0,0,0,0,0,0
420549,2,1,1993,0,0,0,0,0,0,0,0,0,0
420550,0,1,1993,0,0,0,0,0,24,0,0,0,0
420550,0,2,1993,0,0,0,0,0,0,0,0,0,0
420550,0,3,1993,0,0,0,0,0,0,0,0,0,0
420550,1,1,1993,0,0,0,0,0,0,0,0,0,0
420551,1,1,1993,0,0,0,0,0,0,0,0,0,0
420551,2,1,1993,0,0,0,0,0,0,0,0,0,0
420551,3,1,1993,0,0,0,0,0,0,0,0,0,0
420552,1,1,1993,0,0,0,0,0,0,0,0,0,0
420552,2,1,1993,0,0,0,0,0,0,0,0,0,0
420553,1,1,1993,0,0,0,0,0,0,0,0,0,0
420553,2,1,1993,0,0,0,0,0,0,0,0,0,0
420554,1,1,1993,0,0,0,0,0,0,0,0,0,0
420554,2,1,1993,0,0,0,0,0,0,0,0,0,0
420555,1,1,1993,0,0,0,0,0,0,0,0,0,0
420555,2,1,1993,0,0,0,0,0,0,0,0,0,0
420556,1,1,1993,0,0,0,0,0,0,0,0,0,0
420556,2,1,1993,0,0,0,0,0,0,0,0,0,0
420557,1,1,1993,0,0,0,0,0,0,0,0,0,0
420557,2,1,1993,0,0,0,0,0,0,0,0,0,0
420558,1,1,1993,0,0,5,0,8,0,0,0,0,16
420559,1,1,1993,0,0,0,0,0,0,0,0,0,0
420560,1,1,1993,0,0,0,0,0,0,0,0,0,0
420560,2,1,1993,0,0,0,0,0,0,0,0,0,0
420562,1,1,1993,20,20,20,20,20,20,20,20,20,20
420563,1,1,1993,16,16,16,16,16,16,16,16,16,16
420564,1,1,1993,0,0,0,0,0,0,0,0,0,0
420564,2,1,1993,6,6,6,6,6,6,6,6,6,6
420565,1,1,1993,32,32,32,32,32,32,32,32,32,32
420566,1,1,1993,10,10,10,10,10,10,10,10,10,10
420567,1,1,1993,0,0,0,0,0,0,0,0,0,0
420568,1,1,1993,27,27,27,27,27,27,27,27,27,27
420569,1,1,1993,0,7,15,17,26,26,6,11,0,0
420570,1,1,1993,19,19,19,19,19,19,19,19,19,19
420571,0,1,1993,0,0,0,0,0,0,0,0,0,0
420571,1,1,1993,18,18,18,18,18,18,18,18,18,18
420572,1,1,1993,0,0,0,0,0,0,0,0,0,0
420573,1,1,1993,0,0,0,0,0,0,0,0,0,0
420574,1,1,1993,24,24,24,24,24,24,24,24,24,24
420575,0,1,1993,0,0,0,0,0,0,0,0,0,0
420575,1,1,1993,0,0,0,0,0,0,0,0,0,0
420576,1,1,1993,21,21,21,21,21,21,21,21,21,21
420577,1,1,1993,0,0,0,0,0,0,0,0,0,0
420577,2,1,1993,0,0,0,0,0,0,0,0,0,0
420578,1,1,1993,0,0,0,0,0,0,0,0,0,0
420578,2,1,1993,10,0,0,0,0,0,0,0,0,0
420579,1,1,1993,12,12,12,12,12,12,12,12,12,12
420580,1,1,1993,0,0,0,0,0,0,0,0,0,0
420580,2,1,1993,0,0,0,0,0,0,0,0,0,0
420581,1,1,1993,0,0,0,0,0,0,0,0,0,0
420582,1,1,1993,0,0,0,0,0,0,0,0,0,0
420582,2,1,1993,0,0,0,0,0,0,0,0,0,0
420583,1,1,1993,0,0,0,0,0,0,0,0,0,0
420584,0,1,1993,10,10,10,10,10,10,10,10,10,10
420584,1,1,1993,0,0,0,0,0,0,0,0,0,0
420584,2,1,1993,25,36,0,13,4,0,0,10,0,19
420585,1,1,1993,25,25,25,25,25,25,25,25,25,25
420586,0,1,1993,0,0,0,0,0,0,0,0,0,0
420586,1,1,1993,0,0,0,0,0,0,0,0,0,0
420587,1,1,1993,7,7,7,7,7,7,7,7,7,7
420588,1,1,1993,0,0,0,0,0,0,0,0,0,0
420588,2,1,1993,0,0,0,0,0,0,0,0,0,0
420589,1,1,1993,0,0,0,0,0,0,0,0,0,0
420589,2,1,1993,0,0,0,0,0,3,0,0,0,0
420589,3,1,1993,0,0,15,0,0,0,0,0,0,0
420590,1,1,1993,0,0,0,0,0,0,0,0,0,0
420590,2,1,1993,0,0,0,0,0,7,0,0,0,0
420590,3,1,1993,0,0,0,0,0,0,0,0,0,0
420590,4,1,1993,0,0,0,0,0,0,0,0,0,0
420591,1,1,1993,0,0,0,0,0,0,0,0,0,0
420591,2,1,1993,0,0,0,0,0,0,0,0,0,0
420592,0,1,1993,0,0,0,0,0,0,0,0,0,0
420592,1,1,1993,0,0,0,0,0,0,0,0,0,0
420593,0,1,1993,22,35,21,0,0,0,0,0,0,0
420593,1,1,1993,10,10,10,10,10,10,10,10,10,10
420594,1,1,1993,0,0,4,0,0,0,0,0,0,0
420594,2,1,1993,0,0,0,0,0,0,0,0,0,0
420595,1,1,1993,0,0,0,0,0,0,0,0,0,0
420595,2,1,1993,0,0,0,0,0,0,0,0,0,0
420596,0,1,1993,0,0,0,0,0,0,0,0,0,0
420596,1,1,1993,0,0,0,0,0,0,0,0,0,0
420597,1,1,1993,21,21,21,21,21,21,21,21,21,21
420597,2,1,1993,0,11,16,2,9,19,0,0,0,13
420598,0,1,1993,0,0,0,0,0,0,0,0,0,0
420598,1,1,1993,8,0,14,0,0,7,0,0,11,0
420599,1,1,1993,20,20,20,20,20,20,20,20,20,20
420599,2,1,1993,12,15,0,23,0,25,20,0,0,0
420600,1,1,1993,0,0,0,0,0,0,0,0,0,0
420601,1,1,1993,13,0,0,0,0,0,0,0,0,0
420601,2,1,1993,0,0,0,0,0,0,0,0,0,0
420602,1,1,1993,13,13,13,13,13,13,13,13,13,13
420602,2,1,1993,0,0,0,0,0,0,0,0,0,0
420603,0,1,1993,0,49,0,12,0,0,35,0,0,0
420603,1,1,1993,0,0,0,0,0,0,0,0,14,0
420604,1,1,1993,8,8,8,8,8,8,8,8,8,8
420605,0,1,1993,23,0,26,24,0,0,0,0,0,32
420605,1,1,1993,0,0,0,0,0,6,0,0,0,0
420607,1,1,1993,12,12,12,12,12,12,12,12,12,12
420608,1,1,1993,0,0,0,0,0,0,0,0,0,0
420609,1,1,1993,27,27,27,27,27,27,27,27,27,27
420610,1,1,1993,0,0,0,0,0,0,0,0,0,0
420611,1,1,1993,12,12,12,12,12,12,12,12,12,12
420612,1,1,1993,0,0,14,0,0,0,0,0,0,0
420613,1,1,1993,0,0,12,0,15,22,0,23,24,20
420613,2,1,1993,0,0,0,0,0,13,12,6,0,0
420614,1,1,1993,12,12,12,12,12,12,12,12,12,12
420615,1,1,1993,0,0,0,0,0,0,0,0,0,0
420615,2,1,1993,0,0,2,0,0,0,0,0,0,16
420616,1,1,1993,0,0,0,0,0,0,0,0,0,0
420617,1,1,1993,0,0,0,0,0,0,0,0,0,0
420619,1,1,1993,0,0,0,0,0,0,0,0,0,0
420619,2,1,1993,0,0,0,0,0,0,0,0,0,0
420619,3,1,1993,0,0,0,0,0,0,0,0,0,0
420620,1,1,1993,0,0,0,0,0,0,0,0,0,0
420620,2,1,1993,0,0,0,0,0,0,0,0,0,0
420621,1,1,1993,30,30,30,30,30,30,30,30,30,30
420622,1,1,1993,0,0,0,0,0,0,0,0,0,0
420622,2,1,1993,0,0,0,0,0,0,0,0,0,0
420623,1,1,1993,18,18,18,18,18,18,18,18,18,18
420624,1,1,1993,18,18,18,18,18,18,18,18,18,18
420625,1,1,1993,24,24,24,24,24,24,24,24,24,24
420626,1,1,1993,0,0,0,0,0,0,0,0,0,0
420627,1,1,1993,0,0,0,0,0,0,0,0,0,0
420627,2,1,1993,0,0,0,0,0,0,0,0,0,0
420628,1,1,1993,0,0,21,19,27,11,0,19,24,22
420629,0,1,1993,0,0,16,0,17,0,0,14,0,0
420629,1,1,1993,0,0,6,0,24,9,3,0,0,0
420630,1,1,1993,12,12,12,12,12,12,12,12,12,12
420631,1,1,1993,5,18,3,5,12,23,10,25,20,2
420631,2,1,1993,0,0,0,0,0,0,0,0,0,0
420632,1,1,1993,0,0,0,0,17,0,0,0,0,0
420632,2,1,1993,0,0,0,0,0,0,0,0,0,0
420633,1,1,1993,16,16,16,16,16,16,16,16,16,16
420633,2,1,1993,0,0,0,0,0,0,0,0,0,0
420634,1,1,1993,0,0,0,0,0,0,0,0,7,0
420635,0,1,1993,0,0,0,0,0,0,0,0,0,0
420635,1,1,1993,0,0,0,0,0,0,0,0,0,0
420636,1,1,1993,0,0,0,0,0,0,0,0,0,0
420636,2,1,1993,0,0,0,0,0,0,0,0,14,22
420637,1,1,1993,0,0,0,0,0,0,0,0,0,0
420637,2,1,1993,14,14,14,14,14,14,14,14,14,14
420637,3,1,1993,0,6,26,13,0,13,18,22,11,24
420637,4,1,1993,0,0,0,0,0,0,0,0,0,0
420637,5,1,1993,0,0,0,0,0,9,0,0,0,0
420638,0,1,1993,0,0,0,0,0,0,0,0,0,0
420638,1,1,1993,0,0,0,0,5,0,0,0,0,4
420640,0,1,1993,28,28,28,28,28,28,28,28,28,28
420640,1,1,1993,0,0,11,15,0,0,0,0,0,20
420641,1,1,1993,19,19,19,19,19,19,19,19,19,19
420642,1,1,1993,20,20,20,20,20,20,20,20,20,20
420643,1,1,1993,26,26,26,26,26,26,26,26,26,26
420644,1,1,1993,0,0,0,0,0,0,0,0,0,0
420644,2,1,1993,0,0,0,10,0,0,0,0,0,0
420645,1,1,1993,19,19,19,19,19,19,19,19,19,19
420646,1,1,1993,15,15,15,15,15,15,15,15,15,15
420647,1,1,1993,22,22,22,22,22,22,22,22,22,22
420647,2,1,1993,0,0,0,0,0,0,0,0,0,0
420648,1,1,1993,35,35,35,35,35,35,35,35,35,35
420649,0,1,1993,0,0,0,0,0,0,0,0,0,0
420649,1,1,1993,2,0,0,0,0,0,0,0,0,0
420650,1,1,1993,0,0,0,0,0,0,0,0,0,0
420650,2,1,1993,0,0,0,0,0,0,0,0,0,0
420651,1,1,1993,0,0,0,0,0,0,0,0,0,0
420652,1,1,1993,0,0,0,0,0,0,0,0,0,0
420652,2,1,1993,0,0,0,0,0,0,0,0,0,0
420653,1,1,1993,0,0,0,0,0,0,0,0,0,0
420653,2,1,1993,0,0,0,0,0,0,0,0,0,0
420654,1,1,1993,0,0,0,0,0,0,0,0,0,0
420654,2,1,1993,0,0,0,0,0,0,0,0,0,0
420655,1,1,1993,16,16,16,16,16,16,16,16,16,16
420656,1,1,1993,0,0,0,0,0,0,0,0,0,0
420656,2,1,1993,0,0,0,0,0,0,0,0,0,0
420657,1,1,1993,19,19,19,19,19,19,19,19,19,19
420658,1,1,1993,0,0,0,0,0,0,0,0,0,0
420659,1,1,1993,20,20,20,20,20,20,20,20,20,20
420660,1,1,1993,0,0,0,0,0,0,0,0,0,0
420661,1,1,1993,19,19,19,19,19,19,19,19,19,19
420661,2,1,1993,0,0,0,0,14,0,0,0,0,0
420662,1,1,1993,14,14,14,14,14,14,14,14,14,14
420662,2,1,1993,0,0,0,0,0,13,0,0,12,0
420663,1,1,1993,0,0,0,0,0,0,0,0,0,0
420664,1,1,1993,0,0,0,0,0,0,0,0,0,0
420665,1,1,1993,0,0,0,0,0,0,0,0,0,0
420665,2,1,1993,0,0,0,0,0,0,0,0,0,0
420665,3,1,1993,0,0,0,0,0,0,0,0,0,0
420666,0,1,1993,0,0,0,0,0,0,0,0,0,0
420666,1,1,1993,0,0,0,0,27,0,0,0,0,0