ST_CASE,VEH_NO,PER_NO,YEAR,P1,P2,P3,P4,P5,P6,P7,P8,P9,P10
420667,0,1,1993,0,0,0,0,0,0,0,0,0,0
420667,1,1,1993,6,6,6,6,6,6,6,6,6,6
420668,1,1,1993,0,0,0,0,0,0,0,0,0,0
420669,1,1,1993,3,0,0,0,0,0,0,0,0,0
420669,2,1,1993,0,0,0,0,0,0,0,0,0,0
420670,1,1,1993,0,0,0,0,0,0,0,0,0,0
420671,1,1,1993,18,18,18,18,18,18,18,18,18,18
420672,1,1,1993,11,11,24,0,20,12,18,29,20,0
420673,1,1,1993,0,0,0,0,0,0,0,0,0,0
420674,1,1,1993,0,0,0,0,0,0,0,0,0,0
420674,2,1,1993,1,1,1,1,1,1,1,1,1,1
420675,1,1,1993,8,8,8,8,8,8,8,8,8,8
420675,2,1,1993,0,0,0,0,0,0,0,9,0,0
420676,1,1,1993,11,11,11,11,11,11,11,11,11,11
420676,2,1,1993,6,6,6,6,6,6,6,6,6,6
420677,1,1,1993,16,16,16,16,16,16,16,16,16,16
420678,1,1,1993,29,29,29,29,29,29,29,29,29,29
420679,1,1,1993,0,0,0,0,0,0,0,0,0,0
420680,1,1,1993,0,0,0,0,0,0,0,0,0,0
420680,2,1,1993,0,0,0,0,0,0,0,0,0,0
420681,1,1,1993,0,0,0,0,0,0,0,0,0,0
420681,2,1,1993,7,5,2,9,0,8,15,7,21,2
420682,1,1,1993,0,0,0,0,0,0,0,0,0,0
420682,2,1,1993,0,0,0,7,0,0,0,0,32,0
420683,1,1,1993,26,26,26,26,26,26,26,26,26,26
420684,1,1,1993,16,16,16,16,16,16,16,16,16,16
420685,1,1,1993,22,13,15,23,11,14,18,22,12,9
420686,1,1,1993,4,4,4,4,4,4,4,4,4,4
420686,2,1,1993,0,0,0,0,0,0,0,0,0,0
420686,3,1,1993,0,0,0,0,0,0,0,0,0,0
420687,1,1,1993,18,18,18,18,18,18,18,18,18,18
420688,1,1,1993,0,0,0,0,0,0,0,0,0,0
420688,2,1,1993,0,0,0,0,0,0,0,0,0,0
420689,0,1,1993,0,0,0,0,0,0,0,0,0,0
420689,1,1,1993,0,0,0,0,0,0,0,0,0,0
420690,1,1,1993,0,0,0,0,0,0,0,0,0,0
420690,2,1,1993,0,0,0,0,0,0,0,0,0,0
420691,0,1,1993,0,0,0,0,31,0,0,0,0,0
420691,1,1,1993,0,0,0,0,0,0,0,20,0,0
420692,1,1,1993,18,18,18,18,18,18,18,18,18,18
420693,0,1,1993,0,0,0,0,0,0,0,0,0,0
420693,1,1,1993,0,0,0,0,0,0,0,0,0,0
420694,1,1,1993,4,4,4,4,4,4,4,4,4,4
420694,2,1,1993,0,16,0,0,18,0,0,0,0,0
420695,0,1,1993,9,0,0,0,0,0,0,0,0,0
420695,1,1,1993,0,0,0,15,0,0,0,0,0,0
420696,1,1,1993,28,28,28,28,28,28,28,28,28,28
420697,0,1,1993,0,0,0,0,0,0,0,0,0,0
420697,1,1,1993,0,0,0,0,0,0,0,0,0,0
420698,1,1,1993,0,0,0,0,0,0,0,0,0,0
420699,1,1,1993,0,0,0,0,0,0,0,0,0,0
420699,2,1,1993,0,0,0,0,0,0,0,0,0,0
420700,1,1,1993,0,0,0,0,0,0,0,0,0,0
420700,2,1,1993,0,0,0,0,0,0,0,0,0,0
420700,3,1,1993,13,0,0,0,0,0,0,0,0,0
420701,1,1,1993,0,0,4,0,36,0,25,0,29,0
420702,1,1,1993,15,15,15,15,15,15,15,15,15,15
420702,2,1,1993,0,0,0,0,0,0,25,0,0,0
420703,1,1,1993,0,0,0,0,0,0,0,0,0,0
420704,1,1,1993,0,0,0,0,0,0,0,0,0,0
420704,2,1,1993,0,0,5,0,0,0,0,0,0,0
420705,1,1,1993,0,0,0,0,0,0,0,0,0,0
420705,2,1,1993,0,0,0,0,0,0,0,0,0,0
420707,0,1,1993,0,0,23,43,0,16,0,0,0,0
420708,1,1,1993,0,0,0,0,0,0,0,0,0,0
420708,2,1,1993,0,0,0,0,0,0,0,0,0,0
420709,1,1,1993,23,0,0,45,8,0,7,26,0,0
420709,2,1,1993,10,11,17,0,8,0,0,24,0,0
420710,1,1,1993,16,16,16,16,16,16,16,16,16,16
420711,1,1,1993,0,0,0,0,0,0,0,0,0,0
420711,2,1,1993,0,0,0,0,0,0,0,0,0,0
420712,1,1,1993,23,23,23,23,23,23,23,23,23,23
420713,1,1,1993,16,16,16,16,16,16,16,16,16,16
420714,1,1,1993,15,20,23,33,11,18,21,11,18,18
420715,1,1,1993,19,19,19,19,19,19,19,19,19,19
420715,2,1,1993,0,0,0,0,0,0,0,0,0,0
420716,1,1,1993,10,10,10,10,10,10,10,10,10,10
420716,2,1,1993,0,0,0,0,0,0,0,0,0,0
420717,1,1,1993,0,0,0,0,0,0,0,0,0,0
420717,2,1,1993,0,0,0,0,0,0,0,0,0,0
420718,1,1,1993,0,0,0,0,0,0,0,0,0,0
420719,0,1,1993,18,18,18,18,18,18,18,18,18,18
420719,1,1,1993,0,0,0,0,0,0,0,0,0,0
420720,1,1,1993,30,30,30,30,30,30,30,30,30,30
420720,2,1,1993,0,0,0,0,0,0,0,0,0,0
420721,1,1,1993,0,0,0,9,0,14,0,0,0,0
420721,2,1,1993,14,14,14,14,14,14,14,14,14,14
420722,1,1,1993,0,16,0,0,0,0,0,11,0,0
420722,2,1,1993,0,0,0,0,0,0,0,6,0,0
420722,3,1,1993,0,0,0,0,0,0,0,0,0,0
420723,1,1,1993,0,0,0,0,0,0,0,0,3,0
420723,2,1,1993,0,0,0,0,0,0,0,0,0,0
420724,1,1,1993,0,0,0,0,0,0,0,0,0,0
420725,1,1,1993,0,0,0,0,0,0,0,0,0,0
420725,2,1,1993,1,1,1,1,1,1,1,1,1,1
420726,1,1,1993,25,25,25,25,25,25,25,25,25,25
420726,2,1,1993,0,0,0,0,0,0,0,0,0,0
420727,1,1,1993,18,27,16,0,27,30,0,14,0,27
420728,1,1,1993,0,0,0,0,0,0,0,0,0,0
420728,2,1,1993,0,0,0,0,0,0,0,0,0,0
420729,0,1,1993,0,0,0,0,0,0,0,0,0,0
420729,1,1,1993,0,0,0,0,0,0,0,0,0,0
420730,1,1,1993,0,0,0,0,0,0,0,0,0,0
420730,2,1,1993,0,0,0,0,0,0,0,0,0,0
420731,1,1,1993,26,0,11,16,21,0,0,0,0,0
420732,0,1,1993,0,0,0,0,0,0,0,0,0,0
420732,1,1,1993,0,0,0,0,0,0,0,0,0,4
420733,1,1,1993,24,24,24,24,24,24,24,24,24,24
420734,1,1,1993,0,0,14,17,0,0,0,0,12,18
420735,1,1,1993,14,14,14,14,14,14,14,14,14,14
420736,1,1,1993,0,0,0,0,0,0,0,0,0,0
420736,2,1,1993,0,0,0,0,0,0,15,0,0,0
420737,1,1,1993,0,0,0,0,0,0,0,0,0,0
420737,2,1,1993,0,0,0,0,6,0,0,0,0,0
420738,1,1,1993,12,12,12,12,12,12,12,12,12,12
420738,2,1,1993,0,0,0,0,0,0,0,0,0,0
420739,1,1,1993,18,18,18,18,18,18,18,18,18,18
420739,2,1,1993,0,0,0,0,0,28,0,0,0,9
420740,1,1,1993,0,0,0,0,0,0,0,0,0,0
420741,1,1,1993,0,0,0,0,0,0,0,0,0,0
420741,2,1,1993,0,0,0,0,0,0,0,0,0,0
420742,0,1,1993,0,0,0,0,0,0,0,0,0,0
420742,1,1,1993,0,0,0,0,0,0,0,0,0,0
420743,1,1,1993,0,0,0,0,0,0,0,0,0,0
420743,2,1,1993,0,0,0,0,0,0,0,0,0,0
420744,1,1,1993,17,0,0,14,0,0,0,0,0,23
420745,1,1,1993,0,0,0,0,0,0,0,0,0,0
420745,2,1,1993,0,0,0,0,0,0,0,0,0,0
420746,1,1,1993,0,0,0,0,0,0,0,0,0,0
420746,2,1,1993,0,0,0,0,16,0,0,0,0,0
420746,3,1,1993,0,0,0,0,0,0,0,0,0,0
420747,1,1,1993,18,18,18,18,18,18,18,18,18,18
420748,1,1,1993,0,0,0,0,11,0,0,0,0,0
420748,2,1,1993,0,0,0,0,0,0,0,0,0,0
420749,1,1,1993,11,11,11,11,11,11,11,11,11,11
420749,2,1,1993,8,8,8,8,8,8,8,8,8,8
420750,1,1,1993,0,0,0,0,0,0,0,0,0,0
420750,2,1,1993,0,0,0,0,0,0,0,0,0,0
420750,3,1,1993,0,0,0,0,0,0,0,0,0,4
420750,4,1,1993,0,0,0,0,0,0,0,0,0,0
420751,1,1,1993,25,25,25,25,25,25,25,25,25,25
420752,1,1,1993,0,0,0,0,0,0,0,0,0,0
420752,2,1,1993,0,0,0,0,0,0,0,0,0,0
420753,1,1,1993,0,0,0,0,0,0,0,0,0,0
420753,2,1,1993,0,0,0,0,0,0,0,0,0,0
420754,1,1,1993,0,0,0,0,0,0,0,0,0,0
420754,2,1,1993,5,5,5,5,5,5,5,5,5,5
420755,1,1,1993,0,0,0,0,0,0,0,0,0,0
420756,0,1,1993,0,0,0,0,0,0,0,0,0,0
420756,1,1,1993,0,0,0,0,0,0,0,0,0,0
420757,1,1,1993,12,12,12,12,12,12,12,12,12,12
420757,2,1,1993,0,0,0,0,0,0,0,0,0,0
420757,3,1,1993,0,0,0,0,0,0,0,0,0,0
420758,1,1,1993,14,14,14,14,14,14,14,14,14,14
420759,1,1,1993,19,19,19,19,19,19,19,19,19,19
420760,1,1,1993,0,0,0,0,0,0,0,0,0,0
420760,2,1,1993,0,34,0,0,0,0,0,0,0,0
420760,3,1,1993,0,0,0,0,0,0,0,0,0,0
420761,1,1,1993,0,0,0,0,0,0,0,0,0,0
420761,2,1,1993,0,0,0,0,0,0,0,0,0,0
420762,1,1,1993,24,24,24,24,24,24,24,24,24,24
420763,1,1,1993,19,19,19,19,19,19,19,19,19,19
420764,1,1,1993,0,0,0,0,0,0,0,0,0,0
420764,2,1,1993,0,0,0,0,0,0,0,0,0,0
420764,3,1,1993,0,4,0,0,0,0,0,0,0,0
420765,1,1,1993,0,16,0,0,0,0,0,13,0,0
420766,1,1,1993,24,24,24,24,24,24,24,24,24,24
420767,1,1,1993,23,0,33,0,11,0,8,0,24,21
420768,1,1,1993,10,10,10,10,10,10,10,10,10,10
420769,0,1,1993,0,0,0,0,0,0,0,0,0,0
420769,0,2,1993,0,0,0,0,0,0,0,0,0,0
420769,0,3,1993,0,0,0,0,0,0,0,0,0,0
420769,0,4,1993,0,0,0,0,0,0,0,0,0,0
420769,0,5,1993,0,0,0,0,0,0,0,0,0,0
420769,1,1,1993,5,0,16,0,11,0,0,0,0,10
420770,1,1,1993,19,19,19,19,19,19,19,19,19,19
420770,2,1,1993,8,0,29,12,0,0,19,9,0,11
420770,3,1,1993,20,0,13,8,4,16,22,0,18,24
420771,0,1,1993,0,0,0,0,0,0,0,0,0,0
420771,1,1,1993,0,0,0,0,0,0,0,13,0,0
420772,0,1,1993,0,0,0,0,0,0,0,0,0,0
420772,1,1,1993,11,11,11,11,11,11,11,11,11,11
420773,1,1,1993,0,0,0,0,0,0,0,0,0,0
420774,1,1,1993,0,10,0,18,0,0,0,6,9,0
420775,1,1,1993,0,21,16,9,12,0,16,9,4,17
420775,2,1,1993,0,0,22,0,0,5,3,25,12,27
420776,1,1,1993,10,10,10,10,10,10,10,10,10,10
420776,2,1,1993,20,0,0,0,0,0,0,0,0,14
420777,0,1,1993,0,0,0,0,0,0,0,0,0,0
420777,1,1,1993,0,0,0,0,0,0,0,0,0,0
420778,1,1,1993,0,0,0,15,20,0,0,0,0,16
420779,1,1,1993,0,0,0,0,0,0,0,0,0,0
420780,0,1,1993,0,0,0,0,0,0,0,0,0,0
420780,0,2,1993,0,17,0,12,17,24,0,13,16,10
420780,1,1,1993,0,0,0,0,0,0,0,0,0,0
420780,2,1,1993,0,0,0,0,0,0,0,0,0,0
420781,1,1,1993,0,0,0,0,0,0,0,0,0,0
420781,2,1,1993,0,0,0,0,0,0,0,0,0,0
420782,1,1,1993,9,9,9,9,9,9,9,9,9,9
420783,0,1,1993,26,26,26,26,26,26,26,26,26,26
420783,1,1,1993,0,0,0,0,0,0,0,0,0,0
420784,1,1,1993,10,0,0,0,0,0,0,0,0,29
420785,1,1,1993,16,16,16,16,16,16,16,16,16,16
420786,1,1,1993,18,18,18,18,18,18,18,18,18,18
420787,1,1,1993,0,0,0,0,0,0,0,0,0,0
420787,2,1,1993,0,0,0,0,0,0,0,0,0,0
420788,1,1,1993,0,22,0,0,14,12,0,22,18,33
420789,1,1,1993,0,0,0,0,0,0,0,0,0,0
420789,2,1,1993,22,0,0,0,0,0,0,0,24,0
420790,1,1,1993,26,13,13,0,26,7,18,14,0,14
420790,2,1,1993,0,0,0,0,0,7,0,9,15,8
420791,1,1,1993,0,0,0,0,0,0,0,0,0,0
420791,2,1,1993,0,0,0,0,0,0,0,0,0,0
420791,3,1,1993,0,0,0,0,0,0,0,0,13,0
420792,0,1,1993,0,0,0,0,0,0,0,0,0,0
420792,1,1,1993,0,3,0,0,0,0,0,0,0,21
420794,1,1,1993,26,26,26,26,26,26,26,26,26,26
420795,1,1,1993,18,18,18,18,18,18,18,18,18,18
420796,1,1,1993,0,0,0,0,0,0,0,0,0,0
420796,2,1,1993,0,0,0,0,0,0,0,0,0,0
420796,3,1,1993,0,0,0,0,0,0,0,0,0,0
420796,4,1,1993,0,0,0,0,0,0,0,0,0,0
420796,5,1,1993,0,0,13,0,0,0,0,0,0,18
420796,6,1,1993,0,0,0,0,0,0,0,0,0,0
420797,1,1,1993,0,0,0,0,0,0,0,0,0,0
420797,2,1,1993,5,0,0,14,0,0,0,0,0,0
420798,1,1,1993,12,12,12,12,12,12,12,12,12,12
420799,1,1,1993,0,0,0,0,0,0,0,0,0,0
420799,2,1,1993,0,0,0,0,0,0,0,0,0,0
420799,3,1,1993,0,0,0,0,0,0,0,0,0,0
420799,4,1,1993,0,0,0,0,0,0,0,0,0,0
420799,5,1,1993,0,0,0,0,0,0,0,0,0,0
420799,6,1,1993,0,0,0,0,0,0,0,0,0,0
420799,7,1,1993,0,0,0,0,0,0,0,0,0,0
420800,1,1,1993,12,12,12,12,12,12,12,12,12,12
420801,1,1,1993,0,0,0,0,0,0,0,0,0,0
420801,2,1,1993,0,0,0,0,0,0,0,0,0,0
420802,1,1,1993,0,0,0,0,0,0,0,0,0,0
420802,2,1,1993,0,0,0,0,0,0,0,0,0,0
420803,1,1,1993,0,0,0,0,0,0,0,0,0,0
420803,2,1,1993,0,0,0,0,0,0,13,6,0,0
420804,1,1,1993,23,23,23,23,23,23,23,23,23,23
420805,1,1,1993,23,23,23,23,23,23,23,23,23,23
420806,1,1,1993,20,20,20,20,20,20,20,20,20,20
420807,1,1,1993,0,0,0,0,0,0,0,0,0,0
420807,2,1,1993,0,0,0,0,0,0,0,0,0,0
420807,3,1,1993,0,0,0,0,0,0,0,0,0,0
420808,1,1,1993,24,24,24,24,24,24,24,24,24,24
420809,1,1,1993,26,26,26,26,26,26,26,26,26,26
420810,1,1,1993,11,0,7,18,12,24,16,3,18,16
420811,1,1,1993,0,0,0,0,0,0,10,0,0,0
420811,2,1,1993,0,0,0,0,0,0,0,0,10,0
420812,1,1,1993,23,23,23,23,23,23,23,23,23,23
420812,2,1,1993,0,0,0,0,0,0,0,0,0,0
420813,1,1,1993,0,0,0,20,0,8,0,0,0,0
420813,2,1,1993,0,0,0,0,0,0,0,0,0,0
420814,1,1,1993,0,0,0,0,0,0,0,0,0,0
420814,2,1,1993,0,0,0,0,13,0,0,0,0,0
420815,1,1,1993,0,0,0,0,0,0,0,0,0,0
420816,1,1,1993,24,24,24,24,24,24,24,24,24,24
420817,1,1,1993,0,0,0,0,0,0,0,0,0,0
420818,1,1,1993,24,24,24,24,24,24,24,24,24,24
420819,1,1,1993,0,0,0,0,0,0,0,0,0,0
420820,1,1,1993,0,0,3,0,0,0,0,0,0,0
420821,1,1,1993,12,23,23,16,4,20,14,19,8,13
420822,1,1,1993,8,8,8,8,8,8,8,8,8,8
420823,1,1,1993,0,0,0,0,0,0,0,0,0,0
420823,2,1,1993,0,0,0,0,0,0,0,0,0,0
420824,1,1,1993,0,0,0,0,0,0,0,0,0,0
420824,2,1,1993,0,0,0,0,0,0,0,0,0,0
420825,0,1,1993,0,0,0,0,0,0,0,0,0,0
420825,1,1,1993,0,0,0,0,0,0,0,0,0,0
420825,2,1,1993,0,0,0,0,0,0,0,0,0,0
420826,0,1,1993,0,0,10,0,0,0,0,25,0,0
420826,1,1,1993,0,0,0,0,0,14,0,0,0,0
420827,1,1,1993,0,0,0,0,0,0,0,0,0,0
420827,2,1,1993,0,0,0,0,0,0,0,0,0,0
420828,0,1,1993,0,0,0,0,0,0,0,0,0,0
420828,1,1,1993,0,0,0,0,0,0,0,0,0,0
420829,1,1,1993,19,17,9,8,16,22,17,27,12,11
420830,1,1,1993,0,0,0,0,0,0,0,0,0,0
420830,2,1,1993,11,11,11,11,11,11,11,11,11,11
420831,0,1,1993,34,0,12,0,0,0,0,0,30,19
420831,1,1,1993,0,0,0,0,0,0,0,0,0,0
420832,1,1,1993,32,32,32,32,32,32,32,32,32,32
420833,1,1,1993,0,0,0,0,0,0,0,0,0,0
420833,2,1,1993,0,0,0,0,0,0,0,0,0,0
420834,1,1,1993,0,0,0,0,0,0,0,0,0,0
420834,2,1,1993,0,0,0,0,0,0,0,0,11,0
420835,1,1,1993,0,14,0,0,0,20,0,2,32,47
420836,1,1,1993,10,10,10,10,10,10,10,10,10,10
420837,1,1,1993,24,24,24,24,24,24,24,24,24,24
420838,1,1,1993,13,13,13,13,13,13,13,13,13,13
420840,1,1,1993,0,0,0,0,0,0,0,0,0,0
420841,1,1,1993,27,27,27,27,27,27,27,27,27,27
420842,1,1,1993,0,0,0,0,0,0,0,0,0,0
420842,2,1,1993,0,0,0,0,0,0,0,0,0,0
420843,1,1,1993,23,23,23,23,23,23,23,23,23,23
420844,1,1,1993,15,15,15,15,15,15,15,15,15,15
420845,1,1,1993,0,0,0,0,0,0,0,0,0,0
420845,2,1,1993,0,0,0,0,16,0,0,0,0,0
420846,0,1,1993,0,0,0,0,0,0,0,0,0,0
420846,1,1,1993,0,0,0,0,0,0,0,0,0,0
420847,1,1,1993,20,20,20,20,20,20,20,20,20,20
420848,1,1,1993,0,0,8,0,0,8,0,0,0,0
420848,2,1,1993,0,0,0,0,0,0,0,0,0,0
420849,1,1,1993,0,0,0,0,0,0,0,0,0,0
420849,2,1,1993,0,0,0,0,0,11,0,0,0,0
420849,3,1,1993,0,0,0,0,0,0,0,0,0,0
420850,1,1,1993,0,0,0,0,0,0,0,0,0,0
420851,1,1,1993,22,22,22,22,22,22,22,22,22,22
420852,1,1,1993,0,0,0,4,0,23,0,0,0,0
420852,2,1,1993,0,0,0,0,0,0,0,0,0,0
420853,0,1,1993,0,0,0,0,0,0,0,0,0,0
420853,1,1,1993,0,0,0,0,0,0,0,0,0,0
420854,1,1,1993,0,0,0,0,0,0,0,8,0,0
420854,2,1,1993,0,0,0,0,0,0,0,0,0,0
420855,1,1,1993,15,0,0,4,0,0,20,0,17,0
420855,2,1,1993,0,0,0,0,0,0,0,0,0,0
420856,1,1,1993,22,22,22,22,22,22,22,22,22,22
420857,0,1,1993,0,0,0,0,0,0,0,0,0,0
420857,1,1,1993,0,0,0,0,0,0,0,6,0,10
420858,0,1,1993,0,0,0,0,0,0,0,0,0,0
420858,0,2,1993,0,0,0,0,0,0,0,0,0,0
420858,1,1,1993,3,3,3,3,3,3,3,3,3,3
420859,1,1,1993,17,17,17,17,17,17,17,17,17,17
420860,0,1,1993,30,0,34,0,28,0,39,6,33,0
420860,1,1,1993,0,0,0,0,0,0,0,0,0,0
420861,1,1,1993,0,0,0,0,0,0,0,0,0,0
420861,2,1,1993,0,0,0,0,0,0,0,0,0,0
420862,1,1,1993,15,18,11,17,19,20,0,25,8,15
420862,2,1,1993,25,0,0,34,0,16,0,0,0,0
420863,1,1,1993,0,0,0,0,0,0,0,9,11,0
420863,2,1,1993,0,0,0,0,0,0,0,0,0,0
420864,1,1,1993,0,0,0,0,0,0,0,0,0,0
420864,2,1,1993,0,0,0,0,0,0,0,0,0,0
420864,3,1,1993,0,0,0,0,0,0,0,0,0,0
420865,1,1,1993,0,0,0,0,0,0,0,0,0,0
420865,2,1,1993,0,0,0,0,0,0,0,0,0,0
420866,1,1,1993,2,2,2,2,2,2,2,2,2,2
420867,1,1,1993,25,25,25,25,25,25,25,25,25,25
420868,1,1,1993,4,17,11,10,0,0,22,10,17,30
420868,2,1,1993,0,2,7,10,12,0,8,13,4,17
420869,1,1,1993,22,0,17,0,36,0,24,0,17,15
420870,1,1,1993,0,0,0,0,0,0,0,0,0,0
420870,2,1,1993,0,0,0,0,0,21,13,0,0,0
420871,1,1,1993,2,2,2,2,2,2,2,2,2,2
420871,2,1,1993,0,0,0,0,0,0,0,0,0,0
420872,1,1,1993,17,17,17,17,17,17,17,17,17,17
420872,2,1,1993,3,3,3,3,3,3,3,3,3,3
420873,1,1,1993,0,0,0,0,0,0,0,0,0,0
420874,1,1,1993,0,0,0,0,0,0,0,0,0,0
420875,1,1,1993,0,0,0,0,0,0,0,0,0,0
420875,2,1,1993,0,0,0,0,0,0,0,0,0,0
420875,3,1,1993,0,0,0,0,0,0,0,0,0,0
420876,1,1,1993,20,20,20,20,20,20,20,20,20,20
420877,1,1,1993,0,0,0,0,0,0,0,0,0,0
420877,2,1,1993,0,0,0,0,0,0,0,0,0,0
420878,1,1,1993,0,0,0,0,0,0,0,0,0,0
420878,2,1,1993,0,0,0,0,0,0,0,0,0,0
420879,1,1,1993,0,0,0,0,0,0,0,0,0,0
420879,2,1,1993,0,0,0,0,0,0,0,0,0,0
420879,3,1,1993,0,0,0,0,0,0,0,0,0,0
420879,4,1,1993,6,18,9,0,26,0,32,16,1,0
420879,5,1,1993,0,0,0,0,0,0,0,0,0,0
420879,6,1,1993,0,0,0,0,0,0,0,0,0,0
420880,1,1,1993,0,0,0,0,0,0,0,0,0,0
420880,2,1,1993,0,0,0,0,0,0,0,0,0,0
420881,1,1,1993,0,0,0,0,0,0,0,0,0,0
420882,1,1,1993,0,0,0,0,0,0,0,0,0,0
420883,1,1,1993,0,0,0,0,0,0,0,0,0,0
420884,1,1,1993,28,28,28,28,28,28,28,28,28,28
420885,1,1,1993,0,0,0,0,0,0,0,0,0,0
420885,2,1,1993,0,0,0,0,0,0,0,0,0,0
420886,0,1,1993,16,0,0,0,0,0,0,0,26,0
420886,0,2,1993,0,0,0,0,0,0,0,0,0,0
420886,0,3,1993,0,0,0,0,0,0,0,0,0,0
420886,0,4,1993,0,0,0,0,0,0,0,0,0,0
420886,1,1,1993,0,0,25,0,4,0,0,0,0,0
420886,2,1,1993,0,0,0,0,0,0,0,0,0,0
420887,1,1,1993,0,11,0,0,26,16,15,0,13,20
420887,2,1,1993,0,0,0,0,0,0,0,0,0,0
420888,0,1,1993,0,0,0,0,0,0,9,0,0,0
420888,1,1,1993,0,0,0,0,0,0,0,0,0,0
420889,1,1,1993,0,8,13,0,11,5,21,0,16,41
420889,2,1,1993,0,18,0,0,0,0,19,0,12,0
420890,1,1,1993,0,0,0,0,0,0,0,0,0,0
420891,1,1,1993,14,13,23,21,17,31,0,17,0,18
420891,2,1,1993,0,0,0,0,0,0,0,0,0,0
420892,1,1,1993,0,0,0,0,0,0,15,0,0,0
420893,1,1,1993,0,0,0,0,0,0,0,0,0,0
420894,1,1,1993,0,0,0,0,0,0,0,0,0,0
420894,2,1,1993,0,0,0,0,0,0,0,0,0,0
420894,3,1,1993,0,0,0,0,0,0,0,0,0,0
420895,1,1,1993,0,0,0,0,0,0,0,0,0,0
420896,1,1,1993,29,29,29,29,29,29,29,29,29,29
420896,2,1,1993,0,0,0,0,0,0,0,0,0,0
420897,1,1,1993,0,0,0,0,0,0,0,0,0,0
420897,2,1,1993,0,0,0,0,0,0,0,0,0,0
420898,1,1,1993,17,17,17,17,17,17,17,17,17,17
420899,1,1,1993,0,0,0,0,0,0,0,0,0,0
420900,1,1,1993,0,0,0,0,0,0,0,0,0,0
420901,1,1,1993,0,0,0,0,0,0,0,0,0,0
420902,1,1,1993,0,0,0,0,0,0,0,0,0,0
420902,2,1,1993,0,0,0,0,0,0,0,0,0,0
420902,3,1,1993,0,0,0,0,0,0,0,0,0,0
420903,0,1,1993,0,0,0,0,0,0,0,0,0,0
420903,1,1,1993,0,0,0,0,0,0,0,0,0,0
420904,1,1,1993,26,26,26,26,26,26,26,26,26,26
420905,1,1,1993,0,0,0,0,0,0,0,0,0,0
420905,2,1,1993,0,0,0,0,0,0,0,0,0,0
420905,3,1,1993,0,0,0,0,0,0,0,0,0,0
420905,4,1,1993,0,0,0,0,0,0,0,0,0,0
420905,5,1,1993,0,0,0,0,0,0,0,0,0,0
420905,6,1,1993,0,0,0,0,0,0,0,0,0,0
420905,7,1,1993,0,0,0,0,0,0,0,0,0,0
420905,8,1,1993,0,0,0,0,0,0,0,0,0,0
420906,0,1,1993,0,0,0,0,0,0,0,0,0,0
420906,1,1,1993,0,0,0,0,0,0,0,0,0,0
420907,1,1,1993,0,0,0,0,0,0,0,0,0,0
420907,2,1,1993,0,0,0,0,0,0,0,0,0,0
420908,1,1,1993,17,17,17,17,17,17,17,17,17,17
420909,1,1,1993,22,22,22,22,22,22,22,22,22,22
420910,1,1,1993,4,4,4,4,4,4,4,4,4,4
420910,2,1,1993,0,0,0,0,0,0,0,0,0,0
420911,1,1,1993,32,32,32,32,32,32,32,32,32,32
420912,1,1,1993,0,0,0,0,0,0,0,0,0,0
420912,2,1,1993,0,0,0,0,0,0,0,0,0,0
420913,1,1,1993,17,0,0,0,0,0,0,19,0,0
420913,2,1,1993,0,0,33,17,0,0,12,0,19,21
420914,1,1,1993,0,0,0,0,0,0,0,0,0,0
420914,2,1,1993,0,0,22,0,0,0,0,0,0,0
420914,3,1,1993,0,0,0,0,0,0,0,0,0,0
420915,1,1,1993,17,17,17,17,17,17,17,17,17,17
420916,1,1,1993,16,16,16,16,16,16,16,16,16,16
420916,2,1,1993,0,0,0,0,0,0,0,0,0,0
420917,1,1,1993,0,0,0,0,0,0,0,0,0,0
420917,2,1,1993,0,0,0,0,0,0,0,0,0,0
420918,0,1,1993,0,0,0,0,0,0,0,0,0,0
420918,1,1,1993,13,13,13,13,13,13,13,13,13,13
420919,1,1,1993,33,33,33,33,33,33,33,33,33,33
420920,1,1,1993,23,23,23,23,23,23,23,23,23,23
420920,2,1,1993,12,12,12,12,12,12,12,12,12,12
420921,1,1,1993,17,17,17,17,17,17,17,17,17,17
420922,1,1,1993,10,10,10,10,10,10,10,10,10,10
420923,1,1,1993,13,13,13,13,13,13,13,13,13,13
420924,1,1,1993,13,21,0,0,0,0,0,0,0,0
420925,1,1,1993,0,0,0,0,0,0,0,0,0,0
420925,2,1,1993,0,0,0,0,0,0,0,0,0,0
420926,1,1,1993,0,0,0,0,0,0,0,0,0,0
420926,2,1,1993,0,0,0,0,0,0,0,0,0,0
420927,1,1,1993,0,0,0,0,0,0,0,0,0,0
420927,2,1,1993,0,0,0,0,0,0,0,0,0,0
420928,1,1,1993,0,0,0,0,0,0,0,0,0,0
420928,2,1,1993,0,0,0,0,0,0,0,0,0,0
420929,1,1,1993,16,16,16,16,16,16,16,16,16,16
420930,1,1,1993,21,21,21,21,21,21,21,21,21,21
420931,1,1,1993,0,0,0,0,0,0,0,0,0,0
420931,2,1,1993,0,0,0,0,0,0,0,0,0,0