ST_CASE,VEH_NO,PER_NO,YEAR,P1,P2,P3,P4,P5,P6,P7,P8,P9,P10
421198,1,1,1993,24,24,24,24,24,24,24,24,24,24
421199,1,1,1993,0,0,0,0,0,0,0,0,0,0
421199,2,1,1993,0,0,0,0,0,0,0,0,0,0
421199,3,1,1993,0,0,0,0,0,0,0,0,0,0
421200,1,1,1993,0,0,0,0,0,0,0,0,0,0
421200,2,1,1993,0,0,0,0,0,0,0,0,0,0
421202,1,1,1993,0,0,0,0,0,0,0,0,0,0
421202,2,1,1993,0,0,0,0,0,0,0,0,0,0
421202,3,1,1993,0,0,0,0,0,0,0,0,0,0
421202,4,1,1993,0,0,0,0,0,0,0,0,0,0
421203,1,1,1993,0,0,0,0,0,0,0,0,0,0
421203,2,1,1993,0,0,0,0,0,0,0,0,8,0
421204,0,1,1993,0,0,0,0,0,0,0,0,0,0
421204,1,1,1993,0,0,0,0,0,0,0,0,0,0
421205,1,1,1993,0,0,0,0,0,0,0,0,0,0
421205,2,1,1993,0,0,0,0,0,0,0,0,0,0
421205,3,1,1993,0,0,0,0,0,0,0,0,0,0
421206,1,1,1993,0,0,0,0,0,18,19,15,19,0
421206,2,1,1993,0,0,0,0,0,0,0,0,0,0
421207,1,1,1993,0,0,0,0,0,0,0,0,0,0
421208,1,1,1993,0,0,0,0,0,0,0,0,0,0
421209,1,1,1993,7,12,19,0,24,2,27,8,16,0
421209,2,1,1993,0,0,6,0,14,8,0,0,0,0
421210,1,1,1993,22,22,22,22,22,22,22,22,22,22
421211,0,1,1993,0,0,0,0,0,0,0,0,0,0
421211,1,1,1993,15,0,0,0,0,0,0,0,0,0
421212,1,1,1993,0,0,0,0,0,0,0,0,0,0
421213,1,1,1993,0,0,0,0,0,0,0,0,0,0
421213,2,1,1993,0,0,0,0,0,0,0,0,0,0
421214,0,1,1993,37,37,37,37,37,37,37,37,37,37
421214,1,1,1993,0,0,0,0,0,0,0,0,0,0
421214,2,1,1993,0,0,0,0,0,0,0,0,0,0
421215,1,1,1993,22,22,22,22,22,22,22,22,22,22
421215,2,1,1993,0,0,0,0,0,0,0,0,0,0
421216,1,1,1993,24,24,24,24,24,24,24,24,24,24
421217,1,1,1993,11,0,0,7,0,0,14,0,0,0
421218,1,1,1993,0,16,0,0,0,0,0,0,0,0
421218,2,1,1993,0,0,0,0,0,0,0,0,0,0
421218,3,1,1993,0,0,0,0,0,0,0,0,0,0
421219,1,1,1993,0,0,0,0,0,0,0,0,0,0
421219,2,1,1993,0,0,0,0,0,0,0,0,0,0
421220,0,1,1993,0,0,0,0,0,0,0,0,0,0
421220,1,1,1993,0,0,0,0,0,0,0,0,0,0
421221,1,1,1993,0,0,0,0,0,0,0,0,0,0
421221,2,1,1993,0,0,0,0,0,0,0,0,0,0
421222,1,1,1993,4,0,0,23,0,0,0,18,0,0
421223,1,1,1993,0,0,0,0,0,0,0,0,0,0
421223,2,1,1993,0,0,0,0,0,0,0,0,0,0
421223,3,1,1993,0,0,0,0,0,0,0,0,0,0
421224,1,1,1993,0,0,0,0,0,0,0,0,0,0
421224,2,1,1993,0,0,0,0,0,0,0,0,0,0
421225,0,1,1993,22,22,22,22,22,22,22,22,22,22
421225,1,1,1993,0,0,0,0,0,0,0,0,0,0
421226,1,1,1993,15,15,15,15,15,15,15,15,15,15
421227,1,1,1993,9,9,9,9,9,9,9,9,9,9
421228,1,1,1993,15,15,15,15,15,15,15,15,15,15
421229,1,1,1993,18,17,17,7,9,10,20,19,40,25
421230,1,1,1993,0,0,0,0,0,0,0,0,0,0
421230,2,1,1993,0,0,0,0,0,0,0,0,0,0
421231,1,1,1993,0,0,0,0,0,0,0,0,0,0
421231,2,1,1993,0,0,0,0,0,0,0,0,7,0
421232,1,1,1993,0,0,0,0,0,0,0,0,0,0
421233,1,1,1993,0,0,0,0,0,0,0,0,0,0
421233,2,1,1993,0,0,0,0,0,0,0,0,0,0
421234,1,1,1993,0,0,0,0,0,0,0,0,0,0
421235,1,1,1993,27,27,27,27,27,27,27,27,27,27
421236,0,1,1993,0,0,0,0,0,0,0,0,0,0
421236,1,1,1993,16,0,19,17,25,11,18,0,20,23
421237,1,1,1993,0,0,11,17,7,9,12,0,16,19
421238,1,1,1993,0,0,14,0,0,0,0,0,0,0
421238,2,1,1993,0,0,0,0,0,14,0,0,0,0
421239,1,1,1993,13,13,13,13,13,13,13,13,13,13
421239,2,1,1993,4,0,34,12,14,0,12,28,0,12
421239,3,1,1993,21,8,14,0,12,0,9,20,0,8
421240,1,1,1993,29,7,9,13,32,22,0,20,17,29
421240,2,1,1993,0,0,0,0,0,0,0,0,0,0
421240,3,1,1993,4,25,0,0,0,0,18,0,0,0
421241,1,1,1993,0,0,0,0,0,0,0,0,0,0
421241,2,1,1993,0,0,0,0,0,24,0,0,0,0
421242,0,1,1993,0,0,0,0,0,0,0,0,0,0
421242,1,1,1993,0,0,0,0,0,8,0,10,0,12
421243,1,1,1993,15,11,0,11,10,13,0,0,0,0
421244,1,1,1993,0,0,0,0,0,0,0,0,0,0
421244,2,1,1993,0,0,0,0,0,0,0,0,0,0
421245,0,1,1993,34,0,0,22,0,0,0,0,20,0
421245,1,1,1993,0,0,0,0,0,0,0,0,0,0
421246,1,1,1993,0,0,0,0,0,0,0,0,0,0
421246,2,1,1993,0,0,0,0,0,0,0,0,0,0
421247,0,1,1993,0,0,0,0,0,0,0,0,0,0
421247,1,1,1993,0,0,0,0,0,0,0,0,0,0
421248,1,1,1993,0,0,0,0,0,0,0,0,0,0
421248,2,1,1993,0,0,0,0,0,0,0,0,0,0
421249,1,1,1993,11,11,11,11,11,11,11,11,11,11
421250,1,1,1993,0,0,0,0,0,0,0,0,0,0
421250,2,1,1993,0,0,0,0,0,0,0,0,0,0
421251,1,1,1993,9,9,9,9,9,9,9,9,9,9
421251,2,1,1993,0,0,0,0,0,0,0,0,0,0
421252,1,1,1993,0,0,0,0,0,0,0,0,0,0
421253,1,1,1993,0,0,0,0,0,0,0,0,0,0
421253,2,1,1993,0,0,0,0,0,0,0,0,0,0
421254,0,1,1993,0,0,0,0,0,0,0,0,0,0
421254,1,1,1993,0,0,0,0,0,0,0,0,0,0
421255,1,1,1993,0,0,0,0,0,0,0,0,0,0
421255,2,1,1993,0,0,0,0,0,0,0,0,0,0
421256,0,1,1993,22,0,0,0,0,0,0,0,0,0
421256,1,1,1993,19,19,19,19,19,19,19,19,19,19
421257,1,1,1993,0,0,0,0,0,0,0,0,0,0
421257,2,1,1993,0,0,0,0,0,0,0,0,0,0
421258,1,1,1993,0,0,0,0,0,0,0,0,0,0
421258,2,1,1993,0,0,8,0,0,0,0,0,0,0
421259,1,1,1993,42,42,42,42,42,42,42,42,42,42
421260,1,1,1993,0,0,0,0,0,0,0,0,0,0
421260,2,1,1993,0,0,0,6,0,0,0,0,0,0
421261,1,1,1993,0,0,0,0,0,0,0,0,0,0
421262,1,1,1993,0,0,0,0,0,0,0,0,0,0
421262,2,1,1993,0,0,0,0,0,0,0,0,0,0
421263,0,1,1993,0,0,0,0,0,0,0,0,0,0
421263,1,1,1993,0,0,0,0,0,0,0,0,0,0
421264,0,1,1993,9,0,11,0,0,0,0,0,0,0
421264,1,1,1993,0,0,0,0,0,0,0,0,0,0
421265,1,1,1993,0,0,0,0,0,0,0,0,0,0
421265,2,1,1993,0,0,0,0,0,0,0,0,0,0
421265,3,1,1993,0,0,0,0,10,0,0,0,0,0
421266,1,1,1993,25,0,0,0,0,24,0,0,15,36
421266,2,1,1993,0,0,0,0,0,0,0,0,0,0
421266,3,1,1993,0,0,0,0,0,0,0,0,0,0
421267,1,1,1993,33,33,33,33,33,33,33,33,33,33
421268,0,1,1993,0,0,0,0,0,0,0,0,0,0
421268,1,1,1993,0,0,0,0,0,0,10,0,0,0
421269,1,1,1993,9,6,0,0,0,0,0,0,0,0
421269,2,1,1993,0,0,0,0,0,0,0,0,0,0
421270,1,1,1993,0,0,0,0,0,0,0,0,0,16
421270,2,1,1993,0,8,0,0,0,0,0,0,0,0
421271,1,1,1993,0,16,0,14,14,8,0,0,0,0
421271,2,1,1993,4,0,6,3,4,29,0,0,0,11
421272,0,1,1993,0,0,0,0,0,0,0,0,0,0
421272,1,1,1993,0,0,0,0,0,13,0,0,0,0
421273,1,1,1993,18,18,18,18,18,18,18,18,18,18
421273,2,1,1993,14,0,0,0,14,15,0,16,0,0
421274,1,1,1993,10,26,19,0,6,12,28,15,11,18
421275,1,1,1993,21,21,21,21,21,21,21,21,21,21
421275,2,1,1993,0,0,0,0,0,0,0,0,0,0
421276,1,1,1993,0,0,0,0,0,0,0,0,0,0
421276,2,1,1993,0,0,0,0,0,0,0,0,0,0
421277,1,1,1993,17,17,17,17,17,17,17,17,17,17
421277,2,1,1993,0,0,0,0,0,0,0,0,0,0
421278,1,1,1993,0,0,0,0,0,0,0,0,0,0
421278,2,1,1993,0,0,0,0,0,0,0,0,0,0
421279,1,1,1993,18,18,18,18,18,18,18,18,18,18
421279,2,1,1993,0,0,0,0,0,0,0,0,0,0
421279,3,1,1993,0,0,0,0,0,0,0,0,0,0
421279,4,1,1993,0,0,0,0,0,0,0,0,0,0
421280,1,1,1993,19,19,19,19,19,19,19,19,19,19
421281,1,1,1993,0,0,0,0,0,0,0,0,0,0
421281,2,1,1993,0,0,0,0,0,0,0,0,0,6
421282,0,1,1993,0,0,0,0,0,0,0,0,0,0
421282,1,1,1993,0,0,0,0,0,0,0,20,0,0
421283,1,1,1993,0,0,0,0,0,0,0,0,0,0
421283,2,1,1993,0,0,0,0,0,0,0,0,0,0
421284,1,1,1993,9,0,0,0,0,3,0,0,0,0
421284,2,1,1993,0,0,0,0,0,0,0,0,0,0
421285,1,1,1993,0,0,0,0,0,0,0,0,0,0
421285,2,1,1993,0,0,0,0,0,0,0,0,0,0
421285,3,1,1993,0,0,0,0,0,0,0,0,0,0
421286,1,1,1993,0,0,0,0,0,0,0,0,0,0
421287,1,1,1993,0,0,0,0,0,0,0,0,0,0
421287,2,1,1993,4,4,4,4,4,4,4,4,4,4
421287,3,1,1993,0,0,0,0,0,0,0,0,0,0
421288,1,1,1993,7,18,7,16,13,23,17,14,15,25
421289,1,1,1993,28,28,28,28,28,28,28,28,28,28
421289,2,1,1993,0,0,0,0,0,0,0,0,0,0
421290,0,1,1993,0,0,0,0,0,0,0,0,0,0
421290,1,1,1993,0,0,0,0,0,0,0,0,0,0
421291,1,1,1993,0,0,0,0,0,0,0,0,0,0
421292,1,1,1993,0,0,0,0,0,0,0,0,0,0
421292,2,1,1993,0,0,0,0,0,0,0,0,0,0
421293,1,1,1993,26,26,26,26,26,26,26,26,26,26
421293,2,1,1993,0,0,0,0,0,0,0,0,0,0
421294,1,1,1993,0,0,0,0,0,0,0,0,0,0
421294,2,1,1993,0,0,0,0,0,0,0,0,0,0
421295,1,1,1993,0,0,0,0,0,0,0,0,0,0
421296,1,1,1993,15,0,0,14,7,0,0,0,0,0
421296,2,1,1993,0,0,0,0,0,0,0,0,0,0
421297,1,1,1993,0,0,0,0,0,0,0,0,0,0
421298,1,1,1993,0,0,0,0,0,0,0,0,0,0
421299,1,1,1993,17,17,17,17,17,17,17,17,17,17
421299,2,1,1993,0,0,0,0,0,2,10,0,0,0
421300,1,1,1993,34,34,34,34,34,34,34,34,34,34
421301,1,1,1993,16,16,16,16,16,16,16,16,16,16
421302,1,1,1993,0,0,13,0,0,34,0,17,0,0
421302,2,1,1993,0,0,12,0,0,0,0,0,0,0
421303,1,1,1993,0,0,0,0,0,0,0,0,0,0
421303,2,1,1993,0,0,0,0,0,0,0,0,0,0
421304,1,1,1993,0,20,10,0,0,16,23,0,17,0
421305,0,1,1993,0,0,0,0,0,0,0,0,0,0
421305,1,1,1993,0,0,0,0,0,0,0,0,0,0
421306,1,1,1993,13,13,13,13,13,13,13,13,13,13
421306,2,1,1993,0,0,0,0,0,0,0,0,0,0
421307,1,1,1993,0,0,0,0,0,0,0,0,0,0
421308,1,1,1993,16,16,16,16,16,16,16,16,16,16
421309,1,1,1993,16,16,16,16,16,16,16,16,16,16
421309,2,1,1993,0,17,12,16,13,12,7,2,12,0
421310,1,1,1993,22,3,23,18,14,19,21,9,29,32
421311,0,1,1993,21,21,21,21,21,21,21,21,21,21
421311,1,1,1993,0,0,0,0,0,0,0,0,0,0
421312,1,1,1993,0,0,0,0,0,0,0,0,0,0
421312,2,1,1993,0,0,0,0,0,0,0,0,0,0
421313,1,1,1993,22,22,22,22,22,22,22,22,22,22
421314,1,1,1993,12,12,12,12,12,12,12,12,12,12
421315,1,1,1993,0,0,0,0,0,0,0,0,0,0
421315,2,1,1993,0,0,12,9,0,0,0,0,0,0
421316,0,1,1993,30,30,30,30,30,30,30,30,30,30
421316,1,1,1993,19,7,10,0,0,0,8,0,0,0
421317,1,1,1993,8,8,8,8,8,8,8,8,8,8
421318,1,1,1993,0,0,5,0,0,0,14,0,15,0
421318,2,1,1993,0,0,0,0,0,0,0,0,0,0
421319,1,1,1993,0,0,0,0,0,0,2,0,0,0
421319,2,1,1993,15,2,0,0,6,0,0,3,0,0
421320,1,1,1993,24,24,24,24,24,24,24,24,24,24
421321,1,1,1993,0,0,0,0,0,0,0,0,0,0
421321,2,1,1993,0,0,0,0,0,0,0,0,0,0
421322,1,1,1993,20,20,20,20,20,20,20,20,20,20
421323,1,1,1993,0,0,0,15,0,0,0,0,12,0
421323,2,1,1993,14,0,0,0,16,0,0,0,0,7
421324,1,1,1993,0,0,0,0,0,0,0,0,0,0
421325,1,1,1993,0,0,18,21,0,0,0,0,0,0
421325,2,1,1993,0,0,0,0,0,0,0,0,0,0
421326,1,1,1993,0,6,9,24,17,11,12,14,18,18
421326,2,1,1993,0,0,0,0,0,29,0,0,0,0
421326,3,1,1993,0,0,0,0,0,0,0,0,0,19
421326,4,1,1993,10,0,0,0,0,0,0,0,0,0
421327,1,1,1993,0,0,0,0,0,0,0,0,0,0
421327,2,1,1993,0,0,0,0,0,0,11,0,0,0
421328,0,1,1993,0,0,25,0,0,0,0,0,0,17
421328,1,1,1993,0,0,0,0,0,0,0,0,0,0
421329,0,1,1993,0,0,0,0,0,0,0,0,0,0
421329,1,1,1993,0,0,0,0,0,0,0,0,0,0
421330,0,1,1993,36,36,36,36,36,36,36,36,36,36
421330,1,1,1993,0,0,0,0,0,0,0,0,0,0
421331,0,1,1993,32,32,32,32,32,32,32,32,32,32
421331,1,1,1993,0,0,0,0,12,0,0,0,9,22
421332,1,1,1993,10,0,0,0,0,12,0,0,0,0
421333,1,1,1993,0,0,0,0,0,0,0,0,0,0
421333,2,1,1993,0,0,0,0,0,0,0,0,0,0
421334,1,1,1993,0,0,0,0,0,0,0,0,0,0
421334,2,1,1993,0,0,0,0,0,0,0,0,0,0
421335,1,1,1993,5,0,0,0,0,0,0,0,0,0
421335,2,1,1993,0,0,0,0,0,0,0,0,0,0
421336,1,1,1993,0,0,0,0,0,0,0,0,0,0
421336,2,1,1993,0,0,0,0,6,0,0,0,0,0
421336,3,1,1993,17,0,0,0,0,0,0,0,0,0
421338,0,1,1993,0,0,0,0,0,0,0,0,0,0
421338,1,1,1993,0,0,0,0,11,0,0,0,0,0
421339,1,1,1993,0,0,0,0,0,0,0,0,0,0
421340,1,1,1993,0,0,0,0,0,0,0,0,0,0
421340,2,1,1993,0,0,0,0,0,0,0,0,0,0
421341,1,1,1993,0,0,0,0,0,0,0,0,0,0
421342,1,1,1993,10,10,10,10,10,10,10,10,10,10
421343,1,1,1993,21,21,21,21,21,21,21,21,21,21
421345,1,1,1993,0,0,0,0,0,0,0,0,0,0
421346,0,1,1993,11,0,0,0,0,0,0,0,0,0
421346,0,2,1993,0,0,5,22,15,0,23,35,16,18
421346,1,1,1993,6,6,6,6,6,6,6,6,6,6
421347,1,1,1993,0,0,0,0,0,0,0,0,0,0
421347,2,1,1993,0,0,0,0,0,0,0,0,0,0
421348,1,1,1993,0,0,0,0,0,0,0,0,0,0
421348,2,1,1993,0,0,0,0,0,0,0,0,0,0
421349,0,1,1993,0,0,0,0,0,0,0,0,0,0
421349,1,1,1993,0,0,0,16,0,11,0,0,0,0
421350,1,1,1993,0,0,0,0,0,0,0,0,0,0
421350,2,1,1993,3,6,0,0,0,31,0,0,0,0
421351,1,1,1993,0,0,0,0,0,0,0,0,0,0
421351,2,1,1993,0,0,0,0,0,0,0,0,0,0
421352,1,1,1993,0,0,0,0,0,0,0,0,0,0
421352,2,1,1993,0,0,0,0,0,0,0,0,0,0
421353,1,1,1993,0,0,0,0,0,0,0,0,0,0
421353,2,1,1993,0,0,0,0,0,0,0,0,0,0
421354,0,1,1993,0,0,0,0,0,0,0,0,0,0
421354,1,1,1993,4,4,4,4,4,4,4,4,4,4
421355,1,1,1993,0,0,0,0,0,0,0,0,0,0
421355,2,1,1993,0,0,0,0,0,0,0,0,0,0
421356,1,1,1993,0,0,0,0,0,0,0,0,0,0
421356,2,1,1993,0,0,0,0,0,0,0,0,0,0
421357,0,1,1993,0,0,0,0,0,0,0,0,0,0
421357,1,1,1993,0,0,0,0,0,0,0,0,0,0
421358,1,1,1993,0,0,0,0,0,0,12,0,0,0
421358,2,1,1993,0,0,0,0,3,0,0,0,0,0
421359,1,1,1993,0,11,11,0,0,0,0,0,0,0
421359,2,1,1993,0,20,0,0,11,16,18,0,0,0
421360,0,1,1993,0,0,0,0,0,0,0,0,0,0
421360,1,1,1993,0,0,0,0,0,0,0,0,0,0
421361,0,1,1993,0,0,0,0,0,0,0,0,0,0
421361,1,1,1993,0,0,6,0,0,0,0,0,0,0
421362,1,1,1993,0,0,0,0,0,0,0,0,0,0
421362,2,1,1993,0,0,21,0,0,0,0,0,0,0
421362,3,1,1993,0,0,0,0,0,0,0,0,0,0
421362,4,1,1993,0,0,0,0,0,0,0,0,0,0
421363,1,1,1993,0,0,0,0,0,0,0,0,0,0
421363,2,1,1993,3,3,3,3,3,3,3,3,3,3
421364,1,1,1993,32,16,21,14,5,9,24,24,19,21
421365,0,1,1993,18,0,0,23,20,0,0,0,11,0
421365,1,1,1993,0,0,0,0,0,0,0,0,0,0
421366,1,1,1993,0,0,0,0,0,0,0,0,0,0
421366,2,1,1993,0,0,0,0,0,0,0,0,0,0
421367,0,1,1993,0,0,0,0,0,0,0,0,0,0
421367,1,1,1993,0,0,0,0,0,0,0,0,0,0
421368,1,1,1993,20,20,20,20,20,20,20,20,20,20
421368,2,1,1993,0,0,0,0,0,0,0,0,0,0
421369,0,1,1993,0,0,0,0,0,0,0,0,0,0
421369,1,1,1993,0,0,0,0,0,0,0,0,0,0
421370,1,1,1993,15,15,15,15,15,15,15,15,15,15
421370,2,1,1993,0,0,0,0,0,0,0,0,0,0
421371,0,1,1993,0,0,0,0,0,10,0,0,0,11
421371,0,2,1993,0,0,0,0,0,0,0,0,0,0
421371,1,1,1993,17,17,17,17,17,17,17,17,17,17
421372,1,1,1993,24,24,24,24,24,24,24,24,24,24
421373,1,1,1993,0,0,0,0,0,0,0,0,0,0
421373,2,1,1993,0,0,0,0,0,0,0,0,0,0
421373,3,1,1993,0,0,0,0,0,0,5,0,0,0
421373,4,1,1993,0,0,0,0,0,0,0,0,0,0
421374,1,1,1993,0,0,0,0,0,0,0,0,0,0
421374,2,1,1993,0,0,17,0,0,0,0,0,0,0
421375,1,1,1993,26,26,26,26,26,26,26,26,26,26
421375,2,1,1993,0,0,0,0,0,0,0,0,0,0
421375,3,1,1993,0,0,0,0,0,0,0,0,0,0
421375,4,1,1993,0,14,0,0,26,0,0,0,0,0
421376,1,1,1993,0,0,0,0,0,0,0,0,0,0
421376,2,1,1993,0,0,0,0,0,0,0,0,0,0
421377,1,1,1993,20,20,20,20,20,20,20,20,20,20
421378,1,1,1993,0,0,0,0,0,0,0,0,0,0
421379,1,1,1993,0,0,0,0,0,0,0,0,0,0
421379,2,1,1993,0,0,0,0,0,0,0,0,0,0
421380,1,1,1993,20,20,20,20,20,20,20,20,20,20
421380,2,1,1993,0,0,0,0,0,0,0,10,0,0
421381,1,1,1993,0,0,0,0,0,0,0,0,0,0
421381,2,1,1993,0,0,0,0,0,0,0,0,0,0
421382,0,1,1993,0,8,30,0,0,0,0,0,36,15
421382,1,1,1993,0,0,10,0,0,0,0,16,0,21
421383,1,1,1993,24,24,24,24,24,24,24,24,24,24
421383,2,1,1993,0,0,0,0,11,0,0,0,0,0
421384,1,1,1993,0,0,0,0,0,0,0,0,0,0
421384,2,1,1993,0,0,0,0,0,0,0,0,0,0
421385,1,1,1993,0,0,0,0,0,0,0,0,0,0
421386,1,1,1993,0,0,0,0,0,0,0,0,0,0
421386,2,1,1993,0,0,0,0,0,0,0,0,0,0
421387,1,1,1993,7,0,0,27,0,16,0,0,0,0
421387,2,1,1993,0,0,0,0,0,0,0,0,0,0
421388,1,1,1993,0,0,0,0,0,0,0,0,0,0
421389,1,1,1993,0,0,0,0,0,0,0,0,0,0
421389,2,1,1993,0,0,0,0,0,0,0,0,0,0
421390,1,1,1993,0,0,0,0,0,0,0,0,0,0
421391,1,1,1993,18,18,18,18,18,18,18,18,18,18
421391,2,1,1993,0,0,0,0,0,0,0,0,0,0
421392,1,1,1993,23,23,23,23,23,23,23,23,23,23
421393,1,1,1993,18,3,0,14,10,19,11,25,19,35
421394,1,1,1993,0,0,0,0,0,0,0,0,0,0
421394,2,1,1993,0,0,0,0,0,0,0,0,0,0
421395,0,1,1993,0,0,0,0,0,0,0,0,0,0
421395,1,1,1993,0,0,0,0,0,0,0,0,0,0
421396,1,1,1993,0,0,0,0,0,0,0,0,0,0
421396,2,1,1993,0,0,19,0,19,0,0,0,0,0
421397,1,1,1993,0,0,0,0,0,0,0,0,0,0
421397,2,1,1993,1,1,1,1,1,1,1,1,1,1
421398,1,1,1993,0,0,0,0,0,0,0,0,0,0
421399,0,1,1993,0,0,0,0,0,0,37,0,0,0
421399,1,1,1993,0,0,0,0,0,0,0,0,0,0
421400,1,1,1993,6,6,6,6,6,6,6,6,6,6
421401,0,1,1993,0,0,0,0,0,0,0,0,0,0
421401,1,1,1993,0,0,0,0,0,0,0,0,0,0
421402,1,1,1993,14,7,16,7,16,18,34,8,4,6
421404,1,1,1993,0,0,0,0,0,0,0,0,0,0
421404,2,1,1993,0,0,0,0,0,0,0,0,24,0
421405,1,1,1993,0,0,0,0,0,0,0,0,0,0
421405,2,1,1993,0,0,0,0,0,0,0,0,0,0
421406,1,1,1993,0,0,0,0,0,0,0,0,0,0
421407,1,1,1993,0,0,0,0,0,0,0,0,0,0
421407,2,1,1993,0,0,0,0,0,0,0,0,0,0
421408,1,1,1993,15,15,15,15,15,15,15,15,15,15
421409,1,1,1993,0,0,0,0,0,0,0,0,0,0
421409,2,1,1993,0,0,0,0,0,0,0,0,0,0
421409,3,1,1993,0,0,0,0,0,0,0,0,0,0
421410,1,1,1993,0,0,0,0,0,0,0,0,0,0
421411,1,1,1993,0,0,0,18,0,0,0,0,0,0
421411,2,1,1993,0,0,0,0,0,0,0,0,0,0
421412,1,1,1993,0,0,0,0,0,0,0,0,0,0
421412,2,1,1993,0,0,0,0,0,0,0,0,0,0
421413,1,1,1993,5,5,5,5,5,5,5,5,5,5
421414,1,1,1993,16,16,16,16,16,16,16,16,16,16
421415,1,1,1993,0,0,0,0,0,0,0,0,0,0
421416,1,1,1993,0,0,0,0,0,0,0,0,0,0
421417,0,1,1993,28,0,0,0,0,0,0,24,0,0
421417,1,1,1993,0,0,0,0,0,0,0,0,0,0
421418,1,1,1993,6,6,6,6,6,6,6,6,6,6
421419,1,1,1993,0,0,0,0,0,0,0,0,0,0
421419,2,1,1993,0,0,0,0,0,0,0,0,0,0
421420,1,1,1993,0,0,0,0,0,0,0,0,0,0
421420,2,1,1993,0,0,0,0,0,0,0,0,0,0
421420,3,1,1993,0,0,0,0,0,0,0,0,0,0
421420,4,1,1993,0,0,0,0,0,0,0,0,0,0
421421,1,1,1993,21,21,21,21,21,21,21,21,21,21
421422,1,1,1993,0,0,0,0,0,0,0,0,0,0
421422,2,1,1993,0,0,0,0,0,0,0,0,0,0
421423,1,1,1993,0,0,0,0,0,0,0,0,0,0
421423,2,1,1993,0,0,0,0,0,0,0,0,0,0
421424,1,1,1993,1,1,1,1,1,1,1,1,1,1
421425,1,1,1993,0,0,0,0,0,0,0,23,0,11
421426,1,1,1993,16,13,23,14,10,15,13,10,17,24
421427,1,1,1993,0,0,0,0,0,0,0,0,0,0
421427,2,1,1993,0,0,0,0,0,0,0,0,0,0
421427,3,1,1993,0,0,0,0,0,0,0,0,0,0
440001,1,1,1993,0,0,0,0,0,0,0,0,0,0
440001,2,1,1993,0,0,0,0,0,0,0,0,0,0
440002,1,1,1993,5,5,5,5,5,5,5,5,5,5
440002,2,1,1993,0,0,20,0,0,0,0,0,0,0
440003,1,2,1993,0,0,7,0,0,0,7,0,0,0
440004,0,1,1993,0,0,0,0,0,0,0,0,0,0
440004,1,1,1993,0,0,0,0,0,0,0,0,0,0
440005,1,2,1993,0,0,0,0,0,0,0,0,0,0
440006,1,1,1993,14,14,14,14,14,14,14,14,14,14
440007,1,1,1993,15,15,15,15,15,15,15,15,15,15
440008,1,1,1993,8,8,8,8,8,8,8,8,8,8
440009,1,2,1993,0,0,0,0,0,0,0,0,0,0
440009,2,1,1993,0,0,0,0,0,0,0,0,0,0
440010,1,1,1993,23,23,23,23,23,23,23,23,23,23
440011,1,1,1993,0,0,0,0,0,0,0,0,0,0
440012,1,1,1993,0,0,0,0,0,0,0,0,0,0
440012,2,1,1993,0,0,0,0,0,0,0,0,0,0
440013,0,1,1993,18,18,18,18,18,18,18,18,18,18
440013,1,1,1993,24,8,0,18,12,24,15,15,10,20
440014,1,2,1993,12,5,12,15,18,0,19,12,5,12
440015,0,1,1993,0,0,0,0,0,0,0,0,0,0
440015,0,2,1993,0,0,0,0,0,0,0,0,0,0
440015,1,1,1993,0,0,0,0,0,0,0,0,0,0
440015,2,1,1993,0,0,0,0,0,0,0,0,0,0
440016,1,2,1993,16,8,13,5,6,14,4,19,20,7
440016,2,1,1993,18,26,21,23,30,5,6,13,6,10
440017,1,1,1993,1,1,1,1,1,1,1,1,1,1
440018,1,1,1993,7,7,7,7,7,7,7,7,7,7
440019,1,1,1993,4,4,4,4,4,4,4,4,4,4
440020,1,1,1993,32,32,32,32,32,32,32,32,32,32
440021,1,1,1993,0,0,0,0,0,0,0,0,0,0
440022,1,2,1993,0,0,0,0,0,0,0,0,0,0
440022,2,1,1993,0,0,0,0,0,0,0,0,0,0
440023,1,2,1993,0,0,0,0,0,0,0,0,0,0
440023,2,1,1993,0,0,0,0,0,0,10,0,0,0
440024,1,1,1993,23,0,0,0,0,0,0,0,0,0
440025,1,2,1993,24,24,24,24,24,24,24,24,24,24
440026,1,2,1993,12,16,11,17,22,14,14,19,19,16
440027,1,1,1993,0,0,0,0,0,0,0,0,0,0
440028,0,1,1993,25,0,24,29,0,0,23,44,20,14
440028,1,1,1993,0,23,0,0,12,15,0,0,10,0
440029,1,2,1993,0,0,0,0,0,0,0,0,0,0
440029,2,1,1993,0,0,0,0,0,0,0,0,0,0
440030,0,1,1993,0,0,0,0,0,0,0,0,0,0
440030,1,1,1993,0,0,0,11,0,0,0,0,0,0
440031,1,1,1993,32,32,32,32,32,32,32,32,32,32
440032,1,1,1993,16,0,0,0,0,0,0,0,0,0
440033,1,1,1993,0,0,0,0,0,0,0,0,0,0
440033,2,1,1993,0,0,0,0,0,0,0,0,0,0
440034,1,1,1993,18,18,18,18,18,18,18,18,18,18
440034,2,1,1993,0,0,0,0,0,0,0,0,0,0
440035,1,1,1993,0,0,0,0,0,0,0,0,0,0
440035,2,1,1993,0,0,0,0,0,0,0,0,0,0
440036,1,1,1993,9,9,9,9,9,9,9,9,9,9
440037,1,2,1993,0,0,0,0,0,0,0,0,0,0
440038,1,1,1993,0,0,0,0,0,0,0,0,0,0