ST_CASE,VEH_NO,PER_NO,YEAR,P1,P2,P3,P4,P5,P6,P7,P8,P9,P10
440038,2,1,1993,3,15,16,14,10,0,11,9,3,0
440039,1,1,1993,9,9,9,9,9,9,9,9,9,9
440039,2,1,1993,0,0,0,0,0,0,0,0,0,0
440040,1,1,1993,21,21,21,21,21,21,21,21,21,21
440041,1,1,1993,23,23,23,23,23,23,23,23,23,23
440042,1,1,1993,25,25,25,25,25,25,25,25,25,25
440043,0,1,1993,0,0,0,0,0,0,0,0,0,0
440043,1,1,1993,0,0,0,12,0,0,0,0,0,0
440043,2,1,1993,0,0,0,8,0,0,12,0,0,0
440044,1,1,1993,12,12,12,12,12,12,12,12,12,12
440045,1,1,1993,0,0,0,0,0,0,0,0,0,0
440045,2,1,1993,0,0,0,0,0,0,0,0,0,0
440046,1,1,1993,0,0,0,0,0,0,0,0,0,0
440046,2,1,1993,0,0,0,0,0,0,0,0,0,0
440047,1,1,1993,24,24,24,24,24,24,24,24,24,24
440048,1,1,1993,29,29,29,29,29,29,29,29,29,29
440048,2,1,1993,0,0,0,0,0,0,0,0,0,0
440049,1,1,1993,0,0,0,0,0,0,0,0,0,0
440050,0,1,1993,0,0,0,0,0,0,0,0,0,0
440050,1,1,1993,0,0,0,0,0,0,0,0,0,0
440051,1,1,1993,32,32,32,32,32,32,32,32,32,32
440052,1,1,1993,32,32,32,32,32,32,32,32,32,32
440053,1,1,1993,24,24,24,24,24,24,24,24,24,24
440054,0,1,1993,0,0,0,0,0,0,0,0,0,0
440054,1,1,1993,0,0,0,0,0,0,0,0,0,0
440055,1,1,1993,0,0,0,0,0,0,0,0,0,0
440056,1,1,1993,27,27,27,27,27,27,27,27,27,27
440057,0,1,1993,0,0,0,0,0,0,0,0,0,0
440057,1,1,1993,8,0,0,0,0,0,0,0,0,0
440058,1,2,1993,0,0,0,0,0,0,0,0,0,0
440058,2,1,1993,0,0,0,0,0,0,0,0,0,0
440059,0,1,1993,27,27,27,27,27,27,27,27,27,27
440059,1,1,1993,0,0,4,0,13,6,0,0,0,0
440060,0,1,1993,0,0,0,0,0,0,0,0,0,0
440060,1,1,1993,0,0,0,0,0,0,0,0,0,0
440061,1,1,1993,16,16,16,16,16,16,16,16,16,16
440062,1,1,1993,0,0,0,0,0,0,0,0,0,0
440063,1,1,1993,19,19,19,19,19,19,19,19,19,19
440064,1,1,1993,0,0,0,0,0,0,0,0,0,0
440064,2,1,1993,33,33,33,33,33,33,33,33,33,33
440065,0,1,1993,24,24,24,24,24,24,24,24,24,24
440065,1,1,1993,0,0,11,0,0,0,0,0,0,0
440065,2,1,1993,0,0,0,7,0,0,0,0,0,0
440066,1,1,1993,29,29,29,29,29,29,29,29,29,29
440067,1,1,1993,0,0,0,0,0,0,0,0,0,0
440068,0,1,1993,0,0,0,0,0,0,30,25,33,0
440068,1,1,1993,0,0,0,0,0,0,0,0,0,0
440069,1,1,1993,0,0,0,0,0,0,0,0,0,0
440069,2,1,1993,0,0,0,0,0,0,0,0,0,0
440069,3,1,1993,0,0,0,0,0,0,0,0,0,0
440070,1,1,1993,23,23,23,23,23,23,23,23,23,23
450001,1,1,1993,14,14,14,14,14,14,14,14,14,14
450002,1,1,1993,0,0,0,0,0,0,0,11,0,0
450002,2,1,1993,0,0,0,0,0,0,0,0,0,0
450002,3,1,1993,0,0,0,0,0,0,0,0,0,0
450003,0,1,1993,0,0,0,0,0,0,0,0,0,0
450003,1,1,1993,0,0,0,0,0,0,0,0,0,0
450004,1,1,1993,0,0,0,0,0,0,0,0,0,0
450004,2,1,1993,11,17,9,14,12,20,5,10,10,6
450005,1,1,1993,0,0,0,0,0,0,0,0,0,0
450005,2,1,1993,0,0,0,0,0,0,0,0,0,0
450006,1,1,1993,0,0,8,0,0,0,0,0,0,0
450006,2,1,1993,0,0,0,0,0,0,0,0,0,0
450007,1,1,1993,0,0,0,0,0,0,0,0,0,0
450007,2,1,1993,0,0,0,0,0,0,0,0,15,0
450008,1,1,1993,0,0,0,0,0,0,0,0,0,0
450009,1,1,1993,18,0,19,20,32,23,28,20,23,18
450010,1,1,1993,8,11,0,19,0,6,7,0,0,0
450011,0,1,1993,39,39,39,39,39,39,39,39,39,39
450011,1,1,1993,0,12,0,13,0,0,0,0,0,0
450012,1,1,1993,0,17,0,21,18,11,15,0,15,13
450013,1,1,1993,0,0,0,0,0,0,0,0,0,18
450013,2,1,1993,0,0,0,0,0,0,0,0,0,0
450014,0,1,1993,0,0,0,0,0,0,0,0,0,0
450014,1,1,1993,0,0,0,0,0,0,0,0,0,0
450015,0,1,1993,0,0,0,0,0,0,0,0,0,0
450015,1,1,1993,0,0,0,0,0,0,0,0,0,0
450017,1,1,1993,8,8,8,8,8,8,8,8,8,8
450018,1,1,1993,0,0,0,0,0,0,0,0,0,0
450018,2,1,1993,0,0,0,0,0,0,0,0,0,0
450019,1,1,1993,0,0,0,0,34,0,15,0,0,0
450020,1,1,1993,0,0,0,18,0,0,0,0,0,20
450021,0,1,1993,0,0,0,0,0,0,0,0,0,0
450021,1,1,1993,0,0,0,0,0,0,0,0,0,0
450021,2,1,1993,0,0,0,0,0,0,0,0,0,0
450022,1,1,1993,0,0,0,0,0,0,0,0,0,0
450022,2,1,1993,0,0,0,0,0,0,0,0,0,0
450023,0,1,1993,9,9,9,9,9,9,9,9,9,9
450023,1,1,1993,20,19,17,12,10,14,20,2,22,17
450024,1,1,1993,0,0,0,0,0,0,0,0,0,0
450024,2,1,1993,0,0,13,0,0,0,0,0,0,0
450025,1,1,1993,0,0,0,0,0,0,0,0,0,0
450026,0,1,1993,0,0,0,0,0,0,0,0,0,0
450026,1,1,1993,0,0,0,0,0,0,0,0,0,0
450027,1,1,1993,18,18,18,18,18,18,18,18,18,18
450028,1,1,1993,0,0,0,0,0,0,0,0,0,0
450028,2,1,1993,0,0,0,0,0,0,0,0,0,0
450029,1,1,1993,23,23,23,23,23,23,23,23,23,23
450030,1,1,1993,27,27,27,27,27,27,27,27,27,27
450031,1,1,1993,15,15,15,15,15,15,15,15,15,15
450031,2,1,1993,0,0,0,0,0,0,0,0,0,0
450032,1,1,1993,0,0,0,0,0,0,0,0,0,0
450032,2,1,1993,0,0,0,0,0,0,0,0,0,0
450033,1,1,1993,7,7,7,7,7,7,7,7,7,7
450034,1,1,1993,0,0,0,0,0,0,0,0,0,0
450035,1,1,1993,0,0,0,0,0,0,0,0,0,0
450035,2,1,1993,0,0,0,0,0,0,0,0,0,0
450036,1,1,1993,0,0,0,0,0,0,0,0,0,0
450036,2,1,1993,0,0,0,0,0,0,0,0,0,0
450037,1,1,1993,0,0,0,0,0,0,0,0,0,0
450038,1,1,1993,9,25,0,0,0,0,15,0,0,10
450039,1,1,1993,0,0,0,0,0,0,0,0,0,0
450039,2,1,1993,0,0,0,0,0,0,0,0,0,0
450040,1,1,1993,0,0,0,0,0,0,0,0,0,0
450041,1,1,1993,0,0,0,0,0,0,0,0,0,0
450041,2,1,1993,0,0,0,0,0,0,0,0,0,0
450042,1,1,1993,12,12,12,12,12,12,12,12,12,12
450043,1,1,1993,0,0,0,0,0,0,0,0,0,0
450043,2,1,1993,0,0,0,0,0,0,0,0,0,0
450044,1,1,1993,0,0,0,0,0,0,0,0,0,0
450045,1,1,1993,33,17,25,28,48,30,22,15,20,35
450046,0,1,1993,0,0,0,0,0,0,0,0,0,0
450046,1,1,1993,0,0,0,0,0,0,0,0,0,0
450047,1,1,1993,0,0,19,16,0,22,20,3,20,0
450048,1,1,1993,0,0,0,0,0,0,0,0,0,0
450048,2,1,1993,20,20,20,20,20,20,20,20,20,20
450049,1,1,1993,0,0,0,0,0,0,0,0,0,0
450049,2,1,1993,24,24,24,24,24,24,24,24,24,24
450050,1,1,1993,37,37,37,37,37,37,37,37,37,37
450051,1,1,1993,0,0,0,0,0,0,0,0,0,0
450051,2,1,1993,0,0,0,0,0,0,0,0,0,0
450052,1,1,1993,26,26,26,26,26,26,26,26,26,26
450052,2,1,1993,0,0,0,0,0,0,0,0,0,0
450053,1,1,1993,0,0,0,0,0,0,0,0,0,0
450053,2,1,1993,0,0,0,0,0,0,0,0,0,0
450054,1,1,1993,0,20,10,0,0,0,0,0,16,0
450054,2,1,1993,0,0,4,0,0,0,0,0,0,0
450055,1,1,1993,1,1,1,1,1,1,1,1,1,1
450055,2,1,1993,0,0,0,0,0,0,0,0,0,0
450056,1,1,1993,0,0,0,0,0,0,0,0,0,0
450056,2,1,1993,0,0,0,0,0,0,0,0,0,0
450057,0,1,1993,33,0,0,24,0,30,0,0,0,21
450057,1,1,1993,0,0,0,0,0,0,0,0,0,0
450058,1,1,1993,0,0,0,0,0,0,0,0,0,0
450058,2,1,1993,0,0,0,0,0,0,0,0,0,0
450058,3,1,1993,0,0,0,0,0,0,0,0,0,0
450059,1,1,1993,0,0,0,0,0,0,0,0,0,0
450059,2,1,1993,15,15,15,15,15,15,15,15,15,15
450060,1,1,1993,8,8,0,0,8,0,0,0,8,0
450060,2,1,1993,16,0,0,0,0,0,0,0,0,0
450061,1,1,1993,0,0,0,0,0,0,0,0,0,0
450061,2,1,1993,0,0,0,0,0,0,11,0,0,0
450062,1,1,1993,19,19,19,19,19,19,19,19,19,19
450062,2,1,1993,0,0,0,0,0,0,0,0,0,0
450063,1,1,1993,0,0,0,0,0,0,0,0,0,0
450064,1,1,1993,27,27,27,27,27,27,27,27,27,27
450065,1,1,1993,0,0,0,0,0,0,0,0,0,0
450066,1,1,1993,0,0,0,0,0,0,0,0,0,0
450067,1,1,1993,0,0,0,0,0,0,0,0,0,0
450068,1,1,1993,0,0,0,0,0,0,0,0,0,0
450069,0,1,1993,47,15,26,0,26,5,30,36,10,13
450069,1,1,1993,0,0,0,0,0,0,0,0,0,0
450070,1,1,1993,0,0,0,0,0,0,0,0,0,0
450070,2,1,1993,0,0,0,0,0,0,0,0,0,0
450071,0,1,1993,20,20,20,20,20,20,20,20,20,20
450071,1,1,1993,0,0,0,0,0,0,0,0,0,0
450072,0,1,1993,29,29,29,29,29,29,29,29,29,29
450072,1,1,1993,0,0,0,0,0,0,0,0,0,0
450073,1,1,1993,0,0,0,0,0,0,0,0,0,0
450074,1,1,1993,0,0,0,0,0,0,0,0,0,0
450074,2,1,1993,0,0,0,0,0,0,0,0,0,0
450075,1,1,1993,14,25,23,17,23,23,17,12,19,43
450076,1,1,1993,0,0,0,0,0,0,0,0,0,0
450077,1,1,1993,26,20,17,9,28,27,26,37,13,24
450079,1,1,1993,22,14,10,0,7,0,19,0,10,7
450080,1,1,1993,0,0,0,0,0,0,0,0,0,0
450080,2,1,1993,0,0,0,0,0,0,17,0,0,0
450081,1,1,1993,0,0,0,0,0,0,0,0,0,0
450081,2,1,1993,21,21,21,21,21,21,21,21,21,21
450082,0,1,1993,18,18,18,18,18,18,18,18,18,18
450082,1,1,1993,7,7,7,7,7,7,7,7,7,7
450083,1,1,1993,27,27,27,27,27,27,27,27,27,27
450085,1,1,1993,0,0,0,0,0,0,0,0,0,0
450085,2,1,1993,0,0,0,0,0,0,0,0,0,0
450086,1,1,1993,0,0,0,0,0,0,0,0,0,0
450086,2,1,1993,0,0,0,11,0,0,0,0,0,0
450087,1,1,1993,15,16,14,16,8,14,11,14,25,16
450088,1,1,1993,0,0,0,0,0,0,0,0,0,0
450088,2,1,1993,0,0,0,0,0,0,0,0,0,0
450089,1,1,1993,15,8,7,19,32,27,14,17,8,20
450089,2,1,1993,0,0,0,0,0,0,0,0,0,0
450090,1,1,1993,0,0,0,0,0,0,0,0,0,0
450090,2,1,1993,0,0,0,0,0,0,0,0,0,0
450091,1,1,1993,14,0,19,0,0,4,0,0,13,0
450091,2,1,1993,13,0,28,0,0,0,0,0,0,26
450092,1,1,1993,10,10,10,10,10,10,10,10,10,10
450093,1,1,1993,0,0,0,0,0,12,9,11,11,24
450094,1,1,1993,21,28,0,30,28,20,40,18,5,15
450094,2,1,1993,0,0,0,0,0,0,0,0,0,0
450094,3,1,1993,0,0,0,0,0,0,0,0,0,0
450094,4,1,1993,0,0,0,0,0,0,0,0,0,0
450095,1,1,1993,0,4,0,0,27,0,23,0,0,11
450096,1,1,1993,18,18,18,18,18,18,18,18,18,18
450097,1,1,1993,13,6,0,0,11,0,0,0,0,16
450098,1,1,1993,0,0,0,0,0,0,0,0,0,0
450098,2,1,1993,0,0,0,0,0,0,0,0,0,0
450099,1,1,1993,38,38,38,38,38,38,38,38,38,38
450100,1,1,1993,0,0,0,0,0,0,0,0,0,0
450101,1,1,1993,0,0,0,0,0,0,0,0,0,0
450102,1,1,1993,20,0,8,0,0,0,0,0,0,0
450103,0,1,1993,0,45,0,0,0,16,0,0,0,0
450103,1,1,1993,0,0,0,0,0,0,0,0,0,0
450104,1,1,1993,0,0,18,0,0,0,0,0,0,0
450104,2,1,1993,10,10,10,10,10,10,10,10,10,10
450105,1,1,1993,16,16,16,16,16,16,16,16,16,16
450106,1,1,1993,9,9,9,9,9,9,9,9,9,9
450107,1,1,1993,0,0,0,0,0,0,0,0,0,0
450107,2,1,1993,0,0,0,0,0,0,0,0,0,0
450108,1,1,1993,0,0,0,0,0,0,0,0,0,0
450108,2,1,1993,0,0,0,0,0,0,0,0,0,0
450109,1,1,1993,0,8,0,16,14,11,0,0,23,16
450110,0,1,1993,0,0,0,0,20,0,0,0,0,0
450110,1,1,1993,0,0,0,0,0,0,0,0,0,0
450111,1,1,1993,0,0,0,0,0,0,0,0,0,0
450111,2,1,1993,0,0,0,0,0,0,0,0,0,0
450112,1,1,1993,19,19,19,19,19,19,19,19,19,19
450113,0,1,1993,0,0,0,0,0,0,0,0,0,0
450113,1,1,1993,0,0,0,0,0,0,0,0,0,0
450114,1,1,1993,0,0,0,0,0,0,0,0,0,0
450115,1,1,1993,15,0,9,23,15,0,12,24,19,3
450116,0,1,1993,25,17,10,10,16,0,11,20,33,34
450116,1,1,1993,0,0,0,0,0,0,0,0,0,0
450117,1,1,1993,0,0,0,0,0,0,0,0,0,0
450117,2,1,1993,0,0,0,0,0,0,0,0,0,0
450118,0,1,1993,26,26,26,26,26,26,26,26,26,26
450118,1,1,1993,0,0,12,0,0,0,0,0,0,0
450119,1,1,1993,16,16,16,16,16,16,16,16,16,16
450120,0,1,1993,12,12,12,12,12,12,12,12,12,12
450120,1,1,1993,0,0,0,0,0,0,0,0,0,0
450121,1,1,1993,0,0,0,0,0,0,0,0,0,0
450122,1,1,1993,0,0,0,0,0,0,0,0,0,0
450122,2,1,1993,0,0,0,0,0,0,0,0,0,0
450123,0,1,1993,0,0,0,0,0,0,0,0,15,14
450123,1,1,1993,0,0,16,0,0,0,0,0,0,0
450124,1,1,1993,0,0,0,0,0,0,0,0,0,0
450125,1,1,1993,6,0,21,0,11,17,14,0,14,18
450125,2,1,1993,0,0,0,0,0,0,0,0,0,0
450125,3,1,1993,0,0,0,0,0,0,0,0,0,0
450126,1,1,1993,12,0,26,14,0,0,28,5,10,19
450126,2,1,1993,0,0,0,0,0,0,5,0,0,0
450127,1,1,1993,0,0,0,0,0,0,0,0,0,0
450127,2,1,1993,0,0,0,0,0,0,0,0,0,0
450128,1,1,1993,0,0,0,0,0,0,0,0,0,0
450128,2,1,1993,0,0,0,0,9,2,0,0,0,8
450128,3,1,1993,0,0,0,0,0,0,0,0,0,0
450129,1,1,1993,0,0,0,0,0,0,0,0,0,0
450130,1,1,1993,5,15,12,16,12,25,16,36,17,8
450131,0,1,1993,0,0,0,0,0,0,0,0,0,0
450131,1,1,1993,0,0,0,0,0,0,0,0,0,0
450132,1,1,1993,17,13,8,16,0,9,0,11,0,9
450133,1,1,1993,0,0,0,0,0,0,0,0,0,0
450133,2,1,1993,14,30,26,26,6,23,19,17,17,22
450133,3,1,1993,0,0,0,0,0,0,0,0,0,0
450134,1,1,1993,0,0,0,0,0,0,0,0,0,0
450135,1,1,1993,0,0,0,0,0,0,0,0,0,0
450135,2,1,1993,0,0,9,0,0,0,0,0,0,0
450136,1,1,1993,0,0,0,0,0,7,0,0,0,0
450136,2,1,1993,0,4,0,0,0,0,0,0,0,0
450137,1,1,1993,0,11,16,20,11,0,3,5,0,11
450138,1,1,1993,28,0,0,0,0,0,0,0,0,0
450139,0,1,1993,0,0,0,0,0,16,0,0,0,0
450139,1,1,1993,0,0,0,0,0,0,0,14,0,0
450140,1,1,1993,11,0,24,19,0,0,0,0,0,15
450141,1,1,1993,0,0,0,0,0,0,0,0,0,0
450141,2,1,1993,0,0,0,0,0,0,0,0,0,0
450142,1,1,1993,35,35,35,35,35,35,35,35,35,35
450143,1,1,1993,19,19,19,19,19,19,19,19,19,19
450144,1,1,1993,23,23,23,23,23,23,23,23,23,23
450145,1,1,1993,0,0,0,0,0,0,0,0,0,0
450145,2,1,1993,0,0,0,0,0,0,0,0,0,0
450147,1,1,1993,0,0,0,0,0,0,0,0,2,0
450149,1,1,1993,0,0,32,0,0,0,0,0,0,0
450149,2,1,1993,0,10,0,0,0,0,13,0,0,11
450150,1,1,1993,0,0,0,0,0,17,0,0,25,0
450151,1,1,1993,15,15,15,15,15,15,15,15,15,15
450152,1,1,1993,0,0,0,0,0,0,0,0,0,0
450152,2,1,1993,0,0,0,0,0,0,0,0,0,0
450153,1,1,1993,31,17,16,26,32,21,25,18,16,17
450154,1,1,1993,0,0,0,0,0,0,0,0,0,0
450154,2,1,1993,0,0,0,0,0,0,0,0,0,0
450155,1,1,1993,19,19,26,12,18,18,23,27,26,3
450156,1,1,1993,0,0,0,0,0,0,0,0,0,0
450156,2,1,1993,0,0,0,0,0,0,0,16,0,0
450157,1,1,1993,20,20,20,20,20,20,20,20,20,20
450158,0,1,1993,0,0,0,0,0,0,16,2,0,0
450158,1,1,1993,0,0,0,0,0,0,0,0,0,0
450159,1,1,1993,0,0,0,0,0,0,0,0,0,0
450159,2,1,1993,0,0,0,0,0,0,0,0,0,0
450160,1,1,1993,0,0,0,0,0,0,0,0,0,0
450160,2,1,1993,0,0,0,0,0,0,0,14,0,0
450161,1,1,1993,0,0,0,0,0,0,0,0,0,30
450162,1,1,1993,0,0,0,0,5,0,0,0,0,0
450163,1,1,1993,10,10,10,10,10,10,10,10,10,10
450163,2,1,1993,0,0,0,0,0,0,0,0,0,0
450165,1,1,1993,0,0,0,0,0,0,0,0,0,0
450165,2,1,1993,0,0,0,0,0,0,0,0,0,0
450166,1,1,1993,0,0,0,0,0,0,0,0,0,0
450166,2,1,1993,0,0,0,0,13,0,24,0,0,0
450167,1,1,1993,0,0,0,0,0,11,15,0,0,0
450168,1,1,1993,17,17,17,17,17,17,17,17,17,17
450169,1,1,1993,27,27,27,27,27,27,27,27,27,27
450170,1,1,1993,0,0,0,6,0,0,0,0,0,14
450171,1,1,1993,20,20,20,20,20,20,20,20,20,20
450172,1,1,1993,0,0,0,0,0,0,0,0,0,0
450172,2,2,1993,0,0,0,0,0,0,0,0,0,0
450173,0,1,1993,1,1,1,1,1,1,1,1,1,1
450173,1,1,1993,0,0,0,0,0,0,0,0,0,0
450174,1,1,1993,0,0,0,0,0,0,0,0,0,0
450174,2,1,1993,0,0,0,0,0,0,0,0,0,0
450175,0,1,1993,10,10,10,10,10,10,10,10,10,10
450175,1,1,1993,0,0,0,0,0,0,0,0,0,0
450176,1,1,1993,0,0,0,0,0,15,0,0,0,0
450177,1,1,1993,13,18,12,12,15,15,16,7,15,5
450178,0,1,1993,24,24,24,24,24,24,24,24,24,24
450178,1,1,1993,0,2,10,0,0,0,0,0,5,0
450179,1,1,1993,0,0,0,0,0,0,0,0,0,0
450179,2,1,1993,0,0,0,0,0,0,0,0,0,0
450180,1,1,1993,0,0,0,0,0,0,33,0,0,0
450181,1,1,1993,0,0,0,0,0,0,0,0,0,0
450181,2,1,1993,0,0,0,0,0,0,0,0,0,0
450182,1,1,1993,0,19,0,0,0,20,7,0,0,0
450182,2,1,1993,0,0,0,0,0,0,0,0,0,0
450183,1,1,1993,0,0,0,0,0,0,0,0,0,0
450183,2,1,1993,0,0,0,0,0,0,4,0,0,0
450184,0,1,1993,16,0,0,0,25,31,16,0,13,0
450184,1,1,1993,0,0,0,0,0,0,0,0,0,0
450185,1,1,1993,0,0,0,0,0,0,0,0,0,0
450186,0,1,1993,0,14,16,0,0,6,0,28,0,23
450186,1,1,1993,17,0,10,11,8,28,15,0,20,0
450187,1,1,1993,0,0,0,8,0,0,0,0,0,0
450187,2,1,1993,0,0,0,0,0,0,0,0,0,0
450188,1,1,1993,0,0,0,0,0,0,0,0,0,0
450188,2,1,1993,0,0,0,0,0,0,0,0,0,0
450189,1,1,1993,19,19,19,19,19,19,19,19,19,19
450190,1,1,1993,0,0,0,0,0,0,0,0,0,0
450191,1,1,1993,0,0,0,0,0,0,0,0,0,0
450193,1,1,1993,0,0,0,0,0,0,0,0,0,0
450194,1,1,1993,0,16,0,0,15,24,0,0,0,28
450195,1,1,1993,11,11,11,11,11,11,11,11,11,11
450196,0,1,1993,0,0,0,0,0,0,0,0,0,0
450196,1,1,1993,0,0,0,0,0,0,0,0,0,0
450197,1,1,1993,0,0,0,0,0,0,0,0,0,0
450197,2,1,1993,23,23,23,23,23,23,23,23,23,23
450198,0,1,1993,0,0,0,0,12,16,13,0,0,0
450198,1,1,1993,0,0,0,4,0,0,0,0,0,0
450200,1,1,1993,0,0,0,0,0,0,0,0,0,0
450201,1,1,1993,0,24,42,0,10,0,25,23,16,31
450202,1,1,1993,21,21,21,21,21,21,21,21,21,21
450203,1,1,1993,21,21,21,21,21,21,21,21,21,21
450204,1,1,1993,0,27,0,14,4,21,21,0,19,20
450205,1,1,1993,0,0,0,0,0,0,12,0,0,26
450206,1,1,1993,0,0,0,0,0,0,0,0,0,0
450206,2,1,1993,0,0,0,0,0,0,0,0,0,0
450207,1,1,1993,7,0,0,0,0,0,0,0,0,0
450208,1,1,1993,0,0,0,0,0,0,0,0,0,0
450208,2,1,1993,20,13,24,0,15,0,14,0,0,10
450209,1,1,1993,0,0,0,8,0,0,0,0,0,0
450209,2,1,1993,0,0,0,0,0,0,0,0,0,0
450210,1,1,1993,5,5,5,5,5,5,5,5,5,5
450211,1,1,1993,19,19,19,19,19,19,19,19,19,19
450212,1,1,1993,0,0,0,0,0,0,0,0,0,0
450213,1,1,1993,19,0,0,0,3,0,26,7,6,0
450213,2,1,1993,0,0,0,0,0,0,0,0,0,0
450214,1,1,1993,0,10,0,0,0,15,0,0,0,0
450214,2,1,1993,0,0,0,0,0,0,0,0,0,0
450215,1,1,1993,0,0,0,0,0,0,0,0,0,0
450215,2,1,1993,0,0,0,0,17,0,0,0,0,0
450216,0,1,1993,0,0,0,0,0,0,0,0,0,0
450216,0,2,1993,0,0,0,0,0,8,0,0,0,0
450216,1,1,1993,15,13,8,28,19,18,20,17,28,21
450217,1,1,1993,0,0,0,0,0,0,0,0,0,0
450217,2,1,1993,0,0,0,0,0,0,0,0,0,0
450218,1,1,1993,30,25,18,23,24,12,0,15,30,24
450219,1,1,1993,10,10,18,24,23,0,8,8,14,17
450220,1,1,1993,0,12,0,0,0,0,0,0,0,4
450221,1,1,1993,0,0,0,0,0,0,0,0,0,0
450221,2,1,1993,0,0,0,0,0,0,0,0,0,0
450222,0,1,1993,0,0,0,0,0,0,0,0,0,0
450222,1,1,1993,0,0,0,0,0,0,0,0,0,0
450222,2,1,1993,0,0,0,0,0,0,0,0,0,0
450223,1,1,1993,0,0,0,0,0,0,0,0,0,0
450224,1,1,1993,0,0,0,0,0,0,0,0,0,0
450224,2,1,1993,0,0,0,0,0,0,0,0,10,0
450225,1,1,1993,0,0,0,0,0,0,0,0,0,0
450225,2,1,1993,0,0,0,0,0,0,0,0,0,0
450226,1,1,1993,18,6,27,6,28,20,24,0,18,4
450227,0,1,1993,16,16,16,16,16,16,16,16,16,16
450227,1,1,1993,16,16,16,16,16,16,16,16,16,16
450228,1,1,1993,16,19,0,14,0,0,18,0,18,0
450229,1,1,1993,0,0,0,0,0,0,0,0,0,0
450229,2,1,1993,0,0,0,0,0,0,0,0,0,0
450229,3,1,1993,24,24,24,24,24,24,24,24,24,24
450230,1,1,1993,0,0,0,0,0,0,0,0,0,0
450230,2,1,1993,0,0,0,0,0,0,0,0,0,0
450231,1,1,1993,0,0,0,0,0,0,0,0,0,0
450231,2,1,1993,0,0,0,0,0,0,0,0,0,0
450232,1,1,1993,0,0,0,0,0,0,0,0,0,0
450232,2,1,1993,0,0,0,0,0,0,0,0,0,0
450233,0,1,1993,27,0,0,0,23,0,16,0,0,0
450233,1,1,1993,9,15,0,0,3,0,18,0,21,0
450234,0,1,1993,0,0,0,0,0,0,0,0,0,0
450234,1,1,1993,14,14,14,14,14,14,14,14,14,14
450235,1,1,1993,0,11,0,20,10,0,12,0,0,17
450236,0,1,1993,0,0,0,0,9,0,37,0,0,0
450236,1,1,1993,0,0,0,0,0,0,0,0,0,0
450237,1,1,1993,0,0,0,0,0,0,0,0,0,0
450237,2,1,1993,0,0,0,0,0,0,0,0,0,0
450238,1,1,1993,0,0,0,0,0,0,0,0,0,0
450238,2,1,1993,0,14,0,0,0,0,0,0,0,0
450239,1,1,1993,0,6,14,17,0,0,0,23,21,15
450241,0,1,1993,0,23,0,0,0,17,0,0,0,11
450241,1,1,1993,0,0,0,0,0,0,0,0,0,0
450242,1,1,1993,0,0,0,0,0,6,0,0,0,16
450243,1,1,1993,0,0,7,0,0,0,0,0,0,0
450243,2,1,1993,0,0,0,0,0,0,0,0,0,0
450244,1,1,1993,20,15,0,3,0,0,0,18,0,0
450245,1,1,1993,0,0,0,0,0,0,0,0,0,0
450245,2,1,1993,0,0,0,0,0,0,0,0,0,0
450246,1,1,1993,0,0,0,0,0,0,0,0,0,0
450246,2,1,1993,0,0,0,0,0,0,0,0,0,0
450247,1,1,1993,16,0,21,11,15,24,0,0,21,14
450247,2,1,1993,0,0,0,0,0,0,0,0,0,0
450248,1,1,1993,0,20,0,0,0,0,0,0,0,0
450249,1,1,1993,0,0,0,0,0,0,0,0,0,0
450250,0,1,1993,0,23,32,33,16,33,20,12,8,15
450250,1,1,1993,0,0,0,0,4,0,10,4,0,0
450251,1,1,1993,17,17,17,17,17,17,17,17,17,17
450251,2,1,1993,0,0,0,0,0,0,0,0,21,0
450251,3,1,1993,0,0,0,0,0,0,0,0,0,0
450252,0,1,1993,0,0,0,0,0,0,0,0,0,0
450252,1,1,1993,0,0,20,8,0,9,4,7,23,5
450253,1,1,1993,12,12,12,12,12,12,12,12,12,12
450254,1,1,1993,21,21,21,21,21,21,21,21,21,21
450255,0,1,1993,0,0,0,0,0,0,0,0,0,0
450255,1,1,1993,10,10,10,10,10,10,10,10,10,10
450257,1,1,1993,9,0,0,0,0,0,0,0,15,0
450257,2,1,1993,0,0,0,10,0,0,10,18,0,0
450258,1,1,1993,0,0,0,0,0,0,0,0,0,0
450259,1,1,1993,20,18,10,14,9,19,9,35,23,22
450260,1,1,1993,0,0,0,0,0,0,0,0,0,0
450260,2,1,1993,0,0,0,0,0,0,0,0,0,6
450261,0,1,1993,30,30,30,30,30,30,30,30,30,30
450261,1,1,1993,0,0,0,0,0,0,0,0,0,11
450262,1,1,1993,0,0,0,0,0,0,0,0,0,0
450262,2,1,1993,0,0,0,0,0,0,0,0,0,0
450263,0,1,1993,9,19,3,19,23,20,12,19,24,29
450263,1,1,1993,0,13,0,0,17,0,0,3,0,0
450264,0,1,1993,22,22,22,22,22,22,22,22,22,22