ST_CASE,VEH_NO,PER_NO,YEAR,P1,P2,P3,P4,P5,P6,P7,P8,P9,P10
460059,2,1,1993,0,0,0,0,0,0,0,0,41,0
460060,1,1,1993,14,14,14,14,14,14,14,14,14,14
460061,0,1,1993,37,37,37,37,37,37,37,37,37,37
460061,1,1,1993,0,0,0,0,0,0,0,0,0,0
460062,0,1,1993,0,0,0,0,0,0,0,0,0,0
460062,1,1,1993,0,0,0,0,0,0,0,0,0,0
460063,1,1,1993,0,0,0,0,0,0,0,0,0,0
460064,1,1,1993,0,0,0,0,0,0,0,0,0,0
460065,1,1,1993,8,8,8,8,8,8,8,8,8,8
460066,1,1,1993,0,0,0,0,0,0,0,0,0,0
460066,2,1,1993,0,0,0,0,0,0,0,0,0,0
460067,1,1,1993,8,8,8,8,8,8,8,8,8,8
460068,1,1,1993,0,0,0,0,0,0,0,0,0,0
460068,2,1,1993,0,0,0,0,0,0,0,0,0,0
460069,0,1,1993,3,3,3,3,3,3,3,3,3,3
460069,1,1,1993,0,16,15,0,0,20,0,0,13,14
460070,1,1,1993,20,20,20,20,20,20,20,20,20,20
460070,2,1,1993,0,0,0,0,0,0,0,0,0,0
460070,3,1,1993,3,3,3,3,3,3,3,3,3,3
460071,1,1,1993,27,27,27,27,27,27,27,27,27,27
460072,1,1,1993,26,26,26,26,26,26,26,26,26,26
460073,1,1,1993,0,0,0,0,0,0,0,0,0,0
460073,2,1,1993,15,15,15,15,15,15,15,15,15,15
460074,1,1,1993,0,0,0,0,0,0,0,0,0,0
460074,2,1,1993,0,0,0,0,0,0,0,0,0,0
460075,1,1,1993,7,7,7,7,7,7,7,7,7,7
460076,1,1,1993,11,11,11,11,11,11,11,11,11,11
460076,2,1,1993,0,0,0,0,0,0,0,0,0,0
460077,1,1,1993,0,0,0,0,0,0,0,0,0,0
460077,2,1,1993,0,0,0,0,0,0,0,0,0,0
460078,1,1,1993,16,16,16,16,16,16,16,16,16,16
460079,1,1,1993,0,0,0,0,0,0,0,0,0,0
460080,1,1,1993,23,23,23,23,23,23,23,23,23,23
460081,1,1,1993,29,29,29,29,29,29,29,29,29,29
460082,1,1,1993,0,0,0,0,0,0,0,0,0,0
460082,2,1,1993,0,0,0,0,0,0,0,0,0,0
460083,0,1,1993,0,0,0,0,0,0,0,0,0,0
460083,1,1,1993,0,0,0,0,0,0,0,0,0,0
460084,1,1,1993,0,0,0,0,0,0,0,0,0,0
460085,1,1,1993,21,21,21,21,21,21,21,21,21,21
460086,1,1,1993,0,0,0,0,0,0,0,0,0,0
460086,2,1,1993,0,0,0,0,0,0,0,0,0,0
460086,3,1,1993,0,0,0,0,0,0,0,0,0,0
460087,1,1,1993,0,0,0,0,0,0,0,0,0,0
460087,2,1,1993,0,0,0,0,0,0,0,0,0,0
460088,1,1,1993,6,22,21,23,30,19,11,21,11,15
460089,1,1,1993,21,21,21,21,21,21,21,21,21,21
460090,1,1,1993,0,0,0,0,0,0,0,0,0,0
460090,2,1,1993,0,0,11,0,0,0,0,0,0,0
460091,1,1,1993,14,14,14,14,14,14,14,14,14,14
460092,1,1,1993,0,29,10,13,0,16,15,34,28,8
460093,1,1,1993,23,19,8,22,0,19,8,21,9,25
460094,1,1,1993,0,0,13,0,0,0,0,0,0,0
460095,1,1,1993,0,0,0,0,0,0,0,0,0,0
460095,2,1,1993,0,0,0,0,0,0,0,0,0,0
460096,1,1,1993,0,0,0,0,0,0,0,0,0,0
460096,2,1,1993,0,0,0,0,0,0,0,0,0,0
460097,1,1,1993,0,0,0,0,0,0,0,0,0,0
460097,2,1,1993,0,0,0,0,0,0,0,0,17,0
460098,1,1,1993,0,0,0,0,0,0,0,0,0,0
460098,2,1,1993,35,35,35,35,35,35,35,35,35,35
460099,0,1,1993,10,16,5,11,10,0,16,0,23,0
460099,0,2,1993,0,0,0,0,18,11,0,14,0,0
460099,1,1,1993,0,0,0,16,0,0,0,0,0,0
460099,2,1,1993,0,0,0,0,0,0,0,0,0,0
460100,0,1,1993,30,30,30,30,30,30,30,30,30,30
460100,1,1,1993,0,2,0,0,0,0,0,0,0,0
460101,1,1,1993,0,0,0,0,0,0,0,0,0,0
460101,2,1,1993,0,0,0,0,0,0,0,0,0,0
460102,1,1,1993,0,0,0,0,0,0,0,0,0,0
460102,2,1,1993,0,0,0,0,0,0,0,0,0,0
460103,1,1,1993,12,12,12,12,12,12,12,12,12,12
460104,1,2,1993,16,41,21,0,0,28,0,18,26,9
460105,1,1,1993,0,0,0,0,0,0,0,0,0,0
460106,1,1,1993,0,0,0,0,0,0,0,0,0,0
460106,2,1,1993,0,0,0,0,15,0,0,0,0,0
460107,0,1,1993,0,38,10,10,0,0,0,0,0,0
460107,2,1,1993,0,0,0,0,0,0,0,0,0,0
460107,3,1,1993,0,0,0,0,0,6,0,0,0,0
460108,1,1,1993,0,0,0,0,0,0,0,0,0,0
460108,2,1,1993,0,0,0,0,0,0,0,0,0,0
460109,1,1,1993,0,0,0,0,0,0,0,0,0,0
460109,2,1,1993,0,0,0,0,0,0,0,0,0,0
460110,1,1,1993,31,31,31,31,31,31,31,31,31,31
460111,1,1,1993,0,0,0,0,0,0,0,0,0,0
460112,0,1,1993,21,21,21,21,21,21,21,21,21,21
460112,1,1,1993,0,0,0,0,0,0,0,0,0,0
460113,1,1,1993,0,0,0,0,0,0,0,0,0,0
460113,2,1,1993,0,0,0,0,0,0,0,0,0,0
460114,0,1,1993,38,38,38,38,38,38,38,38,38,38
460114,1,1,1993,0,0,0,0,14,0,0,0,0,0
460115,1,1,1993,25,25,25,25,25,25,25,25,25,25
460116,1,1,1993,0,0,0,0,0,0,0,0,0,0
460117,1,1,1993,0,0,9,0,0,0,0,0,0,0
460117,2,1,1993,0,0,0,0,0,0,0,0,0,0
460118,0,1,1993,17,16,0,8,22,38,0,0,18,42
460118,1,1,1993,20,20,20,20,20,20,20,20,20,20
470001,1,1,1993,22,22,22,22,22,22,22,22,22,22
470002,1,1,1993,18,18,18,18,18,18,18,18,18,18
470003,1,1,1993,0,0,0,0,0,0,0,0,0,0
470004,1,1,1993,0,0,0,0,0,0,0,0,0,0
470005,1,1,1993,0,0,0,0,0,0,0,0,0,0
470005,2,1,1993,18,18,18,18,18,18,18,18,18,18
470006,1,1,1993,22,22,22,22,22,22,22,22,22,22
470006,2,1,1993,0,0,0,0,0,0,0,0,0,0
470007,0,1,1993,0,0,0,0,0,0,0,0,0,0
470007,1,1,1993,0,0,0,0,0,0,0,0,0,0
470008,1,1,1993,6,6,6,6,6,6,6,6,6,6
470009,1,1,1993,0,0,0,0,0,0,0,0,0,0
470009,2,1,1993,0,0,0,0,0,0,0,0,0,0
470010,1,1,1993,17,17,17,17,17,17,17,17,17,17
470011,0,1,1993,0,0,0,0,0,0,0,0,0,0
470011,1,1,1993,11,11,11,11,11,11,11,11,11,11
470012,1,1,1993,21,21,21,21,21,21,21,21,21,21
470013,1,1,1993,0,0,11,0,27,11,25,9,19,0
470014,1,1,1993,26,26,26,26,26,26,26,26,26,26
470015,1,1,1993,33,33,33,33,33,33,33,33,33,33
470015,2,1,1993,0,0,0,0,0,0,0,0,0,0
470015,3,1,1993,0,0,0,0,0,0,0,0,0,0
470016,1,1,1993,24,24,24,24,24,24,24,24,24,24
470017,1,1,1993,0,0,0,0,0,0,0,0,0,0
470018,1,1,1993,0,0,0,0,0,0,0,0,0,0
470018,2,1,1993,0,0,0,0,0,0,0,0,0,0
470019,1,1,1993,13,13,13,13,13,13,13,13,13,13
470020,1,1,1993,16,16,16,16,16,16,16,16,16,16
470021,1,1,1993,14,14,14,14,14,14,14,14,14,14
470022,1,1,1993,0,0,0,0,0,0,0,0,0,0
470022,2,1,1993,0,0,0,0,0,0,0,0,0,0
470022,3,1,1993,0,0,0,0,0,0,0,0,0,0
470023,1,1,1993,0,0,0,0,0,0,8,0,23,0
470024,1,1,1993,0,0,0,0,0,0,0,0,0,0
470025,1,1,1993,0,0,0,0,0,0,9,0,0,0
470026,1,1,1993,0,0,0,0,0,0,0,0,0,0
470027,1,1,1993,0,0,0,0,0,0,0,0,0,0
470027,2,1,1993,0,0,0,0,0,0,0,0,0,0
470028,1,1,1993,19,19,19,19,19,19,19,19,19,19
470029,1,1,1993,0,0,0,0,0,0,0,0,0,0
470029,2,1,1993,0,0,0,0,0,0,0,0,0,0
470030,1,1,1993,0,0,0,0,0,0,0,0,0,0
470031,1,1,1993,0,0,0,0,0,0,0,0,0,0
470032,1,1,1993,0,0,0,0,0,0,0,0,0,0
470033,1,1,1993,14,14,14,14,14,14,14,14,14,14
470034,0,1,1993,0,0,0,0,0,0,0,0,0,0
470034,1,1,1993,0,0,0,0,0,0,0,0,0,0
470035,0,1,1993,0,0,0,0,0,0,0,0,0,0
470035,1,1,1993,0,15,0,7,0,0,0,0,0,0
470036,1,1,1993,7,7,7,7,7,7,7,7,7,7
470037,1,1,1993,21,21,21,21,21,21,21,21,21,21
470037,2,1,1993,0,0,0,0,0,0,0,0,0,0
470038,1,1,1993,21,21,21,21,21,21,21,21,21,21
470039,1,1,1993,0,0,0,0,0,0,0,0,0,0
470039,2,1,1993,0,0,0,0,0,0,0,0,0,0
470040,1,1,1993,13,13,13,13,13,13,13,13,13,13
470041,1,1,1993,0,0,0,0,0,0,0,0,0,0
470041,2,1,1993,0,0,0,0,0,0,0,0,0,0
470042,1,1,1993,0,0,0,0,0,0,0,0,0,0
470042,2,1,1993,0,0,0,0,0,0,0,0,0,0
470042,3,1,1993,0,0,0,0,0,0,0,0,0,0
470043,1,1,1993,0,0,0,0,0,0,0,0,0,0
470043,2,1,1993,3,3,3,3,3,3,3,3,3,3
470044,1,1,1993,0,0,0,0,0,0,0,0,0,0
470044,2,1,1993,0,0,0,0,0,0,0,0,0,0
470045,1,1,1993,7,7,7,7,7,7,7,7,7,7
470046,1,1,1993,28,28,28,28,28,28,28,28,28,28
470047,1,1,1993,0,0,0,0,0,0,0,0,0,0
470047,2,1,1993,0,0,0,0,8,0,0,0,0,0
470048,1,1,1993,32,32,32,32,32,32,32,32,32,32
470049,1,1,1993,9,9,9,9,9,9,9,9,9,9
470049,2,1,1993,0,0,0,11,17,2,0,0,0,8
470050,1,1,1993,0,0,0,0,0,0,0,0,0,0
470050,2,1,1993,0,0,0,0,0,0,0,0,0,0
470051,1,1,1993,0,0,0,0,0,0,0,0,0,0
470052,1,1,1993,17,17,17,17,17,17,17,17,17,17
470052,2,1,1993,0,0,0,0,0,0,0,0,0,0
470053,1,1,1993,0,0,0,0,0,0,0,0,0,0
470053,2,1,1993,0,0,0,0,0,0,0,0,0,0
470054,1,1,1993,24,21,14,17,24,20,15,0,25,23
470055,1,1,1993,0,0,0,0,0,0,0,0,0,0
470055,2,1,1993,9,9,9,9,9,9,9,9,9,9
470056,1,1,1993,35,35,35,35,35,35,35,35,35,35
470056,2,1,1993,0,0,0,0,0,0,0,0,0,0
470057,1,1,1993,18,18,18,18,18,18,18,18,18,18
470058,1,1,1993,31,31,31,31,31,31,31,31,31,31
470059,0,1,1993,16,16,16,16,16,16,16,16,16,16
470059,1,1,1993,11,0,0,12,0,0,10,0,15,8
470060,1,1,1993,0,0,0,0,0,0,0,0,0,0
470060,2,1,1993,25,25,25,25,25,25,25,25,25,25
470061,0,1,1993,16,16,16,16,16,16,16,16,16,16
470061,1,1,1993,0,0,0,0,0,0,0,0,0,0
470062,1,1,1993,0,0,0,0,0,0,0,0,0,0
470062,2,1,1993,18,18,18,18,18,18,18,18,18,18
470062,3,1,1993,0,0,0,0,0,0,0,0,0,0
470062,4,1,1993,0,0,0,0,0,0,0,0,0,0
470062,5,1,1993,0,0,0,0,0,0,0,0,0,0
470063,0,1,1993,0,0,0,0,0,0,0,0,0,0
470063,1,1,1993,0,0,0,0,0,0,0,0,0,0
470064,1,1,1993,0,0,0,0,0,0,0,0,0,0
470064,2,1,1993,0,0,0,0,0,0,0,0,0,0
470066,1,1,1993,12,12,12,12,12,12,12,12,12,12
470066,2,1,1993,0,0,0,0,0,0,0,0,0,0
470067,1,1,1993,0,0,0,0,0,0,0,0,0,0
470067,2,1,1993,0,0,0,0,0,0,0,0,0,0
470068,1,1,1993,18,18,18,18,18,18,18,18,18,18
470069,1,1,1993,0,0,0,0,0,0,0,0,0,0
470070,1,1,1993,15,15,15,15,15,15,15,15,15,15
470070,2,1,1993,0,0,0,0,0,0,0,0,0,0
470070,3,1,1993,0,0,0,0,0,0,0,0,0,0
470071,1,1,1993,0,0,0,0,0,0,0,0,0,0
470071,2,1,1993,0,0,0,0,0,0,0,0,0,0
470072,1,1,1993,0,0,0,0,0,0,0,0,0,0
470072,2,1,1993,0,0,0,0,0,0,0,0,0,0
470073,1,1,1993,0,0,0,0,0,0,0,0,0,0
470074,1,1,1993,24,24,24,24,24,24,24,24,24,24
470075,1,1,1993,0,0,0,0,0,0,0,0,0,0
470075,2,1,1993,20,20,20,20,20,20,20,20,20,20
470076,1,1,1993,0,0,0,0,0,0,0,0,0,0
470076,2,1,1993,0,0,0,0,0,0,0,0,0,0
470077,1,1,1993,0,0,0,0,0,0,0,0,0,0
470077,2,1,1993,0,0,0,0,0,0,0,0,0,0
470077,3,1,1993,0,0,0,0,0,0,0,0,0,0
470078,1,1,1993,0,0,0,0,0,0,0,0,0,0
470079,1,1,1993,0,3,19,22,13,0,10,0,14,0
470080,1,1,1993,7,7,7,7,7,7,7,7,7,7
470081,1,1,1993,2,2,2,2,2,2,2,2,2,2
470081,2,1,1993,0,0,0,0,0,0,0,0,0,0
470082,1,1,1993,22,22,22,22,22,22,22,22,22,22
470083,1,1,1993,0,10,0,0,0,0,0,0,0,0
470083,2,1,1993,0,0,0,0,0,0,0,0,0,0
470084,1,1,1993,0,0,22,46,0,25,18,0,19,22
470085,1,1,1993,0,0,0,0,0,0,0,0,0,0
470086,1,1,1993,0,0,6,0,0,0,0,0,0,0
470086,2,1,1993,0,0,0,0,0,0,0,0,0,0
470086,3,1,1993,0,0,0,0,0,22,0,0,0,9
470087,1,1,1993,0,0,0,0,0,0,0,0,0,0
470088,1,1,1993,0,0,0,0,0,0,0,0,0,0
470088,2,1,1993,0,20,0,0,28,15,0,34,40,0
470089,1,1,1993,23,23,23,23,23,23,23,23,23,23
470090,0,1,1993,0,0,0,0,0,0,0,0,0,0
470090,1,1,1993,0,0,0,0,0,0,0,0,0,0
470091,1,1,1993,10,10,10,10,10,10,10,10,10,10
470092,1,1,1993,0,0,0,0,0,0,0,0,0,0
470092,2,1,1993,0,0,0,0,0,0,0,0,0,0
470093,1,1,1993,0,0,0,0,0,0,0,0,0,0
470094,0,1,1993,0,0,0,0,0,0,0,0,17,0
470094,1,1,1993,0,0,0,0,0,0,6,0,0,0
470095,1,1,1993,1,1,1,1,1,1,1,1,1,1
470096,1,1,1993,24,24,24,24,24,24,24,24,24,24
470097,1,1,1993,14,14,14,14,14,14,14,14,14,14
470097,2,1,1993,0,0,0,0,0,0,0,0,0,0
470098,1,1,1993,13,13,13,13,13,13,13,13,13,13
470099,1,1,1993,10,10,10,10,10,10,10,10,10,10
470100,1,1,1993,0,0,0,0,0,0,0,0,0,0
470100,2,1,1993,0,0,0,0,0,0,0,0,0,0
470101,1,1,1993,19,19,19,19,19,19,19,19,19,19
470102,1,1,1993,19,9,7,15,0,0,0,25,0,22
470103,1,1,1993,14,14,10,33,9,20,7,11,7,0
470103,2,1,1993,12,12,12,12,12,12,12,12,12,12
470104,1,1,1993,0,0,0,0,0,0,0,0,0,0
470104,2,1,1993,0,0,0,0,0,0,0,0,0,0
470105,0,1,1993,0,0,0,0,0,0,0,0,0,0
470105,1,1,1993,0,0,0,0,0,12,0,0,0,0
470106,1,1,1993,0,0,0,0,0,0,0,0,0,0
470106,2,1,1993,0,0,0,0,0,0,0,0,0,0
470107,1,1,1993,10,10,10,10,10,10,10,10,10,10
470108,1,1,1993,26,26,26,26,26,26,26,26,26,26
470109,1,1,1993,25,25,25,25,25,25,25,25,25,25
470110,1,1,1993,10,0,0,0,0,0,18,0,0,0
470110,2,1,1993,0,0,0,0,0,0,0,0,0,0
470111,1,1,1993,0,0,0,10,0,0,0,0,0,0
470112,1,1,1993,0,0,0,0,0,0,0,0,0,0
470113,1,1,1993,17,17,17,17,17,17,17,17,17,17
470114,1,1,1993,0,0,0,0,0,0,0,0,0,0
470114,2,1,1993,0,0,0,0,0,0,0,0,0,0
470115,1,1,1993,0,0,0,0,0,0,0,0,0,0
470115,2,1,1993,0,0,0,0,0,0,0,0,0,0
470116,1,1,1993,0,0,0,0,0,0,0,0,0,0
470117,0,1,1993,0,0,0,0,0,0,0,0,0,0
470117,1,1,1993,7,7,7,7,7,7,7,7,7,7
470118,1,1,1993,0,0,0,0,0,0,0,0,0,0
470119,1,1,1993,17,17,17,17,17,17,17,17,17,17
470120,1,1,1993,0,0,0,0,0,0,0,0,0,0
470120,2,1,1993,0,0,0,0,0,10,0,0,0,0
470121,1,1,1993,22,22,22,22,22,22,22,22,22,22
470122,0,1,1993,0,0,0,0,0,0,0,0,0,0
470122,1,1,1993,0,0,0,0,0,0,0,0,0,0
470123,1,1,1993,11,11,11,11,11,11,11,11,11,11
470124,1,1,1993,0,0,0,0,0,0,0,0,0,0
470124,2,1,1993,0,0,0,0,0,0,0,0,0,0
470124,3,1,1993,0,0,0,0,0,0,0,0,0,0
470125,1,1,1993,24,24,24,24,24,24,24,24,24,24
470127,1,1,1993,16,14,23,0,11,17,12,19,19,0
470128,0,1,1993,25,25,25,25,25,25,25,25,25,25
470128,1,1,1993,0,0,0,0,0,0,0,0,0,0
470129,1,1,1993,0,0,0,0,0,0,0,0,0,0
470129,2,1,1993,0,0,0,0,0,0,0,0,0,0
470130,1,1,1993,12,12,12,12,12,12,12,12,12,12
470131,1,1,1993,0,0,0,0,0,0,0,0,20,0
470131,2,1,1993,0,0,0,0,22,0,0,0,0,0
470132,1,1,1993,0,0,0,0,0,0,0,0,0,0
470132,2,1,1993,0,0,0,0,0,0,0,0,0,0
470133,0,1,1993,1,1,1,1,1,1,1,1,1,1
470133,1,1,1993,0,0,0,0,0,0,0,0,0,0
470134,0,1,1993,30,30,30,30,30,30,30,30,30,30
470134,1,1,1993,0,0,0,0,0,18,0,0,0,0
470135,1,1,1993,0,0,0,0,0,0,0,0,0,0
470135,2,1,1993,0,0,0,0,0,0,0,0,0,0
470136,1,1,1993,21,0,13,0,15,19,26,0,0,0
470137,1,1,1993,0,0,0,0,0,0,0,0,0,0
470137,2,1,1993,0,0,0,0,0,0,0,0,0,0
470138,1,1,1993,0,0,0,0,0,0,0,0,0,0
470138,2,1,1993,0,0,0,0,0,0,0,0,0,0
470139,1,1,1993,0,0,0,0,0,0,0,0,0,0
470139,2,1,1993,22,0,0,0,0,0,0,0,0,0
470140,1,1,1993,16,19,22,13,11,21,16,18,12,20
470141,0,1,1993,33,33,33,33,33,33,33,33,33,33
470141,1,1,1993,0,0,0,0,0,0,0,0,0,0
470142,1,1,1993,26,26,26,26,26,26,26,26,26,26
470144,0,1,1993,0,13,12,3,15,0,6,15,19,18
470144,1,1,1993,10,10,10,10,10,10,10,10,10,10
470145,1,1,1993,0,0,0,0,0,0,0,0,0,0
470145,2,1,1993,0,0,0,0,0,0,0,0,0,0
470145,3,1,1993,0,0,0,0,0,0,0,0,0,0
470146,1,1,1993,29,29,29,29,29,29,29,29,29,29
470147,1,1,1993,13,13,13,13,13,13,13,13,13,13
470148,1,1,1993,0,0,0,0,0,0,0,0,0,0
470148,2,1,1993,0,0,0,0,0,0,0,0,0,0
470149,1,1,1993,0,0,0,0,0,0,0,0,0,0
470150,0,1,1993,0,0,0,0,0,0,0,0,0,0
470150,1,1,1993,7,7,7,7,7,7,7,7,7,7
470151,1,1,1993,17,17,17,17,17,17,17,17,17,17
470152,1,1,1993,3,3,3,3,3,3,3,3,3,3
470152,2,1,1993,0,0,0,0,0,0,0,0,0,15
470152,3,1,1993,0,0,0,0,0,0,0,0,0,0
470153,1,1,1993,0,0,0,0,0,0,0,0,0,0
470154,1,1,1993,0,0,0,0,0,0,0,0,0,0
470154,2,1,1993,0,0,0,0,0,0,0,0,0,0
470155,1,1,1993,0,0,0,0,0,0,0,0,0,0
470155,2,1,1993,0,0,0,0,0,0,0,0,0,0
470156,1,1,1993,19,20,23,19,16,22,16,21,11,7
470158,1,1,1993,0,0,0,0,0,0,0,0,0,0
470158,2,1,1993,0,0,0,0,0,0,0,0,0,0
470159,0,1,1993,0,0,0,0,0,0,0,0,0,0
470159,1,1,1993,0,0,0,0,0,0,0,0,0,0
470160,1,1,1993,0,0,0,0,0,0,0,0,0,0
470160,2,1,1993,0,0,0,0,0,0,0,0,0,0
470161,1,1,1993,13,29,15,23,20,13,31,23,4,18
470162,1,1,1993,0,0,0,0,0,0,0,0,0,0
470162,2,1,1993,21,21,21,21,21,21,21,21,21,21
470163,1,1,1993,0,0,0,0,0,0,0,0,0,0
470163,2,1,1993,0,0,0,0,0,0,0,0,0,0
470163,3,1,1993,0,0,0,0,0,0,0,0,0,0
470164,1,1,1993,5,5,5,5,5,5,5,5,5,5
470165,1,1,1993,29,29,29,29,29,29,29,29,29,29
470166,0,1,1993,9,9,9,9,9,9,9,9,9,9
470166,1,1,1993,0,0,0,0,0,0,0,0,0,0
470166,2,1,1993,0,0,0,0,0,0,0,0,0,0
470166,3,1,1993,5,0,0,0,0,0,0,25,0,0
470166,4,1,1993,24,0,0,0,0,0,0,0,0,0
470167,1,1,1993,31,31,31,31,31,31,31,31,31,31
470168,1,1,1993,2,2,2,2,2,2,2,2,2,2
470169,1,1,1993,0,0,0,0,0,0,0,0,0,0
470169,2,1,1993,0,0,15,12,0,32,0,0,0,18
470170,1,1,1993,0,0,0,0,0,0,0,4,0,0
470170,2,1,1993,0,0,0,0,0,0,0,0,0,0
470171,1,1,1993,36,2,4,21,7,13,24,15,6,27
470172,1,1,1993,0,0,0,0,0,0,0,0,0,0
470172,2,1,1993,0,0,0,0,0,0,0,0,0,0
470173,1,1,1993,0,0,0,0,12,0,0,0,0,0
470173,2,1,1993,0,0,0,0,0,0,0,0,9,0
470174,1,1,1993,29,29,29,29,29,29,29,29,29,29
470175,1,1,1993,19,19,19,19,19,19,19,19,19,19
470176,1,1,1993,0,18,0,0,0,0,0,16,17,0
470177,1,1,1993,23,23,23,23,23,23,23,23,23,23
470178,1,1,1993,0,0,0,6,27,19,18,14,0,0
470178,2,1,1993,0,0,0,0,0,18,0,0,0,0
470179,1,1,1993,0,0,0,0,0,0,0,0,0,0
470180,1,1,1993,0,0,0,0,0,0,0,0,0,0
470182,1,1,1993,0,0,0,0,0,0,0,0,0,0
470183,1,1,1993,6,6,6,6,6,6,6,6,6,6
470184,1,1,1993,0,0,0,0,0,0,0,0,0,0
470184,2,1,1993,16,21,22,21,16,12,23,25,8,10
470186,1,1,1993,0,0,0,0,5,22,0,15,0,19
470187,1,1,1993,0,0,0,0,0,0,0,0,0,0
470188,1,1,1993,0,0,0,0,0,0,0,0,0,0
470188,2,1,1993,0,0,0,0,0,0,0,0,0,0
470189,1,1,1993,35,35,35,35,35,35,35,35,35,35
470190,1,1,1993,6,6,6,6,6,6,6,6,6,6
470191,1,1,1993,22,7,10,27,9,19,23,27,24,31
470192,1,1,1993,18,18,18,18,18,18,18,18,18,18
470193,1,1,1993,0,0,0,0,0,0,0,0,0,0
470194,1,1,1993,0,0,0,0,0,0,0,18,0,0
470195,1,1,1993,0,0,0,0,0,0,0,0,0,0
470195,2,1,1993,0,0,0,0,0,0,0,0,0,0
470196,1,1,1993,0,0,0,0,0,0,0,0,0,0
470197,1,1,1993,0,0,0,0,0,0,0,0,0,0
470197,2,1,1993,0,0,0,0,0,0,0,0,0,0
470198,1,1,1993,0,0,0,0,0,0,0,0,0,0
470199,1,1,1993,11,21,19,23,23,18,19,13,12,17
470199,2,1,1993,0,0,0,0,0,0,0,0,0,0
470200,1,1,1993,0,0,0,0,0,0,0,0,0,0
470201,1,1,1993,2,2,2,2,2,2,2,2,2,2
470203,1,1,1993,27,0,0,21,0,19,0,0,10,10
470204,1,1,1993,22,22,22,22,22,22,22,22,22,22
470205,1,1,1993,0,0,0,0,0,0,0,0,0,0
470206,0,1,1993,0,0,0,0,0,0,0,0,0,0
470206,2,1,1993,0,0,0,0,0,0,0,0,0,0
470207,1,1,1993,0,0,0,0,0,0,0,0,0,0
470207,2,1,1993,0,0,0,0,0,0,0,0,0,0
470208,1,1,1993,0,0,0,0,0,0,0,0,0,0
470208,2,1,1993,0,0,0,0,0,0,0,0,0,0
470209,1,1,1993,0,0,0,0,0,0,0,0,0,0
470210,1,1,1993,24,24,24,24,24,24,24,24,24,24
470211,1,1,1993,13,13,13,13,13,13,13,13,13,13
470212,1,1,1993,35,21,3,21,13,20,13,13,14,23
470213,1,1,1993,21,21,21,21,21,21,21,21,21,21
470214,1,1,1993,0,0,0,0,0,0,4,0,0,0
470215,1,1,1993,0,0,0,0,0,0,0,0,0,0
470215,2,1,1993,0,0,0,0,0,0,0,0,0,0
470216,1,1,1993,16,16,16,16,16,16,16,16,16,16
470217,1,1,1993,10,10,10,10,10,10,10,10,10,10
470218,1,1,1993,11,11,11,11,11,11,11,11,11,11
470219,0,1,1993,0,0,0,0,0,0,0,0,0,0
470219,1,1,1993,0,0,0,0,0,0,0,11,0,0
470220,1,1,1993,0,0,0,0,0,0,0,0,0,0
470221,1,1,1993,0,0,0,0,0,0,0,0,0,0
470221,2,1,1993,11,11,11,11,11,11,11,11,11,11
470222,0,1,1993,0,0,0,0,0,0,0,0,0,0
470222,1,1,1993,16,16,16,16,16,16,16,16,16,16
470223,1,1,1993,0,0,0,0,0,0,0,0,0,0
470224,1,1,1993,0,0,0,15,0,0,0,0,0,0
470224,2,1,1993,0,0,0,0,0,0,0,0,0,0
470225,1,1,1993,30,30,30,30,30,30,30,30,30,30
470225,2,1,1993,0,9,0,0,0,0,0,0,7,0
470226,1,1,1993,0,0,0,0,0,0,0,0,0,0
470226,2,1,1993,0,0,0,0,0,0,0,0,0,0
470226,3,1,1993,0,0,0,0,0,0,0,0,0,0
470227,1,1,1993,3,3,3,3,3,3,3,3,3,3
470228,1,1,1993,29,29,29,29,29,29,29,29,29,29
470229,1,1,1993,14,14,14,14,14,14,14,14,14,14
470230,1,1,1993,34,34,34,34,34,34,34,34,34,34
470231,1,1,1993,0,15,0,0,0,0,0,0,0,0
470231,2,1,1993,0,0,0,0,0,0,0,0,0,0
470231,3,1,1993,0,0,0,0,0,0,0,0,0,0
470232,1,1,1993,0,0,0,0,0,0,0,0,0,0
470232,2,1,1993,0,0,0,0,0,0,0,0,0,0
470233,0,1,1993,0,0,0,0,0,0,0,0,0,0
470233,1,1,1993,0,0,0,0,0,0,0,0,0,0
470234,1,1,1993,0,0,0,9,0,0,0,0,0,0
470234,2,1,1993,0,0,0,0,0,0,0,0,0,0
470235,1,1,1993,17,17,17,17,17,17,17,17,17,17
470235,2,1,1993,13,13,13,13,13,13,13,13,13,13
470236,1,1,1993,0,0,0,0,0,0,0,0,0,0
470236,2,1,1993,0,0,0,0,0,0,0,0,0,0
470236,3,1,1993,0,0,0,0,0,0,0,0,0,0
470237,1,1,1993,25,25,25,25,25,25,25,25,25,25