ST_CASE,VEH_NO,PER_NO,YEAR,P1,P2,P3,P4,P5,P6,P7,P8,P9,P10
470529,1,1,1993,0,0,0,0,0,0,0,0,0,0
470529,2,1,1993,0,0,0,0,0,0,0,0,0,0
470530,1,1,1993,0,0,0,0,0,0,0,0,0,0
470530,2,1,1993,0,0,0,0,0,0,0,0,0,0
470532,1,1,1993,0,0,0,0,0,0,0,0,0,0
470533,1,1,1993,0,0,0,0,0,0,0,0,0,0
470533,2,1,1993,0,0,0,0,0,0,0,0,0,0
470534,1,1,1993,15,19,21,9,16,14,29,11,18,23
470535,1,1,1993,0,0,0,0,0,0,0,0,0,0
470537,1,1,1993,2,2,2,2,2,2,2,2,2,2
470538,1,1,1993,0,0,0,13,0,0,0,11,0,0
470538,2,1,1993,0,0,0,0,0,0,0,0,0,12
470539,1,1,1993,0,16,0,0,0,0,0,0,17,0
470540,1,1,1993,0,0,0,0,0,0,0,0,0,0
470540,2,1,1993,0,0,0,0,0,0,0,0,0,0
470541,1,1,1993,12,12,12,12,12,12,12,12,12,12
470542,1,1,1993,18,18,18,18,18,18,18,18,18,18
470543,1,1,1993,0,0,0,0,0,0,0,0,0,0
470543,2,1,1993,0,0,0,0,0,0,0,0,0,0
470544,1,1,1993,0,0,0,0,0,0,0,0,0,0
470544,2,1,1993,0,0,0,0,0,0,0,0,0,0
470545,1,1,1993,22,22,22,22,22,22,22,22,22,22
470545,2,1,1993,0,0,0,0,0,0,0,0,0,0
470546,0,1,1993,0,0,0,16,14,0,0,0,0,0
470546,1,1,1993,0,0,0,0,0,8,0,0,0,0
470547,1,1,1993,20,20,20,20,20,20,20,20,20,20
470548,1,1,1993,0,0,0,0,0,0,0,0,0,0
470548,2,1,1993,13,13,13,13,13,13,13,13,13,13
470549,1,1,1993,17,17,17,17,17,17,17,17,17,17
470549,2,1,1993,0,0,0,0,0,0,0,0,0,0
470550,1,1,1993,0,0,0,0,0,0,0,0,0,0
470550,2,1,1993,10,17,16,14,15,19,6,22,25,8
470551,1,1,1993,6,6,6,6,6,6,6,6,6,6
470552,1,1,1993,15,15,15,15,15,15,15,15,15,15
470553,1,1,1993,0,0,0,0,0,0,0,0,0,0
470554,1,1,1993,25,25,25,25,25,25,25,25,25,25
470555,1,1,1993,0,0,0,0,0,0,0,0,0,0
470556,1,1,1993,0,0,0,0,0,0,0,0,0,0
470557,1,1,1993,10,10,10,10,10,10,10,10,10,10
470558,1,1,1993,0,0,0,0,0,0,0,0,0,0
470559,1,1,1993,25,25,25,25,25,25,25,25,25,25
470560,0,1,1993,0,0,0,0,0,0,0,0,0,0
470560,1,1,1993,0,0,0,0,0,0,0,0,0,0
470561,1,1,1993,0,0,0,0,0,0,0,0,0,0
470561,2,1,1993,0,0,0,0,0,0,0,0,0,0
470562,1,1,1993,0,0,0,0,0,0,0,0,0,0
470562,2,1,1993,0,0,0,0,0,0,0,0,0,13
470563,1,1,1993,0,0,0,0,0,0,0,0,0,0
470563,2,1,1993,26,26,26,26,26,26,26,26,26,26
470564,1,1,1993,0,0,0,0,0,0,0,0,0,0
470564,2,1,1993,22,22,22,22,22,22,22,22,22,22
470565,1,1,1993,0,0,0,0,0,0,0,0,0,0
470566,1,1,1993,12,4,0,0,0,10,25,9,16,0
470567,1,1,1993,22,22,22,22,22,22,22,22,22,22
470567,2,1,1993,0,0,0,0,0,21,0,0,0,0
470568,1,1,1993,0,0,0,0,0,0,0,0,0,0
470568,2,1,1993,0,0,0,0,0,0,0,0,0,0
470569,1,1,1993,0,0,0,0,0,0,0,0,0,0
470570,1,1,1993,0,0,0,0,0,0,0,0,0,0
470570,2,1,1993,0,0,0,0,0,0,0,0,0,0
470571,1,1,1993,0,0,0,0,0,0,0,0,0,0
470572,1,1,1993,0,0,0,0,0,0,0,0,0,0
470573,0,1,1993,0,0,0,0,0,0,0,0,0,0
470573,1,1,1993,0,0,0,0,0,0,9,0,0,0
470574,1,1,1993,0,0,0,0,0,0,0,0,0,0
470574,2,1,1993,11,0,6,14,0,0,0,0,0,0
470574,3,1,1993,0,0,0,0,0,0,0,0,0,0
470574,4,1,1993,0,0,0,0,0,0,0,0,0,0
470575,1,1,1993,0,0,0,0,0,0,0,0,0,0
470575,2,1,1993,0,0,0,0,0,0,0,0,0,0
470576,1,1,1993,25,16,20,19,22,25,11,0,19,7
470578,1,1,1993,0,0,0,0,0,0,0,0,0,0
470578,2,1,1993,20,0,0,0,0,10,0,0,0,0
470578,3,1,1993,0,0,0,0,0,0,0,0,0,0
470579,1,1,1993,0,0,0,0,0,0,0,0,0,0
470579,2,1,1993,8,0,0,0,0,0,0,0,0,0
470581,0,1,1993,0,0,0,0,0,0,0,0,0,0
470581,1,1,1993,0,0,0,0,0,0,0,0,0,0
470582,1,1,1993,20,0,0,0,0,0,0,0,0,0
470582,2,1,1993,0,0,0,0,0,0,0,0,0,0
470583,1,1,1993,24,16,31,24,10,16,7,11,26,14
470584,1,1,1993,0,0,0,0,0,0,0,0,0,0
470584,2,1,1993,0,0,0,13,0,0,0,0,0,0
470584,3,1,1993,0,0,0,0,0,0,0,0,0,0
470584,4,1,1993,0,0,0,24,0,0,0,0,0,0
470585,1,1,1993,0,0,0,0,0,0,0,0,0,0
470585,2,1,1993,16,16,16,16,16,16,16,16,16,16
470586,1,1,1993,0,0,0,0,0,0,0,0,0,0
470586,2,1,1993,0,0,0,0,0,0,0,0,0,0
470587,1,1,1993,0,0,0,0,0,0,0,0,0,0
470587,2,1,1993,0,0,0,0,0,0,0,0,0,0
470587,3,1,1993,0,0,0,0,0,0,0,0,0,0
470587,4,1,1993,0,0,0,0,0,0,0,0,0,0
470588,1,1,1993,17,17,17,17,17,17,17,17,17,17
470589,1,1,1993,6,6,6,6,6,6,6,6,6,6
470589,2,1,1993,0,0,0,0,0,0,0,0,0,0
470590,0,1,1993,0,0,0,0,0,0,0,0,0,0
470590,1,1,1993,0,11,0,0,0,0,0,0,0,0
470591,1,1,1993,0,0,0,0,0,0,0,0,0,0
470591,2,1,1993,0,0,0,0,0,0,0,0,0,0
470592,1,1,1993,20,20,20,20,20,20,20,20,20,20
470593,1,1,1993,0,0,0,0,0,0,0,0,0,0
470593,2,1,1993,0,0,0,0,0,0,0,0,0,0
470594,1,1,1993,19,19,19,19,19,19,19,19,19,19
470595,1,1,1993,0,0,0,0,0,0,0,0,0,0
470596,1,1,1993,0,0,0,0,0,0,0,0,0,0
470597,1,1,1993,0,0,0,0,0,0,0,0,0,0
470597,2,1,1993,0,0,0,0,0,0,0,2,0,9
470598,0,1,1993,0,0,0,0,0,0,0,0,0,0
470598,1,1,1993,0,0,0,0,0,0,0,0,0,0
470599,1,1,1993,12,12,12,12,12,12,12,12,12,12
470600,1,1,1993,0,0,0,0,0,0,0,0,0,0
470600,2,1,1993,0,0,0,0,0,0,0,0,0,0
470601,1,1,1993,6,12,17,20,17,16,26,17,24,14
470601,2,1,1993,0,0,0,0,0,0,0,0,0,0
470603,1,1,1993,0,0,0,0,0,0,0,0,0,0
470603,2,1,1993,0,0,0,0,0,0,0,0,0,0
470603,3,1,1993,0,0,0,0,0,0,0,0,0,0
470603,4,1,1993,25,25,25,25,25,25,25,25,25,25
470604,1,1,1993,11,11,11,11,11,11,11,11,11,11
470604,2,1,1993,0,0,0,0,0,0,0,0,0,0
470605,1,1,1993,0,0,24,0,0,0,24,0,16,0
470605,2,1,1993,0,0,0,0,0,0,0,0,0,0
470606,1,1,1993,0,0,0,0,0,0,0,0,0,0
470606,2,1,1993,0,0,0,0,0,0,0,0,0,0
470607,1,1,1993,0,0,0,0,0,0,0,0,0,0
470607,2,1,1993,22,15,0,17,0,0,0,0,0,0
470608,1,1,1993,0,0,0,0,0,0,0,0,0,0
470608,2,1,1993,0,0,0,0,0,0,0,0,0,0
470609,1,1,1993,0,0,0,0,0,0,0,0,0,0
470609,2,1,1993,1,1,1,1,1,1,1,1,1,1
470610,1,1,1993,16,16,16,16,16,16,16,16,16,16
470611,1,1,1993,0,0,0,0,0,0,0,0,0,0
470611,2,1,1993,0,0,0,0,0,24,0,12,0,0
470611,3,1,1993,0,0,0,0,0,0,0,0,0,0
470612,1,1,1993,0,0,0,0,0,0,0,0,0,0
470613,1,1,1993,27,27,27,27,27,27,27,27,27,27
470614,1,1,1993,0,0,0,0,0,0,0,0,0,0
470614,2,1,1993,0,0,0,0,0,0,0,0,0,0
470615,1,1,1993,7,7,7,7,7,7,7,7,7,7
470616,1,1,1993,0,0,0,0,0,0,0,0,0,0
470616,2,1,1993,0,0,0,0,0,0,0,0,0,0
470617,1,1,1993,26,14,32,12,19,11,20,22,18,34
470617,2,1,1993,0,0,8,7,0,0,9,0,0,0
470618,1,1,1993,19,19,19,19,19,19,19,19,19,19
470619,1,1,1993,19,21,22,16,12,19,11,24,16,20
470620,0,1,1993,0,0,0,0,0,0,0,0,0,0
470620,1,1,1993,0,0,0,0,0,0,0,0,0,0
470621,1,1,1993,0,0,0,0,0,0,0,0,0,0
470621,2,1,1993,0,0,0,0,0,0,0,0,0,0
470621,3,1,1993,0,0,0,0,0,0,0,0,0,0
470621,4,1,1993,0,0,0,0,0,0,0,0,0,0
470621,5,1,1993,0,0,0,0,0,0,0,0,0,0
470622,1,1,1993,0,0,0,0,0,0,0,0,0,0
470622,2,1,1993,0,0,0,3,0,0,0,0,0,0
470623,1,1,1993,0,0,0,0,0,0,0,0,0,0
470623,2,1,1993,0,0,0,0,0,0,0,0,0,0
470624,1,1,1993,24,24,24,24,24,24,24,24,24,24
470625,1,1,1993,9,9,9,9,9,9,9,9,9,9
470625,2,1,1993,17,31,15,20,10,15,5,18,11,8
470626,1,1,1993,0,0,0,0,0,0,0,0,0,0
470627,1,1,1993,17,17,17,17,17,17,17,17,17,17
470628,1,1,1993,0,0,0,0,0,0,0,0,0,0
470629,1,1,1993,0,0,0,0,0,0,0,0,0,0
470629,2,1,1993,18,0,18,6,0,17,13,9,11,14
470630,1,1,1993,0,0,0,0,0,0,0,0,0,0
470631,1,1,1993,30,16,21,19,11,25,26,7,3,20
470632,0,1,1993,0,19,19,0,18,0,31,0,3,8
470632,0,2,1993,21,0,11,12,5,18,0,11,43,15
470632,0,3,1993,27,16,18,0,7,16,19,7,25,0
470632,0,4,1993,10,23,31,22,31,19,20,28,18,33
470632,0,5,1993,0,16,18,33,11,15,38,20,19,23
470632,1,1,1993,0,0,0,0,0,0,0,0,0,0
470634,1,1,1993,26,26,26,26,26,26,26,26,26,26
470635,1,1,1993,14,14,14,14,14,14,14,14,14,14
470636,1,1,1993,0,0,0,0,0,0,0,0,14,0
470636,2,1,1993,0,0,0,0,0,0,0,0,0,0
470637,1,1,1993,0,0,32,0,0,0,5,0,0,29
470638,1,1,1993,0,0,0,0,0,0,0,0,0,0
470638,2,1,1993,0,0,0,0,0,0,0,0,0,0
470639,1,1,1993,0,0,0,0,0,0,0,3,0,0
470639,2,1,1993,0,0,0,0,0,0,0,0,0,0
470640,1,1,1993,0,0,0,0,0,0,0,0,0,0
470640,2,1,1993,0,0,0,0,0,0,0,0,0,0
470641,1,1,1993,0,0,0,0,0,0,0,0,0,0
470641,2,1,1993,15,4,37,12,0,24,16,17,0,12
470643,1,1,1993,0,0,0,0,0,0,0,0,0,0
470644,1,1,1993,0,0,0,0,0,0,0,0,0,0
470644,2,1,1993,0,0,0,0,0,0,0,0,0,0
470645,1,1,1993,18,18,18,18,18,18,18,18,18,18
470646,0,1,1993,42,42,42,42,42,42,42,42,42,42
470646,1,1,1993,0,0,0,0,0,0,0,0,0,0
470647,1,1,1993,19,19,19,19,19,19,19,19,19,19
470648,1,1,1993,16,16,16,16,16,16,16,16,16,16
470648,2,1,1993,0,0,0,0,0,0,0,0,0,0
470649,1,1,1993,11,8,14,15,14,5,34,20,7,22
470649,2,1,1993,0,0,0,0,0,0,0,0,0,0
470650,1,1,1993,30,30,30,30,30,30,30,30,30,30
470651,1,1,1993,0,0,0,0,0,0,0,0,0,0
470651,2,1,1993,0,0,0,0,0,0,0,0,0,0
470652,1,1,1993,22,22,22,22,22,22,22,22,22,22
470652,2,1,1993,0,0,0,0,0,0,0,0,0,9
470653,1,1,1993,25,25,25,25,25,25,25,25,25,25
470653,2,1,1993,0,0,0,0,0,0,0,0,0,0
470654,1,1,1993,0,0,0,0,0,0,0,19,0,0
470654,2,1,1993,0,0,0,0,0,0,0,0,0,0
470655,1,1,1993,0,0,0,0,0,0,0,0,0,0
470655,2,1,1993,0,0,0,0,0,0,0,0,0,0
470656,1,1,1993,0,0,0,0,0,0,0,0,0,0
470656,2,1,1993,0,0,0,0,0,0,0,0,0,0
470657,1,1,1993,0,0,0,4,0,0,29,0,0,0
470657,2,1,1993,10,8,0,20,9,19,8,0,15,7
470658,1,1,1993,0,0,0,0,0,0,0,0,0,0
470659,1,1,1993,0,0,0,0,0,20,0,0,0,0
470660,1,1,1993,21,21,21,21,21,21,21,21,21,21
470661,0,1,1993,0,0,0,0,24,0,0,0,0,0
470661,1,1,1993,0,0,0,0,0,0,0,0,0,0
470662,1,1,1993,0,0,0,0,0,0,0,0,0,0
470662,2,1,1993,0,0,12,0,0,0,0,0,0,0
470663,1,1,1993,18,18,18,18,18,18,18,18,18,18
470664,1,1,1993,14,14,14,14,14,14,14,14,14,14
470665,1,1,1993,5,5,5,5,5,5,5,5,5,5
470666,1,1,1993,0,0,0,0,0,0,0,0,0,0
470667,1,1,1993,21,21,21,21,21,21,21,21,21,21
470669,1,1,1993,0,0,0,0,0,0,0,0,0,18
470670,1,1,1993,0,0,0,0,0,0,0,0,0,0
470671,1,1,1993,0,0,0,0,11,0,0,0,0,4
470672,0,1,1993,0,0,0,0,0,0,0,0,0,0
470672,1,1,1993,0,0,0,0,0,0,0,0,0,0
470673,1,1,1993,23,23,23,23,23,23,23,23,23,23
470674,1,1,1993,0,0,0,0,0,0,0,0,0,0
470674,2,1,1993,0,0,0,0,0,0,0,0,0,0
470675,1,1,1993,11,11,11,11,11,11,11,11,11,11
470676,1,1,1993,9,9,9,9,9,9,9,9,9,9
470676,2,1,1993,5,5,5,5,5,5,5,5,5,5
470677,1,1,1993,15,15,15,15,15,15,15,15,15,15
470678,1,1,1993,0,0,0,0,0,0,0,0,0,0
470678,2,1,1993,0,0,0,0,0,0,0,0,0,0
470679,1,1,1993,0,0,0,0,0,13,0,0,0,0
470679,2,1,1993,12,12,12,12,12,12,12,12,12,12
470680,1,1,1993,33,33,33,33,33,33,33,33,33,33
470681,1,1,1993,0,0,0,0,0,0,0,0,0,0
470681,2,1,1993,0,0,0,0,0,0,0,0,0,0
470682,1,1,1993,0,0,0,0,0,0,0,0,0,0
470682,2,1,1993,0,0,0,0,0,0,0,17,0,23
470683,1,1,1993,34,34,34,34,34,34,34,34,34,34
470683,2,1,1993,0,0,0,0,0,0,0,0,0,0
470684,1,1,1993,0,0,0,0,4,0,0,0,17,0
470684,2,1,1993,0,0,0,0,0,0,0,0,0,0
470685,1,1,1993,6,6,6,6,6,6,6,6,6,6
470686,0,1,1993,0,0,0,0,0,0,0,0,0,0
470686,1,1,1993,0,0,0,0,0,0,0,0,0,0
470687,1,1,1993,0,0,0,0,0,0,0,0,0,0
470687,2,1,1993,27,27,27,27,27,27,27,27,27,27
470688,1,1,1993,0,0,0,0,0,0,0,0,0,0
470689,1,1,1993,19,19,19,19,19,19,19,19,19,19
470690,1,1,1993,19,19,19,19,19,19,19,19,19,19
470691,1,1,1993,0,0,0,0,0,0,0,0,0,0
470692,1,1,1993,0,0,18,0,0,0,0,0,0,0
470692,2,1,1993,0,0,0,0,0,0,0,0,0,0
470693,1,1,1993,0,0,0,0,0,0,0,0,0,0
470694,1,1,1993,0,0,0,0,0,0,0,0,0,0
470695,1,1,1993,0,0,0,0,0,0,0,0,0,0
470695,2,1,1993,22,22,22,22,22,22,22,22,22,22
470696,1,1,1993,0,0,0,0,0,0,0,0,0,0
470697,1,1,1993,0,0,0,0,0,0,0,0,0,0
470698,1,1,1993,15,15,15,15,15,15,15,15,15,15
470699,0,1,1993,28,28,28,28,28,28,28,28,28,28
470699,1,1,1993,0,0,0,0,0,0,0,0,0,0
470699,2,1,1993,0,0,0,0,0,0,0,0,0,0
470700,1,1,1993,0,0,0,0,0,0,0,0,0,0
470700,2,1,1993,18,18,18,18,18,18,18,18,18,18
470701,1,1,1993,21,21,21,21,21,21,21,21,21,21
470702,1,1,1993,22,22,22,22,22,22,22,22,22,22
470703,1,1,1993,9,9,9,9,9,9,9,9,9,9
470704,1,1,1993,5,5,5,5,5,5,5,5,5,5
470706,1,1,1993,0,0,0,0,0,0,0,0,0,0
470707,1,1,1993,19,19,19,19,19,19,19,19,19,19
470708,1,1,1993,14,14,14,14,14,14,14,14,14,14
470708,2,1,1993,0,0,0,17,0,0,0,0,0,10
470709,0,1,1993,0,0,0,0,0,0,0,0,0,0
470709,1,1,1993,0,0,0,0,0,0,0,0,0,0
470710,0,1,1993,22,22,22,22,22,22,22,22,22,22
470710,1,1,1993,21,13,0,0,28,0,8,6,0,6
470711,1,1,1993,0,0,0,0,0,0,0,0,0,0
470711,2,1,1993,0,0,0,0,0,0,0,0,0,0
470714,1,1,1993,8,8,8,8,8,8,8,8,8,8
470714,2,1,1993,0,0,0,0,0,0,0,0,0,0
470715,1,1,1993,0,0,0,0,0,0,0,0,0,0
470715,2,1,1993,6,6,6,6,6,6,6,6,6,6
470716,1,1,1993,0,0,0,0,0,0,15,0,0,0
470716,2,1,1993,0,0,0,0,0,0,0,0,0,0
470717,0,1,1993,12,12,12,12,12,12,12,12,12,12
470717,1,1,1993,0,0,0,22,0,7,0,0,25,11
470718,1,1,1993,0,0,0,0,0,0,0,0,0,0
470719,1,1,1993,14,14,14,14,14,14,14,14,14,14
470720,1,1,1993,0,0,0,0,28,0,0,0,0,0
470720,2,1,1993,0,0,0,0,0,0,0,0,0,0
470721,0,1,1993,0,11,0,28,0,0,13,0,26,0
470721,1,1,1993,0,0,0,0,0,0,0,0,0,0
470722,1,1,1993,0,0,0,0,0,0,0,0,0,0
470722,2,1,1993,0,0,0,0,0,0,0,0,0,0
470723,1,1,1993,0,0,0,0,0,0,17,0,0,0
470725,0,1,1993,0,0,0,0,0,0,0,0,0,0
470725,1,1,1993,0,0,0,0,0,0,0,0,0,0
470726,1,1,1993,10,10,10,10,10,10,10,10,10,10
470727,1,1,1993,0,0,0,0,0,0,0,0,0,0
470727,2,1,1993,0,0,0,0,0,0,0,0,0,0
470727,3,1,1993,0,0,0,0,0,0,0,0,0,0
470728,1,1,1993,0,0,0,0,0,0,0,0,0,0
470728,2,1,1993,0,0,0,0,0,0,0,0,0,0
470729,1,1,1993,0,0,0,0,0,0,0,0,0,0
470730,1,1,1993,0,0,0,0,0,0,0,0,0,0
470730,2,1,1993,23,23,23,23,23,23,23,23,23,23
470731,1,1,1993,23,23,23,23,23,23,23,23,23,23
470732,1,1,1993,27,27,27,27,27,27,27,27,27,27
470733,1,1,1993,13,13,13,13,13,13,13,13,13,13
470734,1,1,1993,0,0,0,0,0,0,0,0,0,0
470734,2,1,1993,0,0,0,0,0,0,0,0,0,0
470735,1,1,1993,0,0,0,0,0,0,0,0,0,0
470735,2,1,1993,19,0,0,0,0,13,0,0,0,0
470736,1,1,1993,0,0,0,0,0,0,0,0,0,0
470736,2,1,1993,0,0,0,0,0,0,0,0,0,0
470737,1,1,1993,0,0,0,0,0,0,0,0,0,0
470737,2,1,1993,0,0,0,0,0,0,0,0,0,0
470738,1,1,1993,0,0,0,0,0,0,0,0,0,0
470738,2,1,1993,0,0,0,0,0,0,0,0,0,0
470739,1,1,1993,0,3,0,0,0,0,0,0,12,0
470740,1,1,1993,0,0,0,0,0,0,0,0,0,0
470740,2,1,1993,0,0,0,0,0,0,0,0,0,0
470741,1,1,1993,0,0,0,0,0,0,0,0,0,0
470742,1,1,1993,22,22,22,22,22,22,22,22,22,22
470743,1,1,1993,24,24,24,24,24,24,24,24,24,24
470744,1,1,1993,33,33,33,33,33,33,33,33,33,33
470745,1,1,1993,4,4,4,4,4,4,4,4,4,4
470745,2,1,1993,0,0,0,0,0,0,0,0,0,0
470746,1,1,1993,0,0,0,0,0,0,0,0,0,0
470746,2,1,1993,0,0,0,0,0,0,0,0,0,0
470747,1,1,1993,10,0,16,0,5,0,12,20,7,0
470748,1,1,1993,0,0,0,0,0,0,0,0,0,0
470749,1,1,1993,0,0,0,0,0,0,0,0,0,0
470749,2,1,1993,0,0,0,0,0,0,0,0,0,0
470750,1,1,1993,0,0,0,0,0,0,0,0,0,0
470750,2,1,1993,0,0,0,0,0,0,0,0,0,0
470750,3,1,1993,0,0,0,0,0,0,0,0,0,0
470751,1,1,1993,27,0,0,0,0,0,0,0,0,0
470751,2,1,1993,0,0,0,0,0,0,0,0,0,0
470752,1,1,1993,0,0,0,0,0,0,0,0,0,0
470752,2,1,1993,0,0,0,0,0,0,0,0,0,0
470753,1,1,1993,17,17,17,17,17,17,17,17,17,17
470754,1,1,1993,32,32,32,32,32,32,32,32,32,32
470755,1,1,1993,0,0,0,0,0,0,0,0,0,0
470756,1,1,1993,0,0,0,0,0,0,0,0,0,0
470757,1,1,1993,0,0,0,0,0,0,0,0,0,0
470757,2,1,1993,0,0,0,0,0,0,0,0,0,0
470758,1,1,1993,16,0,0,0,0,0,0,0,0,0
470759,1,1,1993,0,0,0,0,0,0,0,0,0,0
470760,1,1,1993,38,38,38,38,38,38,38,38,38,38
470761,1,1,1993,0,0,0,0,0,0,0,0,0,0
470762,1,1,1993,0,0,0,0,0,0,0,0,0,0
470762,2,1,1993,0,0,0,0,0,0,0,0,0,0
470763,1,1,1993,9,9,9,9,9,9,9,9,9,9
470764,1,1,1993,0,0,0,0,0,0,0,26,0,0
470764,2,1,1993,0,0,0,0,0,0,0,0,0,0
470765,1,1,1993,15,15,15,15,15,15,15,15,15,15
470767,0,1,1993,0,0,0,0,18,0,0,0,17,17
470767,2,1,1993,0,0,0,0,0,0,0,0,0,0
470768,0,1,1993,0,0,0,0,0,0,0,0,0,0
470769,1,1,1993,0,0,0,0,0,0,0,0,0,0
470770,1,1,1993,24,24,24,24,24,24,24,24,24,24
470770,2,1,1993,0,31,0,0,0,0,0,0,0,0
470771,1,1,1993,0,0,0,0,0,0,0,0,0,0
470772,1,1,1993,0,0,0,0,0,0,16,0,0,0
470773,1,1,1993,0,0,0,0,0,0,0,0,0,0
470774,1,1,1993,0,0,0,0,0,0,0,0,0,0
470775,1,1,1993,0,0,0,0,0,0,0,0,0,0
470775,2,1,1993,0,0,0,0,0,0,0,0,0,0
470776,1,1,1993,0,0,0,0,0,0,0,0,0,0
470776,2,1,1993,0,0,0,0,0,0,19,0,0,0
470777,1,1,1993,0,0,0,0,0,0,0,0,0,0
470778,1,1,1993,0,0,0,0,0,0,0,0,0,0
470778,2,1,1993,0,0,0,0,0,0,0,0,0,0
470779,1,1,1993,12,12,12,12,12,12,12,12,12,12
470780,1,1,1993,0,0,0,0,0,0,0,0,31,0
470781,1,1,1993,0,0,0,0,0,0,0,0,0,0
470782,1,1,1993,14,14,14,14,14,14,14,14,14,14
470783,1,1,1993,0,0,0,0,0,0,0,0,0,0
470783,2,1,1993,0,0,0,0,0,0,0,0,0,0
470784,1,1,1993,0,0,0,0,0,0,0,0,0,0
470784,2,1,1993,0,0,0,0,0,0,0,0,0,0
470785,1,1,1993,19,19,19,19,19,19,19,19,19,19
470786,1,1,1993,0,0,0,0,0,0,0,0,0,0
470786,2,1,1993,0,0,0,32,0,0,0,0,0,0
470787,1,1,1993,14,14,14,14,14,14,14,14,14,14
470788,1,1,1993,0,0,0,0,0,0,0,0,0,0
470788,2,1,1993,0,0,0,0,0,0,0,0,0,0
470789,1,1,1993,0,0,0,0,0,0,0,0,0,0
470789,2,1,1993,0,0,0,0,0,0,0,0,0,0
470789,3,1,1993,0,0,0,0,0,0,0,0,0,0
470789,4,1,1993,0,0,0,0,0,0,0,0,0,0
470790,1,1,1993,0,0,0,0,0,0,0,0,0,0
470791,1,1,1993,0,0,0,0,0,0,0,0,0,0
470791,2,1,1993,0,0,0,0,0,0,0,0,0,0
470792,0,1,1993,0,0,0,0,0,0,0,0,0,0
470792,1,1,1993,0,0,0,0,0,0,0,0,0,0
470793,1,1,1993,0,0,0,0,0,0,0,0,0,0
470793,2,1,1993,0,0,0,0,0,0,0,0,0,0
470794,1,1,1993,20,20,20,20,20,20,20,20,20,20
470794,2,1,1993,0,0,0,0,0,0,0,0,0,0
470795,1,1,1993,28,28,28,28,28,28,28,28,28,28
470796,0,1,1993,25,25,25,25,25,25,25,25,25,25
470796,1,1,1993,0,0,0,0,0,0,0,0,0,0
470797,1,1,1993,0,0,0,0,0,0,0,0,0,0
470797,2,1,1993,0,0,0,0,0,20,0,0,7,0
470798,1,1,1993,3,3,3,3,3,3,3,3,3,3
470799,1,1,1993,0,0,0,0,0,0,0,0,0,0
470800,1,1,1993,0,0,0,0,0,0,0,0,0,0
470801,1,1,1993,8,8,8,8,8,8,8,8,8,8
470802,1,1,1993,0,0,0,0,0,0,0,0,0,0
470802,2,1,1993,0,0,0,0,0,0,0,0,0,0
470803,1,1,1993,6,6,6,6,6,6,6,6,6,6
470803,2,1,1993,0,6,0,29,0,0,0,0,0,0
470803,3,1,1993,0,12,0,0,0,0,0,0,0,0
470804,1,1,1993,0,0,0,0,0,0,0,0,0,0
470804,2,1,1993,0,0,0,0,0,0,0,0,0,0
470805,1,1,1993,0,0,0,0,0,0,0,0,0,0
470806,1,1,1993,20,20,20,20,20,20,20,20,20,20
470807,1,1,1993,0,0,0,0,0,0,0,0,0,0
470808,1,1,1993,0,0,0,0,0,0,0,0,0,0
470808,2,1,1993,0,0,0,0,0,0,0,0,0,0
470809,1,1,1993,0,0,0,0,0,0,0,0,0,0
470810,1,1,1993,26,26,26,26,26,26,26,26,26,26
470810,2,1,1993,0,0,0,0,0,0,0,0,0,0
470812,0,1,1993,22,22,22,22,22,22,22,22,22,22
470812,1,1,1993,0,4,14,0,4,0,0,0,0,0
470813,1,1,1993,0,0,0,0,0,0,0,0,0,5
470813,2,1,1993,0,0,0,0,0,0,0,0,0,0
470814,1,1,1993,0,0,0,0,0,0,0,0,0,0
470814,2,1,1993,0,0,0,0,0,0,0,10,0,0
470816,1,1,1993,14,14,14,14,14,14,14,14,14,14
470817,1,1,1993,0,0,0,0,0,0,0,0,0,0
470817,2,1,1993,0,0,0,0,0,0,0,0,0,0
470818,1,1,1993,0,0,0,0,0,0,0,0,0,0
470819,1,1,1993,14,14,14,14,14,14,14,14,14,14
470820,1,1,1993,14,14,14,14,14,14,14,14,14,14
470821,1,1,1993,0,0,0,0,0,0,0,0,0,0
470822,1,1,1993,0,0,0,0,0,0,0,0,0,0
470822,2,1,1993,0,0,0,0,0,0,0,0,0,0
470823,0,1,1993,35,35,35,35,35,35,35,35,35,35
470823,1,1,1993,0,0,0,0,0,0,0,0,0,0
470824,1,1,1993,16,21,16,35,36,4,0,7,9,11
470825,1,1,1993,9,9,9,9,9,9,9,9,9,9
470826,1,1,1993,0,0,0,0,0,0,0,0,0,0
470826,2,1,1993,7,7,7,7,7,7,7,7,7,7
470827,1,1,1993,0,0,0,0,0,0,0,0,0,0
470827,2,1,1993,0,0,0,0,0,0,0,0,0,0
470828,1,1,1993,20,20,20,20,20,20,20,20,20,20
470829,1,1,1993,0,0,0,0,0,0,0,0,0,0
470830,1,1,1993,20,20,20,20,20,20,20,20,20,20
470831,1,1,1993,0,0,0,0,0,0,0,0,0,0