ST_CASE,VEH_NO,PER_NO,YEAR,P1,P2,P3,P4,P5,P6,P7,P8,P9,P10
480031,0,1,1993,0,0,0,0,0,0,0,0,0,0
480031,1,1,1993,0,0,0,0,0,0,0,0,0,0
480032,1,1,1993,15,15,15,15,15,15,15,15,15,15
480033,1,1,1993,0,0,0,0,0,0,0,0,0,0
480034,1,1,1993,29,0,0,0,0,0,0,0,0,0
480034,2,1,1993,0,0,0,0,0,0,0,0,0,0
480035,1,1,1993,11,11,11,11,11,11,11,11,11,11
480036,1,1,1993,17,17,17,17,17,17,17,17,17,17
480037,1,1,1993,0,0,0,0,0,0,0,0,0,0
480037,2,1,1993,0,0,0,0,0,0,0,5,0,0
480038,0,1,1993,31,0,0,0,0,39,0,0,5,0
480038,1,1,1993,0,0,0,0,0,0,0,0,0,0
480039,1,1,1993,9,0,0,0,29,0,37,0,0,0
480040,1,1,1993,28,28,28,28,28,28,28,28,28,28
480041,0,1,1993,28,28,28,28,28,28,28,28,28,28
480041,1,1,1993,0,0,0,0,0,0,0,0,0,0
480042,1,1,1993,27,31,20,0,12,24,9,11,19,11
480043,1,1,1993,0,0,0,0,0,0,0,0,0,0
480044,1,1,1993,0,0,0,0,0,0,0,0,0,0
480045,1,1,1993,32,32,32,32,32,32,32,32,32,32
480046,1,1,1993,0,0,0,0,0,0,0,0,0,0
480046,2,1,1993,0,0,0,0,5,0,27,0,0,0
480047,1,1,1993,0,0,0,0,0,0,0,0,0,0
480047,2,1,1993,0,0,0,0,0,0,0,0,0,0
480048,1,1,1993,25,25,25,25,25,25,25,25,25,25
480049,1,1,1993,3,3,3,3,3,3,3,3,3,3
480049,2,1,1993,12,0,0,0,10,0,5,0,0,0
480050,1,2,1993,0,0,0,0,21,0,0,0,12,0
480051,1,1,1993,12,12,12,12,12,12,12,12,12,12
480052,1,1,1993,25,0,0,0,0,0,17,0,0,0
480052,2,1,1993,0,0,0,0,0,0,0,0,0,0
480053,1,1,1993,4,27,2,15,6,9,6,17,18,16
480053,2,1,1993,0,0,0,0,0,0,0,0,0,0
480054,1,1,1993,20,20,20,20,20,20,20,20,20,20
480055,1,1,1993,11,11,11,11,11,11,11,11,11,11
480056,1,1,1993,0,0,0,0,0,0,0,0,0,0
480057,1,1,1993,43,43,43,43,43,43,43,43,43,43
480058,0,1,1993,11,11,11,11,11,11,11,11,11,11
480058,1,1,1993,0,0,0,11,0,0,21,12,7,0
480059,1,1,1993,0,0,0,0,0,0,0,0,0,0
480059,2,1,1993,0,0,0,0,0,0,27,0,0,0
480060,0,1,1993,17,42,20,5,0,0,20,23,21,0
480060,1,1,1993,0,0,0,0,0,0,0,0,0,0
480061,1,1,1993,0,0,0,0,0,0,0,0,0,0
480061,2,1,1993,0,0,0,0,0,0,0,0,0,0
480061,3,1,1993,0,0,0,0,0,0,0,0,0,0
480062,1,1,1993,0,0,0,0,0,0,0,0,0,0
480062,2,1,1993,5,0,0,0,0,0,0,0,10,0
480063,1,1,1993,0,20,0,0,0,0,0,0,0,0
480063,2,1,1993,0,0,0,0,0,0,0,0,0,0
480064,1,1,1993,25,25,25,25,25,25,25,25,25,25
480065,1,1,1993,23,23,23,23,23,23,23,23,23,23
480066,0,1,1993,0,0,0,0,0,0,0,0,0,0
480066,1,1,1993,0,0,0,0,0,0,0,0,0,0
480067,0,1,1993,0,0,0,0,0,0,0,0,0,0
480067,1,1,1993,13,28,0,0,0,0,0,0,0,0
480068,1,1,1993,5,5,5,5,5,5,5,5,5,5
480069,1,1,1993,29,29,29,29,29,29,29,29,29,29
480070,1,1,1993,0,0,0,0,0,0,0,0,0,0
480070,2,1,1993,23,29,0,18,17,0,18,7,0,12
480071,1,1,1993,0,0,0,0,0,0,0,0,0,0
480072,1,1,1993,10,0,0,0,0,0,8,0,0,0
480072,2,1,1993,1,1,1,1,1,1,1,1,1,1
480073,0,1,1993,0,0,0,0,0,0,0,0,0,0
480073,1,1,1993,1,1,1,1,1,1,1,1,1,1
480074,1,1,1993,0,22,17,0,19,10,0,0,7,0
480074,2,1,1993,0,0,0,0,0,0,0,0,0,0
480075,1,1,1993,18,18,18,18,18,18,18,18,18,18
480076,1,1,1993,25,25,25,25,25,25,25,25,25,25
480077,1,1,1993,0,0,0,0,0,0,0,0,0,0
480077,2,1,1993,0,0,0,0,0,0,0,0,0,0
480078,0,1,1993,0,0,0,0,0,0,0,0,0,0
480078,1,1,1993,0,0,0,0,0,0,0,0,0,0
480079,0,1,1993,0,34,25,36,10,10,22,0,19,27
480079,1,1,1993,0,0,0,0,0,0,0,0,0,0
480080,1,1,1993,0,29,16,15,38,0,6,0,35,18
480081,0,1,1993,0,0,0,0,0,14,0,16,20,0
480081,1,1,1993,0,0,0,7,0,19,0,0,0,0
480082,0,1,1993,0,0,10,0,0,0,0,0,0,8
480082,1,1,1993,0,0,0,0,0,0,0,0,0,0
480083,1,1,1993,0,0,0,0,0,0,0,0,0,0
480084,0,1,1993,0,0,0,0,0,0,0,0,0,0
480084,1,1,1993,0,0,0,0,0,0,0,0,0,0
480085,0,1,1993,26,26,26,26,26,26,26,26,26,26
480085,1,1,1993,0,0,6,0,17,0,0,14,0,0
480086,1,1,1993,0,0,10,0,0,0,16,0,14,14
480087,1,1,1993,0,0,0,0,0,0,0,0,0,0
480088,1,1,1993,20,20,20,20,20,20,20,20,20,20
480089,1,1,1993,25,25,25,25,25,25,25,25,25,25
480089,2,1,1993,0,0,10,0,8,0,32,0,0,6
480090,1,1,1993,0,0,0,0,0,0,0,0,0,0
480090,2,1,1993,10,10,10,10,10,10,10,10,10,10
480091,1,1,1993,19,19,19,19,19,19,19,19,19,19
480092,1,1,1993,15,15,15,15,15,15,15,15,15,15
480093,1,1,1993,0,0,9,0,0,17,0,15,0,0
480094,1,1,1993,0,0,0,0,0,0,0,0,0,0
480094,2,1,1993,0,0,0,0,0,0,0,0,0,0
480095,1,1,1993,0,0,0,14,0,0,0,0,0,0
480095,2,1,1993,0,0,0,0,0,0,0,0,0,0
480095,3,1,1993,0,0,0,0,2,0,0,0,0,0
480096,1,1,1993,14,14,14,14,14,14,14,14,14,14
480096,2,1,1993,3,3,3,3,3,3,3,3,3,3
480096,3,1,1993,2,2,2,2,2,2,2,2,2,2
480097,1,1,1993,22,22,22,22,22,22,22,22,22,22
480098,1,1,1993,18,18,18,18,18,18,18,18,18,18
480099,0,1,1993,0,0,0,0,0,0,0,0,0,0
480099,0,2,1993,0,0,0,0,0,0,0,0,0,0
480099,1,1,1993,0,18,0,22,0,0,0,0,0,0
480100,1,1,1993,10,10,10,10,10,10,10,10,10,10
480101,0,1,1993,0,0,0,0,0,0,0,0,0,0
480101,1,1,1993,0,0,0,0,22,0,0,0,0,0
480102,1,1,1993,0,0,0,13,0,0,31,22,0,0
480103,1,1,1993,0,0,0,0,0,0,0,0,0,0
480103,2,1,1993,0,0,0,0,0,0,0,0,0,0
480104,1,1,1993,25,25,25,25,25,25,25,25,25,25
480105,0,1,1993,0,0,0,0,0,0,0,0,0,0
480105,1,1,1993,0,0,0,0,11,0,0,15,0,0
480106,1,1,1993,24,24,24,24,24,24,24,24,24,24
480107,1,1,1993,20,20,20,20,20,20,20,20,20,20
480107,2,1,1993,0,0,0,0,0,0,0,0,0,0
480108,0,1,1993,0,0,0,0,0,0,0,0,0,0
480108,1,1,1993,0,0,0,0,0,0,0,0,0,0
480109,1,1,1993,0,0,0,0,0,0,0,0,0,0
480109,2,1,1993,0,0,0,0,0,0,0,0,0,0
480110,1,1,1993,0,0,4,15,0,0,0,0,0,0
480110,2,1,1993,0,0,0,0,0,0,0,0,0,0
480111,1,1,1993,0,0,0,0,0,0,0,0,0,0
480111,2,1,1993,0,0,0,0,0,0,0,0,0,0
480112,1,1,1993,18,27,8,0,21,0,0,0,24,24
480113,0,1,1993,18,18,18,18,18,18,18,18,18,18
480113,1,1,1993,0,0,0,0,0,0,0,0,0,0
480114,0,1,1993,0,0,0,0,0,0,0,0,0,0
480114,1,1,1993,15,0,0,0,14,11,0,0,0,35
480114,2,1,1993,0,0,0,3,0,0,5,0,0,0
480115,1,1,1993,0,9,0,5,0,0,0,0,0,24
480115,2,1,1993,10,10,10,10,10,10,10,10,10,10
480116,1,1,1993,19,19,19,19,19,19,19,19,19,19
480117,1,1,1993,0,5,0,0,0,0,0,0,0,0
480118,1,1,1993,5,5,5,5,5,5,5,5,5,5
480118,2,1,1993,19,0,0,0,0,0,0,0,0,0
480119,1,1,1993,0,0,0,0,0,0,0,0,0,0
480119,2,1,1993,0,0,0,0,0,0,0,0,0,0
480120,1,1,1993,27,27,27,27,27,27,27,27,27,27
480121,1,1,1993,14,14,14,14,14,14,14,14,14,14
480122,1,1,1993,0,0,21,9,0,15,0,0,8,0
480123,0,1,1993,0,0,0,0,0,0,0,0,0,0
480123,1,1,1993,0,0,0,0,0,0,0,0,0,0
480124,1,1,1993,33,33,33,33,33,33,33,33,33,33
480124,2,1,1993,0,0,0,0,0,0,0,0,0,0
480124,3,1,1993,0,0,0,0,0,0,0,0,0,0
480125,1,1,1993,0,0,0,0,0,0,0,0,0,0
480125,2,1,1993,0,12,0,0,0,0,0,12,13,0
480126,1,1,1993,25,25,25,25,25,25,25,25,25,25
480127,1,1,1993,31,0,0,4,0,0,0,0,0,11
480127,2,1,1993,26,26,26,26,26,26,26,26,26,26
480128,1,1,1993,0,0,0,0,0,0,0,0,0,0
480129,1,1,1993,0,0,0,0,0,0,0,0,0,0
480129,2,1,1993,0,0,0,0,0,0,0,0,0,0
480130,1,1,1993,0,0,0,0,0,0,0,0,0,0
480130,2,1,1993,0,0,0,0,0,0,0,0,0,0
480131,0,1,1993,32,32,32,32,32,32,32,32,32,32
480131,1,1,1993,3,0,0,0,10,0,0,0,0,18
480132,1,1,1993,0,0,0,0,0,0,0,0,0,0
480133,1,1,1993,44,26,14,29,18,10,19,12,29,29
480134,1,1,1993,0,0,0,0,0,0,0,0,0,0
480135,0,1,1993,0,0,0,26,0,0,0,0,0,0
480135,1,1,1993,0,0,0,0,24,7,18,0,10,0
480136,0,1,1993,0,0,0,39,19,0,10,7,0,11
480136,0,2,1993,0,0,0,0,0,0,0,0,0,0
480136,1,1,1993,0,0,0,0,0,0,0,0,0,0
480137,1,1,1993,32,32,32,32,32,32,32,32,32,32
480137,2,1,1993,31,0,0,10,0,0,11,8,0,0
480138,0,1,1993,20,20,20,20,20,20,20,20,20,20
480138,1,1,1993,15,17,25,11,12,0,0,19,0,24
480139,1,1,1993,0,0,0,0,0,0,0,0,0,0
480139,2,1,1993,0,0,0,0,0,0,0,0,0,0
480140,1,1,1993,26,26,26,26,26,26,26,26,26,26
480141,1,1,1993,26,26,26,26,26,26,26,26,26,26
480141,2,1,1993,0,0,0,0,0,0,0,0,0,0
480142,1,1,1993,0,0,0,0,0,0,0,0,0,0
480142,2,1,1993,22,22,22,22,22,22,22,22,22,22
480143,0,1,1993,11,7,29,18,12,20,34,0,12,0
480143,1,1,1993,16,16,16,16,16,16,16,16,16,16
480144,1,1,1993,24,24,24,24,24,24,24,24,24,24
480144,2,1,1993,0,0,0,0,0,0,0,21,0,0
480145,1,1,1993,16,0,16,13,18,18,20,9,25,28
480145,2,1,1993,0,9,0,0,0,12,18,0,0,0
480146,1,1,1993,0,0,14,0,0,0,0,0,0,10
480146,2,1,1993,12,0,0,0,0,0,0,0,0,0
480147,1,1,1993,15,15,15,15,15,15,15,15,15,15
480148,1,1,1993,25,25,25,25,25,25,25,25,25,25
480149,1,1,1993,0,0,0,0,0,0,0,0,0,0
480149,2,1,1993,5,5,5,5,5,5,5,5,5,5
480150,1,1,1993,0,0,0,0,0,0,0,0,0,0
480150,2,1,1993,0,0,0,12,14,10,8,10,18,0
480150,3,1,1993,0,6,0,0,0,0,0,0,0,0
480151,1,1,1993,0,0,0,0,0,0,0,0,0,0
480151,2,1,1993,0,0,0,0,0,0,0,0,0,0
480152,0,1,1993,0,0,0,0,0,0,0,0,0,0
480152,1,1,1993,0,0,0,0,0,0,0,0,0,0
480152,2,1,1993,0,0,0,0,0,20,11,0,0,22
480153,1,1,1993,20,20,20,20,20,20,20,20,20,20
480154,1,1,1993,24,24,24,24,24,24,24,24,24,24
480154,2,1,1993,18,8,0,28,1,5,0,0,14,8
480155,0,1,1993,26,26,26,26,26,26,26,26,26,26
480155,1,1,1993,22,0,0,0,0,0,0,8,0,10
480156,1,1,1993,0,0,0,0,0,0,0,0,0,0
480157,1,1,1993,0,0,0,0,0,0,0,0,0,0
480157,2,1,1993,0,0,0,0,0,0,0,0,0,0
480158,1,1,1993,0,0,0,0,0,0,16,0,0,0
480158,2,1,1993,20,20,20,20,20,20,20,20,20,20
480159,1,1,1993,0,0,8,0,14,4,0,0,0,0
480159,2,1,1993,0,0,0,0,0,0,0,0,6,0
480160,0,1,1993,23,23,23,23,23,23,23,23,23,23
480160,1,1,1993,0,0,0,0,0,0,0,0,0,0
480161,1,1,1993,5,5,5,5,5,5,5,5,5,5
480161,2,1,1993,15,15,15,15,15,15,15,15,15,15
480162,0,1,1993,0,0,0,0,0,0,0,0,0,0
480162,1,1,1993,0,0,0,0,0,0,0,0,0,0
480163,0,1,1993,0,43,0,0,0,0,0,0,0,0
480163,1,1,1993,0,0,0,0,0,0,0,0,0,0
480164,1,1,1993,15,15,15,15,15,15,15,15,15,15
480165,1,1,1993,0,0,0,0,0,0,0,0,0,0
480165,2,1,1993,0,0,6,0,0,0,0,0,0,0
480166,1,1,1993,0,0,0,0,0,0,0,0,0,0
480166,2,1,1993,0,0,0,0,0,0,0,0,0,0
480167,0,1,1993,0,0,0,0,0,0,0,0,0,0
480167,0,2,1993,0,0,0,0,0,0,0,0,0,0
480167,0,3,1993,0,0,0,0,23,0,16,0,0,0
480167,0,4,1993,0,0,0,0,0,0,0,0,0,0
480167,0,5,1993,0,0,0,0,0,0,0,0,0,0
480167,1,1,1993,0,23,0,0,0,0,0,0,0,0
480167,2,1,1993,0,0,0,0,0,0,0,20,0,0
480168,1,1,1993,14,0,0,0,0,7,0,0,0,0
480168,2,1,1993,0,0,0,0,0,0,0,0,0,0
480169,1,1,1993,0,25,0,0,0,0,0,0,0,0
480169,2,1,1993,0,0,0,0,0,0,0,0,0,7
480170,1,1,1993,18,31,7,12,0,0,0,0,18,9
480171,1,1,1993,0,0,0,0,0,0,0,0,0,0
480171,2,1,1993,22,22,22,22,22,22,22,22,22,22
480172,1,1,1993,14,19,20,15,16,0,0,17,22,12
480172,2,1,1993,0,0,0,0,0,0,0,0,16,0
480172,3,1,1993,14,6,6,0,0,11,0,15,4,0
480173,0,1,1993,0,43,24,26,0,10,0,16,0,10
480173,1,1,1993,0,0,20,9,5,27,12,24,0,16
480174,0,1,1993,35,13,18,9,17,26,15,9,17,14
480174,1,1,1993,0,0,0,19,18,0,0,0,0,0
480175,1,1,1993,18,18,18,18,18,18,18,18,18,18
480176,1,1,1993,29,29,29,29,29,29,29,29,29,29
480177,1,1,1993,0,24,9,22,12,0,10,0,18,0
480178,1,1,1993,0,0,0,0,0,0,0,0,0,0
480178,2,1,1993,0,0,0,0,0,0,0,0,0,0
480179,1,1,1993,0,0,0,0,0,0,7,0,0,0
480179,2,1,1993,0,15,0,0,0,0,0,0,0,0
480180,1,1,1993,0,0,0,0,0,0,0,0,0,0
480180,2,1,1993,0,0,0,0,0,0,0,0,0,0
480181,1,2,1993,46,20,23,17,42,26,21,0,0,9
480182,1,1,1993,15,21,16,0,14,0,0,13,10,20
480183,1,1,1993,0,0,0,0,0,0,0,0,0,0
480183,2,1,1993,0,0,0,0,0,0,0,0,0,0
480184,1,1,1993,6,6,6,6,6,6,6,6,6,6
480184,2,1,1993,0,0,0,0,0,0,0,0,0,2
480185,1,1,1993,2,2,2,2,2,2,2,2,2,2
480186,1,1,1993,0,0,0,0,0,0,0,14,0,8
480187,1,1,1993,24,24,24,24,24,24,24,24,24,24
480188,1,1,1993,0,0,0,0,0,0,0,0,0,5
480188,2,1,1993,0,0,0,0,0,0,0,0,0,0
480188,3,1,1993,0,8,0,0,0,24,0,0,0,0
480188,4,1,1993,0,0,0,0,0,10,0,0,0,0
480189,1,1,1993,0,0,0,9,0,0,0,0,0,0
480189,2,1,1993,21,21,21,21,21,21,21,21,21,21
480191,1,1,1993,16,11,17,31,0,0,0,26,0,15
480192,1,1,1993,18,23,12,20,26,23,5,14,4,22
480193,0,1,1993,12,24,0,0,12,30,0,11,0,0
480193,1,1,1993,0,0,0,0,0,29,0,0,0,0
480194,1,1,1993,0,0,0,0,0,0,0,6,0,0
480194,2,1,1993,22,22,22,22,22,22,22,22,22,22
480195,0,1,1993,0,0,0,0,0,0,0,0,27,0
480195,1,1,1993,0,0,0,0,0,0,0,0,0,0
480196,1,1,1993,0,0,0,0,0,0,0,0,0,0
480196,2,1,1993,0,0,11,11,0,0,0,0,0,0
480197,1,1,1993,0,0,0,0,0,0,0,0,7,0
480197,2,1,1993,0,6,19,0,0,0,0,0,0,0
480198,1,1,1993,21,24,6,18,20,10,16,17,28,5
480198,2,1,1993,0,0,0,0,0,6,0,0,0,0
480199,1,1,1993,17,11,14,16,13,0,34,14,2,24
480199,2,1,1993,0,0,0,0,0,0,0,20,0,0
480200,1,1,1993,0,0,0,0,0,0,0,0,0,0
480200,2,1,1993,0,0,0,24,13,0,0,0,0,0
480201,1,1,1993,19,18,28,28,29,17,20,27,23,24
480201,2,1,1993,0,0,0,0,0,0,0,0,0,0
480202,0,1,1993,60,60,60,60,60,60,60,60,60,60
480202,1,1,1993,2,2,2,2,2,2,2,2,2,2
480203,1,1,1993,22,22,22,22,22,22,22,22,22,22
480204,1,1,1993,0,0,0,0,0,0,0,0,0,0
480204,2,1,1993,7,7,7,7,7,7,7,7,7,7
480204,3,1,1993,0,0,0,0,0,0,0,0,0,0
480205,1,1,1993,27,27,27,27,27,27,27,27,27,27
480206,1,1,1993,0,0,0,0,0,0,0,0,0,0
480206,2,1,1993,0,0,0,0,0,0,0,0,0,12
480207,1,1,1993,21,21,21,21,21,21,21,21,21,21
480208,1,1,1993,0,0,0,0,0,0,0,0,0,0
480208,2,1,1993,14,0,0,0,0,2,0,0,0,0
480209,1,1,1993,0,0,0,0,0,0,0,0,15,0
480210,1,1,1993,0,0,0,0,0,0,0,0,0,0
480212,1,1,1993,24,18,0,0,0,0,0,0,0,0
480212,2,1,1993,0,0,0,0,0,0,0,0,0,0
480213,1,1,1993,0,0,0,0,0,0,0,0,0,0
480213,2,1,1993,4,0,0,0,0,0,0,0,9,0
480214,1,1,1993,0,0,0,0,0,0,0,0,0,0
480214,2,1,1993,0,0,21,5,0,0,0,0,0,0
480215,1,1,1993,18,18,18,18,18,18,18,18,18,18
480216,0,1,1993,0,0,21,0,21,0,0,0,0,0
480216,1,1,1993,0,0,0,0,0,0,0,0,0,0
480217,1,1,1993,22,22,22,22,22,22,22,22,22,22
480218,1,1,1993,0,0,0,0,0,0,0,0,0,0
480219,1,1,1993,0,0,0,0,0,0,0,0,0,0
480219,2,1,1993,0,0,0,0,0,0,0,0,0,0
480219,3,1,1993,0,0,0,0,0,0,0,0,0,0
480220,0,1,1993,12,0,0,23,0,0,17,0,16,0
480220,1,1,1993,29,0,0,0,29,0,0,0,15,17
480221,1,1,1993,0,0,0,0,0,0,0,0,0,0
480221,2,1,1993,0,0,0,0,0,0,0,0,0,10
480221,3,1,1993,0,0,0,0,0,0,5,0,0,0
480222,1,1,1993,0,18,0,0,25,18,0,21,18,17
480223,1,1,1993,16,16,16,16,16,16,16,16,16,16
480224,1,1,1993,8,8,8,8,8,8,8,8,8,8
480224,2,1,1993,0,0,0,15,18,0,0,0,14,7
480225,1,1,1993,28,28,28,28,28,28,28,28,28,28
480225,2,1,1993,0,0,0,7,9,0,0,0,10,13
480225,3,1,1993,23,14,23,22,38,0,0,0,12,0
480226,0,1,1993,47,0,0,0,0,9,0,0,22,0
480226,1,1,1993,0,17,0,0,0,0,0,0,0,0
480227,0,1,1993,1,1,1,1,1,1,1,1,1,1
480227,1,1,1993,0,0,0,0,0,0,0,0,0,0
480228,1,1,1993,0,0,0,0,3,28,0,0,0,0
480228,2,1,1993,0,0,0,0,0,0,0,0,0,0
480228,3,1,1993,0,0,0,0,0,0,0,0,0,6
480229,1,1,1993,21,21,21,21,21,21,21,21,21,21
480229,2,1,1993,0,0,24,0,0,0,12,13,18,0
480229,3,1,1993,0,0,0,0,0,0,8,0,12,10
480230,1,1,1993,20,20,20,20,20,20,20,20,20,20
480231,1,1,1993,0,0,0,0,0,0,0,0,0,0
480231,2,1,1993,0,0,0,0,0,0,0,0,0,0
480232,1,1,1993,0,0,11,0,0,0,5,0,0,0
480233,1,1,1993,0,19,19,17,7,5,8,25,15,9
480233,2,1,1993,0,0,26,0,0,0,0,0,0,0
480234,1,1,1993,18,18,18,18,18,18,18,18,18,18
480235,0,1,1993,0,0,0,0,0,0,0,0,0,0
480235,1,1,1993,0,0,0,0,0,0,0,27,18,0
480236,1,1,1993,0,0,0,0,0,0,0,0,0,0
480236,2,1,1993,17,17,17,17,17,17,17,17,17,17
480237,1,1,1993,16,16,16,16,16,16,16,16,16,16
480237,2,1,1993,0,0,0,0,0,0,0,0,0,5
480239,1,1,1993,16,16,16,16,16,16,16,16,16,16
480240,1,1,1993,0,0,0,0,0,0,0,0,0,0
480240,2,1,1993,0,0,5,0,0,18,7,0,0,0
480240,3,1,1993,24,24,24,24,24,24,24,24,24,24
480241,1,1,1993,8,22,31,17,14,18,23,26,19,24
480242,1,1,1993,23,23,23,23,23,23,23,23,23,23
480242,2,1,1993,0,0,0,14,0,0,12,0,11,15
480243,1,1,1993,0,0,0,0,0,0,0,0,0,0
480243,2,1,1993,0,0,0,16,0,0,14,15,5,0
480244,0,1,1993,28,28,28,28,28,28,28,28,28,28
480244,1,1,1993,0,0,0,0,0,12,0,0,0,20
480245,0,1,1993,0,0,0,0,0,0,0,0,0,0
480245,1,1,1993,0,0,0,0,9,0,0,6,0,11
480246,1,1,1993,0,0,0,0,0,0,0,8,0,0
480246,2,1,1993,0,0,0,0,0,0,0,0,0,0
480246,3,1,1993,0,0,0,0,0,0,0,0,0,0
480246,4,1,1993,0,0,0,0,0,0,0,0,0,0
480246,5,1,1993,0,0,0,0,0,0,0,0,0,0
480247,1,1,1993,13,13,13,13,13,13,13,13,13,13
480248,1,1,1993,0,0,0,0,0,0,0,0,8,0
480248,2,1,1993,24,0,0,24,19,13,10,18,0,0
480249,1,1,1993,0,0,0,0,0,0,0,0,0,0
480250,1,1,1993,0,0,0,4,13,0,0,0,0,0
480251,1,1,1993,0,0,0,0,0,0,0,0,0,0
480251,2,1,1993,0,0,0,11,0,0,0,0,0,0
480252,0,1,1993,18,18,18,18,18,18,18,18,18,18
480252,1,1,1993,0,0,0,0,0,0,0,0,0,0
480253,1,1,1993,0,0,11,0,0,0,23,0,0,0
480254,1,1,1993,0,0,0,0,0,0,0,0,0,0
480254,2,1,1993,0,0,0,0,0,0,7,0,0,0
480255,1,1,1993,21,21,21,21,21,21,21,21,21,21
480255,2,1,1993,4,0,0,0,0,0,0,0,0,0
480255,3,1,1993,0,0,0,9,0,23,0,10,11,6
480256,1,1,1993,15,15,15,15,15,15,15,15,15,15
480256,2,1,1993,0,0,0,6,0,0,0,0,0,0
480257,1,1,1993,19,19,19,19,19,19,19,19,19,19
480257,2,1,1993,0,0,0,11,0,10,0,0,0,23
480258,1,1,1993,0,0,0,0,0,0,0,0,0,0
480258,2,1,1993,0,0,0,0,0,0,0,0,0,0
480259,1,1,1993,0,0,0,0,0,0,0,0,0,0
480259,2,1,1993,0,0,0,0,0,0,0,0,0,0
480260,0,1,1993,0,0,0,0,0,0,0,0,0,0
480260,1,1,1993,0,0,0,0,0,0,0,9,0,0
480261,0,1,1993,0,0,0,0,0,0,0,0,0,0
480261,1,1,1993,0,0,0,0,0,0,0,0,0,0
480262,1,1,1993,0,11,0,0,0,0,0,0,0,0
480262,2,1,1993,0,0,0,0,0,0,0,0,0,0
480263,1,1,1993,0,0,0,0,0,0,0,0,0,0
480264,1,1,1993,0,0,0,0,0,0,0,0,0,0
480264,2,1,1993,0,0,0,0,0,0,0,0,0,0
480265,1,1,1993,13,0,0,11,0,0,0,0,0,0
480265,2,1,1993,0,0,0,0,0,0,0,0,0,0
480266,1,1,1993,0,0,0,0,0,0,0,0,0,0
480266,2,1,1993,0,0,0,0,0,0,11,0,0,0
480267,1,1,1993,0,0,0,0,0,0,0,0,0,0
480267,2,1,1993,0,0,0,0,0,0,0,0,0,0
480268,0,1,1993,17,17,17,17,17,17,17,17,17,17
480268,1,1,1993,7,10,2,0,18,25,19,28,19,10
480269,1,1,1993,0,0,0,0,0,0,0,0,0,0
480269,2,1,1993,0,0,0,0,0,0,0,0,0,0
480269,3,1,1993,0,0,0,0,0,0,0,0,0,0
480271,1,1,1993,7,7,7,7,7,7,7,7,7,7
480272,1,1,1993,4,4,4,4,4,4,4,4,4,4
480272,2,1,1993,3,3,3,3,3,3,3,3,3,3
480273,1,1,1993,11,11,11,11,11,11,11,11,11,11
480273,2,1,1993,0,0,0,0,0,0,0,0,0,0
480274,1,1,1993,21,21,21,21,21,21,21,21,21,21
480275,1,1,1993,0,0,0,0,0,0,0,0,0,0
480275,2,1,1993,0,0,0,0,0,0,0,0,0,16
480276,1,1,1993,0,0,0,0,0,0,0,0,0,0
480277,1,1,1993,0,18,0,18,18,0,14,0,15,6
480277,2,1,1993,0,0,0,0,0,0,0,0,0,0
480277,3,1,1993,0,0,0,0,0,0,0,0,0,0
480278,1,1,1993,25,25,25,25,25,25,25,25,25,25
480278,2,1,1993,0,0,0,0,0,0,0,0,0,0
480279,1,1,1993,3,3,3,3,3,3,3,3,3,3
480279,2,1,1993,13,13,13,13,13,13,13,13,13,13
480280,0,1,1993,0,15,16,0,19,19,0,28,39,11
480280,1,1,1993,0,17,0,3,37,0,0,0,0,0
480281,0,1,1993,0,0,0,0,0,0,0,0,0,0
480281,1,1,1993,0,0,0,0,0,0,0,0,0,0
480284,1,1,1993,21,21,21,21,21,21,21,21,21,21
480284,2,1,1993,0,0,0,0,0,0,0,0,0,0
480285,1,1,1993,20,24,25,27,23,14,26,18,21,17
480285,2,1,1993,16,0,0,0,23,6,5,0,5,9
480286,1,1,1993,0,0,0,0,0,0,0,0,0,0
480286,2,1,1993,0,0,0,0,0,0,0,0,0,0
480286,3,1,1993,0,0,0,0,0,0,0,0,0,0
480287,1,1,1993,33,33,33,33,33,33,33,33,33,33
480288,1,1,1993,9,9,9,9,9,9,9,9,9,9
480289,1,1,1993,17,17,17,17,17,17,17,17,17,17
480290,0,1,1993,0,0,0,0,0,0,0,0,0,0
480290,1,1,1993,0,0,0,0,0,0,0,0,18,0
480291,1,1,1993,22,25,20,3,7,11,9,0,20,7
480292,1,1,1993,6,16,4,0,18,0,0,0,5,0
480292,2,1,1993,0,0,0,0,0,0,0,0,0,0
480293,1,1,1993,19,19,19,19,19,19,19,19,19,19
480294,1,1,1993,23,23,23,23,23,23,23,23,23,23
480295,1,1,1993,0,0,0,0,0,0,0,0,0,0