ST_CASE,VEH_NO,PER_NO,YEAR,P1,P2,P3,P4,P5,P6,P7,P8,P9,P10
480296,1,1,1993,0,0,0,0,0,0,0,0,0,0
480296,2,1,1993,24,24,24,24,24,24,24,24,24,24
480297,0,1,1993,0,0,0,0,0,0,0,0,0,0
480297,1,1,1993,0,0,0,0,0,0,0,0,0,13
480298,1,1,1993,37,37,37,37,37,37,37,37,37,37
480298,2,1,1993,22,22,22,22,22,22,22,22,22,22
480299,0,1,1993,23,23,23,23,23,23,23,23,23,23
480299,1,1,1993,0,0,10,0,8,0,0,0,0,0
480299,2,1,1993,0,0,0,15,0,0,14,0,0,0
480300,1,1,1993,0,0,0,0,0,0,0,0,0,0
480301,0,1,1993,23,23,23,23,23,23,23,23,23,23
480301,1,1,1993,0,9,0,0,0,0,0,0,0,0
480302,0,1,1993,32,32,32,32,32,32,32,32,32,32
480302,1,1,1993,0,0,0,15,0,4,0,0,0,0
480303,1,1,1993,16,16,16,16,16,16,16,16,16,16
480304,1,1,1993,0,0,0,0,0,0,0,12,0,0
480304,2,1,1993,0,0,0,0,0,0,10,0,0,0
480305,0,1,1993,0,0,0,0,0,0,0,0,0,0
480305,1,1,1993,0,0,0,0,0,0,0,0,0,0
480306,1,1,1993,11,0,0,14,0,0,0,0,0,0
480307,1,1,1993,14,14,14,14,14,14,14,14,14,14
480308,1,1,1993,19,16,19,19,10,0,22,20,12,7
480309,0,1,1993,29,29,29,29,29,29,29,29,29,29
480309,1,1,1993,0,0,0,0,0,0,0,0,0,0
480310,1,1,1993,8,8,8,8,8,8,8,8,8,8
480311,1,1,1993,0,0,0,0,0,0,0,0,0,0
480312,1,1,1993,18,18,18,18,18,18,18,18,18,18
480313,0,1,1993,0,0,0,0,0,0,0,0,0,0
480313,1,1,1993,0,0,0,0,0,0,13,12,0,0
480314,1,1,1993,2,2,2,2,2,2,2,2,2,2
480315,1,1,1993,0,0,0,0,0,0,0,0,0,0
480315,2,1,1993,0,0,0,0,0,4,0,0,0,0
480315,3,1,1993,0,0,0,0,0,0,0,0,0,0
480315,4,1,1993,0,0,0,0,0,0,0,0,0,0
480316,1,1,1993,21,0,0,13,0,0,0,18,33,23
480317,1,1,1993,5,8,8,9,8,15,15,12,4,3
480318,1,1,1993,0,0,0,2,0,8,0,0,0,10
480319,1,1,1993,0,0,0,0,0,0,0,0,0,0
480319,2,1,1993,3,0,11,8,0,10,0,0,0,0
480319,3,1,1993,24,0,12,19,16,0,0,12,0,0
480320,1,1,1993,25,0,0,0,20,0,13,10,0,10
480320,2,1,1993,0,0,0,0,0,6,0,0,0,0
480321,1,1,1993,0,0,0,0,0,0,0,0,0,0
480321,2,1,1993,0,0,0,0,0,0,0,0,0,0
480322,1,1,1993,11,11,11,11,11,11,11,11,11,11
480323,1,1,1993,0,0,0,0,0,0,0,0,0,0
480323,2,1,1993,0,0,0,0,0,0,0,0,0,0
480324,1,1,1993,0,0,0,6,0,0,0,0,12,0
480324,2,1,1993,0,0,0,0,12,0,0,9,0,0
480325,1,1,1993,23,23,23,23,23,23,23,23,23,23
480326,1,1,1993,6,6,6,6,6,6,6,6,6,6
480327,1,1,1993,29,16,23,22,0,26,16,27,33,22
480328,1,1,1993,15,15,15,15,15,15,15,15,15,15
480328,2,1,1993,0,0,0,0,0,0,0,0,0,0
480328,3,1,1993,0,0,4,0,14,0,0,0,0,0
480329,1,1,1993,26,26,26,26,26,26,26,26,26,26
480329,2,1,1993,0,0,0,0,0,0,0,0,0,0
480330,1,1,1993,6,6,6,6,6,6,6,6,6,6
480331,1,1,1993,20,20,20,20,20,20,20,20,20,20
480332,1,1,1993,0,0,0,0,0,0,0,0,0,0
480332,2,1,1993,0,0,0,12,0,0,0,19,0,0
480333,1,1,1993,0,0,24,0,0,0,0,0,0,0
480333,2,1,1993,0,0,0,0,0,0,0,0,0,0
480334,1,1,1993,26,26,26,26,26,26,26,26,26,26
480335,0,1,1993,0,14,0,0,21,15,0,18,0,0
480335,0,2,1993,0,0,0,16,25,24,0,0,30,0
480335,1,1,1993,0,0,0,0,0,0,0,0,0,0
480336,1,1,1993,0,0,0,0,0,0,0,0,0,0
480337,0,1,1993,0,0,0,0,0,0,0,0,0,0
480337,1,1,1993,0,0,0,0,0,0,0,0,0,0
480337,2,1,1993,0,0,0,0,0,0,0,0,11,0
480338,1,1,1993,3,3,3,3,3,3,3,3,3,3
480338,2,1,1993,0,0,0,0,0,0,0,0,0,0
480339,1,1,1993,0,0,0,0,0,0,0,0,0,0
480339,2,1,1993,16,0,0,0,0,0,0,0,0,0
480340,1,1,1993,26,15,16,21,21,16,27,19,22,22
480341,1,1,1993,33,33,33,33,33,33,33,33,33,33
480342,1,1,1993,15,15,15,15,15,15,15,15,15,15
480343,1,1,1993,24,20,18,23,16,9,20,25,29,30
480343,2,1,1993,0,0,0,0,0,0,0,0,0,0
480344,1,1,1993,17,17,17,17,17,17,17,17,17,17
480344,2,1,1993,11,0,0,0,0,0,0,0,0,0
480344,3,1,1993,0,0,0,0,0,0,11,15,0,14
480345,0,1,1993,46,22,0,0,0,18,0,20,0,20
480345,2,1,1993,0,0,0,0,0,0,12,13,7,0
480346,1,1,1993,13,16,0,0,0,0,0,0,0,0
480346,2,1,1993,0,0,0,0,0,0,0,0,0,0
480346,3,1,1993,4,0,23,13,0,0,0,5,0,0
480347,1,1,1993,13,13,13,13,13,13,13,13,13,13
480348,1,1,1993,0,0,0,0,19,0,0,0,0,0
480348,2,1,1993,0,0,0,0,0,0,0,0,0,0
480349,1,1,1993,12,12,12,12,12,12,12,12,12,12
480350,0,1,1993,16,23,33,16,23,10,13,18,34,29
480350,1,1,1993,0,0,18,0,0,30,0,0,11,0
480351,1,1,1993,0,18,0,0,19,19,18,0,21,0
480351,2,1,1993,0,0,0,0,21,0,0,0,0,32
480352,1,1,1993,14,14,14,14,14,14,14,14,14,14
480352,2,1,1993,0,0,0,0,0,0,0,0,0,0
480353,1,1,1993,0,0,0,0,0,0,0,0,0,0
480353,2,1,1993,0,0,0,0,0,0,0,0,0,0
480353,3,1,1993,0,0,0,0,0,20,5,0,0,0
480354,1,1,1993,16,16,16,16,16,16,16,16,16,16
480355,1,1,1993,0,0,0,0,0,0,0,0,0,0
480355,2,1,1993,0,0,0,0,0,0,0,0,0,0
480356,1,1,1993,0,0,0,0,0,0,0,0,0,0
480356,2,1,1993,0,0,34,22,0,0,0,0,16,0
480356,3,1,1993,0,0,0,0,0,0,0,0,0,0
480357,1,1,1993,0,0,0,0,0,0,0,0,0,0
480357,2,1,1993,0,0,0,0,0,0,0,0,0,0
480357,3,1,1993,0,0,0,0,0,0,0,11,0,0
480358,0,1,1993,29,29,29,29,29,29,29,29,29,29
480358,1,1,1993,5,0,13,15,0,0,4,0,14,0
480359,1,1,1993,0,0,0,0,0,0,0,0,0,0
480360,1,1,1993,0,10,6,23,19,5,0,0,24,8
480360,2,1,1993,5,0,7,17,16,0,9,3,24,0
480361,1,1,1993,11,11,11,11,11,11,11,11,11,11
480361,2,1,1993,12,12,12,12,12,12,12,12,12,12
480362,1,1,1993,0,15,0,10,16,20,13,23,47,0
480363,1,1,1993,8,0,0,0,20,0,0,0,0,0
480363,2,1,1993,9,11,8,10,24,24,10,0,21,7
480363,3,1,1993,0,0,3,0,5,0,0,11,0,0
480363,4,1,1993,0,0,0,0,0,0,0,8,0,18
480364,1,1,1993,0,10,0,0,7,0,22,12,0,0
480364,2,1,1993,0,0,0,0,0,0,0,13,0,0
480365,1,1,1993,0,0,0,0,0,0,0,0,0,0
480365,2,1,1993,0,0,0,0,0,0,0,0,0,0
480366,1,1,1993,15,15,15,15,15,15,15,15,15,15
480367,1,1,1993,20,22,0,15,29,4,24,17,27,29
480368,1,1,1993,10,39,9,18,20,20,16,10,5,7
480370,1,1,1993,0,0,0,0,0,0,0,0,0,0
480370,2,1,1993,0,0,0,0,0,0,8,0,0,5
480371,1,1,1993,23,23,23,23,23,23,23,23,23,23
480372,1,1,1993,29,29,29,29,29,29,29,29,29,29
480373,1,1,1993,0,0,0,0,0,0,0,0,0,0
480373,2,1,1993,0,29,0,0,0,0,9,0,0,0
480374,1,1,1993,0,0,0,0,0,0,0,0,0,0
480374,2,1,1993,0,0,0,3,0,0,0,0,0,0
480375,1,1,1993,35,35,35,35,35,35,35,35,35,35
480376,1,1,1993,0,0,0,0,0,0,0,0,0,0
480376,2,1,1993,0,0,0,2,0,0,0,0,0,0
480377,1,1,1993,20,9,2,27,10,27,21,12,16,7
480378,1,1,1993,25,25,25,25,25,25,25,25,25,25
480378,2,1,1993,0,0,0,0,0,0,0,0,0,0
480379,1,1,1993,32,32,32,32,32,32,32,32,32,32
480380,1,1,1993,16,16,16,16,16,16,16,16,16,16
480380,2,1,1993,0,0,0,14,29,0,0,17,16,24
480381,0,1,1993,23,23,23,23,23,23,23,23,23,23
480381,1,1,1993,0,0,5,0,0,0,0,0,0,0
480382,1,1,1993,29,29,29,29,29,29,29,29,29,29
480383,1,1,1993,0,0,0,0,0,0,0,0,0,0
480383,2,1,1993,0,0,0,0,0,0,0,0,0,0
480384,1,1,1993,1,1,1,1,1,1,1,1,1,1
480384,2,1,1993,10,6,0,0,0,0,0,0,0,0
480385,1,1,1993,0,0,0,0,0,0,0,0,0,0
480385,2,1,1993,0,6,0,0,0,19,0,0,0,0
480386,1,1,1993,7,7,7,7,7,7,7,7,7,7
480387,1,1,1993,0,0,0,0,0,0,0,0,0,0
480387,2,1,1993,0,0,0,0,0,0,0,0,0,0
480388,1,1,1993,2,2,2,2,2,2,2,2,2,2
480388,2,1,1993,0,0,0,0,0,0,0,0,0,0
480389,0,1,1993,9,0,0,17,14,21,18,6,0,0
480389,1,1,1993,15,15,15,15,15,15,15,15,15,15
480390,1,1,1993,0,0,0,0,0,0,0,0,0,0
480390,2,1,1993,0,0,0,0,0,0,0,0,0,0
480390,3,1,1993,0,0,0,0,0,0,0,0,0,0
480390,4,1,1993,0,0,0,0,0,0,0,0,8,0
480390,5,1,1993,0,0,0,0,0,0,0,0,0,0
480390,6,1,1993,0,0,0,0,0,0,0,0,0,0
480390,7,1,1993,0,0,0,0,0,0,0,0,0,0
480390,8,1,1993,0,0,0,0,0,0,0,0,0,0
480390,9,1,1993,0,0,0,0,0,0,0,0,0,0
480390,10,1,1993,0,0,0,0,0,0,0,0,0,0
480390,11,1,1993,0,0,0,0,0,0,0,0,0,0
480390,12,1,1993,0,0,0,0,0,0,0,0,0,0
480390,13,1,1993,0,0,0,0,0,0,0,0,0,0
480391,1,1,1993,7,7,7,7,7,7,7,7,7,7
480392,0,1,1993,0,21,0,0,0,0,0,0,0,0
480392,0,2,1993,0,0,0,21,16,0,0,0,0,0
480392,0,3,1993,37,0,0,0,26,3,0,0,14,0
480392,1,1,1993,5,0,0,17,0,7,0,0,0,0
480393,1,1,1993,18,21,0,13,16,0,0,19,6,24
480394,0,1,1993,0,0,0,0,0,0,0,0,0,0
480394,1,1,1993,0,0,0,0,0,0,0,0,0,17
480395,0,1,1993,6,6,6,6,6,6,6,6,6,6
480395,1,1,1993,8,8,8,8,8,8,8,8,8,8
480396,1,1,1993,15,15,15,15,15,15,15,15,15,15
480397,0,1,1993,0,0,0,0,0,0,0,0,0,0
480397,1,1,1993,0,0,0,0,0,0,0,0,0,0
480398,1,1,1993,0,0,0,0,0,0,0,0,0,0
480399,1,1,1993,0,0,27,0,0,0,0,0,0,0
480399,2,1,1993,0,0,0,0,11,0,0,0,0,0
480400,1,1,1993,0,0,0,0,0,0,0,0,0,0
480400,2,1,1993,0,0,0,0,0,0,0,0,0,0
480401,1,1,1993,0,0,0,0,0,0,0,0,0,0
480402,1,1,1993,0,0,0,0,0,0,0,0,0,0
480402,2,1,1993,10,10,10,10,10,10,10,10,10,10
480403,1,1,1993,8,8,8,8,8,8,8,8,8,8
480404,1,1,1993,0,0,0,0,0,0,0,0,0,0
480405,1,1,1993,0,0,0,0,0,0,0,0,0,0
480405,2,1,1993,0,0,9,0,0,0,0,0,0,0
480406,0,1,1993,29,29,29,29,29,29,29,29,29,29
480406,1,1,1993,0,0,18,13,28,0,0,0,0,0
480407,1,1,1993,11,11,11,11,11,11,11,11,11,11
480408,1,1,1993,0,0,0,0,0,0,0,0,0,7
480408,2,1,1993,0,0,23,4,0,0,0,24,0,9
480409,0,1,1993,0,0,0,0,0,0,0,0,0,0
480409,1,1,1993,26,26,34,13,0,26,0,5,0,18
480410,1,1,1993,24,24,24,24,24,24,24,24,24,24
480411,1,1,1993,0,0,0,0,0,0,0,0,0,0
480411,2,1,1993,0,0,0,0,0,0,0,0,0,0
480412,1,1,1993,16,8,22,16,5,22,28,0,27,30
480413,1,1,1993,11,11,11,11,11,11,11,11,11,11
480414,1,1,1993,13,0,13,13,0,0,14,12,20,0
480415,0,1,1993,0,0,11,53,6,18,13,20,0,16
480415,0,2,1993,0,24,0,10,24,19,10,27,11,0
480415,0,3,1993,0,0,0,0,0,0,0,0,0,0
480415,1,1,1993,0,9,0,0,0,0,0,0,0,0
480415,2,1,1993,0,0,0,0,0,0,0,0,0,0
480416,1,1,1993,0,0,0,29,0,0,0,15,0,0
480416,2,1,1993,0,15,3,0,0,6,26,0,0,0
480417,1,1,1993,41,41,41,41,41,41,41,41,41,41
480417,2,1,1993,0,0,0,3,0,20,0,0,13,0
480418,1,1,1993,0,0,0,0,0,0,15,4,0,0
480419,1,1,1993,21,21,21,21,21,21,21,21,21,21
480419,2,1,1993,0,0,0,0,0,0,0,0,0,0
480419,3,1,1993,0,0,0,21,12,7,0,0,0,9
480420,1,1,1993,1,1,1,1,1,1,1,1,1,1
480420,2,1,1993,14,14,14,14,14,14,14,14,14,14
480421,1,1,1993,3,3,3,3,3,3,3,3,3,3
480422,1,1,1993,0,6,0,21,13,8,16,0,17,11
480423,1,1,1993,0,11,0,0,0,0,0,13,12,31
480424,1,1,1993,0,12,4,0,25,0,0,0,0,0
480424,2,1,1993,0,0,0,0,0,0,0,0,0,0
480425,0,1,1993,1,1,1,1,1,1,1,1,1,1
480425,2,1,1993,24,22,9,20,15,15,4,27,22,19
480425,3,1,1993,0,0,0,18,0,0,0,4,0,0
480425,4,1,1993,0,21,0,0,13,0,16,0,4,0
480425,5,1,1993,15,13,11,7,15,8,13,11,10,9
480425,6,1,1993,14,13,9,15,20,0,24,7,7,30
480425,7,1,1993,12,10,8,6,22,17,9,29,11,19
480425,8,1,1993,0,11,0,0,0,0,0,0,0,0
480425,9,1,1993,0,0,11,0,0,0,0,18,0,13
480425,10,1,1993,20,15,0,9,15,16,18,14,3,11
480425,11,1,1993,0,0,0,0,0,0,0,11,0,0
480425,12,1,1993,23,14,13,21,7,12,23,17,10,23
480425,13,1,1993,5,0,0,0,0,0,0,0,0,0
480425,14,1,1993,0,10,0,0,0,0,0,0,0,5
480425,15,1,1993,6,2,0,9,0,0,0,0,0,0
480425,16,1,1993,0,0,0,0,0,0,0,18,0,11
480426,1,1,1993,10,11,0,0,0,8,16,23,0,0
480426,2,1,1993,11,11,11,11,11,11,11,11,11,11
480427,1,1,1993,11,11,6,12,9,40,18,11,15,7
480427,2,1,1993,0,0,0,20,25,18,0,0,0,3
480428,0,1,1993,35,27,16,0,15,26,14,31,8,0
480428,1,1,1993,14,14,14,14,14,14,14,14,14,14
480429,0,1,1993,7,7,7,7,7,7,7,7,7,7
480429,1,1,1993,0,0,23,0,0,0,22,0,12,9
480430,1,1,1993,0,0,0,10,0,0,0,0,0,0
480430,2,1,1993,0,0,0,0,0,0,0,0,13,0
480431,1,1,1993,0,0,0,0,0,0,0,0,0,0
480431,2,1,1993,7,7,7,7,7,7,7,7,7,7
480432,1,1,1993,20,20,20,20,20,20,20,20,20,20
480432,2,1,1993,0,0,12,0,0,0,0,0,21,0
480433,1,1,1993,2,0,0,0,0,0,11,0,0,21
480433,2,1,1993,0,0,0,0,0,0,0,0,0,0
480434,1,1,1993,0,25,0,0,0,0,0,0,0,0
480434,2,1,1993,0,0,0,0,0,0,0,27,0,0
480435,1,1,1993,17,17,17,17,17,17,17,17,17,17
480436,1,1,1993,13,13,13,13,13,13,13,13,13,13
480437,0,1,1993,31,41,0,0,0,0,0,0,0,0
480437,0,2,1993,0,0,15,29,0,12,8,31,25,0
480437,0,3,1993,0,10,4,34,11,5,26,14,27,0
480437,1,1,1993,19,19,19,19,19,19,19,19,19,19
480438,1,1,1993,9,9,9,9,9,9,9,9,9,9
480439,1,1,1993,0,0,0,0,0,0,0,0,0,0
480439,2,1,1993,0,0,0,0,0,0,0,0,0,0
480439,3,1,1993,0,0,0,0,0,0,0,0,0,0
480440,1,1,1993,0,0,0,0,0,0,0,0,0,0
480441,1,1,1993,23,23,23,23,23,23,23,23,23,23
480442,1,1,1993,0,0,0,0,0,0,0,0,0,0
480442,2,1,1993,0,0,0,0,0,0,0,0,0,0
480442,3,1,1993,0,0,0,0,0,0,0,0,0,20
480443,1,1,1993,0,0,0,0,0,0,0,0,0,0
480444,1,1,1993,0,0,8,16,8,21,0,4,6,26
480445,0,1,1993,40,40,40,40,40,40,40,40,40,40
480445,1,1,1993,0,14,7,0,0,0,0,0,0,0
480445,2,1,1993,0,0,16,0,0,7,0,0,0,0
480446,1,1,1993,0,0,0,0,0,0,0,0,0,0
480446,2,1,1993,0,0,0,0,0,0,0,0,0,0
480446,3,1,1993,0,0,0,0,0,0,0,0,0,0
480447,1,1,1993,0,0,0,0,0,0,0,0,0,0
480447,2,1,1993,0,0,18,0,25,0,15,0,0,6
480447,3,1,1993,0,0,0,0,1,0,0,0,0,0
480448,1,1,1993,0,0,0,0,0,0,0,0,0,0
480448,2,1,1993,5,5,5,5,5,5,5,5,5,5
480449,0,1,1993,0,0,0,0,0,0,0,0,0,0
480449,1,1,1993,0,0,0,0,0,0,0,0,0,0
480450,1,1,1993,22,22,22,22,22,22,22,22,22,22
480451,1,1,1993,0,0,0,0,0,0,0,0,0,0
480451,2,1,1993,0,0,0,0,0,0,0,0,0,0
480452,1,1,1993,0,0,0,0,0,0,0,0,0,0
480453,0,1,1993,16,11,26,31,22,23,14,6,7,13
480453,1,1,1993,0,0,0,0,0,0,0,21,0,0
480454,1,1,1993,0,0,0,0,0,0,0,0,0,0
480454,2,1,1993,0,30,10,0,0,0,27,14,0,17
480455,1,1,1993,11,11,11,11,11,11,11,11,11,11
480456,1,1,1993,41,41,41,41,41,41,41,41,41,41
480457,1,1,1993,0,0,0,0,0,0,0,0,0,0
480457,2,1,1993,0,0,0,0,0,0,0,0,0,0
480458,1,1,1993,17,17,17,17,17,17,17,17,17,17
480459,1,1,1993,0,0,0,0,16,23,29,0,0,0
480459,2,1,1993,0,0,0,0,0,0,0,0,0,0
480460,1,1,1993,21,21,21,21,21,21,21,21,21,21
480461,0,1,1993,38,38,38,38,38,38,38,38,38,38
480461,1,1,1993,0,0,0,0,0,0,0,0,0,0
480462,1,1,1993,0,0,0,0,0,0,0,0,0,0
480462,2,1,1993,0,0,0,0,0,0,0,0,0,0
480463,1,1,1993,0,0,0,0,0,0,0,0,0,0
480464,0,1,1993,0,0,0,0,0,0,0,0,0,0
480464,1,1,1993,0,0,0,0,0,0,0,13,0,0
480465,1,1,1993,0,0,0,0,0,0,0,0,0,0
480466,1,1,1993,7,7,7,7,7,7,7,7,7,7
480467,1,1,1993,24,24,24,24,24,24,24,24,24,24
480468,1,1,1993,13,13,13,13,13,13,13,13,13,13
480469,0,1,1993,0,0,0,0,0,0,0,0,0,0
480469,1,1,1993,0,0,8,0,0,0,0,0,0,0
480470,1,1,1993,17,17,17,17,17,17,17,17,17,17
480470,2,1,1993,20,20,20,20,20,20,20,20,20,20
480471,1,1,1993,11,11,11,11,11,11,11,11,11,11
480472,0,1,1993,0,0,0,0,0,0,0,21,0,0
480472,1,1,1993,0,0,0,0,7,0,3,0,0,0
480473,1,1,1993,25,16,17,24,11,0,0,19,30,27
480473,2,1,1993,12,0,12,0,0,0,0,0,14,0
480474,1,1,1993,0,0,0,0,0,0,0,2,0,0
480474,2,1,1993,0,0,0,0,0,0,0,0,0,0
480475,1,1,1993,0,0,0,0,0,0,0,0,0,0
480475,2,1,1993,0,0,0,0,0,0,0,0,0,0
480476,1,1,1993,20,20,20,20,20,20,20,20,20,20
480476,2,1,1993,0,0,18,0,0,0,0,0,0,0
480477,1,1,1993,0,0,0,0,0,0,0,0,0,0
480478,1,1,1993,0,0,0,0,0,0,0,0,0,0
480478,2,1,1993,0,0,0,0,0,0,0,0,0,0
480479,1,1,1993,0,0,0,0,0,0,0,0,0,0
480480,1,1,1993,16,0,10,0,0,0,0,0,4,24
480481,1,1,1993,0,0,0,0,0,0,0,0,0,0
480481,2,1,1993,0,0,0,0,0,0,0,0,0,0
480482,0,1,1993,0,7,17,13,0,17,23,15,22,0
480482,0,2,1993,20,25,7,15,35,40,8,33,13,0
480482,1,1,1993,0,0,0,0,0,0,0,22,17,25
480483,1,1,1993,3,0,0,0,0,0,0,7,0,0
480483,2,1,1993,4,0,0,0,0,0,0,0,4,0
480484,1,1,1993,28,28,28,28,28,28,28,28,28,28
480484,2,1,1993,10,0,6,0,0,0,0,14,0,17
480485,1,1,1993,0,0,0,0,0,0,0,0,0,0
480485,2,1,1993,0,0,0,0,0,0,0,0,0,30
480486,1,1,1993,0,0,0,0,7,0,0,44,0,0
480486,2,1,1993,0,0,0,0,0,0,9,0,0,0
480487,1,1,1993,22,22,22,22,22,22,22,22,22,22
480488,1,1,1993,0,0,0,0,0,0,0,0,0,0
480488,2,1,1993,0,0,0,0,0,0,0,0,0,0
480489,0,1,1993,26,26,26,26,26,26,26,26,26,26
480489,1,1,1993,0,0,0,0,0,0,0,0,0,0
480490,0,1,1993,0,0,0,0,0,0,0,0,0,0
480490,1,1,1993,0,0,0,16,0,0,0,0,0,0
480491,1,1,1993,0,0,0,0,0,0,0,0,0,0
480492,1,1,1993,11,11,11,11,11,11,11,11,11,11
480493,1,1,1993,23,26,22,8,14,12,14,14,25,23
480493,2,1,1993,0,0,0,0,0,8,0,0,0,0
480494,1,1,1993,0,10,0,0,0,0,0,0,0,6
480494,2,1,1993,0,0,0,0,0,0,0,0,0,0
480495,1,1,1993,8,0,0,0,0,0,0,0,0,0
480495,2,1,1993,0,0,0,0,0,0,0,0,0,0
480496,0,1,1993,33,33,33,33,33,33,33,33,33,33
480496,1,1,1993,0,0,0,0,0,0,0,0,0,0
480497,1,1,1993,0,22,11,15,13,26,10,0,0,13
480497,2,1,1993,0,0,0,0,0,0,0,0,0,0
480498,1,1,1993,16,15,16,6,11,19,18,11,6,5
480499,0,1,1993,22,22,22,22,22,22,22,22,22,22
480499,1,1,1993,0,19,0,0,0,0,0,0,0,0
480500,1,1,1993,0,0,0,0,0,0,0,0,0,0
480501,1,1,1993,10,0,0,0,0,16,10,0,0,0
480501,2,1,1993,0,0,0,0,0,0,0,0,0,0
480502,1,1,1993,0,0,0,0,0,0,0,0,0,0
480502,2,1,1993,0,0,0,0,0,0,0,0,0,0
480502,3,1,1993,0,0,0,0,0,0,0,0,0,0
480503,1,1,1993,0,0,0,0,0,0,0,0,0,0
480504,0,1,1993,15,30,25,20,12,5,19,20,19,0
480504,0,2,1993,35,0,0,0,0,20,0,0,18,0
480504,1,1,1993,17,13,0,21,0,0,0,0,0,0
480505,1,1,1993,0,0,0,0,0,0,0,0,0,16
480506,1,1,1993,23,23,23,23,23,23,23,23,23,23
480506,2,1,1993,14,14,14,14,14,14,14,14,14,14
480507,1,1,1993,10,17,7,0,0,0,0,9,17,0
480507,2,1,1993,8,8,8,8,8,8,8,8,8,8
480508,1,1,1993,0,0,0,0,0,0,0,0,0,0
480508,2,1,1993,5,0,0,0,0,0,0,0,0,0
480509,1,1,1993,21,21,21,21,21,21,21,21,21,21
480510,1,1,1993,0,0,0,0,0,0,0,0,0,0
480510,2,1,1993,0,0,0,7,0,0,0,23,0,0
480511,1,1,1993,0,0,0,0,0,0,0,0,0,0
480511,2,1,1993,0,0,0,0,0,10,0,0,0,0
480512,1,1,1993,17,17,17,17,17,17,17,17,17,17
480513,1,1,1993,13,0,0,0,0,0,0,0,0,0
480513,2,1,1993,0,0,0,16,0,0,0,0,14,0
480514,0,1,1993,25,25,25,25,25,25,25,25,25,25
480514,1,1,1993,27,0,19,11,0,0,0,0,23,0
480515,1,1,1993,0,0,0,0,0,0,0,0,0,0
480515,2,1,1993,0,0,0,0,0,0,0,0,0,0
480516,0,1,1993,25,0,0,0,0,0,0,0,0,0
480516,1,1,1993,4,4,4,4,4,4,4,4,4,4
480517,1,1,1993,6,6,6,6,6,6,6,6,6,6
480517,2,1,1993,17,17,17,17,17,17,17,17,17,17
480518,0,1,1993,0,0,0,0,0,0,0,0,0,0
480518,1,1,1993,0,0,0,15,10,0,11,0,21,12
480519,1,1,1993,16,16,16,16,16,16,16,16,16,16
480520,1,1,1993,14,14,14,14,14,14,14,14,14,14
480521,1,1,1993,0,0,0,0,0,0,0,0,0,0
480521,2,1,1993,0,0,0,0,0,0,0,0,0,0
480522,0,1,1993,13,13,13,13,13,13,13,13,13,13
480522,1,1,1993,0,21,0,0,0,0,22,0,0,0
480523,1,1,1993,0,0,0,0,0,0,0,0,0,0
480523,2,1,1993,0,0,0,0,0,0,0,0,0,0
480524,1,1,1993,0,0,0,0,0,0,0,0,0,0
480524,2,1,1993,0,0,0,0,0,0,0,0,0,0
480525,1,1,1993,0,0,0,0,0,0,0,0,0,0
480525,2,1,1993,0,0,0,22,0,0,0,0,0,0
480526,1,1,1993,11,11,11,11,11,11,11,11,11,11
480526,2,1,1993,10,0,0,0,0,18,0,16,7,0
480527,1,1,1993,22,22,22,22,22,22,22,22,22,22
480528,0,1,1993,11,11,11,11,11,11,11,11,11,11
480528,1,1,1993,0,6,0,0,0,0,0,0,3,15
480529,0,1,1993,0,0,0,0,0,0,0,0,0,20
480529,1,1,1993,0,0,0,0,0,0,0,0,0,0
480530,1,1,1993,18,21,43,22,21,21,12,11,19,19
480531,1,1,1993,0,0,0,0,0,0,0,0,0,0
480532,1,1,1993,14,14,14,14,14,14,14,14,14,14
480533,1,1,1993,0,0,0,0,0,0,0,0,0,0
480534,1,1,1993,12,17,34,21,15,12,27,29,24,0
480535,0,1,1993,0,0,0,0,0,0,0,0,0,0
480535,1,1,1993,0,0,0,0,0,0,0,0,0,0
480536,0,1,1993,0,0,0,0,0,0,0,0,0,0
480536,1,1,1993,0,0,5,0,0,0,0,0,0,0
480537,1,1,1993,22,17,19,17,17,0,0,0,21,0
480537,2,1,1993,14,14,14,14,14,14,14,14,14,14
480538,0,1,1993,16,0,0,0,25,0,0,0,0,0
480538,1,1,1993,19,22,8,19,26,0,10,25,0,0
480539,0,1,1993,0,0,0,0,0,0,0,0,0,0
480539,1,1,1993,0,0,0,0,0,0,0,0,9,0
480540,1,1,1993,13,13,13,13,13,13,13,13,13,13
480541,1,1,1993,0,0,0,6,0,0,0,0,0,0
480541,2,1,1993,0,0,0,0,0,0,0,0,0,0