ST_CASE,VEH_NO,PER_NO,YEAR,P1,P2,P3,P4,P5,P6,P7,P8,P9,P10
480542,1,1,1993,1,1,1,1,1,1,1,1,1,1
480543,0,1,1993,24,24,24,24,24,24,24,24,24,24
480543,1,1,1993,0,0,10,0,11,6,0,0,0,0
480543,2,1,1993,0,0,0,15,0,0,9,0,24,0
480543,3,1,1993,0,0,0,0,0,0,0,0,0,0
480544,1,1,1993,0,0,0,0,0,0,0,0,19,0
480545,1,1,1993,10,10,10,10,10,10,10,10,10,10
480546,1,1,1993,8,21,3,18,21,0,16,10,33,6
480547,1,1,1993,0,0,0,0,0,0,0,0,0,0
480548,0,1,1993,20,20,20,20,20,20,20,20,20,20
480548,1,1,1993,0,0,4,0,24,0,0,11,0,14
480549,0,1,1993,0,0,0,0,0,0,0,0,0,0
480549,1,1,1993,0,0,0,0,0,0,0,0,0,0
480550,1,1,1993,0,0,0,0,0,0,0,0,0,0
480550,2,1,1993,0,0,0,0,0,0,0,0,0,0
480551,1,1,1993,0,0,0,0,0,0,0,0,0,0
480551,2,1,1993,0,0,0,0,0,0,0,0,0,0
480552,1,1,1993,8,8,8,8,8,8,8,8,8,8
480552,2,1,1993,0,0,0,0,0,0,0,14,0,23
480553,1,1,1993,22,22,22,22,22,22,22,22,22,22
480554,1,1,1993,0,0,0,0,0,0,0,0,0,0
480554,2,1,1993,6,6,6,6,6,6,6,6,6,6
480555,0,1,1993,4,33,17,0,19,0,30,19,0,9
480555,1,1,1993,0,0,0,0,0,0,0,0,0,0
480556,0,1,1993,0,0,0,0,0,0,0,0,0,0
480556,1,1,1993,0,0,0,0,0,0,0,0,0,0
480557,0,1,1993,26,35,0,18,31,0,16,18,21,8
480557,1,1,1993,23,9,0,4,0,0,0,0,2,0
480558,0,1,1993,29,29,29,29,29,29,29,29,29,29
480558,1,1,1993,0,0,0,10,16,11,27,10,0,28
480559,0,1,1993,0,0,20,8,0,21,19,8,15,0
480559,1,1,1993,0,0,0,0,0,0,0,0,0,0
480560,1,1,1993,8,21,37,17,0,18,14,14,21,14
480561,1,1,1993,14,14,14,14,14,14,14,14,14,14
480561,2,1,1993,0,18,0,19,11,17,0,0,0,0
480562,1,1,1993,12,12,12,12,12,12,12,12,12,12
480562,2,1,1993,0,0,0,0,13,0,0,0,0,0
480563,0,1,1993,7,7,7,7,7,7,7,7,7,7
480563,1,1,1993,16,16,16,16,16,16,16,16,16,16
480564,0,1,1993,0,5,0,0,0,0,0,31,27,0
480564,1,1,1993,0,0,0,0,0,0,0,0,0,0
480565,1,1,1993,21,21,21,21,21,21,21,21,21,21
480566,0,1,1993,0,0,0,0,0,0,0,0,0,0
480566,1,1,1993,0,0,0,0,0,0,0,0,0,0
480567,1,1,1993,0,0,0,0,0,0,0,0,0,0
480568,1,1,1993,0,0,0,0,0,0,0,12,4,0
480569,1,1,1993,13,28,0,20,0,23,14,4,9,4
480570,1,1,1993,5,0,0,0,0,0,0,0,0,0
480571,1,1,1993,0,0,0,0,0,0,0,0,0,12
480571,2,1,1993,0,0,0,0,20,0,0,0,10,0
480572,1,1,1993,34,34,34,34,34,34,34,34,34,34
480572,2,1,1993,0,0,0,0,0,0,8,0,0,11
480572,3,1,1993,0,0,0,0,0,0,0,0,0,0
480573,1,1,1993,0,0,0,0,0,0,0,0,0,0
480574,1,1,1993,15,15,15,15,15,15,15,15,15,15
480574,2,1,1993,16,16,16,16,16,16,16,16,16,16
480574,3,1,1993,0,0,0,0,0,0,0,0,0,0
480575,1,1,1993,0,0,0,0,0,0,0,0,0,0
480575,2,1,1993,0,0,0,0,7,0,0,0,0,0
480576,1,1,1993,0,0,0,0,0,0,0,0,0,0
480576,2,1,1993,0,0,0,0,25,0,28,0,0,0
480576,3,1,1993,0,0,0,0,0,0,0,0,0,0
480576,4,1,1993,0,0,0,7,0,0,0,0,0,0
480577,1,1,1993,0,0,0,0,0,0,16,0,0,22
480577,2,1,1993,0,0,0,0,0,0,0,0,0,0
480577,3,1,1993,0,7,13,8,10,16,0,0,0,14
480578,0,1,1993,0,0,0,0,0,0,0,0,0,0
480578,1,1,1993,0,0,0,0,22,0,0,0,0,0
480579,0,1,1993,0,0,0,0,0,0,0,0,0,0
480579,1,1,1993,3,3,3,3,3,3,3,3,3,3
480580,1,1,1993,19,19,19,19,19,19,19,19,19,19
480581,1,1,1993,17,17,17,17,17,17,17,17,17,17
480582,1,1,1993,0,0,5,0,0,0,0,0,0,0
480583,1,1,1993,0,0,0,0,0,0,0,0,0,0
480583,2,1,1993,0,0,0,0,0,0,0,0,0,0
480584,1,1,1993,0,0,0,0,0,0,0,0,0,0
480584,2,1,1993,0,0,21,0,0,0,0,0,0,0
480585,1,1,1993,0,0,0,0,14,0,0,0,0,0
480585,2,1,1993,0,0,0,0,0,0,0,0,0,0
480586,1,1,1993,15,21,8,11,5,11,0,10,14,4
480586,2,1,1993,2,12,0,0,5,15,2,0,2,0
480587,1,1,1993,25,25,25,25,25,25,25,25,25,25
480588,1,1,1993,16,16,16,16,16,16,16,16,16,16
480589,0,1,1993,16,16,16,16,16,16,16,16,16,16
480589,1,1,1993,14,6,6,13,0,16,14,12,7,0
480590,0,1,1993,0,0,0,0,0,0,0,0,0,0
480590,1,1,1993,0,0,0,0,0,0,0,0,0,0
480591,1,1,1993,0,0,0,0,0,0,0,0,0,0
480591,2,1,1993,0,0,0,0,0,0,0,0,0,0
480592,1,1,1993,14,14,14,14,14,14,14,14,14,14
480593,1,1,1993,0,21,0,17,15,0,0,0,0,0
480593,2,1,1993,0,0,0,0,0,0,0,0,0,0
480595,1,1,1993,0,0,0,0,0,0,0,0,0,0
480596,0,1,1993,18,18,18,18,18,18,18,18,18,18
480596,1,1,1993,0,0,0,10,0,0,0,0,0,0
480597,1,1,1993,0,0,0,0,0,0,0,0,14,0
480597,2,1,1993,0,0,0,0,0,0,0,0,0,0
480598,1,1,1993,0,0,0,0,0,0,0,0,0,0
480598,2,1,1993,7,7,7,7,7,7,7,7,7,7
480598,3,1,1993,0,0,0,0,0,0,0,0,0,0
480599,1,1,1993,0,0,0,0,0,0,0,0,0,0
480599,2,1,1993,0,0,0,0,0,0,0,0,0,0
480600,0,1,1993,0,0,0,0,0,0,0,0,0,0
480600,1,1,1993,15,0,0,0,0,0,16,0,0,0
480601,0,1,1993,0,0,0,0,0,0,0,0,0,0
480601,1,1,1993,0,0,0,0,0,0,0,0,0,0
480602,1,1,1993,33,33,33,33,33,33,33,33,33,33
480603,1,1,1993,0,0,0,0,0,0,0,0,0,0
480603,2,1,1993,2,0,0,5,0,18,0,10,0,0
480604,0,1,1993,10,10,10,10,10,10,10,10,10,10
480604,1,1,1993,0,0,9,0,0,0,0,0,0,0
480605,1,1,1993,4,4,4,4,4,4,4,4,4,4
480606,1,1,1993,0,18,23,0,17,0,22,0,0,0
480607,1,1,1993,0,12,0,0,0,0,0,0,0,0
480608,1,1,1993,0,0,0,0,0,0,0,0,0,0
480608,2,1,1993,20,20,20,20,20,20,20,20,20,20
480609,1,1,1993,12,12,12,12,12,12,12,12,12,12
480610,1,1,1993,0,0,0,0,0,0,0,0,0,0
480610,2,1,1993,0,0,0,0,0,0,0,0,0,0
480612,1,1,1993,0,0,0,0,0,0,0,0,0,0
480612,2,1,1993,22,0,15,11,22,17,0,24,0,0
480613,0,1,1993,0,0,0,0,0,0,0,0,0,0
480613,1,1,1993,0,0,0,0,0,0,0,0,0,0
480614,1,1,1993,17,0,0,0,0,20,0,0,4,0
480615,1,1,1993,0,23,10,0,0,0,0,17,0,0
480616,1,1,1993,0,0,0,0,0,0,0,0,0,0
480616,2,1,1993,0,0,0,0,0,0,0,0,0,0
480617,1,1,1993,18,18,18,18,18,18,18,18,18,18
480617,2,1,1993,0,0,0,0,0,0,0,0,0,0
480618,1,1,1993,0,0,0,0,0,0,0,0,0,0
480619,1,1,1993,15,15,15,15,15,15,15,15,15,15
480620,1,1,1993,18,18,18,18,18,18,18,18,18,18
480621,1,1,1993,11,11,11,11,11,11,11,11,11,11
480622,1,1,1993,0,0,0,0,0,9,0,0,0,0
480622,2,1,1993,0,0,0,0,0,0,0,0,0,0
480623,1,1,1993,0,0,0,0,0,0,0,0,0,0
480624,1,1,1993,22,22,22,22,22,22,22,22,22,22
480625,1,1,1993,0,0,0,0,0,0,0,0,0,0
480625,2,1,1993,0,0,0,0,0,0,0,7,0,0
480626,1,1,1993,0,0,0,0,0,0,0,0,0,0
480626,2,1,1993,0,0,0,0,0,0,0,0,0,0
480627,1,1,1993,20,20,20,20,20,20,20,20,20,20
480628,1,1,1993,9,0,0,2,0,0,0,12,10,0
480629,1,1,1993,17,17,17,17,17,17,17,17,17,17
480630,1,1,1993,9,9,9,9,9,9,9,9,9,9
480631,0,1,1993,0,0,0,0,0,0,0,0,0,0
480631,1,1,1993,0,0,0,0,0,8,0,0,0,0
480632,1,1,1993,20,12,0,0,10,32,24,0,15,38
480633,0,1,1993,0,0,0,0,0,0,0,0,0,0
480633,1,1,1993,0,12,0,0,0,0,0,0,0,0
480634,1,1,1993,0,0,0,0,0,0,0,0,0,0
480634,2,1,1993,0,0,0,0,0,0,0,0,0,0
480635,1,1,1993,0,0,0,0,0,0,0,0,0,0
480636,0,1,1993,0,0,0,0,0,0,0,0,0,0
480636,1,1,1993,0,0,0,0,0,0,0,0,0,0
480637,1,1,1993,15,15,15,15,15,15,15,15,15,15
480637,2,1,1993,0,0,0,0,7,0,0,0,0,0
480639,1,1,1993,37,37,37,37,37,37,37,37,37,37
480639,2,1,1993,0,6,0,18,0,6,14,0,0,0
480640,1,1,1993,0,0,0,0,0,0,0,0,0,0
480641,0,1,1993,0,0,0,0,0,0,37,0,0,0
480641,1,1,1993,0,0,20,0,17,16,0,0,0,0
480642,0,1,1993,33,33,33,33,33,33,33,33,33,33
480642,1,1,1993,0,13,0,0,14,0,9,0,0,0
480643,0,1,1993,24,24,24,24,24,24,24,24,24,24
480643,1,1,1993,20,20,20,20,20,20,20,20,20,20
480644,1,1,1993,15,15,15,15,15,15,15,15,15,15
480645,1,1,1993,4,4,4,4,4,4,4,4,4,4
480645,2,1,1993,0,0,0,0,0,0,0,0,0,0
480646,0,1,1993,15,15,15,15,15,15,15,15,15,15
480646,1,1,1993,17,0,0,0,16,0,0,0,0,0
480647,1,1,1993,28,28,28,28,28,28,28,28,28,28
480647,2,1,1993,0,0,0,0,0,0,0,0,0,0
480648,1,1,1993,11,11,11,11,11,11,11,11,11,11
480649,1,1,1993,28,28,28,28,28,28,28,28,28,28
480650,1,1,1993,0,0,0,0,0,0,9,0,0,0
480650,2,1,1993,0,0,0,0,0,0,0,0,0,0
480650,3,1,1993,0,0,0,0,0,0,0,0,0,0
480651,1,1,1993,30,30,30,30,30,30,30,30,30,30
480652,1,1,1993,0,0,0,0,0,0,0,0,0,0
480653,1,1,1993,0,0,0,0,0,0,0,0,0,0
480654,1,1,1993,20,20,20,20,20,20,20,20,20,20
480655,1,1,1993,11,11,11,11,11,11,11,11,11,11
480656,0,1,1993,30,30,30,30,30,30,30,30,30,30
480656,1,1,1993,13,0,0,0,0,0,0,0,9,0
480657,0,1,1993,27,27,27,27,27,27,27,27,27,27
480657,1,1,1993,0,0,0,0,0,0,0,0,0,0
480658,1,1,1993,0,0,0,0,7,0,0,0,0,0
480658,2,1,1993,14,14,14,14,14,14,14,14,14,14
480659,1,1,1993,0,0,0,0,0,0,0,0,0,0
480659,2,1,1993,7,0,17,0,0,0,0,0,18,0
480660,0,1,1993,20,5,15,15,28,21,8,11,6,33
480660,1,1,1993,11,0,0,25,0,0,0,0,0,0
480661,1,1,1993,19,7,0,24,0,19,25,0,0,11
480662,1,1,1993,0,0,0,0,0,0,0,0,0,0
480662,2,1,1993,0,0,0,0,0,0,0,0,0,0
480663,1,1,1993,12,12,12,12,12,12,12,12,12,12
480664,1,1,1993,19,12,21,26,10,37,18,11,17,26
480664,2,1,1993,0,0,0,0,11,0,0,0,4,4
480665,1,1,1993,0,0,0,0,0,18,0,0,0,0
480665,2,1,1993,13,13,13,13,13,13,13,13,13,13
480666,1,1,1993,0,0,0,0,0,0,0,0,0,0
480666,2,1,1993,20,20,20,20,20,20,20,20,20,20
480667,1,1,1993,0,0,0,0,0,0,0,0,0,0
480667,2,1,1993,17,17,17,17,17,17,17,17,17,17
480668,1,1,1993,8,0,0,0,0,0,0,0,0,0
480668,2,1,1993,29,24,0,9,0,7,12,0,0,0
480669,1,1,1993,0,0,0,0,0,0,0,0,0,0
480669,2,1,1993,0,0,0,44,0,0,0,0,0,0
480670,1,1,1993,0,16,21,7,0,13,0,12,21,0
480671,1,1,1993,0,0,28,0,0,19,0,0,0,0
480671,2,1,1993,0,0,0,0,0,0,0,0,0,0
480672,1,1,1993,16,16,16,16,16,16,16,16,16,16
480673,1,1,1993,0,0,0,0,0,0,0,0,0,0
480673,2,1,1993,0,0,0,0,0,0,0,0,0,0
480674,0,1,1993,31,31,31,31,31,31,31,31,31,31
480674,1,1,1993,21,21,21,21,21,21,21,21,21,21
480675,1,1,1993,9,9,9,9,9,9,9,9,9,9
480676,1,1,1993,9,20,17,0,13,7,13,0,0,0
480676,2,1,1993,18,10,0,0,0,20,0,0,18,9
480677,1,1,1993,19,19,19,19,19,19,19,19,19,19
480678,1,1,1993,0,0,0,0,0,0,0,0,0,0
480678,2,1,1993,0,0,0,0,0,5,16,0,0,0
480679,1,1,1993,20,0,12,16,30,30,20,10,27,15
480680,0,1,1993,0,11,0,26,0,30,0,0,0,0
480680,1,1,1993,0,0,12,0,0,0,0,0,0,0
480681,1,1,1993,13,13,13,13,13,13,13,13,13,13
480682,1,1,1993,9,9,9,9,9,9,9,9,9,9
480682,2,1,1993,0,0,0,0,0,0,0,0,0,0
480683,1,1,1993,0,0,0,0,0,0,0,0,0,0
480683,2,1,1993,0,0,0,0,0,0,0,0,0,0
480684,1,1,1993,0,0,12,0,0,0,0,3,0,0
480684,2,1,1993,0,0,0,0,0,0,0,0,0,0
480685,1,1,1993,28,28,28,28,28,28,28,28,28,28
480686,1,1,1993,0,6,24,16,22,0,0,20,0,0
480687,1,1,1993,0,0,0,0,0,0,0,0,0,0
480687,2,1,1993,0,0,0,0,0,0,14,0,0,0
480687,3,1,1993,0,0,17,0,0,0,0,0,0,0
480688,1,1,1993,5,5,5,5,5,5,5,5,5,5
480688,2,1,1993,0,18,12,26,15,8,15,9,10,13
480689,1,1,1993,0,0,0,0,0,0,0,0,0,0
480690,1,1,1993,10,10,10,10,10,10,10,10,10,10
480690,2,1,1993,0,0,0,0,0,0,0,0,0,0
480691,1,1,1993,17,17,17,17,17,17,17,17,17,17
480692,0,1,1993,26,26,26,26,26,26,26,26,26,26
480692,1,1,1993,0,0,0,0,0,0,0,0,0,0
480693,0,1,1993,0,0,0,0,0,0,0,0,0,0
480693,1,1,1993,0,0,0,17,0,0,0,0,0,0
480694,0,1,1993,0,0,0,0,0,0,0,0,0,0
480694,1,1,1993,0,0,10,0,0,0,0,0,0,0
480695,1,1,1993,6,7,0,0,15,0,0,0,16,0
480695,2,1,1993,0,0,0,0,0,0,0,0,0,0
480696,1,1,1993,0,0,0,0,0,0,0,0,0,0
480696,2,1,1993,0,0,0,0,0,0,0,0,0,0
480697,1,1,1993,15,15,15,15,15,15,15,15,15,15
480698,1,1,1993,24,24,24,24,24,24,24,24,24,24
480699,1,1,1993,3,0,0,0,0,0,0,0,0,11
480699,2,1,1993,0,13,0,0,0,0,0,0,17,0
480700,1,1,1993,0,0,0,0,0,0,0,0,0,0
480700,2,1,1993,0,28,19,0,20,0,0,0,17,9
480701,1,1,1993,0,0,0,0,0,0,0,0,0,0
480702,1,1,1993,0,0,0,0,0,0,0,0,0,0
480703,1,1,1993,0,0,0,0,0,0,0,0,0,0
480703,2,1,1993,4,0,0,0,0,0,0,0,0,7
480703,3,1,1993,0,0,0,0,0,0,0,0,0,0
480704,1,1,1993,23,23,23,23,23,23,23,23,23,23
480704,2,1,1993,0,0,0,0,0,0,0,0,0,0
480705,1,1,1993,0,0,0,0,0,0,0,7,0,6
480705,2,1,1993,0,15,26,14,25,15,0,21,16,9
480706,1,1,1993,0,0,16,0,0,0,0,0,16,0
480707,1,1,1993,16,16,16,16,16,16,16,16,16,16
480708,1,1,1993,0,0,0,0,0,0,0,0,0,0
480709,1,1,1993,0,0,0,0,0,0,0,0,0,0
480709,2,1,1993,17,17,17,17,17,17,17,17,17,17
480710,1,1,1993,0,0,0,0,0,0,0,0,0,0
480710,2,1,1993,0,0,0,0,0,0,0,0,0,0
480711,1,1,1993,0,0,0,0,0,0,0,0,0,0
480711,2,1,1993,0,0,0,0,0,0,0,0,0,0
480712,1,1,1993,0,0,0,0,0,0,0,0,0,0
480712,2,1,1993,0,0,0,0,0,0,0,0,0,0
480713,1,1,1993,0,0,0,0,0,0,0,12,0,0
480714,1,1,1993,14,20,0,16,34,29,25,0,22,21
480716,1,1,1993,0,0,0,0,0,0,0,0,0,0
480717,1,1,1993,0,0,0,0,0,0,0,0,0,0
480717,2,1,1993,0,0,16,0,0,0,0,0,0,0
480718,1,1,1993,14,14,14,14,14,14,14,14,14,14
480718,2,1,1993,0,0,0,0,0,0,0,0,0,0
480719,1,1,1993,0,0,0,0,0,0,0,0,0,0
480719,2,1,1993,0,0,0,0,0,0,0,0,0,0
480720,1,1,1993,21,0,13,0,22,22,18,27,18,16
480721,1,1,1993,0,0,0,0,0,0,0,0,0,0
480721,2,1,1993,0,0,0,0,0,0,0,0,0,0
480722,1,1,1993,18,18,18,18,18,18,18,18,18,18
480723,1,1,1993,0,0,0,0,0,0,0,0,0,0
480723,2,1,1993,0,27,0,0,12,0,0,21,17,0
480724,1,1,1993,29,29,29,29,29,29,29,29,29,29
480725,1,1,1993,24,24,24,24,24,24,24,24,24,24
480725,2,1,1993,8,8,8,8,8,8,8,8,8,8
480726,1,1,1993,0,0,0,0,0,0,0,0,0,0
480727,1,1,1993,0,0,0,0,0,8,0,0,0,0
480728,1,1,1993,15,15,15,15,15,15,15,15,15,15
480728,2,1,1993,0,0,0,0,14,13,14,12,16,0
480729,1,1,1993,27,23,24,10,12,14,26,7,16,0
480730,1,1,1993,14,14,14,14,14,14,14,14,14,14
480731,1,1,1993,25,25,25,25,25,25,25,25,25,25
480732,1,1,1993,9,15,0,0,0,9,5,18,8,27
480733,0,1,1993,17,17,17,17,17,17,17,17,17,17
480733,1,1,1993,0,13,17,7,8,0,18,13,18,12
480734,0,1,1993,26,56,30,13,26,6,35,25,0,23
480734,1,1,1993,0,0,20,8,14,9,20,6,12,4
480735,1,1,1993,8,8,8,8,8,8,8,8,8,8
480736,1,1,1993,23,23,23,23,23,23,23,23,23,23
480737,0,1,1993,0,36,32,7,21,16,0,0,13,8
480737,1,1,1993,20,18,9,8,4,21,6,17,10,4
480738,1,1,1993,0,0,0,0,0,0,0,0,6,26
480738,2,1,1993,0,0,0,0,0,0,0,0,0,0
480739,1,1,1993,19,19,19,19,19,19,19,19,19,19
480739,2,1,1993,0,0,0,0,0,0,0,0,0,0
480740,1,1,1993,0,0,0,0,2,0,24,0,0,0
480741,1,1,1993,19,19,19,19,19,19,19,19,19,19
480742,1,1,1993,19,23,22,27,24,22,10,6,16,38
480743,1,1,1993,0,0,15,0,0,0,0,0,0,0
480744,1,1,1993,13,13,13,13,13,13,13,13,13,13
480745,1,1,1993,0,0,0,0,0,0,0,0,0,0
480745,2,1,1993,0,0,0,0,0,0,0,0,0,0
480746,1,1,1993,0,0,0,0,0,0,0,0,0,0
480746,3,1,1993,0,0,0,0,0,0,0,0,0,0
480747,1,1,1993,14,14,14,14,14,14,14,14,14,14
480747,2,1,1993,0,0,0,0,0,0,0,0,0,0
480748,1,1,1993,27,27,27,27,27,27,27,27,27,27
480748,2,1,1993,0,14,0,17,0,22,0,0,11,0
480749,1,1,1993,13,13,13,13,13,13,13,13,13,13
480750,1,1,1993,7,0,14,24,31,31,20,10,2,25
480751,1,1,1993,0,0,0,0,0,0,0,0,0,0
480751,2,1,1993,0,0,0,0,0,0,0,0,0,0
480752,1,1,1993,0,0,0,0,0,0,0,0,0,0
480752,2,1,1993,0,0,0,0,0,0,0,0,0,0
480753,1,1,1993,0,0,0,0,0,0,0,0,0,0
480754,1,1,1993,37,37,37,37,37,37,37,37,37,37
480755,0,1,1993,0,0,0,0,0,0,0,0,0,0
480755,1,1,1993,0,0,0,0,0,0,0,0,0,0
480756,1,1,1993,25,25,25,25,25,25,25,25,25,25
480757,0,1,1993,26,0,20,0,25,0,0,0,13,0
480757,1,1,1993,0,0,0,0,4,17,0,0,0,0
480758,1,1,1993,0,0,0,0,0,0,0,0,0,0
480758,2,1,1993,0,0,0,0,0,0,0,0,0,0
480758,3,1,1993,0,0,0,0,0,0,0,0,0,0
480758,4,1,1993,0,0,0,0,0,10,0,0,0,0
480759,0,1,1993,17,0,0,0,0,0,0,0,0,0
480759,1,1,1993,0,20,0,0,0,0,0,0,0,0
480760,1,1,1993,0,0,0,0,0,0,0,0,0,0
480761,1,1,1993,0,0,0,0,0,0,0,0,0,0
480763,1,1,1993,0,0,0,16,15,6,6,6,7,0
480764,1,1,1993,0,0,0,0,0,0,0,0,0,0
480765,1,1,1993,0,0,0,18,0,0,0,0,0,0
480765,2,1,1993,0,0,0,0,3,0,0,0,0,0
480766,1,1,1993,0,0,0,0,0,0,0,0,0,0
480766,2,1,1993,0,0,0,0,0,0,0,0,0,0
480767,0,1,1993,0,0,0,0,0,0,0,0,0,0
480767,1,1,1993,6,0,0,0,0,0,0,0,0,0
480768,1,1,1993,9,9,9,9,9,9,9,9,9,9
480769,1,1,1993,17,17,17,17,17,17,17,17,17,17
480770,1,1,1993,0,0,0,0,0,0,0,0,0,0
480770,2,1,1993,0,0,0,0,0,0,0,0,0,0
480771,1,1,1993,0,18,0,13,0,0,0,33,0,0
480771,2,1,1993,3,0,0,0,0,0,0,0,0,0
480772,1,1,1993,33,33,33,33,33,33,33,33,33,33
480773,1,1,1993,9,9,9,9,9,9,9,9,9,9
480773,2,1,1993,9,0,0,0,0,0,0,11,18,0
480774,1,2,1993,14,18,14,17,19,22,22,17,0,0
480775,1,1,1993,12,12,12,12,12,12,12,12,12,12
480776,1,1,1993,0,0,0,0,0,0,0,0,0,0
480776,2,1,1993,0,0,0,0,0,0,0,0,0,0
480777,0,1,1993,0,9,21,30,0,20,19,0,16,0
480777,1,1,1993,0,0,13,0,0,0,0,4,11,15
480778,1,1,1993,9,9,9,9,9,9,9,9,9,9
480779,1,1,1993,0,0,0,0,0,0,0,0,0,0
480780,1,1,1993,0,0,8,0,0,28,12,0,0,17
480781,0,1,1993,0,0,0,0,0,0,0,0,0,0
480781,1,1,1993,0,0,0,0,15,0,0,0,0,0
480782,1,1,1993,0,0,10,0,0,0,7,0,0,0
480783,1,1,1993,0,0,0,17,12,0,0,0,5,17
480784,1,1,1993,0,0,0,0,0,0,0,0,0,0
480784,2,1,1993,0,0,0,0,0,0,0,0,0,0
480785,1,1,1993,25,25,25,25,25,25,25,25,25,25
480786,1,1,1993,35,16,6,0,10,19,22,17,15,26
480787,1,1,1993,10,15,8,15,21,40,36,12,12,0
480787,2,1,1993,0,0,14,0,0,0,0,0,0,0
480787,3,1,1993,0,0,0,0,0,0,0,0,9,0
480788,1,1,1993,25,25,25,25,25,25,25,25,25,25
480789,0,1,1993,15,15,15,15,15,15,15,15,15,15
480789,1,1,1993,20,0,0,17,12,10,8,14,27,23
480790,1,1,1993,0,0,0,0,0,0,0,0,0,0
480791,0,1,1993,22,0,0,0,0,0,0,27,0,0
480791,1,1,1993,0,0,0,0,0,0,0,0,0,0
480792,1,1,1993,24,24,24,24,24,24,24,24,24,24
480793,1,1,1993,14,29,19,18,15,18,10,25,25,18
480794,1,1,1993,0,0,0,0,0,0,0,0,19,0
480794,2,1,1993,0,0,0,0,0,0,0,0,0,0
480795,1,1,1993,7,7,7,7,7,7,7,7,7,7
480795,2,1,1993,6,6,6,6,6,6,6,6,6,6
480796,1,1,1993,7,0,0,0,0,0,0,8,0,0
480797,1,1,1993,2,2,2,2,2,2,2,2,2,2
480797,2,1,1993,0,0,0,0,0,0,0,0,0,0
480798,1,1,1993,0,0,0,0,0,0,0,0,0,0
480799,1,1,1993,0,12,37,0,0,45,0,0,31,0
480800,0,1,1993,0,0,0,0,0,0,0,0,0,0
480800,1,1,1993,0,0,0,0,0,0,0,0,0,5
480801,1,1,1993,0,0,0,0,0,0,0,0,0,0
480801,2,1,1993,0,0,0,0,0,0,0,0,0,0
480801,3,1,1993,0,0,0,0,0,0,0,0,0,0
480801,4,1,1993,15,0,0,0,0,0,0,0,0,0
480802,1,1,1993,20,40,26,0,32,26,16,21,25,39
480803,1,1,1993,18,18,18,18,18,18,18,18,18,18
480804,1,1,1993,15,15,15,15,15,15,15,15,15,15
480805,1,1,1993,0,0,0,0,0,0,0,0,0,0
480806,0,1,1993,20,0,0,0,0,0,21,15,29,0
480806,1,1,1993,0,33,0,0,0,0,0,0,0,0
480807,0,1,1993,18,0,21,19,0,23,0,5,0,24
480807,1,1,1993,0,0,21,0,0,0,0,0,0,0
480808,1,1,1993,0,0,0,0,0,0,0,0,0,13
480808,2,1,1993,0,0,0,0,0,0,0,0,0,0
480809,1,1,1993,0,0,19,14,21,0,24,0,23,0
480809,2,1,1993,0,0,0,0,0,0,0,0,0,0
480810,1,1,1993,8,8,8,8,8,8,8,8,8,8
480811,0,1,1993,40,40,40,40,40,40,40,40,40,40
480811,1,1,1993,0,0,0,0,0,0,0,0,0,0
480812,1,1,1993,0,32,19,23,8,16,15,0,0,16
480813,1,1,1993,24,24,24,24,24,24,24,24,24,24
480813,2,1,1993,8,0,0,0,0,0,0,0,0,0
480814,1,1,1993,25,25,25,25,25,25,25,25,25,25
480814,2,1,1993,0,0,0,0,0,0,0,0,0,0
480815,1,1,1993,18,18,18,18,18,18,18,18,18,18
480816,0,1,1993,21,17,34,12,23,18,24,0,14,23
480816,1,1,1993,0,0,7,0,12,0,0,25,13,0
480817,1,1,1993,0,0,0,0,0,0,0,0,0,0
480817,2,1,1993,0,2,0,23,29,0,0,9,0,0
480818,1,1,1993,18,18,18,18,18,18,18,18,18,18
480818,2,1,1993,0,0,0,8,0,0,0,0,0,0
480819,1,1,1993,0,0,0,0,0,0,0,0,0,0
480819,2,1,1993,5,5,5,5,5,5,5,5,5,5
480820,0,1,1993,29,29,29,29,29,29,29,29,29,29
480820,1,1,1993,0,0,0,0,0,0,0,0,0,0
480821,1,1,1993,22,22,22,22,22,22,22,22,22,22
480822,1,1,1993,14,14,14,14,14,14,14,14,14,14
480823,1,1,1993,0,0,0,0,0,0,0,0,0,0
480823,2,1,1993,14,14,14,14,14,14,14,14,14,14
480824,1,1,1993,0,9,0,0,0,20,0,0,32,0
480824,2,1,1993,0,0,29,0,23,16,0,35,0,0
480824,3,1,1993,17,0,5,9,17,0,0,6,14,0
480824,4,1,1993,0,0,0,0,0,0,0,6,9,0