ST_CASE,VEH_NO,PER_NO,YEAR,P1,P2,P3,P4,P5,P6,P7,P8,P9,P10
481090,1,1,1993,11,11,11,11,11,11,11,11,11,11
481090,2,1,1993,0,0,0,12,37,0,0,0,0,0
481091,0,1,1993,0,0,0,0,0,0,0,0,0,0
481091,1,1,1993,0,0,0,0,0,0,0,0,0,0
481092,1,1,1993,0,0,0,0,0,0,0,0,16,0
481092,2,1,1993,26,26,26,26,26,26,26,26,26,26
481093,0,1,1993,16,17,0,11,0,14,0,13,9,0
481093,1,1,1993,13,0,0,0,0,0,0,0,0,0
481094,1,1,1993,0,0,0,0,0,0,0,0,0,0
481094,2,1,1993,0,0,0,0,0,0,0,0,0,0
481095,1,1,1993,22,21,21,0,0,0,0,5,0,19
481095,2,1,1993,0,33,25,5,0,16,18,7,0,0
481096,1,1,1993,35,35,35,35,35,35,35,35,35,35
481097,1,1,1993,0,0,0,0,0,0,0,7,0,0
481097,2,1,1993,0,0,0,0,0,0,0,0,0,0
481098,1,1,1993,17,17,17,17,17,17,17,17,17,17
481099,1,1,1993,9,9,9,9,9,9,9,9,9,9
481100,1,1,1993,0,0,0,0,0,0,0,0,0,0
481100,2,1,1993,0,0,8,0,12,0,0,0,0,7
481101,1,1,1993,0,23,0,0,0,0,0,0,0,0
481101,2,1,1993,0,0,0,0,0,0,0,0,0,0
481102,1,1,1993,19,19,19,19,19,19,19,19,19,19
481103,0,1,1993,0,0,0,0,0,0,0,0,0,0
481103,1,1,1993,10,0,0,5,0,0,6,0,0,0
481104,1,1,1993,0,0,0,0,0,0,0,0,0,0
481104,2,1,1993,0,0,0,0,0,0,0,0,0,0
481105,1,1,1993,29,29,29,29,29,29,29,29,29,29
481106,1,1,1993,0,0,0,0,0,0,0,0,0,0
481106,2,1,1993,0,0,6,0,0,0,0,0,0,0
481107,1,1,1993,24,17,12,15,21,5,21,23,28,18
481108,0,1,1993,18,18,18,18,18,18,18,18,18,18
481108,1,1,1993,0,0,0,0,9,0,0,0,0,0
481109,1,1,1993,0,0,0,18,0,0,0,0,0,0
481110,1,1,1993,34,34,34,34,34,34,34,34,34,34
481111,0,1,1993,30,30,30,30,30,30,30,30,30,30
481111,1,1,1993,0,0,0,0,0,0,0,0,0,0
481111,2,1,1993,0,24,13,0,0,14,14,0,13,0
481112,1,1,1993,24,24,24,24,24,24,24,24,24,24
481113,1,1,1993,16,0,0,0,0,0,0,0,0,14
481113,2,1,1993,0,0,0,0,0,0,0,0,0,0
481113,3,1,1993,14,0,0,0,0,0,5,0,9,0
481114,1,1,1993,26,26,26,26,26,26,26,26,26,26
481115,1,1,1993,0,0,0,0,0,0,0,0,0,0
481116,1,1,1993,0,0,0,12,0,0,0,0,8,15
481116,2,1,1993,0,6,9,0,0,0,0,0,0,0
481117,1,1,1993,9,0,0,0,0,6,0,0,9,0
481117,2,1,1993,0,0,0,0,0,0,0,0,0,0
481118,1,1,1993,0,0,0,0,0,0,0,0,0,0
481118,2,1,1993,0,0,0,0,0,0,0,0,0,0
481119,1,1,1993,0,0,0,0,0,0,0,0,0,0
481120,1,1,1993,0,0,0,0,0,0,0,0,0,0
481120,2,1,1993,19,19,19,19,19,19,19,19,19,19
481121,1,1,1993,0,0,0,0,0,0,0,0,0,0
481122,1,1,1993,12,12,12,12,12,12,12,12,12,12
481122,2,1,1993,0,0,0,0,0,0,0,0,0,0
481123,1,1,1993,0,0,0,0,0,0,0,0,24,0
481124,1,1,1993,26,17,15,21,24,16,18,25,18,22
481124,2,1,1993,0,0,0,0,0,0,0,0,0,0
481125,1,1,1993,0,0,0,0,0,0,0,0,0,0
481125,2,1,1993,0,0,0,0,18,14,0,0,0,0
481126,1,1,1993,43,43,43,43,43,43,43,43,43,43
481127,1,1,1993,28,28,28,28,28,28,28,28,28,28
481128,1,1,1993,0,0,0,0,0,0,0,0,0,0
481128,2,1,1993,0,0,0,0,0,0,0,0,0,0
481129,1,1,1993,0,0,0,0,0,0,0,0,0,0
481129,2,1,1993,9,9,9,9,9,9,9,9,9,9
481130,0,1,1993,0,0,0,0,0,0,0,0,0,0
481130,1,1,1993,17,17,17,17,17,17,17,17,17,17
481131,1,1,1993,0,0,0,0,0,0,0,0,0,0
481131,2,1,1993,0,0,0,0,0,0,0,0,0,0
481132,1,1,1993,0,0,0,0,0,0,0,0,0,0
481132,2,1,1993,0,0,16,0,17,0,0,0,0,0
481133,1,1,1993,0,0,0,0,0,0,0,0,0,0
481133,2,1,1993,0,0,0,0,0,0,0,0,0,0
481133,3,1,1993,0,11,16,0,13,0,17,18,0,19
481134,1,1,1993,0,0,0,0,0,0,0,0,0,0
481134,2,1,1993,0,0,0,0,0,0,0,0,0,0
481135,1,1,1993,7,0,27,22,9,4,23,14,0,0
481136,1,1,1993,0,14,24,21,20,29,18,25,23,16
481137,1,1,1993,0,0,0,0,0,0,0,0,0,0
481137,2,1,1993,0,23,15,13,0,0,16,24,0,0
481138,1,1,1993,15,15,15,15,15,15,15,15,15,15
481139,1,1,1993,0,0,0,0,0,0,0,17,16,0
481139,2,1,1993,0,0,0,0,0,0,0,0,0,0
481140,1,1,1993,0,0,0,0,0,0,6,0,0,0
481140,2,1,1993,0,0,21,0,0,17,0,0,0,0
481141,1,1,1993,20,5,0,0,0,0,0,0,8,22
481142,1,1,1993,0,0,0,0,0,0,0,0,0,0
481143,1,1,1993,27,0,0,0,19,0,0,20,0,0
481144,1,1,1993,20,20,20,20,20,20,20,20,20,20
481144,2,1,1993,0,7,0,0,0,0,0,13,0,0
481145,1,1,1993,8,0,0,11,0,12,15,12,0,0
481145,2,1,1993,0,0,0,0,0,0,0,0,0,0
481146,1,1,1993,0,0,0,0,0,0,0,0,0,0
481147,1,1,1993,19,19,19,19,19,19,19,19,19,19
481148,1,1,1993,0,0,0,0,0,0,0,0,0,0
481148,2,1,1993,0,0,0,0,0,0,0,0,0,0
481149,0,1,1993,31,31,31,31,31,31,31,31,31,31
481149,1,1,1993,0,0,0,0,6,0,0,0,0,0
481150,1,1,1993,3,3,3,3,3,3,3,3,3,3
481151,1,1,1993,0,0,0,0,0,0,0,0,0,0
481151,2,1,1993,0,0,0,0,3,0,0,0,0,0
481152,1,1,1993,0,0,0,0,0,0,0,0,0,0
481152,2,1,1993,0,0,0,0,0,0,0,0,0,0
481152,3,1,1993,0,0,0,0,18,0,0,0,0,0
481153,0,1,1993,0,4,0,11,20,0,0,0,0,12
481153,1,1,1993,0,0,0,0,0,0,0,0,0,0
481154,1,1,1993,0,0,0,0,0,0,0,0,0,0
481155,1,1,1993,27,13,13,14,12,14,11,11,23,18
481155,2,1,1993,10,20,27,22,9,4,17,8,10,11
481155,3,1,1993,0,19,0,0,0,17,0,0,0,0
481156,0,1,1993,0,42,0,0,34,25,15,18,0,0
481156,1,1,1993,0,0,18,0,14,0,17,6,0,0
481157,0,1,1993,0,0,0,0,0,0,0,0,0,0
481157,1,1,1993,0,0,0,0,0,0,0,0,0,0
481158,0,1,1993,26,0,0,0,0,0,0,0,0,0
481158,0,2,1993,0,33,25,37,17,4,9,26,15,20
481158,1,1,1993,0,0,0,0,0,0,0,0,8,0
481159,1,1,1993,8,18,0,20,0,17,25,0,17,15
481160,1,1,1993,37,21,10,9,20,25,21,26,10,3
481161,0,1,1993,0,0,0,0,0,0,0,0,0,0
481161,1,1,1993,0,0,0,0,0,0,0,0,0,0
481162,1,1,1993,0,30,11,0,0,0,0,0,0,0
481162,2,1,1993,0,0,0,0,0,0,0,0,0,0
481163,0,1,1993,0,0,0,0,0,0,0,0,0,0
481163,1,1,1993,0,0,0,0,0,0,0,0,0,0
481164,1,1,1993,0,0,0,0,0,0,0,0,0,0
481164,2,1,1993,9,9,9,9,9,9,9,9,9,9
481165,1,1,1993,0,0,0,0,0,0,0,0,0,0
481166,1,1,1993,0,0,0,0,0,0,0,0,0,0
481167,1,1,1993,12,9,13,3,17,16,4,22,0,0
481167,2,1,1993,0,0,0,0,0,0,0,0,0,0
481168,0,1,1993,0,0,0,29,0,8,22,0,22,18
481168,1,1,1993,0,0,0,0,0,0,0,0,0,0
481169,1,1,1993,11,11,11,11,11,11,11,11,11,11
481169,2,1,1993,9,9,9,9,9,9,9,9,9,9
481170,0,1,1993,0,0,0,0,0,0,0,0,0,0
481170,1,1,1993,0,0,0,13,0,0,9,16,14,0
481171,1,1,1993,25,25,25,25,25,25,25,25,25,25
481172,0,1,1993,0,10,0,0,0,0,7,0,0,15
481172,1,1,1993,0,9,0,0,0,0,0,0,0,0
481173,0,1,1993,23,23,23,23,23,23,23,23,23,23
481173,1,1,1993,0,0,7,14,23,0,0,17,21,12
481174,1,1,1993,10,10,10,10,10,10,10,10,10,10
481175,1,1,1993,41,41,41,41,41,41,41,41,41,41
481176,1,1,1993,0,0,0,0,0,0,0,0,0,0
481177,1,1,1993,11,11,11,11,11,11,11,11,11,11
481177,2,1,1993,0,0,0,0,0,0,0,0,17,0
481178,1,1,1993,0,0,0,0,0,0,0,0,0,0
481178,2,1,1993,20,20,20,20,20,20,20,20,20,20
481179,1,1,1993,0,0,0,0,0,0,0,0,0,0
481179,2,1,1993,0,0,0,0,0,0,0,0,0,0
481179,3,1,1993,18,18,18,18,18,18,18,18,18,18
481180,1,1,1993,0,0,0,0,0,0,0,0,0,11
481180,2,1,1993,22,0,0,0,0,0,0,0,0,6
481180,3,1,1993,0,0,0,0,0,0,0,0,0,0
481181,1,1,1993,21,21,21,21,21,21,21,21,21,21
481182,0,1,1993,0,6,0,0,0,0,0,0,0,0
481182,1,1,1993,0,0,0,0,0,0,0,0,0,0
481183,1,1,1993,0,0,0,0,0,0,0,0,0,12
481184,1,1,1993,27,27,27,27,27,27,27,27,27,27
481185,1,1,1993,0,0,0,0,11,0,0,0,0,13
481185,2,1,1993,0,0,20,0,0,25,0,0,0,0
481186,1,1,1993,0,0,0,22,0,0,0,0,0,0
481187,1,1,1993,21,21,21,21,21,21,21,21,21,21
481188,1,1,1993,21,21,21,21,21,21,21,21,21,21
481189,1,1,1993,5,0,0,0,8,0,0,0,0,0
481189,2,1,1993,0,0,0,0,0,0,0,0,22,0
481190,1,1,1993,11,28,0,25,11,14,23,36,17,29
481191,1,1,1993,0,0,7,12,0,0,0,0,0,0
481191,2,1,1993,0,0,0,7,0,0,0,0,0,0
481191,3,1,1993,0,0,0,0,0,0,0,0,0,0
481192,1,1,1993,20,29,17,23,19,14,20,14,19,12
481193,1,1,1993,2,2,2,2,2,2,2,2,2,2
481194,0,1,1993,0,0,0,0,0,0,0,0,0,0
481194,1,1,1993,7,10,0,0,16,6,31,13,15,0
481195,1,1,1993,13,13,13,13,13,13,13,13,13,13
481195,2,1,1993,0,0,0,0,0,0,0,0,0,0
481196,1,1,1993,0,0,0,0,0,0,0,0,0,0
481199,1,1,1993,1,1,1,1,1,1,1,1,1,1
481200,1,1,1993,0,0,0,0,0,21,0,0,0,0
481201,1,1,1993,5,5,5,5,5,5,5,5,5,5
481201,2,1,1993,0,0,0,0,0,0,0,0,0,0
481202,1,1,1993,0,0,0,0,0,0,0,0,0,0
481202,2,1,1993,0,0,0,0,0,0,0,0,0,0
481203,1,1,1993,0,0,0,0,0,0,0,0,0,0
481204,1,1,1993,19,0,0,9,6,19,0,16,0,0
481204,2,1,1993,0,0,13,20,0,0,0,0,0,0
481205,1,1,1993,0,0,0,0,0,0,0,0,0,0
481205,2,1,1993,0,0,0,0,0,0,0,0,0,0
481206,0,1,1993,28,28,28,28,28,28,28,28,28,28
481206,1,1,1993,0,20,0,1,0,0,0,0,21,6
481207,0,1,1993,23,26,34,20,12,18,20,11,37,13
481207,1,1,1993,0,0,0,0,0,0,0,0,0,0
481208,1,1,1993,0,0,0,0,0,0,0,0,0,0
481208,2,1,1993,0,0,0,0,0,0,0,0,0,0
481208,3,1,1993,0,0,0,0,0,0,0,0,0,0
481209,0,1,1993,18,18,18,18,18,18,18,18,18,18
481209,1,1,1993,25,0,10,0,13,0,5,15,0,0
481210,1,1,1993,0,0,0,0,0,0,0,0,0,0
481210,2,1,1993,0,0,0,0,13,14,0,0,0,0
481211,1,1,1993,14,0,12,0,0,0,0,0,7,31
481212,1,1,1993,0,13,15,7,13,16,6,15,10,17
481212,2,1,1993,9,0,0,0,15,0,0,0,7,0
481213,0,1,1993,22,22,22,22,22,22,22,22,22,22
481213,1,1,1993,0,0,0,0,0,0,0,0,0,0
481214,0,1,1993,0,19,23,7,0,0,0,0,0,0
481214,1,1,1993,0,0,0,0,0,0,0,0,0,0
481215,1,1,1993,0,0,0,0,0,0,0,0,0,0
481215,2,1,1993,22,0,7,0,0,0,0,0,0,0
481216,1,1,1993,0,0,0,0,0,0,13,0,0,0
481216,2,1,1993,0,0,0,0,0,0,0,0,0,0
481217,1,1,1993,0,23,0,11,14,0,0,4,4,22
481217,2,1,1993,0,18,0,0,14,0,21,0,0,0
481218,1,1,1993,6,0,0,0,0,15,4,0,0,24
481219,1,1,1993,0,0,0,0,0,0,0,0,0,0
481220,1,1,1993,14,14,14,14,14,14,14,14,14,14
481221,1,1,1993,26,11,17,12,16,24,16,16,0,25
481221,2,1,1993,23,23,23,23,23,23,23,23,23,23
481222,1,1,1993,0,0,0,13,0,0,0,15,0,0
481222,2,1,1993,0,0,0,0,0,0,0,0,0,0
481223,1,1,1993,0,0,0,0,0,0,0,0,0,16
481223,2,1,1993,12,12,12,12,12,12,12,12,12,12
481224,1,1,1993,19,19,19,19,19,19,19,19,19,19
481224,2,1,1993,0,0,0,0,0,0,0,22,0,0
481225,1,1,1993,0,0,21,14,34,31,16,16,21,23
481225,2,1,1993,0,0,0,0,0,0,0,0,0,0
481226,1,1,1993,0,0,0,0,0,0,0,0,0,0
481227,1,1,1993,0,0,0,0,0,0,0,0,0,0
481228,1,1,1993,0,7,0,35,0,0,0,0,0,0
481229,1,1,1993,0,0,0,0,0,0,6,16,0,0
481230,1,1,1993,17,17,17,17,17,17,17,17,17,17
481230,2,1,1993,0,0,0,0,0,0,0,0,0,0
481231,1,1,1993,0,0,0,0,0,0,0,0,0,0
481231,2,1,1993,0,0,0,0,0,0,0,0,0,0
481231,3,1,1993,0,0,0,0,0,0,3,0,9,0
481232,1,1,1993,0,0,0,0,0,12,0,0,9,0
481232,2,1,1993,0,0,0,0,0,0,0,0,0,0
481233,1,1,1993,19,19,19,19,19,19,19,19,19,19
481233,2,1,1993,18,3,0,0,0,0,0,0,0,19
481234,0,1,1993,35,35,35,35,35,35,35,35,35,35
481234,1,1,1993,8,5,0,0,14,0,0,0,0,0
481235,0,1,1993,0,29,0,0,0,0,0,0,0,0
481235,1,1,1993,0,0,0,0,0,0,0,0,0,0
481236,1,1,1993,28,28,28,28,28,28,28,28,28,28
481237,0,1,1993,0,12,18,13,34,7,9,10,29,0
481237,1,1,1993,18,18,18,18,18,18,18,18,18,18
481238,1,1,1993,13,13,13,13,13,13,13,13,13,13
481239,1,1,1993,13,0,0,0,14,0,0,0,0,0
481240,1,1,1993,45,45,45,45,45,45,45,45,45,45
481241,1,1,1993,25,25,25,25,25,25,25,25,25,25
481242,1,1,1993,17,37,4,20,14,13,23,21,15,22
481242,2,1,1993,24,24,24,24,24,24,24,24,24,24
481243,1,1,1993,0,0,0,0,0,0,0,0,0,0
481243,2,1,1993,0,0,0,0,0,0,0,0,0,0
481244,1,1,1993,17,17,17,17,17,17,17,17,17,17
481245,1,1,1993,9,8,19,4,9,12,3,23,17,16
481246,0,1,1993,30,30,30,30,30,30,30,30,30,30
481246,1,1,1993,14,14,14,14,14,14,14,14,14,14
481247,0,1,1993,0,0,0,0,0,0,0,0,0,0
481247,1,1,1993,0,0,18,0,16,0,0,0,19,0
481248,1,1,1993,11,11,11,11,11,11,11,11,11,11
481249,1,1,1993,0,0,0,0,0,0,0,0,0,0
481250,1,1,1993,16,16,16,16,16,16,16,16,16,16
481250,2,1,1993,0,0,0,13,0,0,8,0,0,0
481251,0,1,1993,0,0,15,0,0,0,25,0,0,0
481251,1,1,1993,0,0,15,10,0,0,0,0,0,0
481252,1,1,1993,0,0,9,0,0,0,0,0,0,0
481253,1,1,1993,14,14,14,14,14,14,14,14,14,14
481254,1,1,1993,26,26,26,26,26,26,26,26,26,26
481255,1,1,1993,21,21,21,21,21,21,21,21,21,21
481256,1,1,1993,15,17,19,13,17,0,24,27,12,17
481257,1,1,1993,15,17,14,22,21,36,22,25,31,26
481258,0,1,1993,23,23,23,23,23,23,23,23,23,23
481258,1,1,1993,0,0,6,0,0,0,0,0,18,0
481259,0,1,1993,0,0,0,0,0,0,0,0,0,0
481259,1,1,1993,3,3,3,3,3,3,3,3,3,3
481260,1,1,1993,31,31,31,31,31,31,31,31,31,31
481261,0,1,1993,0,0,0,0,0,0,0,0,0,0
481261,1,1,1993,33,33,33,33,33,33,33,33,33,33
481262,0,1,1993,0,0,0,0,0,0,0,0,0,0
481262,1,1,1993,0,0,0,0,0,0,0,0,0,0
481263,1,1,1993,0,0,0,0,0,0,0,0,0,0
481263,2,1,1993,14,14,14,14,14,14,14,14,14,14
481264,0,1,1993,0,0,0,0,0,0,0,0,0,0
481264,1,1,1993,5,22,25,15,14,24,23,0,0,0
481265,1,1,1993,18,18,18,18,18,18,18,18,18,18
481266,1,1,1993,20,20,20,20,20,20,20,20,20,20
481267,1,1,1993,0,19,25,21,0,16,18,0,29,11
481268,0,1,1993,0,0,0,0,0,0,0,0,0,0
481268,1,1,1993,4,13,14,13,0,0,0,0,15,0
481269,1,1,1993,0,0,0,0,0,0,0,0,0,0
481269,2,1,1993,0,0,0,0,0,0,0,0,0,0
481270,1,1,1993,0,0,0,0,0,0,0,0,0,0
481270,2,1,1993,0,0,0,0,0,0,0,0,0,0
481271,0,1,1993,18,18,18,18,18,18,18,18,18,18
481271,1,1,1993,0,0,0,0,0,0,0,15,0,12
481272,1,1,1993,0,0,0,0,0,0,0,0,0,0
481272,2,1,1993,0,0,0,0,0,0,0,0,0,0
481273,0,1,1993,15,6,0,25,33,20,19,18,25,19
481273,0,2,1993,0,0,0,0,0,0,0,0,0,0
481273,1,1,1993,0,0,0,0,0,0,0,0,0,0
481274,1,1,1993,0,14,6,26,21,19,8,20,11,18
481275,1,1,1993,15,0,25,14,0,0,0,0,27,0
481276,1,1,1993,10,10,10,10,10,10,10,10,10,10
481276,2,1,1993,0,0,0,0,0,0,0,0,0,0
481277,1,1,1993,11,11,11,11,11,11,11,11,11,11
481278,1,1,1993,29,29,29,29,29,29,29,29,29,29
481279,1,1,1993,24,24,24,24,24,24,24,24,24,24
481280,1,1,1993,0,0,0,0,0,0,0,0,0,0
481280,2,1,1993,12,0,0,0,0,0,0,0,0,0
481281,1,1,1993,0,0,0,0,0,0,0,0,0,11
481282,1,1,1993,0,0,0,0,0,0,0,0,0,0
481282,2,1,1993,16,16,16,16,16,16,16,16,16,16
481283,1,1,1993,0,0,0,0,0,0,0,0,0,0
481283,2,1,1993,0,0,0,0,0,0,0,0,0,0
481284,1,1,1993,0,0,0,0,0,0,0,0,0,0
481284,2,1,1993,0,0,0,0,0,0,0,0,0,0
481285,1,1,1993,31,31,31,31,31,31,31,31,31,31
481286,1,1,1993,0,0,0,0,0,0,0,0,0,0
481286,2,1,1993,15,15,15,15,15,15,15,15,15,15
481287,1,1,1993,0,0,0,0,0,0,0,0,0,0
481287,2,1,1993,0,0,35,0,0,0,0,0,0,9
481288,1,1,1993,18,18,18,18,18,18,18,18,18,18
481289,1,1,1993,15,15,15,15,15,15,15,15,15,15
481290,1,1,1993,0,0,0,0,0,12,0,0,0,0
481291,1,1,1993,0,0,0,0,0,0,0,0,0,0
481292,1,1,1993,0,0,0,0,0,0,0,0,0,0
481293,1,1,1993,15,15,15,15,15,15,15,15,15,15
481294,0,1,1993,18,0,9,0,0,0,0,0,18,0
481294,1,1,1993,0,0,0,13,5,0,10,0,0,19
481295,0,1,1993,33,33,33,33,33,33,33,33,33,33
481295,1,1,1993,12,12,17,0,0,0,0,0,0,11
481296,0,1,1993,25,25,25,25,25,25,25,25,25,25
481296,1,1,1993,0,0,0,0,0,0,0,0,0,0
481298,1,1,1993,12,12,12,12,12,12,12,12,12,12
481300,1,1,1993,16,16,16,16,16,16,16,16,16,16
481301,1,1,1993,0,0,0,0,0,0,0,0,0,0
481301,2,1,1993,0,6,0,0,0,0,0,0,23,0
481302,1,1,1993,0,0,0,0,0,0,0,0,25,0
481302,2,1,1993,0,0,0,0,0,0,0,0,0,0
481303,0,1,1993,0,14,24,9,0,47,0,20,0,0
481303,1,1,1993,0,0,0,0,0,0,0,0,0,0
481304,1,1,1993,22,0,12,0,0,0,13,0,14,0
481305,1,1,1993,6,6,6,6,6,6,6,6,6,6
481306,1,1,1993,0,0,0,0,0,0,0,0,0,21
481306,2,1,1993,0,0,0,0,0,0,0,0,0,0
481307,1,1,1993,0,0,0,0,0,0,0,0,0,0
481308,1,1,1993,0,0,0,0,0,0,21,10,0,0
481308,2,1,1993,21,21,21,21,21,21,21,21,21,21
481309,1,1,1993,20,16,13,24,17,0,14,0,21,11
481310,0,1,1993,0,0,0,0,0,0,0,0,0,4
481310,0,2,1993,0,17,0,0,0,0,0,17,0,25
481310,1,1,1993,7,16,0,0,0,0,0,0,0,0
481311,1,1,1993,20,20,20,20,20,20,20,20,20,20
481311,2,1,1993,0,0,0,0,0,0,0,0,0,0
481311,3,1,1993,0,0,0,0,0,0,0,0,0,0
481312,1,1,1993,22,20,20,10,16,35,28,12,10,21
481313,1,1,1993,0,0,0,28,0,0,0,0,0,13
481313,2,1,1993,0,0,0,0,0,0,0,0,0,0
481314,1,1,1993,0,0,0,17,0,10,0,0,0,0
481315,0,1,1993,18,18,18,18,18,18,18,18,18,18
481315,1,1,1993,21,0,27,0,0,0,0,9,12,0
481316,1,1,1993,26,11,0,0,6,0,0,0,0,17
481316,2,1,1993,0,0,0,0,0,0,0,0,0,11
481317,1,1,1993,10,10,10,10,10,10,10,10,10,10
481317,2,1,1993,0,16,13,12,0,0,0,0,27,0
481318,1,1,1993,0,3,10,6,14,0,9,0,0,0
481319,1,1,1993,0,0,0,0,0,0,0,0,0,0
481319,2,1,1993,0,0,0,0,0,0,0,0,0,0
481320,1,1,1993,12,12,12,12,12,12,12,12,12,12
481321,1,1,1993,0,0,0,0,0,0,0,0,0,0
481322,1,1,1993,11,0,0,0,0,0,5,0,0,0
481322,2,1,1993,0,0,0,0,0,0,0,0,0,0
481323,1,1,1993,2,2,2,2,2,2,2,2,2,2
481324,0,1,1993,18,16,33,0,20,16,0,0,15,36
481324,1,1,1993,0,0,0,0,0,0,0,0,0,0
481325,1,1,1993,22,25,0,12,11,11,0,14,18,27
481326,1,1,1993,0,0,0,0,0,0,0,0,14,0
481326,2,1,1993,0,0,0,0,0,0,0,0,0,0
481327,1,1,1993,21,21,21,21,21,21,21,21,21,21
481328,1,1,1993,0,0,0,0,0,0,0,0,0,0
481328,2,1,1993,0,0,0,0,0,0,0,0,0,0
481329,1,1,1993,0,0,0,0,0,0,0,0,0,0
481329,2,1,1993,0,0,0,0,0,0,0,0,0,0
481330,1,1,1993,0,0,0,0,0,0,0,0,0,0
481330,2,1,1993,17,17,17,17,17,17,17,17,17,17
481331,1,1,1993,14,14,14,14,14,14,14,14,14,14
481331,2,1,1993,0,0,0,0,24,14,0,0,0,15
481332,1,1,1993,0,0,0,0,0,0,0,0,0,0
481333,0,1,1993,14,0,0,23,0,19,0,32,0,18
481333,1,1,1993,5,5,5,5,5,5,5,5,5,5
481334,1,1,1993,0,0,0,0,0,0,0,0,0,0
481335,0,1,1993,0,0,0,0,0,0,0,0,0,0
481335,1,1,1993,0,8,15,0,0,6,24,0,0,0
481336,1,1,1993,19,19,19,19,19,19,19,19,19,19
481336,2,1,1993,14,12,0,0,0,8,29,0,0,0
481336,3,1,1993,0,0,0,0,0,0,0,0,0,0
481337,1,1,1993,22,22,22,22,22,22,22,22,22,22
481337,2,1,1993,0,0,0,0,0,0,0,0,0,0
481338,1,1,1993,0,0,14,18,10,0,15,3,0,5
481338,2,1,1993,0,4,0,6,0,0,0,16,0,12
481338,3,1,1993,7,14,0,0,10,0,8,0,0,0
481339,1,1,1993,0,0,0,0,0,0,0,9,0,0
481339,2,1,1993,9,0,0,15,0,0,0,0,0,0
481340,1,1,1993,3,3,3,3,3,3,3,3,3,3
481340,2,1,1993,0,0,0,0,0,0,14,0,0,0
481340,3,1,1993,0,0,0,0,0,0,0,0,0,0
481341,1,1,1993,10,0,14,11,5,15,13,26,9,22
481341,2,1,1993,0,0,0,0,0,0,0,0,0,0
481341,3,1,1993,11,0,0,0,0,0,17,13,9,0
481342,1,1,1993,12,21,8,29,16,18,17,22,21,22
481343,1,1,1993,18,18,18,18,18,18,18,18,18,18
481344,1,1,1993,42,14,6,23,17,13,16,20,19,35
481345,1,1,1993,0,0,0,0,0,0,0,0,0,0
481345,2,1,1993,0,0,0,0,0,0,0,0,0,0
481346,1,1,1993,20,20,20,20,20,20,20,20,20,20
481347,1,1,1993,30,0,0,0,7,3,16,8,0,4
481347,2,1,1993,0,0,0,5,13,0,0,0,0,0
481348,1,1,1993,22,22,22,22,22,22,22,22,22,22
481348,2,1,1993,0,0,0,0,0,0,0,0,0,0
481349,1,1,1993,29,26,30,19,32,0,28,27,24,31
481350,1,1,1993,10,10,10,10,10,10,10,10,10,10
481351,1,1,1993,22,22,22,22,22,22,22,22,22,22
481352,1,1,1993,0,11,0,0,0,0,0,0,0,0
481352,2,1,1993,0,0,9,0,0,0,0,0,0,0
481353,1,1,1993,25,25,25,25,25,25,25,25,25,25
481354,1,1,1993,7,7,7,7,7,7,7,7,7,7
481355,1,1,1993,9,4,19,0,4,12,11,11,5,0
481355,2,1,1993,19,0,0,22,18,0,0,0,16,0
481356,1,1,1993,12,34,35,31,15,13,28,8,41,16
481356,2,1,1993,12,22,13,13,0,16,0,0,0,9
481357,0,1,1993,0,23,20,24,20,19,24,35,38,41
481357,1,1,1993,0,0,0,0,0,0,0,0,0,0
481358,1,1,1993,0,0,0,0,0,0,25,31,0,13
481359,1,1,1993,51,51,51,51,51,51,51,51,51,51
481359,2,1,1993,0,0,0,0,0,0,0,0,0,0
481360,1,1,1993,0,0,0,0,0,0,0,0,0,0
481360,2,1,1993,0,0,0,0,0,0,0,0,19,0
481361,1,1,1993,2,0,8,0,3,0,5,0,8,0
481361,2,1,1993,15,15,15,15,15,15,15,15,15,15
481362,1,1,1993,0,0,0,0,0,0,0,0,0,0
481362,2,1,1993,26,0,0,0,0,0,0,0,0,23
481363,0,1,1993,12,24,22,12,0,0,15,30,45,0
481363,1,1,1993,0,0,11,12,12,11,0,0,22,0
481364,1,1,1993,17,17,17,17,17,17,17,17,17,17
481364,2,1,1993,0,0,0,0,0,0,0,0,0,0
481365,1,1,1993,7,7,7,7,7,7,7,7,7,7