ST_CASE,VEH_NO,PER_NO,YEAR,P1,P2,P3,P4,P5,P6,P7,P8,P9,P10
481644,1,1,1993,11,11,11,11,11,11,11,11,11,11
481645,1,1,1993,7,7,7,7,7,7,7,7,7,7
481646,1,1,1993,14,14,14,14,14,14,14,14,14,14
481646,2,1,1993,18,18,18,18,18,18,18,18,18,18
481647,1,1,1993,18,0,20,23,21,17,11,0,18,27
481648,1,1,1993,0,0,0,0,0,0,0,0,0,0
481648,2,1,1993,0,0,0,0,0,0,0,0,0,0
481649,1,1,1993,14,0,0,0,0,18,24,0,0,0
481650,1,1,1993,8,3,11,0,7,0,20,0,16,0
481650,2,1,1993,23,0,0,13,0,0,0,0,0,0
481650,3,1,1993,0,0,0,0,0,0,0,0,0,11
481651,1,1,1993,16,16,16,16,16,16,16,16,16,16
481652,1,1,1993,24,24,24,24,24,24,24,24,24,24
481653,1,1,1993,15,15,15,15,15,15,15,15,15,15
481654,1,1,1993,32,32,32,32,32,32,32,32,32,32
481655,1,1,1993,32,24,25,29,31,25,24,26,36,0
481656,1,1,1993,0,0,0,0,0,0,0,0,0,0
481656,2,1,1993,32,25,0,22,0,15,12,16,38,10
481657,1,1,1993,13,13,13,13,13,13,13,13,13,13
481658,1,1,1993,29,29,29,29,29,29,29,29,29,29
481659,1,1,1993,0,0,0,0,0,0,0,0,0,0
481659,2,1,1993,32,32,32,32,32,32,32,32,32,32
481660,1,1,1993,13,13,13,13,13,13,13,13,13,13
481661,1,1,1993,0,0,0,0,0,0,0,0,0,0
481661,2,1,1993,0,0,0,0,0,11,14,0,0,0
481662,1,1,1993,0,0,0,0,0,0,0,0,0,0
481663,0,1,1993,14,0,46,0,8,0,16,10,0,42
481663,1,1,1993,0,0,0,0,0,0,0,0,0,0
481664,0,1,1993,0,0,17,0,0,0,0,0,0,0
481664,1,1,1993,0,0,0,0,0,0,0,0,0,0
481665,0,1,1993,24,0,43,0,26,7,0,0,0,0
481665,1,1,1993,0,0,0,0,0,0,0,0,0,0
481666,0,1,1993,14,26,0,0,0,26,14,17,0,7
481666,1,1,1993,0,0,0,0,0,0,0,0,0,0
481667,1,1,1993,0,0,0,0,0,0,0,0,0,0
481667,2,1,1993,0,0,0,0,0,0,0,0,0,0
481668,1,1,1993,20,20,20,20,20,20,20,20,20,20
481669,1,1,1993,0,0,0,0,0,0,0,0,0,0
481670,1,1,1993,0,0,0,0,0,0,0,0,0,0
481671,1,1,1993,0,0,0,0,0,0,0,0,0,0
481672,1,1,1993,0,0,0,0,0,0,0,0,0,0
481672,2,1,1993,0,0,0,0,0,0,0,0,8,0
481673,0,1,1993,17,17,17,17,17,17,17,17,17,17
481673,1,1,1993,0,0,0,3,17,0,0,0,20,0
481673,2,1,1993,0,0,0,12,0,0,0,0,0,0
481673,4,1,1993,0,0,0,12,0,0,0,0,9,0
481674,0,1,1993,0,31,0,0,0,0,0,14,13,45
481674,1,1,1993,0,0,0,0,0,0,0,0,0,27
481675,1,1,1993,3,3,3,3,3,3,3,3,3,3
481675,2,1,1993,0,0,0,0,0,0,0,0,0,0
481676,1,1,1993,0,0,0,0,0,0,0,0,0,0
481676,2,1,1993,25,25,25,25,25,25,25,25,25,25
481677,0,1,1993,23,0,0,24,25,20,35,5,31,0
481677,1,1,1993,0,0,0,0,3,0,19,14,12,13
481678,1,1,1993,0,0,0,0,0,0,0,0,0,19
481678,2,1,1993,36,36,36,36,36,36,36,36,36,36
481679,1,1,1993,0,0,0,0,0,0,0,0,0,0
481679,2,1,1993,0,0,8,0,0,0,0,0,0,0
481679,3,1,1993,0,0,0,0,0,0,0,0,0,0
481679,4,1,1993,20,0,4,11,0,14,0,0,8,0
481679,5,1,1993,0,0,0,0,0,0,0,0,0,0
481679,6,1,1993,0,0,0,0,0,0,0,0,0,0
481680,1,1,1993,0,0,0,0,0,0,0,0,0,0
481680,2,1,1993,0,0,0,0,0,0,0,0,0,0
481680,3,1,1993,0,0,0,0,0,0,0,0,0,0
481681,1,1,1993,16,38,15,15,14,17,9,15,8,39
481682,1,1,1993,0,0,0,0,0,0,0,0,0,0
481682,2,1,1993,0,0,0,0,0,0,0,0,0,0
481682,3,1,1993,0,0,0,0,0,0,0,0,0,0
481683,1,1,1993,16,16,16,16,16,16,16,16,16,16
481683,2,1,1993,18,18,18,18,18,18,18,18,18,18
481684,1,1,1993,0,0,0,0,0,0,0,0,0,0
481684,2,1,1993,0,0,0,0,0,0,0,0,0,0
481685,0,1,1993,0,0,0,0,0,0,0,0,0,0
481685,1,1,1993,0,0,0,0,0,0,0,0,0,0
481686,1,1,1993,0,0,0,0,0,0,0,17,11,0
481687,1,1,1993,0,0,0,0,0,0,0,0,0,0
481688,1,1,1993,0,0,0,0,0,0,0,0,0,0
481688,2,1,1993,0,0,0,0,0,0,0,0,0,0
481689,1,1,1993,0,0,0,0,0,0,0,0,0,0
481689,2,1,1993,1,1,1,1,1,1,1,1,1,1
481690,1,1,1993,0,0,0,0,0,0,0,0,0,0
481690,2,1,1993,0,0,0,0,0,0,0,0,0,0
481691,1,1,1993,0,0,0,0,0,0,0,0,0,0
481691,2,1,1993,5,10,18,0,0,0,0,6,4,0
481692,1,1,1993,0,0,0,0,0,0,0,0,0,0
481693,1,1,1993,0,0,0,0,0,0,0,0,0,0
481693,2,1,1993,0,0,0,0,0,0,0,15,0,0
481694,1,1,1993,36,10,0,13,14,17,11,18,28,14
481695,1,1,1993,5,6,11,7,0,0,0,25,17,7
481695,2,1,1993,27,27,27,27,27,27,27,27,27,27
481696,1,1,1993,0,0,0,0,0,0,0,12,0,0
481697,1,1,1993,0,0,0,0,0,0,0,0,0,0
481698,1,1,1993,14,14,14,14,14,14,14,14,14,14
481699,1,1,1993,27,27,27,27,27,27,27,27,27,27
481700,0,1,1993,12,12,12,12,12,12,12,12,12,12
481700,1,1,1993,7,7,7,7,7,7,7,7,7,7
481701,1,1,1993,18,0,0,0,0,0,0,0,8,0
481701,2,1,1993,0,0,0,0,0,0,0,0,0,0
481701,3,1,1993,0,0,2,0,0,10,0,0,0,0
481702,1,1,1993,22,22,22,22,22,22,22,22,22,22
481703,0,1,1993,0,0,0,0,0,0,15,0,0,0
481703,1,1,1993,0,0,0,0,0,0,0,0,0,22
481704,1,1,1993,12,12,12,12,12,12,12,12,12,12
481705,1,1,1993,0,0,0,0,0,0,0,0,0,0
481705,2,1,1993,0,0,0,0,0,0,0,0,15,0
481705,3,1,1993,7,0,0,0,0,0,0,0,18,0
481705,4,1,1993,0,0,0,0,0,0,0,0,0,0
481706,1,1,1993,0,0,0,0,0,0,0,0,0,0
481706,2,1,1993,0,0,0,0,0,0,0,0,0,0
481707,0,1,1993,0,0,34,14,27,0,0,6,0,13
481707,0,2,1993,0,0,0,0,0,0,0,0,0,0
481707,1,1,1993,0,0,0,0,0,0,0,0,0,0
481707,2,1,1993,0,0,0,0,0,0,0,0,0,0
481708,1,1,1993,0,0,0,0,0,24,0,6,33,19
481709,1,1,1993,5,5,5,5,5,5,5,5,5,5
481710,1,1,1993,0,0,0,0,0,0,0,0,0,0
481711,0,1,1993,28,29,31,18,19,14,33,19,11,0
481711,1,1,1993,8,0,0,5,0,0,13,7,12,6
481711,2,1,1993,0,0,0,0,0,0,0,0,0,0
481712,0,1,1993,18,18,18,18,18,18,18,18,18,18
481712,1,1,1993,9,9,9,9,9,9,9,9,9,9
481713,1,1,1993,0,0,0,0,0,0,0,0,0,0
481713,2,1,1993,0,0,0,0,0,0,0,0,0,0
481714,1,1,1993,0,12,0,0,0,0,0,0,0,0
481714,2,1,1993,0,0,0,0,0,0,0,0,0,0
481715,1,1,1993,0,0,0,0,0,0,0,0,0,0
481715,2,1,1993,0,0,0,0,0,0,0,0,0,0
481716,1,1,1993,0,0,0,0,0,0,0,0,0,0
481716,2,1,1993,0,0,0,0,0,0,0,0,0,0
481717,1,1,1993,0,0,0,0,0,0,0,0,0,0
481717,2,1,1993,0,22,0,0,0,0,0,0,0,0
481718,1,1,1993,0,0,0,0,0,0,0,0,0,0
481719,0,1,1993,0,30,0,0,21,26,14,16,0,30
481719,1,1,1993,0,12,7,0,23,6,23,0,12,0
481720,1,1,1993,15,15,15,15,15,15,15,15,15,15
481721,0,1,1993,21,21,21,21,21,21,21,21,21,21
481721,0,2,1993,18,17,28,13,22,10,0,8,16,30
481721,1,1,1993,8,8,8,8,8,8,8,8,8,8
481722,1,1,1993,30,30,30,30,30,30,30,30,30,30
481723,1,1,1993,25,0,15,0,0,0,8,0,0,25
481724,0,1,1993,20,20,20,20,20,20,20,20,20,20
481724,1,1,1993,17,17,17,17,17,17,17,17,17,17
481725,1,1,1993,0,0,0,0,0,0,19,0,0,14
481726,1,1,1993,36,36,36,36,36,36,36,36,36,36
481726,2,1,1993,0,0,0,0,0,0,0,0,0,0
481727,1,1,1993,9,10,15,3,13,0,0,20,12,22
481727,2,1,1993,0,0,0,0,0,0,0,0,0,0
481728,1,1,1993,0,0,7,0,0,0,0,0,0,0
481728,2,1,1993,5,0,9,0,0,0,6,0,12,0
481728,3,1,1993,16,0,0,6,31,0,0,8,9,0
481729,0,1,1993,10,10,10,10,10,10,10,10,10,10
481729,1,1,1993,0,25,10,12,0,18,0,0,0,0
481730,0,1,1993,0,0,0,0,0,0,0,0,0,0
481730,1,1,1993,0,24,13,0,8,0,0,0,0,0
481731,1,1,1993,0,0,0,0,0,0,0,0,0,0
481732,0,1,1993,19,26,17,0,17,0,16,42,29,0
481732,1,1,1993,0,11,0,0,0,0,0,0,0,6
481733,1,1,1993,23,23,23,23,23,23,23,23,23,23
481734,1,1,1993,0,0,0,0,0,0,0,0,0,0
481734,2,1,1993,0,0,0,0,0,0,0,0,0,0
481735,0,1,1993,16,30,0,0,0,0,27,25,0,0
481735,1,1,1993,0,0,0,0,0,0,0,0,0,0
481736,1,1,1993,0,0,0,0,0,0,0,0,0,0
481736,2,1,1993,0,0,0,0,0,0,15,0,18,7
481737,1,1,1993,0,0,0,0,0,0,0,0,0,0
481738,1,1,1993,0,0,0,0,0,0,0,0,0,0
481738,2,1,1993,0,0,0,0,0,0,0,0,0,0
481739,1,1,1993,0,0,0,0,0,0,0,0,0,0
481740,1,1,1993,0,0,0,0,0,0,0,0,0,0
481740,2,1,1993,0,0,0,0,0,0,0,0,0,0
481741,0,1,1993,0,0,0,0,0,0,0,0,0,0
481741,1,1,1993,0,0,0,0,0,0,0,17,37,0
481742,0,1,1993,22,25,24,13,16,30,18,29,22,13
481742,1,1,1993,17,18,19,2,10,13,9,17,29,26
481743,1,1,1993,7,7,7,7,7,7,7,7,7,7
481744,1,1,1993,29,0,18,6,0,16,0,25,0,0
481745,1,1,1993,0,0,0,0,0,0,0,0,0,0
481745,2,1,1993,0,0,0,0,0,0,0,0,0,0
481745,3,1,1993,0,0,0,0,0,0,0,0,0,0
481746,1,1,1993,0,0,0,0,0,0,0,0,0,0
481747,1,1,1993,0,0,0,0,0,0,0,0,0,0
481747,2,1,1993,0,0,0,0,0,0,0,0,0,0
481748,1,1,1993,0,0,0,0,0,0,0,0,0,0
481748,2,1,1993,0,0,0,0,0,0,0,0,0,0
481749,1,1,1993,20,20,20,20,20,20,20,20,20,20
481750,1,1,1993,15,15,15,15,15,15,15,15,15,15
481751,0,1,1993,8,0,18,0,0,0,0,0,0,0
481751,0,2,1993,0,17,2,0,28,12,4,18,0,0
481751,1,1,1993,0,9,21,0,11,0,0,0,0,0
481752,1,1,1993,15,12,0,0,0,11,3,0,0,0
481752,2,1,1993,11,11,11,11,11,11,11,11,11,11
481753,1,1,1993,0,0,16,14,15,12,0,0,0,6
481753,2,1,1993,0,0,11,0,0,13,0,5,14,0
481754,1,1,1993,23,19,18,8,20,19,0,22,12,12
481755,1,1,1993,18,32,12,13,13,32,27,30,11,15
481756,1,1,1993,0,0,0,0,0,0,0,0,0,0
481757,1,1,1993,0,0,0,0,30,0,0,0,0,22
481757,2,1,1993,0,0,0,0,0,0,0,0,0,0
481758,1,1,1993,12,0,0,0,0,0,0,0,0,0
481758,2,1,1993,0,0,0,0,0,0,0,0,0,0
481759,1,1,1993,0,0,0,0,0,0,0,0,0,0
481759,2,1,1993,0,0,0,0,0,0,0,0,0,0
481760,1,1,1993,10,10,10,10,10,10,10,10,10,10
481761,0,1,1993,14,8,27,0,22,10,24,32,12,13
481761,1,1,1993,0,0,0,18,0,0,8,0,0,0
481762,1,1,1993,26,21,32,16,22,30,13,20,16,23
481763,0,1,1993,15,15,15,15,15,15,15,15,15,15
481763,1,1,1993,12,12,12,12,12,12,12,12,12,12
481764,0,1,1993,13,11,27,0,0,27,27,0,44,24
481764,1,1,1993,5,15,0,12,0,19,23,0,6,0
481765,1,1,1993,17,17,17,17,17,17,17,17,17,17
481766,1,1,1993,0,0,0,0,0,0,0,0,0,0
481767,1,1,1993,0,0,0,0,0,0,0,0,0,0
481767,2,1,1993,2,2,2,2,2,2,2,2,2,2
481768,1,1,1993,14,14,14,14,14,14,14,14,14,14
481769,1,1,1993,0,0,0,0,0,0,0,0,0,0
481769,2,1,1993,0,0,0,0,3,0,0,0,0,0
481770,1,1,1993,19,19,19,19,19,19,19,19,19,19
481771,1,1,1993,13,13,13,13,13,13,13,13,13,13
481772,1,1,1993,0,0,0,10,0,0,0,0,0,0
481772,2,1,1993,0,0,0,0,0,0,0,0,0,0
481773,1,1,1993,0,0,0,0,0,0,8,0,0,7
481773,2,1,1993,0,0,0,0,0,0,0,0,0,0
481774,0,1,1993,23,23,23,23,23,23,23,23,23,23
481774,1,1,1993,0,0,0,0,11,0,0,0,0,0
481775,1,1,1993,0,0,0,0,0,0,0,0,0,0
481776,1,1,1993,0,0,0,0,0,0,0,0,0,0
481777,1,1,1993,7,7,7,7,7,7,7,7,7,7
481778,1,1,1993,28,28,28,28,28,28,28,28,28,28
481779,1,1,1993,7,7,7,7,7,7,7,7,7,7
481780,1,1,1993,4,17,7,5,23,11,24,0,28,0
481781,1,1,1993,11,22,19,23,0,27,0,0,12,0
481782,1,1,1993,25,25,25,25,25,25,25,25,25,25
481782,2,1,1993,5,5,5,5,5,5,5,5,5,5
481783,0,1,1993,0,0,0,0,0,0,0,0,0,0
481783,1,1,1993,0,0,0,17,2,22,0,15,13,18
481784,1,1,1993,9,9,9,9,9,9,9,9,9,9
481785,1,1,1993,23,10,11,0,0,0,0,11,20,17
481785,2,1,1993,27,27,27,27,27,27,27,27,27,27
481786,1,1,1993,20,28,18,8,18,15,19,17,0,12
481787,1,1,1993,0,9,0,24,10,0,0,0,17,6
481788,1,1,1993,14,9,0,0,15,0,6,0,2,0
481789,1,1,1993,16,16,16,16,16,16,16,16,16,16
481789,2,1,1993,0,0,0,0,0,0,0,0,0,0
481790,1,1,1993,22,22,22,22,22,22,22,22,22,22
481791,1,1,1993,24,24,24,24,24,24,24,24,24,24
481791,2,1,1993,7,0,0,0,20,0,8,0,14,0
481792,1,1,1993,25,25,25,25,25,25,25,25,25,25
481793,1,1,1993,25,25,25,25,25,25,25,25,25,25
481793,2,1,1993,0,13,0,0,0,0,0,0,0,0
481794,0,1,1993,0,0,16,0,0,0,0,0,0,0
481794,1,1,1993,0,0,0,0,0,13,0,0,0,0
481795,1,1,1993,35,21,32,19,27,12,44,27,18,32
481796,1,1,1993,0,0,0,0,0,0,0,0,0,0
481797,1,1,1993,11,11,11,11,11,11,11,11,11,11
481798,1,1,1993,0,0,0,0,0,0,0,0,0,0
481799,1,1,1993,0,0,0,0,0,0,0,0,0,0
481799,2,1,1993,0,0,0,12,0,0,0,0,0,0
481800,1,1,1993,0,0,0,0,0,0,0,0,0,0
481800,2,1,1993,0,0,0,0,0,0,0,0,0,0
481801,1,1,1993,13,13,13,13,13,13,13,13,13,13
481801,2,1,1993,0,2,0,0,0,0,0,0,0,0
481802,1,1,1993,0,14,0,0,0,0,0,0,14,0
481802,2,1,1993,10,0,0,0,0,0,0,0,0,0
481803,1,1,1993,0,0,0,0,0,0,0,0,0,0
481803,2,1,1993,0,0,0,0,0,0,0,0,0,0
481803,3,1,1993,0,0,0,0,0,0,0,0,0,0
481804,1,1,1993,0,0,16,0,0,22,5,0,0,25
481804,2,1,1993,0,0,0,0,0,0,0,0,0,0
481805,1,1,1993,0,0,0,0,0,0,0,0,0,0
481806,1,1,1993,0,0,0,0,0,0,0,0,0,0
481806,2,1,1993,0,0,0,0,0,0,0,0,0,0
481807,1,1,1993,0,0,0,0,0,0,0,0,0,0
481807,2,1,1993,0,0,0,0,0,0,0,0,0,0
481807,3,1,1993,0,0,0,17,0,0,0,0,0,0
481808,1,1,1993,0,0,0,0,0,0,0,0,0,0
481808,2,1,1993,0,0,0,0,0,0,0,0,0,0
481809,0,1,1993,30,30,30,30,30,30,30,30,30,30
481809,1,1,1993,0,0,0,0,0,14,0,0,0,0
481810,1,1,1993,15,15,15,15,15,15,15,15,15,15
481811,0,1,1993,0,0,0,0,0,0,0,0,0,0
481811,1,1,1993,5,0,0,35,8,28,15,11,29,18
481812,1,1,1993,0,0,0,22,0,0,26,0,0,0
481812,2,1,1993,0,0,0,0,0,0,0,0,0,0
481813,1,1,1993,0,0,0,0,0,0,0,0,0,0
481813,2,1,1993,0,0,0,0,0,0,0,0,0,0
481814,1,1,1993,0,0,0,18,0,0,0,0,0,0
481814,2,1,1993,0,0,0,0,0,0,0,0,0,0
481815,1,1,1993,0,0,0,0,0,0,0,0,0,0
481815,2,1,1993,0,0,0,0,0,0,0,0,0,0
481816,1,1,1993,17,17,17,17,17,17,17,17,17,17
481817,1,1,1993,0,0,0,0,0,0,0,0,0,0
481817,2,1,1993,0,0,0,0,0,0,0,0,0,24
481818,1,1,1993,1,1,1,1,1,1,1,1,1,1
481818,2,1,1993,0,0,0,0,0,0,0,0,0,22
481818,3,1,1993,0,0,0,0,0,0,0,0,0,0
481819,1,1,1993,0,0,0,0,0,0,0,0,0,0
481820,1,1,1993,18,18,18,18,18,18,18,18,18,18
481821,0,1,1993,0,26,16,0,14,6,0,28,4,0
481821,1,1,1993,0,0,0,0,0,0,0,0,0,0
481822,1,1,1993,22,17,16,33,11,24,14,23,0,21
481823,1,1,1993,23,23,23,23,23,23,23,23,23,23
481824,1,1,1993,22,22,22,22,22,22,22,22,22,22
481825,0,1,1993,16,19,20,8,19,0,13,15,12,14
481825,1,1,1993,15,0,32,18,18,26,14,32,19,9
481826,1,1,1993,13,13,13,13,13,13,13,13,13,13
481826,2,1,1993,24,13,22,0,21,25,45,0,16,18
481827,1,1,1993,0,0,0,0,8,9,0,0,0,0
481828,1,1,1993,17,17,17,17,17,17,17,17,17,17
481828,2,1,1993,0,0,0,18,6,0,0,2,0,0
481829,1,1,1993,29,29,29,29,29,29,29,29,29,29
481829,2,1,1993,0,0,0,0,0,0,0,0,0,0
481829,3,1,1993,0,0,0,0,0,0,0,0,0,0
481830,1,1,1993,17,17,17,17,17,17,17,17,17,17
481831,1,1,1993,0,0,0,0,0,0,0,0,0,0
481832,1,1,1993,15,15,7,13,13,4,15,0,0,0
481833,1,1,1993,22,22,22,22,22,22,22,22,22,22
481834,1,1,1993,0,0,0,0,0,0,0,0,0,0
481834,2,1,1993,0,0,0,0,0,0,0,0,0,0
481835,0,1,1993,0,0,12,0,40,0,0,0,0,0
481835,0,2,1993,0,0,25,19,0,0,25,23,16,0
481835,1,1,1993,0,0,0,0,0,0,0,0,0,0
481835,2,1,1993,0,0,7,0,0,15,0,0,21,0
481835,3,1,1993,0,0,12,18,16,0,13,14,0,13
481836,1,1,1993,0,0,0,0,0,0,0,0,0,0
481837,1,1,1993,0,0,0,0,0,0,0,0,0,0
481837,2,1,1993,0,0,0,0,0,0,0,0,0,0
481837,3,1,1993,0,0,0,0,0,0,12,0,0,5
481838,1,1,1993,0,0,0,0,0,0,0,0,0,0
481838,2,1,1993,0,0,0,0,0,0,0,0,0,0
481838,3,1,1993,0,0,0,0,0,0,0,0,0,0
481839,1,1,1993,27,27,27,27,27,27,27,27,27,27
481839,2,1,1993,0,0,0,0,5,0,0,0,22,23
481840,1,1,1993,13,21,20,22,27,17,18,22,18,31
481841,1,1,1993,16,16,16,16,16,16,16,16,16,16
481842,1,1,1993,18,18,18,18,18,18,18,18,18,18
481843,0,1,1993,15,15,15,15,15,15,15,15,15,15
481843,1,1,1993,0,17,0,0,0,0,5,24,0,0
481844,1,1,1993,0,0,0,10,22,0,0,11,16,0
481845,1,1,1993,0,0,36,0,0,0,0,0,0,14
481845,2,1,1993,0,0,0,0,0,0,0,0,0,0
481845,3,1,1993,0,0,13,0,0,0,0,0,0,8
481846,1,1,1993,0,0,0,0,0,0,0,16,0,0
481846,2,1,1993,0,0,0,12,0,0,0,0,31,0
481847,1,1,1993,0,0,0,0,0,0,0,0,0,0
481847,2,1,1993,0,0,0,0,0,0,0,0,0,0
481848,1,1,1993,0,0,0,0,0,0,0,0,0,0
481848,2,1,1993,9,9,9,9,9,9,9,9,9,9
481849,1,1,1993,0,0,0,0,0,0,0,0,0,12
481850,1,1,1993,0,0,0,14,0,0,0,0,0,0
481851,1,1,1993,0,36,22,7,0,14,0,0,24,20
481853,1,1,1993,0,0,0,7,0,0,0,0,0,0
481853,2,1,1993,0,0,0,0,0,0,0,0,0,0
481854,1,1,1993,0,0,0,0,0,0,0,0,0,0
481854,2,1,1993,10,10,10,10,10,10,10,10,10,10
481854,3,1,1993,0,0,8,0,0,0,8,0,5,0
481855,1,1,1993,0,0,0,0,0,0,0,0,0,0
481855,2,1,1993,0,0,0,0,0,0,0,0,0,0
481856,1,1,1993,0,0,0,0,0,0,0,0,0,0
481856,2,1,1993,0,0,0,0,0,0,0,0,0,0
481857,1,1,1993,0,0,15,0,0,0,0,0,0,0
481858,0,1,1993,0,0,17,0,0,0,0,0,0,0
481858,1,1,1993,0,0,0,0,0,0,0,0,0,0
481859,1,1,1993,20,0,0,0,0,0,0,0,0,0
481859,2,1,1993,0,0,0,0,0,0,0,0,0,0
481860,0,1,1993,4,4,4,4,4,4,4,4,4,4
481860,1,1,1993,0,0,0,3,0,0,0,0,0,0
481861,1,1,1993,0,0,0,14,0,0,10,0,9,0
481861,2,1,1993,8,17,22,2,12,20,5,0,0,15
481861,3,1,1993,12,12,12,12,12,12,12,12,12,12
481862,1,1,1993,0,0,21,13,14,8,12,0,0,20
481863,1,1,1993,0,0,0,0,26,0,0,0,0,0
481863,2,1,1993,0,0,0,13,0,0,0,0,0,0
481864,1,1,1993,0,0,0,0,0,0,0,0,0,0
481865,0,1,1993,0,0,0,0,0,0,0,0,0,0
481865,1,1,1993,0,0,0,0,0,0,0,0,0,0
481866,1,1,1993,0,0,0,0,0,0,0,0,0,0
481866,2,1,1993,31,31,31,31,31,31,31,31,31,31
481867,1,1,1993,0,0,0,0,0,0,0,0,0,0
481868,1,1,1993,13,13,13,13,13,13,13,13,13,13
481869,1,1,1993,0,0,0,0,0,0,0,0,0,0
481870,1,1,1993,0,0,0,5,0,21,0,0,13,0
481871,0,1,1993,0,0,0,0,0,0,0,0,0,0
481871,1,1,1993,0,0,10,0,0,0,20,0,0,0
481872,1,1,1993,16,16,16,16,16,16,16,16,16,16
481873,1,1,1993,18,18,18,18,18,18,18,18,18,18
481874,1,1,1993,0,0,0,0,0,0,0,0,0,23
481874,2,1,1993,0,0,0,0,0,0,11,0,0,0
481875,1,1,1993,13,13,13,13,13,13,13,13,13,13
481876,1,1,1993,17,17,17,17,17,17,17,17,17,17
481876,2,1,1993,10,6,0,0,20,10,36,12,7,10
481877,1,1,1993,0,0,0,0,0,0,0,0,0,0
481877,2,1,1993,0,0,0,0,0,0,0,0,0,0
481878,1,1,1993,19,19,19,19,19,19,19,19,19,19
481879,1,1,1993,24,24,24,24,24,24,24,24,24,24
481880,1,1,1993,13,13,13,13,13,13,13,13,13,13
481880,2,1,1993,10,0,0,17,0,5,9,0,0,0
481881,1,1,1993,2,2,2,2,2,2,2,2,2,2
481882,1,1,1993,27,28,0,0,8,0,15,0,0,0
481882,2,1,1993,0,0,0,0,0,0,11,0,0,0
481883,1,1,1993,0,0,0,0,0,0,0,0,0,0
481884,1,1,1993,5,0,13,14,0,0,0,0,0,11
481885,1,1,1993,0,0,21,0,0,0,11,0,0,0
481886,1,1,1993,30,30,30,30,30,30,30,30,30,30
481887,1,1,1993,20,20,20,20,20,20,20,20,20,20
481888,0,1,1993,0,0,0,0,0,0,0,0,0,0
481888,1,1,1993,0,2,0,0,0,0,0,0,0,0
481889,1,1,1993,0,0,0,0,0,0,0,0,0,0
481889,2,1,1993,0,0,0,0,0,23,0,0,0,0
481890,1,1,1993,5,0,0,8,0,6,15,0,22,24
481892,1,1,1993,0,0,0,0,0,0,0,0,0,0
481892,2,1,1993,0,0,0,0,0,0,0,0,0,0
481893,1,1,1993,0,0,33,0,0,0,0,0,0,0
481893,2,1,1993,0,0,0,0,0,0,0,0,0,0
481894,1,1,1993,10,10,10,10,10,10,10,10,10,10
481895,0,1,1993,13,13,13,13,13,13,13,13,13,13
481895,1,1,1993,0,0,0,0,0,0,0,0,0,0
481896,1,1,1993,0,0,0,0,0,0,0,0,0,0
481897,1,1,1993,0,0,0,0,0,0,0,0,0,0
481898,1,1,1993,0,0,0,0,0,0,0,0,0,0
481898,2,1,1993,0,0,0,0,0,0,0,0,0,0
481899,1,1,1993,0,0,0,0,0,0,0,0,0,0
481899,2,1,1993,18,18,18,18,18,18,18,18,18,18
481900,1,1,1993,0,0,0,35,0,0,0,0,0,0
481901,1,1,1993,0,36,11,19,0,0,0,25,15,30
481901,2,1,1993,0,5,0,0,18,0,0,8,0,16
481902,0,1,1993,0,0,0,0,0,0,0,0,0,0
481902,1,1,1993,21,0,18,17,21,0,25,0,0,0
481903,1,1,1993,0,0,0,0,0,0,0,0,0,0
481903,2,1,1993,0,0,0,0,0,0,0,4,0,0
481904,0,1,1993,19,0,13,0,0,0,0,14,0,0
481904,1,1,1993,0,0,0,0,0,0,0,0,0,0
481905,1,1,1993,0,0,0,0,0,0,0,0,0,0
481905,2,1,1993,0,0,0,0,0,0,0,0,0,0
481906,0,1,1993,0,0,0,0,0,0,0,0,0,0
481906,1,1,1993,15,25,0,0,0,11,0,22,0,0
481907,1,1,1993,0,0,0,0,0,0,0,0,29,0
481908,1,1,1993,0,7,0,3,6,0,0,15,0,0
481909,1,1,1993,0,0,0,0,0,0,6,0,0,0
481910,1,1,1993,0,0,0,0,0,0,0,0,0,0
481910,2,1,1993,0,3,0,0,0,0,0,0,0,0
481911,0,1,1993,0,0,0,0,0,0,0,0,0,0
481911,1,1,1993,0,31,12,22,28,0,0,15,13,0
481912,1,1,1993,4,4,4,4,4,4,4,4,4,4
481912,2,1,1993,0,0,0,0,0,0,0,0,0,0
481913,1,1,1993,0,0,0,0,0,0,0,0,0,0
481914,1,1,1993,14,0,0,0,0,0,0,0,0,0
481914,2,1,1993,0,15,0,0,0,4,0,0,0,0
481915,1,1,1993,21,21,21,21,21,21,21,21,21,21
481916,1,1,1993,13,13,12,14,15,33,13,15,23,21
481917,1,1,1993,0,0,0,0,0,0,0,6,0,0
481917,2,1,1993,16,14,3,19,21,0,0,3,10,23