ST_CASE,VEH_NO,PER_NO,YEAR,P1,P2,P3,P4,P5,P6,P7,P8,P9,P10
481918,1,1,1993,9,0,0,0,0,0,0,0,0,5
481919,1,1,1993,15,0,0,0,0,14,0,0,0,0
481919,2,1,1993,0,0,0,0,0,0,0,0,0,0
481920,1,1,1993,0,0,9,0,0,0,0,0,0,0
481921,1,1,1993,4,4,4,4,4,4,4,4,4,4
481921,2,1,1993,24,24,24,24,24,24,24,24,24,24
481922,1,1,1993,8,8,8,8,8,8,8,8,8,8
481923,1,1,1993,31,0,0,0,0,27,0,0,12,0
481924,1,1,1993,0,0,0,0,11,0,0,0,0,0
481925,1,1,1993,0,0,0,20,0,0,0,0,0,0
481925,2,1,1993,0,0,0,0,0,0,0,0,0,0
481926,1,1,1993,0,0,0,0,0,28,0,0,0,0
481926,2,1,1993,0,0,0,0,16,0,0,0,0,0
481927,1,1,1993,26,26,26,26,26,26,26,26,26,26
481928,1,1,1993,0,0,0,0,0,0,0,0,0,0
481928,2,1,1993,0,0,0,0,0,0,0,0,0,0
481929,1,1,1993,19,19,15,23,9,25,21,0,26,32
481930,1,1,1993,18,18,18,18,18,18,18,18,18,18
481931,1,1,1993,19,19,19,19,19,19,19,19,19,19
481931,2,1,1993,0,0,0,0,0,0,0,0,0,0
481932,1,1,1993,6,6,6,6,6,6,6,6,6,6
481933,0,1,1993,0,0,0,0,26,0,14,0,0,0
481933,1,1,1993,7,0,0,0,21,0,0,0,0,0
481934,1,1,1993,0,0,0,0,0,0,0,0,0,0
481935,1,1,1993,26,26,26,26,26,26,26,26,26,26
481936,1,1,1993,21,21,21,21,21,21,21,21,21,21
481937,1,1,1993,21,0,30,0,23,0,0,0,0,0
481938,1,1,1993,0,0,0,0,0,0,0,0,0,0
481938,2,1,1993,0,0,0,7,0,0,0,0,0,0
481939,1,1,1993,0,0,0,0,0,17,0,0,18,28
481940,1,1,1993,12,12,12,12,12,12,12,12,12,12
481940,2,1,1993,22,22,22,22,22,22,22,22,22,22
481941,1,1,1993,1,1,1,1,1,1,1,1,1,1
481942,1,1,1993,16,16,16,16,16,16,16,16,16,16
481943,1,1,1993,0,0,0,0,0,0,0,0,18,0
481943,2,1,1993,0,0,0,0,0,0,0,0,0,0
481944,0,1,1993,24,24,24,24,24,24,24,24,24,24
481944,1,1,1993,0,0,0,19,0,20,0,0,0,0
481945,1,1,1993,10,0,14,15,12,6,0,7,0,0
481946,1,1,1993,18,18,18,18,18,18,18,18,18,18
481947,0,1,1993,0,0,0,0,0,0,0,0,0,0
481947,1,1,1993,22,10,10,12,25,12,6,11,0,16
481948,1,1,1993,0,0,0,0,0,0,0,0,0,0
481949,1,1,1993,0,0,0,0,0,0,0,0,0,0
481949,2,1,1993,0,0,0,0,11,0,0,0,11,0
481950,1,1,1993,0,0,0,18,18,0,0,0,0,0
481951,1,1,1993,16,16,16,16,16,16,16,16,16,16
481952,0,1,1993,0,0,0,0,0,0,0,0,0,0
481952,1,1,1993,0,0,0,0,0,0,0,0,0,0
481952,2,1,1993,0,0,0,0,0,0,0,0,0,0
481953,0,1,1993,0,0,0,0,0,0,0,0,0,0
481953,1,1,1993,0,0,0,0,0,0,0,0,0,0
481954,1,1,1993,28,17,15,29,48,26,16,32,0,13
481955,1,1,1993,0,0,0,0,0,0,0,25,26,0
481955,2,1,1993,0,0,0,0,0,0,0,0,0,0
481956,1,1,1993,0,0,0,0,0,0,0,0,0,0
481956,2,1,1993,1,1,1,1,1,1,1,1,1,1
481957,1,1,1993,18,18,18,18,18,18,18,18,18,18
481958,1,1,1993,0,26,0,0,0,0,0,0,0,0
481959,1,1,1993,13,12,0,0,0,9,0,23,0,27
481959,2,1,1993,0,0,0,0,0,0,0,0,0,0
481960,1,1,1993,0,0,0,0,0,0,0,0,0,0
481960,2,1,1993,0,0,0,7,0,0,3,0,0,0
481961,1,1,1993,0,0,0,0,0,0,0,0,0,0
481961,2,1,1993,0,0,0,0,0,0,0,0,0,0
481962,1,1,1993,0,0,0,0,0,0,5,10,5,0
481962,2,1,1993,8,0,12,28,0,26,25,0,0,9
481963,1,1,1993,13,13,13,13,13,13,13,13,13,13
481963,2,1,1993,0,0,0,0,0,0,0,0,0,0
481964,1,1,1993,12,12,12,12,12,12,12,12,12,12
481964,2,1,1993,0,0,0,0,0,0,0,0,0,0
481964,3,1,1993,0,0,0,0,0,0,0,0,0,0
481965,1,1,1993,0,0,0,0,0,0,0,0,0,0
481965,2,1,1993,0,0,0,0,0,0,0,0,0,0
481966,1,1,1993,0,0,0,0,0,0,0,0,0,0
481967,1,1,1993,0,40,28,16,20,30,36,20,27,17
481968,1,1,1993,9,9,9,9,9,9,9,9,9,9
481969,0,1,1993,0,32,0,19,28,21,22,32,17,0
481969,1,1,1993,0,0,0,0,0,0,0,0,0,0
481969,2,1,1993,28,0,0,0,0,0,0,0,0,0
481970,0,1,1993,0,0,0,0,0,9,0,0,0,39
481970,1,1,1993,0,0,0,0,0,0,0,0,0,0
481971,0,1,1993,0,0,0,0,11,10,0,0,13,5
481971,0,2,1993,0,20,0,0,0,0,0,0,0,0
481971,1,1,1993,21,21,21,21,21,21,21,21,21,21
481972,1,1,1993,17,32,21,8,20,20,22,22,18,21
481973,1,1,1993,0,0,0,0,0,0,0,0,0,0
481974,1,1,1993,0,0,0,0,0,0,0,0,0,0
481974,2,1,1993,0,0,0,0,0,0,0,0,0,0
481975,0,1,1993,16,16,16,16,16,16,16,16,16,16
481975,1,1,1993,0,17,0,0,0,6,0,25,0,0
481976,0,1,1993,10,0,12,11,18,0,46,31,0,0
481976,1,1,1993,0,0,0,3,0,0,0,17,0,0
481977,1,1,1993,26,38,28,19,22,24,21,20,28,0
481978,1,1,1993,8,15,24,8,20,0,0,15,0,0
481979,0,1,1993,0,0,0,0,0,0,0,0,0,0
481979,1,1,1993,0,0,0,13,0,0,0,0,0,0
481980,0,1,1993,0,0,0,0,0,0,0,0,0,0
481980,1,1,1993,0,0,28,0,0,0,0,0,0,16
481981,1,1,1993,26,26,26,26,26,26,26,26,26,26
481982,1,1,1993,20,20,20,20,20,20,20,20,20,20
481982,2,1,1993,0,0,0,0,0,0,0,0,0,0
481982,3,1,1993,12,0,18,5,0,0,11,0,0,0
481983,1,1,1993,0,0,0,20,0,0,0,0,16,2
481983,2,1,1993,7,0,0,0,0,0,0,0,19,11
481984,1,1,1993,23,14,27,11,14,14,37,4,8,14
481984,2,1,1993,0,0,0,0,26,0,0,24,0,21
481985,0,1,1993,35,35,35,35,35,35,35,35,35,35
481985,1,1,1993,0,2,0,0,4,15,13,0,0,20
481986,1,1,1993,30,30,30,30,30,30,30,30,30,30
481986,2,1,1993,0,0,0,0,0,0,0,0,0,0
481987,1,1,1993,0,0,0,0,0,0,0,0,0,0
481988,1,1,1993,0,0,0,0,0,0,0,0,0,0
481988,2,1,1993,6,0,0,0,0,0,0,0,0,0
481989,1,1,1993,23,23,23,23,23,23,23,23,23,23
481989,2,1,1993,0,0,0,0,0,0,17,0,0,2
481990,0,1,1993,14,14,14,14,14,14,14,14,14,14
481990,1,1,1993,0,0,16,0,10,0,0,0,0,0
481991,1,1,1993,4,4,4,4,4,4,4,4,4,4
481991,2,1,1993,18,18,18,18,18,18,18,18,18,18
481992,1,1,1993,22,22,22,22,22,22,22,22,22,22
481993,1,1,1993,6,6,6,6,6,6,6,6,6,6
481994,0,1,1993,0,25,11,0,0,15,44,0,0,0
481994,1,1,1993,0,0,0,0,0,0,0,0,0,0
481995,1,1,1993,8,3,0,0,0,0,0,0,0,0
481995,2,1,1993,0,36,0,22,0,18,0,10,6,21
481996,1,1,1993,40,7,0,0,20,0,18,19,0,9
481997,1,1,1993,26,18,8,29,15,10,13,25,12,13
481998,1,1,1993,0,0,0,0,0,0,0,0,0,0
481999,1,1,1993,6,6,6,6,6,6,6,6,6,6
482000,1,1,1993,0,0,12,0,0,0,22,0,0,0
482000,2,1,1993,8,0,0,0,0,0,4,0,0,0
482001,1,1,1993,20,20,20,20,20,20,20,20,20,20
482002,1,1,1993,0,0,0,0,0,0,0,0,0,0
482003,1,1,1993,23,23,23,23,23,23,23,23,23,23
482004,1,1,1993,0,0,0,0,0,0,0,0,0,0
482004,2,1,1993,0,0,0,0,0,0,0,0,0,0
482004,3,1,1993,0,0,0,0,0,0,0,0,0,0
482005,1,1,1993,0,0,0,0,0,0,0,0,0,0
482005,2,1,1993,0,0,0,0,0,0,0,0,0,0
482006,1,1,1993,29,0,0,8,24,0,0,27,15,31
482007,1,1,1993,13,13,13,13,13,13,13,13,13,13
482008,1,1,1993,0,0,0,0,0,0,0,0,0,0
482009,1,1,1993,13,14,0,0,13,0,0,24,0,0
482009,2,1,1993,0,0,0,0,0,0,0,0,0,0
482010,1,1,1993,19,11,0,23,16,12,16,14,18,12
482011,1,1,1993,8,24,0,0,14,0,9,28,0,0
482012,0,1,1993,9,0,0,0,0,0,0,0,0,0
482012,0,2,1993,0,0,0,24,0,0,0,0,0,0
482012,1,1,1993,0,0,0,0,0,0,0,0,0,0
482013,1,1,1993,7,12,0,0,0,0,0,0,0,0
482014,1,1,1993,0,0,0,0,0,0,0,0,0,0
482015,1,1,1993,0,0,0,0,0,0,0,0,0,0
482015,2,1,1993,0,0,0,0,0,0,0,0,0,0
482015,3,1,1993,0,0,0,0,0,0,0,0,0,0
482015,4,1,1993,0,0,0,0,0,0,0,0,0,0
482016,1,1,1993,8,8,8,8,8,8,8,8,8,8
482017,1,1,1993,0,0,0,0,0,0,0,0,0,0
482017,2,1,1993,0,0,0,0,0,0,0,10,0,0
482018,1,1,1993,0,0,0,0,0,0,0,0,0,0
482018,2,1,1993,20,20,20,20,20,20,20,20,20,20
482019,1,1,1993,0,16,0,0,0,0,0,0,0,0
482020,0,1,1993,12,12,12,12,12,12,12,12,12,12
482020,1,1,1993,22,22,22,22,22,22,22,22,22,22
482021,1,1,1993,19,0,0,0,0,6,0,0,0,0
482021,2,1,1993,0,11,23,0,9,0,0,0,0,14
482022,1,1,1993,17,17,17,17,17,17,17,17,17,17
482023,1,1,1993,22,22,22,22,22,22,22,22,22,22
482023,2,1,1993,0,5,0,0,0,0,0,0,0,0
482024,1,1,1993,0,0,0,0,0,0,0,0,14,0
482024,2,1,1993,0,0,0,0,0,0,0,0,0,0
482025,1,1,1993,10,10,10,10,10,10,10,10,10,10
482026,1,1,1993,34,34,34,34,34,34,34,34,34,34
482027,1,1,1993,14,0,9,0,20,0,0,17,0,0
482027,2,1,1993,0,0,0,0,0,0,0,0,20,0
482028,0,1,1993,5,5,5,5,5,5,5,5,5,5
482028,1,1,1993,0,0,11,21,42,0,22,12,7,13
482029,0,1,1993,0,0,0,0,0,0,0,0,0,0
482029,1,1,1993,0,12,0,0,0,0,21,0,14,26
482030,1,1,1993,28,28,28,28,28,28,28,28,28,28
482031,1,1,1993,0,0,0,0,0,0,0,0,0,0
482032,0,1,1993,3,21,16,26,25,30,13,23,28,22
482032,1,1,1993,0,17,0,0,11,0,19,0,0,0
482033,1,1,1993,0,0,0,0,0,0,0,0,0,0
482033,2,1,1993,0,0,0,0,0,0,5,18,14,0
482034,1,1,1993,12,12,12,12,12,12,12,12,12,12
482034,2,1,1993,0,0,0,0,0,0,0,0,0,0
482036,0,1,1993,23,10,23,52,16,40,21,38,11,22
482036,1,1,1993,0,0,0,0,0,0,0,0,0,0
482037,0,1,1993,0,0,11,0,0,0,0,0,0,0
482037,1,1,1993,15,0,0,0,0,14,0,0,18,0
482038,1,1,1993,0,24,5,7,15,0,15,0,9,12
482038,2,1,1993,0,0,0,0,0,0,0,0,0,0
482039,1,1,1993,0,0,0,0,0,0,0,0,0,0
482039,2,1,1993,8,5,0,0,0,0,0,0,15,0
482039,3,1,1993,0,0,0,0,0,0,0,0,0,0
482040,1,1,1993,15,15,15,15,15,15,15,15,15,15
482040,2,1,1993,0,0,0,0,0,0,0,0,0,0
482041,1,1,1993,0,0,0,0,0,0,0,0,0,0
482041,2,1,1993,0,0,0,0,0,0,0,0,0,0
482042,1,1,1993,2,2,2,2,2,2,2,2,2,2
482043,1,1,1993,0,0,0,0,0,0,0,0,0,0
482044,1,1,1993,0,0,0,0,0,0,0,0,0,0
482044,2,1,1993,0,0,16,0,0,0,0,0,0,0
482045,1,1,1993,27,23,24,15,12,29,10,19,22,14
482046,1,1,1993,11,19,0,0,0,0,0,0,0,0
482046,2,1,1993,0,0,0,0,0,0,0,0,0,0
482047,1,1,1993,23,23,23,23,23,23,23,23,23,23
482047,2,1,1993,0,6,17,0,0,0,0,0,11,18
482048,1,1,1993,0,0,29,0,0,0,0,0,0,0
482048,2,1,1993,0,0,0,0,0,0,0,0,0,0
482048,3,1,1993,0,0,0,0,0,0,0,0,0,0
482048,4,1,1993,0,0,0,0,0,0,0,0,0,0
482049,1,1,1993,11,13,0,0,9,0,6,9,24,0
482050,1,1,1993,0,0,0,0,0,0,0,0,0,0
482051,1,1,1993,16,24,24,34,21,14,19,37,15,28
482052,1,1,1993,6,15,0,11,10,22,9,15,21,10
482053,1,1,1993,15,25,8,25,12,18,18,26,9,30
482054,0,1,1993,14,14,14,14,14,14,14,14,14,14
482054,1,1,1993,19,0,9,0,0,0,2,0,0,14
482055,1,1,1993,10,6,18,13,21,0,13,13,30,0
482055,2,1,1993,24,0,0,0,0,0,0,18,19,0
482056,1,1,1993,30,21,32,29,26,22,23,0,16,35
482057,1,1,1993,21,21,21,21,21,21,21,21,21,21
482058,1,1,1993,1,1,1,1,1,1,1,1,1,1
482058,2,1,1993,0,0,0,0,0,0,0,0,0,0
482059,1,1,1993,18,40,25,16,21,20,0,34,30,13
482060,0,1,1993,0,8,18,0,0,13,17,20,22,17
482060,1,1,1993,0,0,0,0,0,5,10,21,0,0
482061,0,1,1993,0,0,0,0,0,0,0,0,0,0
482061,1,1,1993,0,0,0,0,0,0,13,0,25,0
482062,1,1,1993,0,0,0,0,19,0,7,0,0,0
482062,2,1,1993,0,0,0,0,17,0,0,0,0,0
482063,1,1,1993,0,0,0,0,0,0,0,0,0,0
482063,2,1,1993,1,1,1,1,1,1,1,1,1,1
482064,1,1,1993,18,18,18,18,18,18,18,18,18,18
482065,0,1,1993,26,0,9,0,0,0,2,14,0,0
482065,0,2,1993,0,0,0,0,0,0,0,0,0,0
482065,1,1,1993,14,0,0,0,16,23,21,0,12,6
482066,1,1,1993,18,0,0,0,0,0,0,0,0,0
482067,1,1,1993,26,0,0,0,9,0,0,0,19,0
482068,1,1,1993,0,0,0,0,0,0,0,0,0,0
482068,2,1,1993,0,0,0,0,0,0,0,0,0,0
482068,3,1,1993,0,0,0,0,0,0,0,0,0,0
482068,4,1,1993,0,0,0,0,0,0,0,0,0,0
482069,0,1,1993,0,0,0,0,0,0,0,0,0,0
482069,1,1,1993,0,0,0,0,0,0,0,7,0,0
482070,1,1,1993,0,0,0,0,0,0,0,0,0,0
482070,2,1,1993,0,0,0,0,0,0,0,0,0,0
482070,3,1,1993,0,0,0,0,0,0,0,0,0,0
482071,0,1,1993,0,35,0,0,0,33,12,0,0,0
482071,1,1,1993,0,0,0,0,0,0,0,0,0,0
482072,1,1,1993,19,19,19,19,19,19,19,19,19,19
482072,2,1,1993,0,0,0,0,0,7,0,11,0,0
482072,3,1,1993,0,0,0,0,0,0,0,0,0,0
482073,1,1,1993,7,0,0,0,14,14,0,0,0,0
482074,1,1,1993,0,0,0,0,0,0,0,0,0,0
482074,2,1,1993,0,0,0,0,0,0,0,0,0,0
482075,1,1,1993,16,10,16,19,16,22,21,21,21,11
482075,2,1,1993,0,0,0,0,0,0,0,0,0,0
482076,1,1,1993,17,17,17,17,17,17,17,17,17,17
482077,1,1,1993,0,0,0,0,0,0,0,0,0,0
482077,2,1,1993,0,0,0,0,0,0,0,0,0,0
482078,1,1,1993,24,24,24,24,24,24,24,24,24,24
482079,1,1,1993,22,43,24,20,0,27,21,15,5,7
482080,1,1,1993,0,0,0,0,21,0,0,0,23,0
482080,2,1,1993,0,0,0,0,0,10,7,16,14,0
482081,0,1,1993,0,0,0,0,0,0,0,0,0,0
482081,1,1,1993,14,14,14,14,14,14,14,14,14,14
482082,1,1,1993,0,0,0,0,0,0,0,19,0,0
482082,2,1,1993,0,0,0,0,0,0,0,0,0,0
482083,1,1,1993,0,0,0,0,19,0,0,0,0,0
482084,1,1,1993,15,14,33,0,37,0,0,7,12,0
482085,1,1,1993,0,0,0,0,0,0,0,0,0,0
482086,1,1,1993,12,12,12,12,12,12,12,12,12,12
482087,1,1,1993,24,24,0,11,18,0,0,5,0,0
482088,0,1,1993,18,3,10,22,19,13,30,36,0,30
482088,1,1,1993,12,20,18,0,0,0,0,0,0,20
482089,1,1,1993,28,28,28,28,28,28,28,28,28,28
482090,1,1,1993,0,0,0,11,0,0,0,0,0,0
482090,2,1,1993,13,11,11,19,17,16,12,6,7,25
482091,1,1,1993,0,0,0,0,0,0,0,0,0,0
482092,0,1,1993,15,0,0,28,7,33,0,0,0,10
482092,0,2,1993,17,29,9,0,16,8,0,21,34,27
482092,0,3,1993,18,11,34,26,35,13,4,8,17,0
482092,0,4,1993,26,21,9,9,8,19,23,26,6,29
482092,1,1,1993,0,0,32,23,16,15,28,15,12,16
482093,1,1,1993,4,4,4,4,4,4,4,4,4,4
482094,1,1,1993,12,21,24,12,11,16,20,22,7,8
482095,1,1,1993,23,23,23,23,23,23,23,23,23,23
482095,2,1,1993,0,0,0,0,0,0,0,0,0,13
482096,1,1,1993,22,22,22,22,22,22,22,22,22,22
482097,1,1,1993,19,0,0,0,0,0,0,14,0,16
482098,1,1,1993,7,7,7,7,7,7,7,7,7,7
482098,2,1,1993,18,18,18,18,18,18,18,18,18,18
482099,1,1,1993,13,13,13,13,13,13,13,13,13,13
482100,1,1,1993,30,30,30,30,30,30,30,30,30,30
482101,1,1,1993,17,17,17,17,17,17,17,17,17,17
482102,1,1,1993,21,22,17,14,25,16,19,16,26,24
482103,0,1,1993,0,0,0,0,0,0,0,0,0,0
482103,1,1,1993,0,0,0,0,0,0,0,0,0,13
482104,1,1,1993,0,0,0,0,0,0,22,0,0,0
482104,2,1,1993,0,0,0,0,0,0,0,0,0,0
482104,3,1,1993,0,0,0,0,0,0,0,0,0,0
482105,1,1,1993,15,15,15,15,15,15,15,15,15,15
482106,0,1,1993,13,16,0,0,0,21,0,20,0,39
482106,1,1,1993,32,32,32,32,32,32,32,32,32,32
482107,1,1,1993,12,12,12,12,12,12,12,12,12,12
482107,2,1,1993,0,0,0,0,0,27,27,15,0,0
482108,1,1,1993,0,0,0,0,0,0,0,0,0,0
482108,2,1,1993,0,0,0,0,0,0,0,0,0,0
482109,1,1,1993,12,12,12,12,12,12,12,12,12,12
482110,1,1,1993,0,0,0,0,5,0,0,0,0,0
482110,2,1,1993,0,0,0,0,0,0,0,0,0,0
482111,1,1,1993,0,0,0,0,0,0,6,0,0,0
482111,2,1,1993,0,0,0,0,8,0,0,0,0,0
482112,1,1,1993,0,0,0,0,0,0,0,0,0,0
482112,2,1,1993,0,0,0,0,0,0,0,0,0,0
482113,0,1,1993,0,0,0,0,0,0,0,0,0,33
482113,1,1,1993,0,0,0,0,0,0,0,0,0,0
482114,0,1,1993,9,0,0,0,0,0,0,17,16,0
482114,0,2,1993,13,0,0,29,0,0,16,0,37,0
482114,1,1,1993,0,0,0,0,0,0,0,0,0,0
482114,2,1,1993,0,20,0,0,3,0,21,0,0,0
482114,3,1,1993,0,0,0,0,0,19,0,0,0,0
482115,1,1,1993,0,0,0,0,0,0,0,0,0,0
482116,1,1,1993,24,24,24,24,24,24,24,24,24,24
482117,1,1,1993,0,0,0,0,0,0,0,0,0,0
482118,1,1,1993,0,0,0,0,0,0,0,0,0,0
482119,1,1,1993,19,19,19,19,19,19,19,19,19,19
482120,1,1,1993,8,8,8,8,8,8,8,8,8,8
482121,0,1,1993,0,0,0,0,0,12,12,0,35,0
482121,1,1,1993,0,0,0,0,0,0,0,17,0,0
482122,1,1,1993,20,20,20,20,20,20,20,20,20,20
482122,2,1,1993,0,0,0,0,0,0,0,0,0,0
482123,1,1,1993,0,31,20,34,21,23,0,11,0,0
482124,1,1,1993,0,0,0,0,0,0,0,0,0,0
482124,2,1,1993,31,31,31,31,31,31,31,31,31,31
482125,1,1,1993,0,0,0,0,0,0,0,0,0,0
482125,2,1,1993,0,0,0,0,0,0,0,0,0,0
482126,0,1,1993,6,0,0,0,0,0,0,0,0,0
482126,1,1,1993,0,0,0,0,0,0,0,0,0,0
482126,2,1,1993,0,0,0,0,0,0,0,0,0,0
482126,3,1,1993,0,0,0,0,0,0,0,0,0,0
482127,1,1,1993,0,0,0,0,0,0,7,0,0,0
482127,2,1,1993,0,0,0,0,0,0,0,0,0,0
482128,1,1,1993,0,14,0,0,0,0,0,0,12,0
482128,2,1,1993,0,0,0,0,0,0,0,0,0,0
482128,3,1,1993,0,6,0,0,0,0,0,0,0,0
482129,1,1,1993,0,0,0,0,0,0,0,0,9,0
482129,2,1,1993,0,0,0,0,0,0,0,0,0,0
482131,1,1,1993,27,27,27,27,27,27,27,27,27,27
482132,1,1,1993,28,28,28,28,28,28,28,28,28,28
482133,1,1,1993,17,17,17,17,17,17,17,17,17,17
482134,1,1,1993,20,20,20,20,20,20,20,20,20,20
482135,0,1,1993,21,8,20,26,31,17,21,32,20,12
482135,1,1,1993,0,0,0,0,0,0,0,0,0,0
482136,0,1,1993,13,0,0,0,0,19,0,0,0,0
482136,1,1,1993,0,0,0,0,0,0,0,0,0,0
482137,1,1,1993,0,0,0,0,0,0,0,0,0,0
482137,2,1,1993,0,0,0,0,0,0,0,0,0,0
482138,0,1,1993,0,30,0,0,0,0,0,0,0,10
482138,1,1,1993,0,0,0,0,0,0,0,0,0,0
482138,2,1,1993,0,0,0,0,0,0,0,0,0,0
482139,0,1,1993,0,0,0,0,0,0,0,0,0,0
482139,1,1,1993,0,0,0,0,0,0,0,0,0,0
482140,1,1,1993,8,8,8,8,8,8,8,8,8,8
482140,2,1,1993,0,0,0,0,0,0,0,0,7,0
482141,1,1,1993,0,0,0,0,0,2,0,0,0,0
482141,2,1,1993,0,0,0,0,0,0,0,0,0,0
482142,1,1,1993,14,14,14,14,14,14,14,14,14,14
482142,2,1,1993,0,0,0,0,0,0,0,0,0,0
482143,1,1,1993,0,0,0,0,0,7,0,0,0,0
482144,0,1,1993,0,0,0,0,0,0,0,0,0,0
482144,1,1,1993,0,0,0,0,0,0,0,0,0,0
482145,1,1,1993,0,0,0,0,0,0,0,0,0,0
482145,2,1,1993,0,0,0,0,0,0,0,0,0,0
482146,1,1,1993,15,15,15,15,15,15,15,15,15,15
482147,0,1,1993,30,30,30,30,30,30,30,30,30,30
482147,1,1,1993,0,0,0,0,0,0,0,9,0,10
482147,2,1,1993,0,0,0,0,0,0,0,0,0,0
482147,3,1,1993,0,0,0,0,0,0,0,20,18,0
482147,4,1,1993,11,0,0,9,0,13,0,0,0,6
482148,1,1,1993,0,0,0,0,0,0,0,0,0,0
482148,2,1,1993,0,0,0,0,0,7,0,0,0,0
482149,1,1,1993,0,0,0,0,0,0,0,0,0,0
482150,1,1,1993,15,15,15,15,15,15,15,15,15,15
482150,2,1,1993,0,0,0,0,0,0,0,9,0,10
482151,0,1,1993,16,0,0,11,32,7,22,14,0,25
482151,0,2,1993,0,26,0,14,20,20,15,11,47,16
482151,1,1,1993,0,7,0,0,3,0,0,0,18,4
482152,1,1,1993,0,0,0,0,0,0,0,0,0,0
482153,1,1,1993,0,16,19,8,0,0,11,18,17,19
482153,2,1,1993,0,7,20,0,0,15,18,0,0,14
482154,1,1,1993,25,25,25,25,25,25,25,25,25,25
482154,2,1,1993,13,12,21,12,0,7,9,9,0,0
482155,0,1,1993,31,27,11,13,35,26,39,40,5,27
482155,1,1,1993,0,0,0,0,0,0,0,0,0,0
482156,1,1,1993,21,21,21,21,21,21,21,21,21,21
482157,1,1,1993,13,13,13,13,13,13,13,13,13,13
482157,2,1,1993,0,0,18,0,0,0,6,0,0,0
482158,1,1,1993,0,0,0,0,0,0,0,0,0,0
482159,1,1,1993,0,0,0,0,0,0,0,0,0,0
482160,1,1,1993,0,0,0,24,0,0,0,0,0,0
482161,1,1,1993,0,0,0,29,0,0,0,0,15,0
482161,2,1,1993,0,0,0,0,0,0,0,0,0,0
482162,0,1,1993,0,0,38,0,0,0,0,13,0,0
482162,1,1,1993,33,23,20,18,21,14,20,0,20,21
482163,1,1,1993,0,0,0,0,0,0,0,0,0,0
482163,2,1,1993,0,0,0,0,0,0,0,0,0,0
482164,1,1,1993,0,0,0,0,0,0,0,0,0,0
482164,2,1,1993,0,0,0,0,0,0,0,0,0,0
482165,1,1,1993,14,14,14,14,14,14,14,14,14,14
482165,2,1,1993,7,7,7,7,7,7,7,7,7,7
482166,1,1,1993,0,0,0,0,0,0,0,0,0,0
482166,2,1,1993,0,0,0,0,0,0,0,0,0,0
482167,0,1,1993,44,8,0,28,14,23,0,0,10,15
482167,1,1,1993,0,0,0,0,0,0,0,0,0,0
482168,1,1,1993,22,22,22,22,22,22,22,22,22,22
482168,2,1,1993,7,0,0,0,0,0,0,0,0,0
482169,1,1,1993,0,0,0,0,0,0,0,0,0,25
482169,2,1,1993,4,4,4,4,4,4,4,4,4,4
482169,3,1,1993,0,0,0,0,0,0,0,0,0,0
482170,0,1,1993,0,0,0,43,0,0,0,0,13,0
482170,1,1,1993,0,0,0,0,0,0,0,0,0,0
482172,1,1,1993,0,0,0,0,0,0,0,0,0,0
482173,1,1,1993,0,0,0,0,0,0,0,0,0,0
482173,2,1,1993,0,0,0,0,0,0,0,0,0,0
482174,1,1,1993,0,0,17,0,0,0,0,0,0,0
482175,0,1,1993,0,0,0,0,0,0,0,0,0,0
482175,1,1,1993,0,0,0,0,0,0,0,0,0,0
482176,1,1,1993,13,13,13,13,13,13,13,13,13,13
482176,2,1,1993,0,0,14,0,13,5,0,6,8,0
482177,1,1,1993,0,0,0,0,0,0,0,0,0,0
482177,2,1,1993,0,0,0,0,0,0,0,0,24,0
482178,1,1,1993,16,16,16,16,16,16,16,16,16,16
482178,2,1,1993,0,0,12,0,0,0,0,0,0,0
482179,1,1,1993,24,17,14,13,30,37,8,13,21,18
482180,1,1,1993,0,0,0,25,0,0,0,0,0,0
482181,1,1,1993,12,12,12,12,12,12,12,12,12,12
482182,0,1,1993,0,0,0,0,39,0,22,0,0,0
482182,1,1,1993,16,0,0,0,0,0,0,0,0,0
482183,0,1,1993,0,0,0,0,0,0,0,0,0,0
482183,1,1,1993,0,0,0,0,0,0,0,0,0,0
482184,1,1,1993,8,0,0,19,20,0,7,10,14,0
482185,1,1,1993,16,0,0,15,0,0,0,0,0,0
482185,2,1,1993,11,0,27,0,0,0,0,0,0,0
482186,1,1,1993,0,0,0,13,0,24,0,0,23,0
482186,2,1,1993,20,20,20,20,20,20,20,20,20,20
482187,1,1,1993,26,26,40,9,8,22,0,22,6,13
482188,1,1,1993,0,0,0,0,0,0,0,0,0,0