ST_CASE,VEH_NO,PER_NO,YEAR,P1,P2,P3,P4,P5,P6,P7,P8,P9,P10
482188,2,1,1993,0,0,0,0,0,0,0,0,6,0
482189,1,1,1993,0,0,0,0,0,0,0,0,0,0
482189,2,1,1993,13,13,13,13,13,13,13,13,13,13
482190,1,1,1993,0,0,0,0,0,0,0,0,0,0
482190,2,1,1993,0,0,0,0,0,0,0,0,21,0
482191,1,1,1993,15,0,0,25,0,0,0,0,0,0
482191,2,1,1993,0,0,6,0,0,0,5,0,0,0
482192,1,1,1993,35,21,32,24,17,9,16,25,0,13
482193,0,1,1993,0,0,0,0,0,0,0,0,0,0
482194,1,1,1993,0,0,13,13,10,17,0,0,20,0
482194,2,1,1993,0,0,0,0,0,0,0,0,0,0
482195,1,1,1993,0,0,0,0,0,0,0,0,0,0
482196,1,1,1993,0,0,0,0,0,0,0,0,0,15
482197,1,1,1993,13,17,7,35,20,30,32,16,24,17
482198,1,1,1993,28,28,28,28,28,28,28,28,28,28
482198,2,1,1993,0,15,0,0,0,0,19,0,0,0
482199,1,1,1993,0,0,0,0,0,0,0,0,0,0
482199,2,1,1993,0,0,0,0,0,0,0,0,0,0
482200,0,1,1993,0,0,15,11,9,8,32,0,0,0
482200,1,1,1993,0,0,8,0,0,0,0,0,0,0
482201,1,1,1993,14,14,19,22,9,0,9,21,3,25
482202,1,1,1993,0,0,7,0,0,0,0,0,0,0
482203,1,1,1993,0,0,39,21,10,0,0,0,0,15
482203,2,1,1993,0,0,0,0,0,0,0,0,0,0
482204,1,1,1993,23,23,23,23,23,23,23,23,23,23
482205,1,1,1993,19,19,19,19,19,19,19,19,19,19
482206,0,1,1993,0,0,0,0,0,0,0,0,0,0
482206,1,1,1993,0,0,0,0,0,0,15,0,0,0
482207,1,1,1993,0,0,0,0,0,0,0,0,0,0
482208,0,1,1993,29,29,29,29,29,29,29,29,29,29
482208,1,1,1993,0,0,0,0,16,0,0,0,13,0
482209,1,1,1993,26,26,26,26,26,26,26,26,26,26
482209,2,1,1993,0,0,0,0,0,0,0,0,0,0
482210,1,1,1993,0,0,0,0,0,0,0,0,0,0
482211,1,1,1993,0,0,0,3,0,0,0,0,0,0
482211,2,1,1993,21,21,21,21,21,21,21,21,21,21
482212,1,1,1993,0,0,0,0,0,0,0,0,0,0
482213,1,1,1993,26,26,26,26,26,26,26,26,26,26
482214,1,1,1993,0,14,0,0,0,0,0,0,0,0
482214,2,1,1993,30,30,30,30,30,30,30,30,30,30
482215,1,1,1993,20,20,20,20,20,20,20,20,20,20
482216,1,1,1993,21,21,21,21,21,21,21,21,21,21
482216,2,1,1993,0,0,0,0,0,0,0,0,0,0
482217,1,1,1993,2,2,2,2,2,2,2,2,2,2
482217,2,1,1993,0,0,0,0,0,0,0,0,0,0
482218,1,1,1993,14,14,14,14,14,14,14,14,14,14
482219,1,1,1993,26,26,26,26,26,26,26,26,26,26
482220,1,1,1993,26,26,26,26,26,26,26,26,26,26
482221,1,1,1993,0,0,0,0,0,0,0,0,0,3
482221,2,1,1993,0,25,15,0,0,18,0,15,0,0
482222,1,1,1993,0,0,0,0,0,0,0,0,0,0
482222,2,1,1993,0,0,0,0,0,0,0,0,0,12
482223,1,1,1993,0,0,0,0,0,0,0,0,0,0
482223,2,1,1993,0,0,0,0,0,0,0,0,0,0
482224,1,1,1993,0,0,0,0,0,0,0,0,0,0
482225,1,1,1993,0,0,0,0,0,0,0,0,0,0
482226,1,1,1993,20,20,20,20,20,20,20,20,20,20
482227,1,1,1993,0,0,0,0,0,0,0,0,0,0
482227,2,1,1993,0,0,0,0,0,0,0,0,0,0
482228,1,1,1993,10,11,12,24,7,13,0,0,18,29
482229,1,1,1993,23,23,23,23,23,23,23,23,23,23
482229,2,1,1993,7,23,8,0,0,20,0,7,10,20
482229,3,1,1993,0,0,6,24,26,0,16,0,0,0
482229,4,1,1993,21,0,0,0,6,0,19,8,0,12
482230,1,1,1993,0,0,0,11,0,0,0,0,0,0
482230,2,1,1993,0,0,0,0,0,0,0,0,0,0
482231,0,1,1993,0,31,0,21,0,14,13,0,0,21
482231,1,1,1993,0,0,10,0,0,0,0,7,0,12
482232,1,1,1993,24,24,24,24,24,24,24,24,24,24
482233,1,1,1993,18,18,18,18,18,18,18,18,18,18
482234,1,1,1993,2,0,0,3,12,0,20,11,10,0
482235,0,1,1993,0,0,0,0,0,24,0,0,0,0
482235,1,1,1993,0,0,0,0,0,0,0,0,9,0
482236,1,1,1993,0,0,0,0,0,0,0,0,0,0
482236,2,1,1993,0,0,0,0,0,0,0,0,0,0
482237,1,1,1993,13,13,13,13,13,13,13,13,13,13
482238,1,1,1993,0,0,0,0,0,0,0,0,0,0
482238,2,1,1993,0,0,0,0,0,0,0,0,0,0
482239,1,1,1993,21,21,21,21,21,21,21,21,21,21
482240,1,1,1993,0,0,0,0,0,0,0,0,0,0
482240,2,1,1993,10,12,12,15,20,8,8,12,26,7
482241,1,1,1993,0,0,0,0,0,0,0,0,0,0
482241,2,1,1993,0,0,0,0,0,0,0,0,0,0
482242,1,1,1993,0,0,0,0,0,0,0,0,0,0
482242,2,1,1993,6,0,0,0,0,0,0,0,0,0
482243,1,1,1993,21,21,21,21,21,21,21,21,21,21
482244,0,1,1993,36,29,14,27,25,32,20,18,33,13
482244,1,1,1993,8,8,8,8,8,8,8,8,8,8
482245,1,1,1993,31,31,31,31,31,31,31,31,31,31
482246,1,1,1993,23,23,23,23,23,23,23,23,23,23
482247,1,1,1993,29,29,29,29,29,29,29,29,29,29
482247,2,1,1993,0,14,0,0,20,0,0,0,12,0
482247,3,1,1993,0,0,10,0,10,0,8,0,0,0
482248,1,1,1993,0,0,0,0,4,0,0,0,0,0
482249,1,1,1993,14,14,14,14,14,14,14,14,14,14
482249,2,1,1993,0,0,0,0,0,0,0,16,0,20
482250,1,1,1993,0,0,0,0,0,0,2,0,0,0
482251,1,1,1993,31,31,31,31,31,31,31,31,31,31
482251,2,1,1993,0,0,0,0,0,0,0,0,0,0
482252,1,1,1993,31,31,31,31,31,31,31,31,31,31
482252,2,1,1993,9,9,9,9,9,9,9,9,9,9
482253,1,1,1993,0,0,0,13,0,0,0,0,0,15
482253,2,1,1993,0,0,0,0,0,0,0,0,0,0
482254,1,1,1993,0,0,0,0,0,18,0,0,0,0
482254,2,1,1993,0,0,0,0,0,0,0,0,0,0
482255,1,1,1993,0,22,0,0,0,0,0,3,0,0
482255,2,1,1993,18,18,18,18,18,18,18,18,18,18
482256,1,1,1993,14,20,9,11,12,14,7,28,12,32
482257,1,1,1993,17,17,17,17,17,17,17,17,17,17
482258,1,1,1993,31,17,30,18,11,18,24,17,16,8
482259,1,1,1993,17,12,16,0,0,0,0,22,0,0
482260,1,1,1993,14,29,0,0,0,0,0,0,15,9
482260,2,1,1993,3,0,0,0,0,0,0,0,0,0
482260,3,1,1993,0,0,0,0,0,0,0,0,0,0
482261,1,1,1993,0,0,0,0,0,0,0,0,0,0
482262,1,1,1993,0,0,0,8,0,13,0,0,21,0
482263,1,1,1993,0,0,0,0,0,0,0,0,0,0
482263,2,1,1993,0,0,0,11,0,0,0,0,0,0
482264,0,1,1993,0,0,0,0,25,0,0,0,0,0
482264,1,1,1993,29,19,17,28,10,18,17,18,11,10
482265,1,1,1993,0,0,0,0,0,0,0,0,0,0
482266,1,1,1993,0,0,0,0,0,0,0,0,0,0
482266,2,1,1993,0,0,0,0,0,0,0,0,0,0
482267,1,1,1993,19,19,19,19,19,19,19,19,19,19
482267,2,1,1993,0,0,0,0,0,0,0,4,0,0
482268,1,1,1993,0,0,0,23,0,0,7,0,0,0
482269,0,1,1993,0,0,0,0,0,0,0,0,0,0
482269,1,1,1993,0,0,27,0,0,0,0,15,0,0
482270,1,1,1993,14,0,8,30,0,0,0,19,0,18
482271,0,1,1993,0,35,11,38,20,0,28,13,31,29
482271,1,1,1993,0,0,0,0,0,0,0,0,0,0
482272,0,1,1993,0,0,0,0,0,0,0,0,0,0
482272,1,1,1993,0,0,8,0,0,0,0,0,0,0
482273,0,1,1993,0,0,0,0,0,0,0,0,0,0
482273,1,1,1993,24,22,23,21,0,22,18,14,11,15
482274,1,1,1993,28,28,28,28,28,28,28,28,28,28
482274,2,1,1993,0,14,0,0,0,0,0,0,0,0
482275,1,1,1993,0,0,0,0,0,0,0,0,0,0
482275,2,1,1993,0,0,0,0,0,0,0,0,0,0
482276,1,1,1993,0,0,20,0,0,0,0,0,0,0
482277,0,1,1993,10,0,0,24,0,22,0,0,0,0
482277,0,2,1993,8,20,24,3,25,9,0,0,15,28
482277,1,1,1993,19,19,19,19,19,19,19,19,19,19
482278,1,1,1993,0,0,0,0,0,0,0,0,2,0
482278,2,1,1993,0,0,0,0,0,0,0,0,0,0
482279,0,1,1993,13,13,13,13,13,13,13,13,13,13
482279,1,1,1993,11,11,11,11,11,11,11,11,11,11
482280,1,1,1993,0,0,0,0,0,0,0,0,0,0
482280,2,1,1993,0,0,0,19,0,0,0,0,0,0
482281,1,1,1993,0,0,12,0,0,0,0,0,0,0
482281,2,1,1993,0,0,0,0,0,0,0,0,0,0
482282,1,1,1993,11,11,11,11,11,11,11,11,11,11
482283,1,1,1993,23,23,23,23,23,23,23,23,23,23
482284,0,1,1993,8,16,0,20,0,17,0,17,25,0
482284,1,1,1993,6,0,0,15,0,0,0,0,0,0
482285,1,1,1993,22,22,22,22,22,22,22,22,22,22
482286,1,1,1993,8,8,8,8,8,8,8,8,8,8
482286,2,1,1993,0,18,18,14,17,6,0,0,0,16
482287,1,1,1993,0,5,0,8,0,26,0,13,30,20
482288,0,1,1993,0,0,14,14,29,13,33,22,20,26
482288,1,1,1993,0,2,0,0,4,11,0,0,13,0
482289,1,1,1993,13,13,13,13,13,13,13,13,13,13
482289,2,1,1993,0,0,0,0,0,0,0,0,6,0
482290,1,1,1993,7,7,7,7,7,7,7,7,7,7
482290,2,1,1993,3,3,3,3,3,3,3,3,3,3
482291,1,1,1993,22,22,22,22,22,22,22,22,22,22
482292,1,1,1993,0,0,0,0,0,0,0,0,19,0
482293,1,1,1993,20,6,19,24,20,17,12,29,8,19
482293,2,1,1993,0,0,0,0,0,0,0,0,0,0
482294,0,1,1993,10,0,0,0,0,21,16,0,0,6
482294,1,1,1993,0,0,13,0,0,0,0,0,0,0
482295,1,1,1993,18,18,18,18,18,18,18,18,18,18
482295,2,1,1993,16,0,0,13,34,0,0,0,0,0
482296,1,1,1993,0,0,0,0,0,0,0,0,0,0
482296,2,1,1993,0,0,0,0,0,0,0,0,0,0
482297,1,1,1993,0,0,0,0,0,0,0,0,0,0
482298,1,1,1993,0,0,0,0,0,0,0,0,0,0
482298,2,1,1993,0,0,0,0,0,0,0,0,0,0
482299,1,1,1993,0,0,0,0,0,0,0,0,0,0
482299,2,1,1993,0,0,0,0,0,0,0,0,0,0
482300,1,1,1993,13,13,13,13,13,13,13,13,13,13
482301,1,1,1993,0,0,0,0,0,0,0,0,0,0
482301,2,1,1993,0,0,0,0,0,0,0,0,0,0
482302,1,1,1993,21,21,21,21,21,21,21,21,21,21
482302,2,1,1993,0,0,0,0,0,0,0,0,0,0
482303,0,1,1993,5,5,5,5,5,5,5,5,5,5
482303,1,1,1993,0,0,0,0,0,0,0,0,0,0
482303,2,1,1993,0,0,11,0,0,0,0,0,0,0
482304,1,1,1993,21,21,21,21,21,21,21,21,21,21
482305,1,1,1993,20,20,20,20,20,20,20,20,20,20
482306,1,1,1993,31,31,31,31,31,31,31,31,31,31
482306,2,1,1993,0,0,0,19,0,0,17,0,0,0
482307,1,1,1993,23,23,23,23,23,23,23,23,23,23
482308,1,1,1993,16,0,7,20,0,0,15,0,18,0
482309,1,1,1993,0,0,0,0,0,0,0,0,0,0
482309,2,1,1993,0,0,0,0,0,0,0,0,0,0
482310,1,1,1993,0,0,0,0,0,0,0,0,0,0
482310,2,1,1993,0,0,0,0,0,0,18,0,0,0
482311,1,1,1993,0,0,0,0,0,0,0,13,0,0
482312,1,1,1993,17,17,17,17,17,17,17,17,17,17
482312,2,1,1993,0,9,0,0,0,0,0,0,0,0
482313,1,1,1993,0,0,0,0,0,0,0,0,0,0
482313,2,1,1993,0,0,0,0,0,0,0,0,0,0
482314,1,1,1993,12,12,12,12,12,12,12,12,12,12
482315,1,1,1993,24,24,24,24,24,24,24,24,24,24
482316,0,1,1993,16,13,15,22,8,23,19,23,14,16
482316,1,1,1993,0,0,0,19,0,24,0,0,0,18
482317,1,1,1993,35,35,35,35,35,35,35,35,35,35
482317,2,1,1993,12,12,12,12,12,12,12,12,12,12
482318,1,1,1993,5,5,5,5,5,5,5,5,5,5
482319,1,1,1993,0,0,10,0,0,0,0,0,14,13
482320,1,1,1993,0,10,0,0,0,0,0,0,0,0
482320,2,1,1993,0,0,0,0,0,0,22,18,0,10
482321,1,1,1993,19,19,19,19,19,19,19,19,19,19
482322,1,1,1993,0,10,0,0,0,0,0,0,0,0
482322,2,1,1993,29,29,29,29,29,29,29,29,29,29
482323,1,1,1993,21,21,21,21,21,21,21,21,21,21
482323,2,1,1993,1,1,1,1,1,1,1,1,1,1
482324,0,1,1993,18,20,32,18,26,24,39,0,27,0
482324,1,1,1993,0,0,0,0,0,0,0,0,0,0
482325,1,1,1993,19,19,19,19,19,19,19,19,19,19
482326,1,1,1993,18,17,28,18,15,16,35,26,18,5
482327,1,1,1993,5,5,5,5,5,5,5,5,5,5
482327,2,1,1993,0,0,0,0,0,0,0,0,0,0
482327,3,1,1993,0,6,0,0,0,0,0,0,0,0
482328,1,1,1993,0,0,0,0,0,0,0,0,0,0
482328,2,1,1993,0,0,0,0,0,0,0,0,0,0
482328,3,1,1993,0,0,0,29,0,0,0,0,0,0
482329,1,1,1993,11,11,11,11,11,11,11,11,11,11
482330,1,1,1993,26,26,26,26,26,26,26,26,26,26
482330,2,1,1993,0,0,0,0,0,0,0,0,0,0
482331,1,1,1993,0,0,0,0,0,0,0,0,0,0
482332,0,1,1993,6,0,0,0,17,0,0,0,0,0
482332,1,1,1993,0,0,0,0,0,0,0,0,0,0
482333,1,1,1993,0,0,0,0,0,0,0,0,0,0
482333,2,1,1993,0,0,0,0,0,0,0,0,0,0
482333,3,1,1993,0,0,0,0,0,0,0,0,0,0
482334,0,1,1993,6,6,6,6,6,6,6,6,6,6
482334,0,2,1993,9,9,9,9,9,9,9,9,9,9
482334,0,3,1993,41,30,13,0,7,8,0,26,14,0
482334,1,1,1993,0,0,8,0,0,0,0,0,0,0
482335,1,1,1993,14,22,9,19,4,19,22,13,19,16
482336,1,1,1993,7,8,0,0,0,0,0,24,0,12
482336,2,1,1993,0,0,0,0,0,0,0,0,0,0
482337,1,1,1993,0,0,0,0,0,0,0,0,0,0
482337,2,1,1993,0,0,0,0,0,0,14,0,0,0
482338,1,1,1993,15,15,15,15,15,15,15,15,15,15
482339,1,1,1993,0,0,0,0,0,0,0,0,0,0
482340,1,1,1993,0,0,0,0,0,0,0,0,0,0
482340,2,1,1993,25,25,25,25,25,25,25,25,25,25
482340,3,1,1993,0,0,0,0,0,0,0,0,0,0
482341,1,1,1993,10,9,0,12,34,0,10,0,0,34
482341,2,1,1993,0,0,0,0,0,0,0,0,0,0
482342,1,1,1993,22,22,22,22,22,22,22,22,22,22
482343,0,1,1993,0,0,0,0,0,0,0,0,0,0
482343,1,1,1993,0,0,0,0,0,0,0,0,0,0
482344,1,1,1993,0,0,0,0,0,0,0,0,0,0
482344,2,1,1993,0,0,0,0,0,0,0,0,0,0
482345,1,1,1993,21,21,21,21,21,21,21,21,21,21
482346,1,1,1993,14,14,11,10,21,20,9,13,18,9
482346,2,1,1993,43,21,0,0,16,0,0,0,23,0
482347,1,1,1993,0,0,0,0,0,0,0,0,0,0
482347,2,1,1993,0,0,0,0,0,0,0,0,0,0
482348,1,1,1993,26,26,26,26,26,26,26,26,26,26
482349,1,1,1993,18,18,18,18,18,18,18,18,18,18
482350,0,1,1993,25,0,24,0,22,0,15,0,0,31
482350,1,1,1993,0,0,17,11,0,0,0,0,0,0
482351,1,1,1993,13,16,23,19,16,0,0,0,0,21
482351,2,1,1993,0,0,0,0,0,0,0,0,0,0
482352,1,1,1993,19,0,25,0,13,0,0,0,0,0
482352,2,1,1993,0,0,0,0,0,0,0,11,0,0
482353,1,1,1993,0,0,0,0,0,4,0,0,0,0
482353,2,1,1993,0,0,0,0,0,0,0,0,0,0
482354,0,1,1993,0,0,0,0,0,0,0,0,0,0
482354,1,1,1993,0,0,6,0,0,7,17,0,0,0
482355,0,1,1993,21,21,21,21,21,21,21,21,21,21
482355,1,1,1993,0,0,0,0,0,0,0,0,0,0
482356,1,1,1993,22,22,22,22,22,22,22,22,22,22
482356,2,1,1993,0,0,0,0,0,0,0,0,0,0
482357,1,1,1993,18,37,34,23,31,27,26,15,27,23
482358,1,1,1993,20,23,0,0,0,0,0,0,0,0
482359,0,1,1993,0,0,0,0,0,0,0,0,0,0
482359,1,1,1993,0,14,0,0,0,0,0,0,0,0
482360,1,1,1993,3,3,3,3,3,3,3,3,3,3
482361,1,1,1993,30,30,30,30,30,30,30,30,30,30
482362,0,1,1993,24,25,0,0,21,0,31,29,32,23
482362,0,2,1993,17,17,17,17,17,17,17,17,17,17
482362,1,1,1993,32,11,13,13,17,23,9,9,13,19
482363,0,1,1993,0,0,0,0,0,0,0,0,0,0
482363,1,1,1993,0,0,0,0,0,0,0,0,0,0
482364,1,1,1993,13,13,13,13,13,13,13,13,13,13
482365,1,1,1993,16,16,16,16,16,16,16,16,16,16
482366,1,1,1993,8,8,8,8,8,8,8,8,8,8
482367,1,1,1993,26,26,26,26,26,26,26,26,26,26
482367,2,1,1993,24,0,0,11,12,12,9,0,0,0
482368,1,1,1993,9,9,9,9,9,9,9,9,9,9
482369,1,1,1993,41,41,41,41,41,41,41,41,41,41
482370,1,1,1993,14,23,15,28,0,12,18,27,15,15
482371,1,1,1993,0,0,0,0,0,0,0,14,0,0
482372,0,1,1993,23,23,23,23,23,23,23,23,23,23
482372,1,1,1993,0,0,0,0,0,0,5,0,0,0
482373,1,1,1993,28,28,28,28,28,28,28,28,28,28
482374,1,1,1993,20,20,20,20,20,20,20,20,20,20
482375,1,1,1993,23,23,23,23,23,23,23,23,23,23
482376,1,1,1993,14,27,13,15,14,19,34,23,9,0
482377,0,1,1993,0,0,0,0,0,0,0,0,0,0
482377,1,1,1993,0,0,0,0,0,0,0,0,0,0
482378,1,1,1993,0,0,0,0,0,0,0,0,0,0
482378,2,1,1993,0,0,0,0,0,0,0,0,0,0
482379,1,1,1993,0,0,9,0,44,13,0,8,18,0
482380,1,1,1993,28,21,31,9,33,15,26,18,18,25
482380,2,1,1993,0,0,0,0,0,0,0,0,0,0
482381,0,1,1993,26,26,26,26,26,26,26,26,26,26
482381,1,1,1993,0,13,0,0,0,11,0,0,0,0
482382,1,1,1993,34,17,18,22,36,16,31,13,4,12
482383,1,1,1993,17,17,17,17,17,17,17,17,17,17
482384,1,1,1993,0,13,0,0,31,27,13,15,17,36
482384,2,1,1993,0,0,0,0,0,0,0,0,0,0
482385,1,1,1993,0,0,0,0,0,0,0,0,0,0
482386,1,1,1993,0,2,0,0,0,0,0,0,0,0
482386,2,1,1993,0,0,0,0,0,0,0,3,0,0
482387,1,1,1993,0,0,0,0,0,0,0,0,0,0
482387,2,1,1993,0,0,0,0,0,0,0,0,0,0
482388,1,1,1993,32,32,32,32,32,32,32,32,32,32
482389,0,1,1993,3,16,0,22,0,17,30,19,0,15
482389,1,1,1993,6,7,0,0,12,0,0,0,16,19
482390,1,1,1993,0,0,0,0,0,0,0,0,0,0
482391,1,1,1993,10,10,10,10,10,10,10,10,10,10
482392,1,1,1993,0,0,0,0,0,0,0,0,0,0
482393,1,1,1993,0,0,0,0,0,0,0,0,0,0
482393,2,1,1993,0,0,0,0,0,0,0,0,0,0
482394,1,1,1993,0,0,0,0,0,0,0,0,0,0
482394,2,1,1993,0,0,0,0,0,0,0,0,0,0
482395,0,1,1993,0,0,0,0,0,0,0,0,0,0
482395,0,2,1993,0,0,0,0,24,0,0,7,0,0
482396,1,1,1993,21,0,19,35,20,24,24,22,18,36
482397,1,1,1993,0,0,0,0,0,0,0,0,0,0
482397,2,1,1993,0,0,0,0,0,0,0,0,0,0
482398,1,1,1993,0,0,0,0,0,0,0,0,0,0
482398,2,1,1993,0,0,0,0,0,0,0,0,0,0
482399,1,1,1993,16,16,16,16,16,16,16,16,16,16
482399,2,1,1993,0,0,0,0,0,0,0,0,0,0
482400,1,1,1993,0,0,0,13,0,0,0,0,0,0
482401,1,1,1993,0,12,38,10,21,15,3,26,9,25
482402,1,1,1993,0,0,0,0,0,0,0,0,0,0
482403,1,1,1993,0,11,0,0,0,0,0,0,0,0
482403,2,1,1993,0,0,0,0,0,0,0,0,0,0
482403,3,1,1993,0,0,0,0,0,0,0,0,0,0
482404,1,1,1993,0,0,0,0,0,0,0,0,0,0
482404,2,1,1993,0,0,0,0,0,0,0,0,0,0
482404,3,1,1993,0,0,0,0,0,0,0,0,0,0
482405,1,1,1993,17,5,0,17,0,7,0,0,0,0
482406,1,1,1993,8,8,8,8,8,8,8,8,8,8
482406,2,1,1993,0,0,0,0,21,14,0,0,19,9
482407,1,1,1993,9,0,0,0,0,0,0,0,0,0
482407,2,1,1993,0,0,0,0,0,0,0,0,0,0
482407,3,1,1993,0,0,0,0,0,0,0,0,0,0
482407,4,1,1993,30,11,0,0,4,0,0,0,0,0
482407,5,1,1993,0,0,6,0,0,0,0,0,0,0
482408,1,1,1993,0,0,0,0,0,0,0,0,0,0
482409,1,1,1993,0,0,0,0,0,0,0,0,0,0
482410,0,1,1993,40,40,40,40,40,40,40,40,40,40
482410,1,1,1993,13,13,13,13,13,13,13,13,13,13
482411,1,1,1993,0,0,0,0,0,0,0,0,0,0
482411,2,1,1993,0,0,0,0,0,0,0,10,0,0
482412,0,1,1993,14,0,19,5,29,4,22,0,8,7
482412,1,1,1993,0,0,0,0,0,0,0,0,0,0
482413,0,1,1993,0,9,0,0,0,0,0,0,0,0
482413,1,1,1993,0,0,0,18,0,0,0,0,0,0
482414,1,1,1993,0,0,0,0,0,0,0,0,0,0
482415,1,1,1993,0,23,0,12,0,0,0,0,0,0
482415,2,1,1993,0,0,0,0,0,0,0,0,0,0
482416,1,1,1993,0,0,0,0,0,0,0,0,0,12
482416,2,1,1993,0,0,0,0,0,0,0,0,0,14
482417,1,1,1993,0,0,0,0,0,0,0,0,0,0
482418,1,1,1993,0,20,10,0,25,29,14,0,10,0
482419,1,1,1993,0,0,0,8,20,0,9,0,0,0
482419,2,1,1993,0,0,0,0,0,0,0,0,20,0
482420,1,1,1993,0,0,0,0,0,0,0,0,0,0
482420,2,1,1993,0,0,0,0,0,0,0,7,0,0
482420,3,1,1993,0,0,20,0,0,0,0,12,0,0
482421,1,1,1993,0,26,17,4,33,27,23,6,0,0
482422,1,1,1993,0,0,0,0,0,0,0,7,0,0
482422,2,1,1993,0,22,0,19,0,0,0,0,0,11
482423,1,1,1993,17,17,17,17,17,17,17,17,17,17
482423,2,1,1993,0,0,19,0,0,0,29,6,0,0
482423,3,1,1993,0,7,0,14,0,0,0,0,0,25
482423,4,1,1993,30,6,6,0,0,6,0,10,16,23
482424,0,1,1993,0,0,0,0,0,0,0,0,0,0
482424,1,1,1993,0,0,0,0,0,0,0,0,0,0
482425,0,1,1993,18,0,15,14,0,0,0,16,0,22
482425,1,1,1993,0,0,15,0,0,0,0,0,0,0
482426,1,1,1993,0,0,0,0,0,0,0,0,0,0
482426,2,1,1993,21,21,21,21,21,21,21,21,21,21
482427,1,1,1993,21,21,21,21,21,21,21,21,21,21
482427,2,1,1993,0,0,0,0,0,0,0,0,0,0
482428,1,1,1993,0,0,9,0,0,0,0,0,0,0
482428,2,1,1993,0,6,0,0,0,0,0,7,0,0
482429,1,1,1993,17,5,15,15,10,6,0,10,5,14
482429,2,1,1993,11,0,0,0,0,0,0,0,0,0
482429,3,1,1993,0,0,0,0,0,0,9,0,0,0
482429,4,1,1993,11,0,7,0,0,0,0,0,0,0
482429,5,1,1993,0,0,0,0,0,24,0,0,0,0
482430,1,1,1993,41,0,12,2,0,12,6,0,19,13
482431,1,1,1993,12,12,12,12,12,12,12,12,12,12
482432,1,1,1993,7,7,7,7,7,7,7,7,7,7
482433,1,1,1993,19,19,19,19,19,19,19,19,19,19
482434,1,1,1993,4,0,0,17,0,0,10,0,0,0
482435,1,1,1993,0,0,0,0,0,0,0,0,0,0
482435,2,1,1993,9,9,9,9,9,9,9,9,9,9
482436,1,1,1993,0,0,0,0,0,0,0,0,0,0
482436,2,1,1993,0,0,0,0,0,0,0,0,0,0
482437,0,1,1993,0,0,0,0,0,0,0,0,0,0
482437,1,1,1993,27,4,8,0,0,0,0,0,0,5
482438,0,1,1993,12,0,0,0,25,7,19,12,0,20
482438,1,1,1993,0,0,0,0,0,0,0,0,0,0
482439,1,1,1993,0,0,0,0,0,0,0,0,0,0
482439,2,1,1993,0,0,0,0,0,0,0,0,0,0
482440,1,1,1993,0,0,0,0,0,0,0,0,0,0
482441,1,1,1993,0,0,0,0,0,0,0,0,0,0
482441,2,1,1993,0,0,0,0,0,0,0,0,0,0
482442,1,1,1993,0,0,0,0,0,0,0,0,0,0
482442,2,1,1993,0,0,0,0,0,0,0,0,0,0
482443,1,1,1993,0,0,0,0,0,0,0,0,0,0
482443,2,1,1993,0,0,0,0,0,0,12,21,0,0
482444,1,1,1993,12,12,12,12,12,12,12,12,12,12
482445,0,1,1993,19,19,19,19,19,19,19,19,19,19
482445,1,1,1993,22,0,25,0,0,0,0,0,0,0
482446,1,1,1993,0,0,0,0,0,0,0,0,0,0
482446,2,1,1993,0,0,0,0,0,12,7,0,0,0
482447,0,1,1993,0,13,18,0,0,0,10,0,0,24
482447,1,1,1993,0,0,0,0,0,0,10,0,0,0
482447,2,1,1993,0,0,0,0,0,0,0,0,0,0
482448,1,1,1993,17,17,17,17,17,17,17,17,17,17
482448,2,1,1993,0,0,0,36,0,0,0,0,0,0
482448,3,1,1993,0,0,0,0,0,0,0,0,0,0
482449,1,1,1993,7,17,19,17,16,17,11,0,11,7
482449,2,1,1993,0,0,0,0,0,0,4,0,0,0
482449,3,1,1993,0,28,0,8,8,0,0,0,0,0
482450,1,1,1993,0,0,0,10,0,0,0,0,0,0
482450,2,1,1993,0,0,0,0,0,0,0,0,0,0
482451,1,1,1993,0,0,0,0,0,0,0,0,0,0
482451,2,1,1993,0,0,0,0,0,0,0,0,0,0
482452,1,1,1993,0,0,0,0,0,0,0,0,0,0
482452,2,1,1993,0,0,4,0,0,0,0,0,0,0
482453,1,1,1993,20,20,20,20,20,20,20,20,20,20
482453,2,1,1993,6,0,21,0,0,0,0,0,0,0
482454,1,1,1993,23,23,23,23,23,23,23,23,23,23
482455,1,1,1993,0,0,0,0,0,0,0,0,0,0
482456,1,1,1993,0,0,0,0,0,0,0,0,0,0