ST_CASE,VEH_NO,PER_NO,YEAR,P1,P2,P3,P4,P5,P6,P7,P8,P9,P10
482457,0,1,1993,0,35,0,0,0,12,0,0,0,0
482457,1,1,1993,0,8,7,0,0,0,29,0,3,11
482458,1,1,1993,0,0,0,0,0,0,0,0,0,0
482458,2,1,1993,0,0,0,0,0,0,0,0,0,0
482459,1,1,1993,6,6,6,6,6,6,6,6,6,6
482459,2,1,1993,0,0,0,0,0,0,0,0,0,0
482460,1,1,1993,0,7,0,26,0,0,0,0,0,0
482461,1,1,1993,0,0,0,0,0,0,0,0,0,0
482461,2,1,1993,0,0,48,0,0,13,0,0,0,0
482462,0,1,1993,29,29,29,29,29,29,29,29,29,29
482462,1,1,1993,0,0,0,0,0,0,21,0,0,0
482463,1,1,1993,0,0,0,0,0,0,0,0,0,0
482463,2,1,1993,0,0,0,0,0,0,0,0,0,0
482464,1,1,1993,0,0,0,0,16,0,0,0,0,0
482465,1,1,1993,0,0,0,0,0,0,0,0,4,0
482465,2,1,1993,0,0,0,0,0,0,0,0,0,0
482466,1,1,1993,0,0,0,0,0,32,0,0,0,0
482466,2,1,1993,0,0,0,0,0,0,0,0,14,0
482467,1,1,1993,35,35,35,35,35,35,35,35,35,35
482467,2,1,1993,0,0,0,0,0,0,0,0,13,0
482468,0,1,1993,0,0,0,0,0,0,0,0,0,0
482468,1,1,1993,0,0,0,0,0,0,0,0,0,0
482469,1,1,1993,18,7,16,12,22,0,21,5,0,17
482470,0,1,1993,0,0,0,10,0,0,32,0,0,0
482470,1,1,1993,0,0,11,0,0,0,16,0,0,0
482471,1,1,1993,0,0,0,0,0,0,0,0,0,0
482472,0,1,1993,18,10,14,57,5,24,21,16,0,23
482472,1,1,1993,0,0,0,0,0,0,0,0,0,0
482473,0,1,1993,0,0,0,0,0,17,0,0,0,0
482473,1,1,1993,0,0,0,0,0,0,0,0,0,0
482474,0,1,1993,0,22,10,0,20,0,21,24,0,0
482474,1,1,1993,14,0,0,0,0,15,0,0,18,0
482475,1,1,1993,0,0,0,0,0,0,0,0,0,0
482475,2,1,1993,19,19,19,19,19,19,19,19,19,19
482476,1,1,1993,0,0,0,0,0,0,0,0,0,0
482476,2,1,1993,0,0,0,0,0,0,0,0,0,0
482477,0,1,1993,35,35,35,35,35,35,35,35,35,35
482477,1,1,1993,0,0,0,0,0,0,0,0,0,0
482478,1,1,1993,0,0,0,0,0,0,0,0,0,0
482478,2,1,1993,21,21,21,21,21,21,21,21,21,21
482479,0,1,1993,7,0,0,0,0,0,0,0,0,0
482479,1,1,1993,13,0,0,0,0,0,15,0,0,0
482480,1,1,1993,0,7,0,0,0,0,13,19,0,3
482480,2,1,1993,0,17,0,8,0,0,0,0,0,0
482481,1,1,1993,18,22,15,22,33,15,10,22,20,10
482481,2,1,1993,0,0,0,0,0,0,0,5,0,0
482482,0,1,1993,0,0,0,0,0,0,0,0,0,0
482482,1,1,1993,0,0,30,18,0,0,0,11,4,0
482483,1,1,1993,25,25,25,25,25,25,25,25,25,25
482484,1,1,1993,13,0,14,0,0,0,11,18,0,0
482484,2,1,1993,25,25,25,25,25,25,25,25,25,25
482485,1,1,1993,0,0,0,14,0,0,0,0,0,0
482485,2,1,1993,0,0,0,0,0,0,0,0,0,0
482486,1,1,1993,0,0,0,0,0,0,0,0,0,0
482486,2,1,1993,24,24,24,24,24,24,24,24,24,24
482487,1,1,1993,35,35,35,35,35,35,35,35,35,35
482488,1,1,1993,10,23,0,16,24,0,25,19,36,27
482488,2,1,1993,0,0,0,0,0,0,19,0,0,0
482489,0,1,1993,0,0,0,0,0,0,29,0,0,0
482489,1,1,1993,0,18,5,0,4,0,26,0,0,18
482490,1,1,1993,19,19,19,19,19,19,19,19,19,19
482491,1,1,1993,10,10,10,10,10,10,10,10,10,10
482492,0,1,1993,18,15,0,23,23,19,29,0,0,15
482492,1,1,1993,0,6,8,3,0,0,0,0,0,8
482492,2,1,1993,0,8,11,0,0,0,11,0,23,0
482493,0,1,1993,30,30,30,30,30,30,30,30,30,30
482493,1,1,1993,0,0,0,0,0,0,0,0,9,0
482494,1,1,1993,0,0,0,0,0,0,14,0,0,0
482494,2,1,1993,14,0,0,0,0,0,0,0,0,0
482495,1,1,1993,0,7,0,9,0,0,0,0,0,0
482495,2,1,1993,0,0,0,0,0,0,0,0,0,0
482496,1,1,1993,0,8,0,0,0,0,0,0,0,0
482496,2,1,1993,0,0,0,0,0,0,0,12,0,8
482496,3,1,1993,28,28,28,28,28,28,28,28,28,28
482497,1,1,1993,0,0,0,0,0,0,0,0,0,0
482498,0,1,1993,0,0,16,29,0,0,0,29,0,0
482498,1,1,1993,0,0,18,0,12,0,0,0,29,0
482499,0,1,1993,0,0,0,0,0,0,0,0,0,0
482499,1,1,1993,0,0,0,0,0,0,0,11,0,0
482500,1,1,1993,18,18,18,18,18,18,18,18,18,18
482500,2,1,1993,0,0,0,0,0,0,15,0,10,0
482501,1,1,1993,0,16,22,0,14,6,26,0,8,0
482501,2,1,1993,28,0,41,23,0,11,10,0,14,11
482502,0,1,1993,51,51,51,51,51,51,51,51,51,51
482502,1,1,1993,11,0,21,10,12,0,0,0,15,7
482503,1,1,1993,0,0,0,0,0,0,0,0,0,0
482503,2,1,1993,9,5,0,0,0,0,0,0,0,0
482504,1,1,1993,13,13,13,13,13,13,13,13,13,13
482504,2,1,1993,0,0,0,0,0,0,0,0,0,0
482505,1,1,1993,0,0,0,0,0,0,0,0,0,0
482505,2,1,1993,21,15,0,7,0,0,0,0,0,0
482506,1,1,1993,0,8,0,0,0,0,0,24,0,0
482506,2,1,1993,0,0,0,0,0,0,0,0,0,0
482507,1,1,1993,10,10,10,10,10,10,10,10,10,10
482507,2,1,1993,0,0,0,0,0,10,0,0,0,0
482508,1,1,1993,0,0,0,0,0,15,0,0,0,0
482508,2,1,1993,0,0,10,0,0,0,0,0,0,0
482509,1,1,1993,7,7,7,7,7,7,7,7,7,7
482510,1,1,1993,17,17,17,17,17,17,17,17,17,17
482511,1,1,1993,0,0,0,0,0,5,0,0,0,0
482512,1,1,1993,29,18,19,34,0,16,26,19,35,9
482513,1,1,1993,20,20,20,20,20,20,20,20,20,20
482514,1,1,1993,14,0,0,0,0,0,0,0,0,0
482515,1,1,1993,0,0,0,0,0,0,0,0,0,0
482516,0,1,1993,22,0,2,0,0,0,18,13,0,0
482516,1,1,1993,16,16,8,8,12,7,14,5,14,0
482517,1,1,1993,0,0,0,0,0,0,0,0,0,0
482517,2,1,1993,0,0,0,0,0,0,0,0,0,0
482517,3,1,1993,0,0,0,0,0,0,0,0,0,0
482518,0,1,1993,0,14,0,23,28,2,0,0,0,13
482518,1,1,1993,0,0,0,0,0,0,0,0,0,0
482519,1,1,1993,0,0,0,0,0,0,7,0,0,0
482519,2,1,1993,0,0,0,10,0,0,0,0,0,0
482520,1,1,1993,20,20,20,20,20,20,20,20,20,20
482520,2,1,1993,0,0,0,0,19,0,0,0,0,0
482521,1,1,1993,19,19,19,19,19,19,19,19,19,19
482521,2,1,1993,0,0,0,0,0,0,0,0,0,0
482522,1,1,1993,0,0,0,0,0,0,0,0,0,0
482522,2,1,1993,0,0,0,0,0,0,19,0,0,0
482523,1,1,1993,15,15,15,15,15,15,15,15,15,15
482524,1,1,1993,0,0,0,0,0,0,0,0,0,0
482524,2,1,1993,0,0,0,0,0,0,0,0,0,0
482525,1,1,1993,8,10,22,0,12,13,18,0,21,16
482525,2,1,1993,5,13,31,18,10,15,12,10,9,9
482526,0,1,1993,0,21,0,0,0,0,24,15,0,20
482526,1,1,1993,0,4,11,0,0,0,0,0,10,25
482527,1,1,1993,0,0,0,0,0,0,0,0,13,0
482527,2,1,1993,0,18,0,0,27,0,0,0,0,0
482527,3,1,1993,0,0,0,0,0,0,0,0,0,0
482528,1,1,1993,18,18,18,18,18,18,18,18,18,18
482528,2,1,1993,18,18,18,18,18,18,18,18,18,18
482529,1,1,1993,0,0,0,0,0,0,0,0,0,0
482530,1,1,1993,0,0,0,0,0,0,0,0,0,0
482531,1,1,1993,1,1,1,1,1,1,1,1,1,1
482532,1,1,1993,16,0,0,28,9,0,8,23,24,0
482533,0,1,1993,28,0,0,9,6,0,16,0,15,0
482533,0,2,1993,0,0,0,0,0,0,0,0,0,0
482533,1,1,1993,0,0,0,0,0,0,0,0,0,0
482534,0,1,1993,22,0,0,0,0,0,38,5,1,22
482534,1,1,1993,0,5,12,0,0,0,0,0,8,0
482535,1,1,1993,13,13,13,13,13,13,13,13,13,13
482536,1,1,1993,16,16,16,16,16,16,16,16,16,16
482536,2,1,1993,13,13,13,13,13,13,13,13,13,13
482537,1,1,1993,10,10,10,10,10,10,10,10,10,10
482538,1,1,1993,0,0,0,0,0,0,0,8,0,0
482539,1,1,1993,0,0,7,0,0,5,0,0,0,0
482539,2,1,1993,0,0,15,19,20,5,0,17,0,0
482540,1,1,1993,6,6,6,6,6,6,6,6,6,6
482540,2,1,1993,20,20,20,20,20,20,20,20,20,20
482541,1,1,1993,28,28,28,28,28,28,28,28,28,28
482541,2,1,1993,19,0,0,13,0,0,0,0,0,21
482542,1,1,1993,5,8,0,7,0,11,29,20,16,20
482543,1,1,1993,0,0,0,0,0,0,0,0,0,0
482543,2,1,1993,0,0,0,0,0,0,0,0,0,0
482544,1,1,1993,0,0,0,0,0,0,0,0,0,0
482544,2,1,1993,0,0,0,0,0,0,0,0,0,0
482545,1,1,1993,0,0,0,0,0,0,0,0,0,0
482546,0,1,1993,0,0,0,12,0,28,0,14,0,13
482546,1,1,1993,0,0,5,0,0,0,0,0,0,0
482547,1,1,1993,0,0,0,0,0,0,0,0,0,0
482548,0,1,1993,0,0,0,0,0,0,0,0,0,0
482548,1,1,1993,0,0,0,0,0,0,0,0,0,0
482549,1,1,1993,0,0,0,0,0,0,0,0,0,0
482549,2,1,1993,0,0,0,0,0,0,0,0,0,0
482550,1,1,1993,0,0,0,0,0,0,0,0,0,0
482550,2,1,1993,0,0,0,0,0,0,0,0,0,0
482551,1,1,1993,3,3,3,3,3,3,3,3,3,3
482553,1,1,1993,17,0,0,0,0,0,0,0,0,0
482554,1,1,1993,0,0,0,0,0,0,0,0,0,0
482554,2,1,1993,0,6,0,0,0,0,0,0,0,0
482555,0,1,1993,48,13,35,0,21,0,0,31,16,0
482555,1,1,1993,0,0,0,0,0,0,0,0,0,0
482556,1,1,1993,0,0,0,0,0,0,0,0,0,0
482556,2,1,1993,0,0,0,0,0,0,0,0,0,0
482557,1,1,1993,7,0,0,14,0,0,0,0,0,0
482558,1,1,1993,14,14,14,14,14,14,14,14,14,14
482559,1,1,1993,17,17,17,17,17,17,17,17,17,17
482559,2,1,1993,0,0,0,0,18,0,0,18,0,0
482560,0,1,1993,34,34,34,34,34,34,34,34,34,34
482560,1,1,1993,0,0,0,0,0,0,0,5,0,0
482561,0,1,1993,32,32,32,32,32,32,32,32,32,32
482561,1,1,1993,0,13,24,8,0,0,10,0,8,5
482562,1,1,1993,0,0,0,0,5,0,0,0,0,0
482562,2,1,1993,0,0,0,0,0,0,0,0,0,0
482563,1,1,1993,8,8,8,8,8,8,8,8,8,8
482564,0,1,1993,32,18,0,25,0,21,34,0,6,11
482564,1,1,1993,5,0,0,0,19,20,0,0,19,27
482565,1,1,1993,0,0,0,0,0,0,0,0,0,0
482565,2,1,1993,0,0,0,0,0,0,0,0,0,0
482566,1,1,1993,0,0,0,0,0,0,0,0,0,0
482566,2,1,1993,0,0,0,0,0,0,0,0,0,0
482567,0,1,1993,0,0,0,0,29,0,7,0,0,0
482567,1,1,1993,0,0,0,0,0,0,0,0,0,0
482568,1,1,1993,25,25,25,25,25,25,25,25,25,25
482568,2,1,1993,0,0,0,0,0,0,0,0,19,0
482569,1,1,1993,0,0,0,0,0,0,0,0,0,0
482569,2,1,1993,0,15,0,0,0,0,7,0,0,0
482570,1,1,1993,18,0,12,0,0,5,26,13,0,26
482570,2,1,1993,8,8,8,8,8,8,8,8,8,8
482571,1,1,1993,0,0,0,10,0,0,0,0,0,0
482571,2,1,1993,0,0,0,0,0,0,0,0,0,0
482573,1,1,1993,0,0,0,0,0,0,0,0,0,0
482573,2,1,1993,4,4,4,4,4,4,4,4,4,4
482573,3,1,1993,0,0,0,0,0,0,0,0,0,0
482574,1,1,1993,18,18,18,18,18,18,18,18,18,18
482575,1,1,1993,0,0,0,0,0,0,11,0,0,9
482576,1,1,1993,0,21,0,7,16,15,17,25,0,22
482576,2,1,1993,11,0,10,32,14,18,21,22,34,21
482577,1,1,1993,12,12,18,18,12,19,12,14,19,11
482577,2,1,1993,2,9,14,3,0,16,9,12,15,11
482577,3,1,1993,0,0,0,0,0,0,0,0,0,0
482578,0,1,1993,34,0,0,29,23,13,32,27,8,32
482578,1,1,1993,3,12,0,7,0,0,0,16,0,0
482579,1,1,1993,14,14,14,14,14,14,14,14,14,14
482579,2,1,1993,0,0,0,0,0,0,0,0,0,0
482580,1,1,1993,6,6,6,6,6,6,6,6,6,6
482580,2,1,1993,0,0,0,0,0,0,0,0,0,0
482581,1,1,1993,0,3,20,8,0,9,20,0,9,0
482582,1,1,1993,0,0,0,0,0,0,0,0,0,0
482583,1,1,1993,10,0,0,16,0,0,0,12,9,0
482584,1,1,1993,37,10,10,32,43,23,0,13,18,20
482585,1,1,1993,0,0,0,0,0,0,0,0,0,19
482585,2,1,1993,0,0,0,0,0,0,0,0,0,0
482586,1,1,1993,0,0,0,18,0,0,28,17,0,0
482586,2,1,1993,15,15,15,15,15,15,15,15,15,15
482586,3,1,1993,0,0,0,0,0,0,0,0,0,0
482587,1,1,1993,20,13,10,21,23,18,0,0,30,30
482588,0,1,1993,0,0,0,20,0,0,0,0,0,0
482588,0,2,1993,22,10,7,0,18,9,0,0,22,0
482588,1,1,1993,0,0,19,22,0,0,0,0,0,0
482589,1,1,1993,28,28,28,28,28,28,28,28,28,28
482590,0,1,1993,0,0,0,0,0,0,0,0,0,0
482590,1,1,1993,8,20,12,13,16,0,9,15,13,12
482591,1,1,1993,20,20,20,20,20,20,20,20,20,20
482591,2,1,1993,0,0,0,0,0,0,0,0,0,0
482592,1,1,1993,11,9,12,19,12,20,0,10,13,21
482592,2,1,1993,0,7,0,15,8,14,17,6,0,18
482593,0,1,1993,4,0,0,0,0,0,0,20,14,0
482593,1,1,1993,0,0,0,0,0,0,0,0,0,0
482593,2,1,1993,0,0,0,0,0,0,5,0,0,0
482594,1,1,1993,3,0,11,0,0,24,0,0,25,0
482595,1,1,1993,27,22,4,18,14,20,7,11,6,6
482595,2,1,1993,0,0,8,37,24,10,27,9,0,12
482596,1,1,1993,0,11,4,0,19,0,18,20,0,20
482597,1,1,1993,11,0,0,0,0,28,14,21,0,0
482597,2,1,1993,0,0,6,0,0,0,8,0,0,0
482598,1,1,1993,0,0,0,0,0,0,0,0,0,12
482598,2,1,1993,17,34,23,19,26,12,39,0,10,0
482599,0,1,1993,0,0,0,0,0,0,0,0,0,0
482599,1,1,1993,0,0,0,0,0,0,0,0,0,0
482600,1,1,1993,10,12,20,4,17,14,13,16,10,0
482601,0,1,1993,8,25,37,0,23,0,0,0,0,0
482601,1,1,1993,0,12,16,13,0,0,18,9,10,0
482602,0,1,1993,0,0,0,0,0,0,0,18,0,0
482602,1,1,1993,0,0,0,0,0,12,15,0,0,0
482603,1,1,1993,10,10,10,10,10,10,10,10,10,10
482604,1,1,1993,18,18,18,18,18,18,18,18,18,18
482605,0,1,1993,16,0,0,0,0,0,0,0,0,0
482605,1,1,1993,0,0,0,0,0,0,0,0,0,0
482606,0,1,1993,0,0,0,0,0,0,0,0,0,0
482606,1,1,1993,0,0,0,0,0,0,0,0,0,0
482607,1,1,1993,0,0,0,0,0,0,0,0,0,0
482607,2,1,1993,0,0,0,0,6,0,0,0,0,0
482607,3,1,1993,0,0,0,0,0,0,0,0,0,0
482608,1,1,1993,0,0,0,0,0,0,0,0,0,0
482608,2,1,1993,0,0,0,0,0,0,0,0,0,0
482609,1,1,1993,9,19,23,12,15,22,15,28,27,18
482609,2,1,1993,6,14,0,0,0,0,0,0,0,0
482610,1,1,1993,16,16,16,16,16,16,16,16,16,16
482611,1,1,1993,0,0,0,0,0,0,0,0,0,0
482612,1,1,1993,0,29,0,0,0,0,0,21,0,0
482612,2,1,1993,0,0,0,0,0,32,0,0,0,0
482613,1,1,1993,0,0,0,0,0,9,0,0,0,0
482613,2,1,1993,0,0,0,0,0,0,0,0,0,0
482614,1,1,1993,0,0,0,0,0,0,0,0,0,0
482614,2,1,1993,0,0,0,0,0,0,0,0,0,0
482615,1,1,1993,23,23,23,23,23,23,23,23,23,23
482616,1,1,1993,20,20,20,20,20,20,20,20,20,20
482617,1,1,1993,7,7,7,7,7,7,7,7,7,7
482618,0,1,1993,0,0,0,0,8,17,0,0,0,0
482618,1,1,1993,0,0,0,23,0,8,0,0,0,0
482619,0,1,1993,0,14,0,0,14,0,0,0,0,0
482619,1,1,1993,0,0,6,0,26,0,14,0,0,20
482620,1,1,1993,21,21,21,21,21,21,21,21,21,21
482621,1,1,1993,8,8,8,8,8,8,8,8,8,8
482621,2,1,1993,15,15,15,15,15,15,15,15,15,15
482622,1,1,1993,23,23,23,23,23,23,23,23,23,23
482623,1,1,1993,0,13,0,18,25,0,0,0,0,13
482623,2,1,1993,0,0,0,0,0,0,0,0,0,0
482624,0,1,1993,20,30,0,28,12,0,0,23,36,17
482624,1,1,1993,0,0,0,0,16,12,0,0,0,14
482625,1,1,1993,0,0,0,4,0,0,0,0,19,13
482626,1,1,1993,0,14,12,21,12,0,8,16,0,14
482627,1,1,1993,15,15,15,15,15,15,15,15,15,15
482627,2,1,1993,0,3,0,0,18,0,14,0,0,0
482628,1,1,1993,13,13,13,13,13,13,13,13,13,13
482628,2,1,1993,0,0,0,0,0,0,22,0,0,14
482628,3,1,1993,0,0,0,0,0,0,0,0,0,0
482629,1,1,1993,31,31,31,31,31,31,31,31,31,31
482630,1,1,1993,5,0,25,0,0,0,11,16,9,29
482631,1,1,1993,0,0,0,0,0,0,0,0,0,0
482632,1,1,1993,25,25,25,25,25,25,25,25,25,25
482633,1,1,1993,27,27,27,27,27,27,27,27,27,27
482634,1,1,1993,0,0,0,0,9,0,0,0,0,0
482634,2,1,1993,0,0,0,0,0,16,0,0,0,0
482635,1,1,1993,0,0,0,0,0,0,0,0,0,0
482635,2,1,1993,0,12,9,0,0,0,0,0,0,13
482636,1,1,1993,11,10,0,0,13,9,0,4,0,37
482637,0,1,1993,0,0,0,0,0,0,30,29,0,0
482637,1,1,1993,9,13,0,13,0,14,17,0,7,0
482638,0,1,1993,34,34,34,34,34,34,34,34,34,34
482638,1,1,1993,0,22,14,0,19,0,13,0,0,5
482639,1,1,1993,23,23,23,23,23,23,23,23,23,23
482640,0,1,1993,18,18,18,18,18,18,18,18,18,18
482640,0,2,1993,0,11,22,4,18,31,14,32,35,25
482640,1,1,1993,0,0,14,14,0,0,0,21,0,0
482641,1,1,1993,0,0,0,0,8,4,0,0,0,0
482641,2,1,1993,0,0,13,10,0,7,0,0,0,0
482642,1,1,1993,36,36,36,36,36,36,36,36,36,36
482643,0,1,1993,0,24,24,15,0,27,17,0,0,23
482643,1,1,1993,30,0,0,35,21,0,0,5,0,23
482644,1,1,1993,0,0,0,0,0,0,0,0,0,0
482644,2,1,1993,0,0,0,0,0,0,0,0,0,0
482645,0,1,1993,0,19,32,24,0,0,0,18,32,8
482645,1,1,1993,9,9,9,9,9,9,9,9,9,9
482646,1,1,1993,0,0,0,0,0,0,0,0,0,0
482646,2,1,1993,0,0,0,0,0,0,0,0,0,0
482647,1,1,1993,23,23,23,23,23,23,23,23,23,23
482647,2,1,1993,0,0,0,0,0,0,0,11,0,0
482647,3,1,1993,22,0,0,0,16,0,0,0,13,0
482647,4,1,1993,0,14,0,0,0,0,0,0,0,0
482648,0,1,1993,6,6,6,6,6,6,6,6,6,6
482648,1,1,1993,0,0,0,0,0,0,0,0,0,0
482649,1,1,1993,26,0,0,8,0,16,21,38,11,16
482649,2,1,1993,0,0,0,0,0,0,0,0,0,0
482650,1,1,1993,0,0,11,0,0,0,0,0,0,0
482650,2,1,1993,0,0,0,0,0,0,0,0,0,0
482651,1,1,1993,3,3,3,3,3,3,3,3,3,3
482652,1,1,1993,0,13,19,29,21,12,0,6,12,0
482653,1,1,1993,0,0,0,0,0,0,0,0,0,0
482653,2,1,1993,0,0,0,0,0,0,0,0,0,0
482654,1,1,1993,0,0,0,0,0,0,0,0,0,0
482655,1,1,1993,0,0,0,0,0,0,0,0,0,0
482655,2,1,1993,0,0,0,0,0,0,0,0,0,0
482656,1,1,1993,0,0,0,0,0,0,23,0,0,0
482656,2,1,1993,0,0,0,0,0,0,0,0,0,0
482657,0,1,1993,0,0,0,0,0,0,0,0,0,0
482657,1,1,1993,0,21,0,16,0,0,0,0,0,0
482658,1,1,1993,0,0,0,0,0,0,0,0,0,0
482658,2,1,1993,0,0,17,19,0,0,0,0,6,0
482659,1,1,1993,0,0,0,0,0,0,0,0,0,0
482659,2,1,1993,0,21,0,0,0,0,0,0,0,0
482660,1,1,1993,16,16,16,16,16,16,16,16,16,16
482661,0,1,1993,0,0,0,0,0,0,0,0,0,0
482661,1,1,1993,0,0,0,0,0,0,0,0,0,0
482662,1,1,1993,10,10,10,10,10,10,10,10,10,10
482663,0,1,1993,25,0,37,25,26,0,13,0,0,21
482663,1,1,1993,0,0,16,0,0,0,4,9,24,0
482664,1,1,1993,0,0,13,16,0,7,0,0,0,0
482665,1,1,1993,19,9,16,9,14,10,4,17,23,17
482665,2,1,1993,0,18,0,0,5,0,0,0,0,0
482666,1,1,1993,0,0,0,0,0,0,0,0,0,0
482667,1,1,1993,0,0,0,0,0,0,0,0,0,0
482667,2,1,1993,0,0,0,0,0,0,0,0,0,0
482668,1,1,1993,0,0,0,0,0,0,0,0,0,0
482668,2,1,1993,0,0,0,0,0,0,0,0,0,0
482668,3,1,1993,0,0,0,0,0,0,0,0,0,0
482669,1,1,1993,14,19,3,13,15,15,27,26,17,0
482670,1,1,1993,0,0,0,0,0,0,0,0,0,0
482670,2,1,1993,0,0,0,0,0,6,0,0,0,0
482671,0,1,1993,30,0,27,4,21,16,33,11,15,0
482671,1,1,1993,0,0,0,0,3,6,0,0,3,15
482672,1,1,1993,19,19,19,19,19,19,19,19,19,19
482672,2,1,1993,18,0,0,0,0,7,0,7,3,7
482673,1,1,1993,0,0,0,0,0,0,0,0,0,0
482673,2,1,1993,0,0,0,0,0,0,0,0,0,0
482674,1,1,1993,0,20,0,0,0,0,19,0,0,0
482675,1,1,1993,0,0,0,0,0,0,0,0,0,0
482676,1,1,1993,0,0,0,0,0,0,0,0,0,0
482676,2,1,1993,0,0,0,0,0,0,0,0,0,0
482677,1,1,1993,0,43,4,19,0,0,20,22,15,0
482678,1,1,1993,15,19,0,0,19,14,41,7,0,19
482679,1,1,1993,13,13,13,13,13,13,13,13,13,13
482680,1,1,1993,0,12,0,35,0,26,0,14,11,13
482681,1,1,1993,34,34,34,34,34,34,34,34,34,34
482681,2,1,1993,0,0,0,0,0,0,0,0,0,0
482682,1,1,1993,21,16,22,16,16,0,0,37,22,28
482683,1,1,1993,0,0,0,0,0,0,0,0,0,0
482684,0,1,1993,34,34,34,34,34,34,34,34,34,34
482684,1,1,1993,0,0,0,0,0,0,0,0,0,0
482685,1,1,1993,18,18,18,18,18,18,18,18,18,18
482686,1,1,1993,19,7,16,26,17,9,9,7,26,17
482687,1,1,1993,20,20,20,20,20,20,20,20,20,20
482688,0,1,1993,23,23,23,23,23,23,23,23,23,23
482688,0,2,1993,19,24,17,32,11,21,10,29,12,12
482688,0,3,1993,25,25,25,25,25,25,25,25,25,25
482688,1,1,1993,20,16,0,12,0,20,0,3,4,22
482689,1,1,1993,20,20,20,20,20,20,20,20,20,20
482689,2,1,1993,3,3,3,3,3,3,3,3,3,3
482689,3,1,1993,0,0,0,0,7,0,8,0,0,0
482689,4,1,1993,8,0,0,18,0,2,0,0,0,0
482689,5,1,1993,0,0,8,0,11,0,0,0,0,0
482690,1,1,1993,0,7,0,24,16,15,19,23,20,10
482690,2,1,1993,0,0,0,0,0,0,0,0,0,0
482691,1,1,1993,0,0,0,0,0,0,0,0,0,0
482691,2,1,1993,0,0,0,0,0,0,0,0,11,0
482691,3,1,1993,6,0,0,0,0,0,0,0,0,0
482691,4,1,1993,0,0,0,0,0,0,0,0,0,0
482692,0,1,1993,0,0,0,0,0,0,0,0,0,0
482692,1,1,1993,0,0,0,0,0,0,0,0,0,0
482693,1,1,1993,10,21,22,11,15,18,20,5,14,0
482693,2,1,1993,0,0,0,0,0,0,0,0,0,0
482694,0,1,1993,0,0,0,5,0,0,0,0,0,8
482694,1,1,1993,0,0,0,0,0,0,0,0,0,0
482695,1,1,1993,16,0,20,18,0,0,17,20,0,0
482696,1,1,1993,20,20,20,20,20,20,20,20,20,20
482697,1,1,1993,18,18,18,18,18,18,18,18,18,18
482698,1,1,1993,0,28,0,0,0,0,0,0,0,0
482698,2,1,1993,0,0,0,0,0,0,0,0,0,0
482699,1,1,1993,0,0,0,0,0,0,0,0,0,0
482700,1,1,1993,27,27,27,27,27,27,27,27,27,27
482700,2,1,1993,0,0,0,0,0,0,16,0,0,0
482701,1,1,1993,20,20,20,20,20,20,20,20,20,20
482701,2,1,1993,22,0,0,0,0,0,0,19,0,0
482702,1,1,1993,0,0,0,0,13,0,0,0,0,0
482702,2,1,1993,0,0,0,0,0,0,0,0,0,0
482703,1,1,1993,0,0,0,0,0,0,0,0,0,20
482704,1,1,1993,35,35,35,35,35,35,35,35,35,35
482705,1,1,1993,10,10,10,10,10,10,10,10,10,10
482705,2,1,1993,17,17,17,17,17,17,17,17,17,17
482706,0,1,1993,19,13,64,19,11,32,19,30,37,32
482706,0,2,1993,16,0,10,0,14,15,0,26,24,0
482706,0,3,1993,0,33,16,31,0,18,26,36,25,0
482706,1,1,1993,21,21,21,21,21,21,21,21,21,21
482707,1,1,1993,22,22,22,22,22,22,22,22,22,22
482708,1,1,1993,0,0,0,0,0,0,0,0,0,0
482708,2,1,1993,0,0,0,0,0,0,0,0,0,0
482708,3,1,1993,0,0,0,0,0,0,0,0,0,0
482709,1,1,1993,0,0,0,0,0,0,0,0,0,0
482709,2,1,1993,19,19,19,19,19,19,19,19,19,19
482710,1,1,1993,0,0,0,0,0,0,0,0,0,0
482710,2,1,1993,0,0,0,0,0,0,0,0,0,22
482711,1,1,1993,14,21,0,16,23,0,0,17,34,15
482712,1,1,1993,6,6,6,6,6,6,6,6,6,6
482712,2,1,1993,17,17,17,17,17,17,17,17,17,17
482713,0,1,1993,0,0,0,0,0,0,0,0,0,0
482713,1,1,1993,0,0,0,0,0,0,0,0,18,0
482714,1,1,1993,15,15,15,15,15,15,15,15,15,15
482714,2,1,1993,0,23,0,5,0,0,0,19,0,14
482714,3,1,1993,0,0,10,0,0,8,0,0,0,0
482714,4,1,1993,0,14,0,0,0,0,5,0,15,0