ST_CASE,VEH_NO,PER_NO,YEAR,P1,P2,P3,P4,P5,P6,P7,P8,P9,P10
482715,1,1,1993,0,0,0,0,0,0,0,0,0,0
482715,2,1,1993,0,0,0,0,0,0,0,0,0,0
482716,1,1,1993,0,0,0,0,0,0,0,0,0,0
482717,1,1,1993,0,6,0,0,0,0,0,0,0,0
482717,2,1,1993,0,0,0,0,0,0,0,0,0,0
482717,3,1,1993,0,0,0,0,0,0,0,0,0,0
482717,4,1,1993,0,0,0,0,0,11,0,0,0,0
482718,0,3,1993,24,0,7,0,0,0,20,0,24,0
482718,1,1,1993,15,15,15,15,15,15,15,15,15,15
482719,1,1,1993,0,0,0,0,0,0,0,0,0,0
482719,2,1,1993,0,0,0,0,0,0,0,0,0,0
482720,1,1,1993,0,0,22,0,0,0,0,0,14,0
482721,1,1,1993,0,19,0,0,0,0,0,0,8,22
482721,2,1,1993,12,0,0,0,0,0,0,0,0,0
482722,0,1,1993,0,0,0,0,0,0,0,0,0,0
482722,1,1,1993,0,0,0,0,0,0,0,0,0,0
482723,0,1,1993,0,0,0,0,0,0,0,0,0,0
482723,1,1,1993,0,0,0,0,0,0,0,0,0,0
482723,2,1,1993,0,0,0,21,0,0,5,0,0,0
482724,0,1,1993,0,0,0,0,29,18,0,17,22,0
482724,1,1,1993,0,0,0,0,0,7,0,0,0,0
482726,0,1,1993,0,0,0,0,0,0,0,0,0,0
482726,1,1,1993,0,0,0,0,21,0,0,0,0,0
482727,1,1,1993,31,23,26,28,29,14,14,12,19,24
482727,2,1,1993,11,0,0,0,0,0,15,0,0,0
482728,1,1,1993,11,6,6,19,26,13,6,9,10,23
482728,2,1,1993,7,6,12,4,4,10,35,10,0,20
482729,0,1,1993,0,0,0,0,28,0,0,0,0,0
482729,1,1,1993,0,0,0,0,0,0,0,0,0,10
482730,1,1,1993,20,0,0,13,0,0,0,0,0,16
482731,1,1,1993,0,0,0,0,0,0,0,0,0,0
482731,2,1,1993,0,0,0,0,0,0,0,0,0,25
490001,1,1,1993,0,0,0,0,0,0,0,0,0,0
490001,2,1,1993,0,0,0,0,0,0,0,0,0,0
490002,1,1,1993,0,0,0,0,0,0,0,0,0,0
490003,0,1,1993,0,0,0,0,0,0,0,0,0,0
490003,1,1,1993,0,0,0,0,0,0,0,0,0,0
490004,1,1,1993,0,0,0,0,0,0,0,0,0,0
490004,2,1,1993,17,17,17,17,17,17,17,17,17,17
490005,1,1,1993,0,0,0,0,0,0,0,0,0,0
490005,2,1,1993,0,0,0,0,0,0,0,0,0,0
490006,1,1,1993,0,0,0,0,0,0,0,0,0,0
490006,2,1,1993,0,0,0,0,0,0,0,0,0,0
490007,1,1,1993,0,0,15,0,22,0,0,5,12,0
490008,1,1,1993,0,0,0,0,0,0,0,0,0,0
490008,2,1,1993,0,0,0,0,0,0,0,0,0,0
490008,3,1,1993,0,0,0,0,0,0,0,0,0,0
490008,4,1,1993,0,0,0,0,0,0,0,0,0,0
490008,5,1,1993,0,0,0,0,0,0,0,0,0,0
490008,6,1,1993,0,0,0,0,0,0,0,0,0,0
490008,7,1,1993,0,0,0,0,0,0,0,0,0,0
490009,1,1,1993,0,0,0,0,0,0,0,0,0,0
490009,2,1,1993,0,0,0,0,0,0,0,0,0,0
490010,1,1,1993,0,0,0,0,0,0,0,0,0,0
490011,1,1,1993,0,0,0,0,0,0,0,0,0,0
490011,2,1,1993,0,0,0,0,0,0,0,0,0,0
490011,3,1,1993,0,0,0,0,0,0,0,0,0,0
490012,1,1,1993,0,0,0,0,0,0,0,0,0,0
490012,2,1,1993,0,0,0,0,0,0,0,0,0,0
490013,1,1,1993,19,19,19,19,19,19,19,19,19,19
490014,0,1,1993,0,0,0,0,0,0,0,0,0,0
490014,1,1,1993,0,0,0,0,0,0,0,0,0,0
490015,1,1,1993,0,0,0,0,0,0,0,0,0,0
490015,2,1,1993,0,0,0,0,0,0,0,0,0,0
490016,1,1,1993,0,11,0,0,0,0,0,22,0,10
490016,2,1,1993,0,0,0,0,0,0,0,0,0,0
490017,1,1,1993,0,0,0,0,0,0,0,0,0,0
490017,2,1,1993,0,0,0,0,0,0,0,0,0,0
490018,1,1,1993,5,0,0,0,0,0,0,0,0,0
490019,1,1,1993,0,0,0,0,0,0,0,0,0,0
490020,1,1,1993,0,0,0,0,0,0,0,0,0,0
490020,2,1,1993,0,0,0,0,0,0,0,0,0,0
490022,1,1,1993,0,0,0,0,0,0,0,0,0,0
490023,0,1,1993,0,0,0,0,0,0,0,0,0,0
490023,0,2,1993,0,0,0,0,0,0,0,0,0,0
490023,1,1,1993,0,0,0,0,0,0,0,0,0,0
490024,1,1,1993,0,0,0,0,0,0,0,0,0,0
490024,2,1,1993,0,0,0,0,0,0,0,0,0,0
490025,0,1,1993,0,0,0,0,0,0,0,0,0,0
490025,1,1,1993,0,0,0,0,0,0,0,0,0,0
490026,1,1,1993,5,5,5,5,5,5,5,5,5,5
490027,1,1,1993,0,0,0,0,0,0,0,0,0,0
490028,0,1,1993,43,43,43,43,43,43,43,43,43,43
490028,1,1,1993,0,0,0,0,0,0,0,0,0,0
490029,1,1,1993,0,0,0,0,0,0,0,0,0,0
490030,1,1,1993,17,17,17,17,17,17,17,17,17,17
490031,1,1,1993,20,20,20,20,20,20,20,20,20,20
490032,1,1,1993,0,0,0,0,0,0,0,0,0,0
490033,1,1,1993,10,10,10,10,10,10,10,10,10,10
490034,1,1,1993,23,23,23,23,23,23,23,23,23,23
490034,2,1,1993,0,0,0,0,0,0,0,0,0,0
490035,1,1,1993,22,22,22,22,22,22,22,22,22,22
490036,1,1,1993,0,0,0,0,0,0,0,0,0,0
490036,2,1,1993,0,0,0,0,0,0,0,0,0,0
490037,1,1,1993,13,13,13,13,13,13,13,13,13,13
490037,2,1,1993,0,0,0,0,0,0,0,0,0,0
490038,1,1,1993,0,0,0,0,0,0,0,0,0,0
490039,1,1,1993,0,0,0,0,0,0,0,0,0,0
490039,2,1,1993,0,0,0,0,0,0,0,0,0,0
490040,0,1,1993,0,0,0,0,0,0,0,0,0,0
490040,1,1,1993,0,0,0,0,0,0,0,0,0,0
490042,1,1,1993,0,0,0,0,0,0,0,0,0,0
490042,2,1,1993,0,0,0,0,0,0,0,0,0,0
490042,3,1,1993,0,0,0,0,0,0,0,0,0,0
490043,1,1,1993,0,0,0,0,0,0,0,0,0,0
490043,2,1,1993,14,14,14,14,14,14,14,14,14,14
490044,1,1,1993,0,0,0,0,0,0,0,0,0,0
490045,1,1,1993,0,10,14,18,13,16,14,22,0,22
490046,1,1,1993,0,0,0,0,0,0,0,0,0,0
490047,1,1,1993,0,0,0,0,0,0,0,0,0,0
490048,1,1,1993,0,0,0,0,0,0,0,0,0,0
490049,1,1,1993,0,0,0,0,0,0,0,0,0,0
490050,1,1,1993,0,0,0,0,0,0,0,0,0,0
490050,2,1,1993,0,0,0,0,0,0,0,0,0,0
490051,1,1,1993,0,0,0,0,0,0,0,0,0,0
490052,1,1,1993,0,0,0,0,0,0,0,11,0,0
490053,1,1,1993,0,0,0,0,0,0,0,0,0,0
490054,1,1,1993,0,0,0,0,0,0,0,0,0,0
490055,1,1,1993,1,1,1,1,1,1,1,1,1,1
490055,2,1,1993,0,0,0,0,0,0,0,0,0,0
490056,1,1,1993,0,0,0,0,0,0,0,0,0,0
490057,1,1,1993,0,0,0,0,0,0,0,0,0,0
490058,0,1,1993,0,0,0,0,0,23,19,0,0,0
490058,1,1,1993,0,0,0,0,0,0,0,0,18,0
490058,2,1,1993,0,0,0,0,0,0,0,0,0,0
490059,1,1,1993,0,0,0,0,0,0,0,0,0,0
490060,1,1,1993,0,0,0,0,0,0,0,0,0,0
490060,2,1,1993,0,0,0,0,0,0,0,0,0,0
490061,1,1,1993,0,0,0,0,0,0,0,0,0,0
490061,2,1,1993,0,0,0,0,0,0,0,0,0,0
490062,1,1,1993,0,0,0,0,0,0,0,0,0,0
490062,2,1,1993,0,0,0,0,0,0,0,0,0,0
490063,1,1,1993,0,0,0,0,0,0,0,0,0,0
490063,2,1,1993,0,0,0,0,0,0,0,0,0,0
490064,1,1,1993,21,21,21,21,21,21,21,21,21,21
490065,0,1,1993,17,17,17,17,17,17,17,17,17,17
490065,1,1,1993,0,0,0,0,0,0,0,0,0,0
490066,1,1,1993,28,28,28,28,28,28,28,28,28,28
490067,1,1,1993,22,22,22,22,22,22,22,22,22,22
490068,0,1,1993,0,0,0,0,0,0,0,0,0,0
490068,1,1,1993,10,10,10,10,10,10,10,10,10,10
490069,1,1,1993,8,8,8,8,8,8,8,8,8,8
490070,1,1,1993,0,0,0,0,0,0,0,0,0,0
490071,1,1,1993,6,6,6,6,6,6,6,6,6,6
490072,1,1,1993,0,0,0,0,0,0,0,0,0,0
490072,2,1,1993,0,0,0,0,0,0,0,0,0,0
490072,3,1,1993,0,0,0,0,0,0,0,0,0,0
490073,1,1,1993,0,0,0,0,0,0,0,0,0,0
490073,2,1,1993,0,0,0,0,0,0,0,0,0,0
490074,1,1,1993,1,1,1,1,1,1,1,1,1,1
490075,1,1,1993,0,0,0,0,0,0,0,0,0,0
490076,1,1,1993,20,20,20,20,20,20,20,20,20,20
490077,1,1,1993,0,0,0,0,0,0,0,0,0,0
490077,2,1,1993,0,0,0,0,0,0,0,0,0,0
490078,1,1,1993,0,0,0,0,0,0,0,0,0,0
490078,2,1,1993,0,0,0,0,0,0,0,0,0,0
490080,1,1,1993,21,21,21,21,21,21,21,21,21,21
490081,1,1,1993,0,0,0,0,0,0,0,0,0,0
490081,2,1,1993,6,6,6,6,6,6,6,6,6,6
490082,1,1,1993,2,2,2,2,2,2,2,2,2,2
490083,1,1,1993,0,0,0,0,0,0,0,0,0,0
490084,1,1,1993,0,0,0,0,0,0,0,0,0,0
490085,0,1,1993,14,14,14,14,14,14,14,14,14,14
490085,1,1,1993,0,0,0,0,0,0,0,0,0,0
490086,1,1,1993,0,0,0,0,0,0,0,0,0,0
490086,2,1,1993,0,0,0,0,0,0,0,0,0,0
490087,1,1,1993,0,0,0,0,0,0,0,0,0,0
490088,1,1,1993,0,0,0,0,0,0,0,0,0,0
490089,0,1,1993,0,0,0,0,0,0,0,0,0,0
490089,1,1,1993,0,0,0,0,0,0,0,0,0,0
490090,0,1,1993,13,0,12,0,0,0,19,0,0,28
490090,1,1,1993,0,0,0,0,0,0,0,0,0,0
490091,1,1,1993,0,0,0,0,0,0,0,0,0,0
490092,1,1,1993,0,0,0,0,0,0,0,0,0,0
490092,2,1,1993,0,0,0,0,0,0,0,0,0,0
490093,1,1,1993,0,0,0,0,0,0,0,0,0,0
490094,1,1,1993,0,0,0,0,0,0,0,0,0,0
490094,2,1,1993,0,0,0,0,0,0,0,0,0,0
490094,3,1,1993,0,6,0,0,0,0,0,0,0,0
490094,4,1,1993,0,0,0,0,0,0,0,0,0,0
490095,1,1,1993,7,7,7,7,7,7,7,7,7,7
490096,1,1,1993,0,0,0,0,0,0,0,0,0,0
490097,0,1,1993,0,0,0,0,0,0,0,0,0,0
490097,1,1,1993,0,0,0,0,0,0,0,0,0,0
490098,1,1,1993,0,0,0,0,0,0,0,0,0,0
490098,2,1,1993,0,0,0,0,0,0,0,0,0,0
490099,1,1,1993,0,0,0,0,0,0,0,0,0,0
490099,2,1,1993,0,0,0,0,0,0,0,0,0,0
490100,1,1,1993,0,0,0,0,0,0,0,0,0,0
490100,2,1,1993,0,0,0,0,0,0,0,0,0,0
490101,1,1,1993,0,0,0,0,0,0,0,0,0,0
490102,1,1,1993,17,17,17,17,17,17,17,17,17,17
490103,1,1,1993,0,0,0,0,0,0,0,0,0,0
490103,2,1,1993,0,0,0,0,0,0,0,0,0,0
490103,3,1,1993,0,0,0,0,0,0,0,0,0,0
490104,1,1,1993,0,0,0,0,0,0,0,0,0,0
490104,2,1,1993,0,0,0,0,0,0,0,0,0,0
490105,1,1,1993,12,12,12,12,12,12,12,12,12,12
490106,1,1,1993,0,0,0,0,0,0,0,0,0,0
490107,0,1,1993,0,0,0,0,0,0,0,0,0,0
490107,1,1,1993,17,0,15,0,0,0,20,0,0,0
490108,1,1,1993,0,0,0,0,0,0,0,0,0,0
490108,2,1,1993,0,0,0,0,0,0,0,0,0,0
490108,3,1,1993,0,0,0,0,0,0,0,0,0,0
490109,1,1,1993,0,0,0,0,0,0,0,0,0,0
490110,1,1,1993,0,0,0,0,0,0,0,0,0,0
490110,2,1,1993,0,0,0,0,0,0,0,0,0,0
490111,1,1,1993,0,0,0,0,0,0,0,3,0,0
490111,2,1,1993,0,0,0,0,0,0,0,0,0,0
490112,1,1,1993,0,0,0,0,0,0,0,0,0,0
490112,2,1,1993,0,9,0,0,0,0,10,0,0,0
490113,0,1,1993,0,0,0,0,0,0,0,0,0,0
490113,1,1,1993,0,0,0,0,0,0,0,0,0,0
490114,0,1,1993,0,0,0,0,0,0,0,0,6,0
490114,1,1,1993,0,0,0,0,0,0,0,0,0,0
490115,0,1,1993,0,0,0,0,0,0,0,0,0,0
490115,1,1,1993,0,0,0,0,0,0,0,0,0,0
490116,0,1,1993,14,0,4,21,25,20,0,0,0,17
490116,1,1,1993,0,0,0,0,0,0,0,0,0,0
490117,1,1,1993,0,0,0,0,0,0,0,0,0,0
490117,2,1,1993,0,0,0,0,0,0,0,12,0,0
490118,1,1,1993,21,21,21,21,21,21,21,21,21,21
490119,1,1,1993,0,0,0,0,0,0,0,0,0,0
490120,1,1,1993,0,0,0,0,0,0,0,0,0,0
490121,1,1,1993,0,0,0,0,0,0,0,17,0,0
490121,2,1,1993,0,0,0,0,0,0,0,0,0,0
490122,1,1,1993,0,0,0,0,0,0,0,0,0,0
490123,1,1,1993,0,0,0,0,0,0,0,0,0,0
490123,2,1,1993,0,0,0,0,0,0,0,0,0,0
490124,1,1,1993,0,0,0,0,0,0,0,0,0,0
490125,1,1,1993,0,0,0,0,0,0,0,0,0,0
490125,2,1,1993,14,0,0,0,0,0,0,0,0,0
490126,1,1,1993,0,0,0,0,0,0,0,0,0,0
490126,2,1,1993,0,0,0,0,0,0,9,0,0,0
490127,0,1,1993,0,0,0,0,0,18,0,0,0,27
490127,0,2,1993,0,0,0,20,0,0,0,0,0,21
490127,1,1,1993,0,0,0,0,0,0,0,0,0,0
490128,1,1,1993,0,0,0,0,0,0,0,0,0,0
490129,0,1,1993,0,0,15,29,0,0,19,0,15,0
490129,0,2,1993,44,27,15,33,12,9,30,39,31,14
490129,1,1,1993,0,0,6,0,0,0,0,0,0,10
490130,1,1,1993,0,0,0,0,0,0,0,0,0,0
490130,2,1,1993,0,0,0,0,0,0,0,0,0,0
490131,1,1,1993,12,12,12,12,12,12,12,12,12,12
490132,1,1,1993,0,0,0,0,0,0,0,0,0,0
490132,2,1,1993,0,0,0,0,0,0,0,0,0,0
490133,1,1,1993,0,0,0,0,0,0,0,0,0,0
490134,1,1,1993,11,11,11,11,11,11,11,11,11,11
490135,1,1,1993,4,4,4,4,4,4,4,4,4,4
490136,1,1,1993,0,0,0,0,0,0,0,0,0,0
490136,2,1,1993,3,3,3,3,3,3,3,3,3,3
490137,0,1,1993,0,0,0,0,0,0,0,0,0,0
490137,1,1,1993,0,0,0,0,0,0,0,0,0,0
490138,1,1,1993,0,0,0,0,0,0,0,0,0,0
490138,2,1,1993,0,0,0,0,0,0,0,0,0,0
490139,1,1,1993,0,0,0,0,0,0,0,0,0,0
490140,1,1,1993,0,0,7,0,0,0,0,0,0,0
490140,2,1,1993,0,0,0,0,0,0,0,0,0,0
490140,3,1,1993,0,0,0,0,0,0,0,0,0,0
490140,4,1,1993,10,10,10,10,10,10,10,10,10,10
490140,5,1,1993,12,0,0,0,0,0,0,0,0,0
490141,1,1,1993,17,17,17,17,17,17,17,17,17,17
490142,1,1,1993,0,0,0,0,0,0,0,0,0,0
490143,1,1,1993,0,0,0,0,0,0,0,0,0,0
490144,1,1,1993,14,14,14,14,14,14,14,14,14,14
490145,1,1,1993,0,0,0,0,0,0,0,0,0,0
490145,2,1,1993,0,0,0,0,0,0,0,0,0,0
490146,1,1,1993,0,0,0,0,0,0,0,0,0,0
490146,2,1,1993,0,0,0,0,0,0,0,0,0,0
490147,1,1,1993,0,0,0,0,0,0,0,0,0,0
490147,2,1,1993,0,0,0,0,0,0,0,0,0,0
490148,1,1,1993,0,0,0,0,0,0,0,0,0,0
490148,2,1,1993,0,0,0,0,0,0,0,0,0,0
490149,0,1,1993,0,0,0,0,0,0,0,0,0,0
490149,1,1,1993,0,0,0,0,0,0,0,0,0,0
490150,0,1,1993,0,0,0,0,0,0,0,0,0,0
490150,1,1,1993,0,0,0,0,0,0,0,0,0,0
490151,1,1,1993,0,0,0,0,0,0,0,0,0,0
490152,1,1,1993,0,0,0,0,0,0,0,0,0,0
490152,2,1,1993,0,0,0,0,0,0,0,0,0,0
490153,1,1,1993,0,0,0,23,0,0,0,0,18,0
490153,2,1,1993,0,0,0,0,0,0,0,0,0,0
490154,1,1,1993,0,0,0,0,0,0,0,0,0,0
490154,2,1,1993,0,0,0,0,0,0,0,0,0,0
490155,0,1,1993,0,0,0,0,0,0,0,0,0,0
490155,1,1,1993,0,0,0,0,18,0,0,0,0,0
490156,1,1,1993,0,0,0,0,0,0,0,0,0,0
490156,2,1,1993,0,0,0,0,0,0,0,0,0,0
490157,0,1,1993,0,0,0,0,0,0,0,15,0,0
490157,1,1,1993,0,0,0,0,0,0,0,0,0,0
490158,1,1,1993,0,0,0,0,0,0,0,0,0,0
490158,2,1,1993,0,0,0,0,0,0,0,0,0,0
490159,1,1,1993,24,24,24,24,24,24,24,24,24,24
490160,1,1,1993,0,0,0,0,0,0,0,0,0,0
490161,1,1,1993,0,0,0,0,0,0,0,0,0,0
490162,1,1,1993,0,0,0,0,0,0,0,0,0,0
490162,2,1,1993,0,0,0,0,0,0,0,0,0,0
490162,3,1,1993,0,0,0,0,0,0,0,0,0,0
490163,1,1,1993,0,0,0,0,0,0,0,0,0,0
490164,0,1,1993,0,0,0,0,0,0,0,0,0,0
490164,1,1,1993,0,0,0,0,0,0,0,0,0,0
490165,1,1,1993,0,0,0,0,0,0,0,0,0,0
490165,2,1,1993,0,0,0,0,0,0,0,0,0,0
490166,1,1,1993,18,18,18,18,18,18,18,18,18,18
490166,2,1,1993,0,0,0,0,0,0,0,0,0,0
490167,0,1,1993,0,0,0,0,0,0,0,0,0,0
490167,0,2,1993,0,0,0,0,0,0,0,0,0,0
490167,1,1,1993,0,0,0,0,0,0,0,0,0,0
490168,1,1,1993,0,0,0,0,0,0,0,0,0,0
490168,2,1,1993,0,0,0,0,0,0,0,0,0,0
490169,1,1,1993,0,0,0,0,0,0,0,0,0,0
490170,1,1,1993,0,0,0,0,0,0,0,0,0,0
490171,0,1,1993,0,0,0,0,0,0,0,0,0,0
490171,1,1,1993,0,0,0,0,0,0,0,0,0,0
490171,2,1,1993,0,0,6,0,9,0,24,0,0,21
490172,1,1,1993,0,0,0,0,0,0,0,0,0,0
490173,0,1,1993,0,0,0,0,0,0,0,0,0,0
490173,1,1,1993,0,0,0,0,0,0,0,0,0,0
490174,1,1,1993,3,3,3,3,3,3,3,3,3,3
490174,2,1,1993,7,7,7,7,7,7,7,7,7,7
490175,1,1,1993,0,0,0,0,0,0,0,0,0,0
490175,2,1,1993,0,0,0,0,0,0,0,0,0,0
490176,1,1,1993,0,0,0,0,0,0,0,0,0,0
490176,2,1,1993,0,0,0,0,0,0,0,0,0,0
490176,3,1,1993,0,0,0,0,0,0,0,0,0,0
490177,1,1,1993,0,0,0,0,0,0,0,0,0,0
490177,2,1,1993,0,0,0,0,0,0,0,0,0,0
490178,0,1,1993,0,0,0,0,0,0,0,0,0,0
490178,1,1,1993,0,0,0,0,0,0,0,0,0,0
490179,1,1,1993,0,0,0,0,0,0,0,0,0,0
490180,1,1,1993,0,0,0,0,0,0,0,0,0,0
490181,1,1,1993,0,0,0,0,0,0,0,0,0,0
490182,1,1,1993,18,18,18,18,18,18,18,18,18,18
490183,1,1,1993,0,0,0,0,0,0,0,0,0,0
490184,1,1,1993,16,0,0,20,26,0,0,0,0,0
490185,1,1,1993,0,0,0,0,0,0,0,0,0,0
490185,2,1,1993,0,0,0,0,0,0,0,0,0,0
490186,1,1,1993,0,0,0,0,0,0,0,0,0,0
490188,1,1,1993,0,0,0,0,0,0,0,0,0,0
490188,2,1,1993,0,0,0,0,0,0,0,0,0,0
490189,0,1,1993,19,35,0,9,17,31,9,16,36,4
490189,1,1,1993,0,8,0,0,11,18,3,16,0,0
490190,1,1,1993,5,5,5,5,5,5,5,5,5,5
490190,2,1,1993,0,0,0,0,0,0,0,0,0,0
490191,1,1,1993,0,0,0,0,0,0,0,0,0,0
490192,1,1,1993,20,20,20,20,20,20,20,20,20,20
490193,1,1,1993,0,0,0,0,0,0,0,0,0,0
490193,2,1,1993,0,0,0,0,0,0,0,0,0,0
490194,1,1,1993,0,0,0,0,0,0,0,0,0,0
490195,1,1,1993,0,0,0,0,0,0,0,0,0,0
490196,1,1,1993,0,0,0,0,0,0,0,0,0,0
490196,2,1,1993,0,0,0,0,0,0,0,0,0,0
490196,3,1,1993,0,0,0,0,0,0,0,0,0,0
490196,4,1,1993,0,0,0,0,0,0,0,0,0,0
490197,1,1,1993,0,0,0,0,0,0,0,0,0,0
490197,2,1,1993,0,0,0,0,0,0,0,0,0,0
490198,1,1,1993,2,2,2,2,2,2,2,2,2,2
490199,1,1,1993,23,23,23,23,23,23,23,23,23,23
490200,1,1,1993,8,8,8,8,8,8,8,8,8,8
490201,1,1,1993,0,0,0,0,0,0,0,0,0,0
490202,0,1,1993,0,0,0,0,0,0,0,0,0,0
490202,1,1,1993,0,0,0,0,0,0,0,0,0,0
490203,1,1,1993,0,0,0,0,0,0,0,0,0,0
490203,2,1,1993,0,0,0,0,0,0,0,0,0,0
490204,1,1,1993,12,12,12,12,12,12,12,12,12,12
490205,1,1,1993,0,0,0,0,0,0,0,0,0,0
490205,2,1,1993,8,20,0,14,0,0,0,0,0,0
490205,3,1,1993,0,0,0,0,0,0,0,0,0,0
490206,1,1,1993,0,0,0,0,0,0,0,0,0,0
490206,2,1,1993,0,0,0,0,0,0,0,0,0,0
490207,1,1,1993,27,27,27,27,27,27,27,27,27,27
490207,2,1,1993,24,24,24,24,24,24,24,24,24,24
490208,1,1,1993,0,0,0,0,0,0,0,0,0,0
490208,2,1,1993,0,0,0,0,0,0,0,0,0,0
490209,1,1,1993,0,0,0,0,0,0,0,0,0,0
490209,2,1,1993,0,0,0,3,0,0,0,0,0,0
490210,1,1,1993,0,17,8,0,21,22,0,11,0,21
490211,1,1,1993,0,0,0,0,0,0,0,0,0,0
490211,2,1,1993,0,0,0,0,0,0,0,0,0,0
490212,1,1,1993,0,0,0,0,0,0,0,0,0,0
490213,1,1,1993,0,0,0,0,0,0,0,0,0,0
490214,1,1,1993,0,0,0,0,0,0,0,0,0,0
490215,1,1,1993,0,18,0,0,0,0,31,10,27,0
490216,0,1,1993,0,0,0,0,0,0,0,0,0,0
490216,1,1,1993,0,0,0,0,0,0,0,0,0,0
490217,1,1,1993,17,17,17,17,17,17,17,17,17,17
490217,2,1,1993,17,17,17,17,17,17,17,17,17,17
490218,0,1,1993,0,0,0,0,0,0,0,0,0,0
490218,1,1,1993,0,0,0,0,0,0,0,0,0,0
490219,1,1,1993,0,0,0,0,0,0,0,0,0,0
490219,2,1,1993,0,0,0,0,0,0,0,0,0,0
490220,1,1,1993,0,0,0,0,0,0,0,0,0,0
490221,0,1,1993,24,24,24,24,24,24,24,24,24,24
490221,1,1,1993,0,0,0,0,0,0,0,0,0,0
490222,0,1,1993,0,0,0,0,0,0,0,0,0,0
490222,1,1,1993,0,0,0,0,0,0,0,0,0,0
490223,1,1,1993,0,0,0,0,0,0,0,0,0,0
490223,2,1,1993,0,0,0,0,0,0,0,0,0,0
490225,0,1,1993,37,37,37,37,37,37,37,37,37,37
490225,1,1,1993,0,0,0,0,0,0,0,0,0,0
490226,1,1,1993,0,0,0,0,0,0,0,28,7,0
490227,1,1,1993,18,18,18,18,18,18,18,18,18,18
490228,1,1,1993,0,0,0,0,0,0,0,0,0,0
490228,2,1,1993,0,0,0,0,0,0,0,0,0,0
490229,1,1,1993,26,26,26,26,26,26,26,26,26,26
490230,1,1,1993,0,0,0,0,0,0,0,0,0,0
490230,2,1,1993,0,0,0,0,0,0,0,0,0,0
490231,1,1,1993,0,0,0,0,0,0,0,0,0,0
490231,2,1,1993,0,0,0,0,25,0,0,0,0,0
490232,1,1,1993,0,0,0,0,0,0,0,0,0,0
490232,2,1,1993,0,0,0,0,0,0,0,0,0,0
490233,1,1,1993,21,21,21,21,21,21,21,21,21,21
490234,1,1,1993,0,0,0,0,0,0,0,0,0,0
490235,1,1,1993,0,0,0,0,0,0,0,0,0,0
490236,1,1,1993,0,0,0,0,0,0,0,0,0,0
490237,1,1,1993,27,27,27,27,27,27,27,27,27,27
490238,0,1,1993,0,0,0,0,0,0,0,0,0,0
490238,1,1,1993,0,0,0,0,0,0,0,0,0,0
490239,1,1,1993,10,10,10,10,10,10,10,10,10,10
490240,1,1,1993,0,0,0,0,0,0,0,0,0,0
490241,0,1,1993,14,14,14,14,14,14,14,14,14,14
490241,1,1,1993,0,0,0,0,0,0,0,0,0,0
490242,1,1,1993,3,3,3,3,3,3,3,3,3,3
490243,1,1,1993,23,23,23,23,23,23,23,23,23,23
490243,2,1,1993,0,0,0,0,0,0,0,0,0,0
490243,3,1,1993,0,0,0,0,0,0,0,0,0,0
490244,1,1,1993,0,0,0,0,0,0,0,0,0,0
490244,2,1,1993,0,0,0,0,0,0,0,0,0,0
490245,1,1,1993,0,0,0,0,0,0,0,0,0,0
490245,2,1,1993,10,10,10,10,10,10,10,10,10,10
490246,1,1,1993,0,0,0,0,0,0,0,0,0,0
490246,2,1,1993,0,0,0,0,0,0,0,0,0,0
490247,1,1,1993,0,0,0,0,0,0,0,0,0,0
490248,1,1,1993,17,17,17,17,17,17,17,17,17,17
490249,1,1,1993,0,0,0,0,0,0,0,0,0,0
490250,1,3,1993,0,0,0,15,14,0,0,0,0,0
490251,1,1,1993,0,0,0,0,0,0,0,0,0,0
490251,2,1,1993,0,0,0,0,0,0,0,0,0,0
490251,3,1,1993,0,0,0,0,0,0,0,0,0,0
490252,0,1,1993,0,0,0,0,0,0,0,0,0,0
490252,1,1,1993,0,0,0,0,0,0,0,0,0,0
490253,1,1,1993,22,22,22,22,22,22,22,22,22,22
490254,1,1,1993,0,0,0,0,0,0,0,0,0,0
490255,1,1,1993,0,0,0,0,0,0,0,0,0,0
490256,1,1,1993,24,24,24,24,24,24,24,24,24,24
490257,1,1,1993,13,13,13,13,13,13,13,13,13,13
490258,0,1,1993,0,0,0,0,0,0,0,0,0,0
490258,1,1,1993,0,0,0,0,0,0,0,0,0,0
490259,1,1,1993,0,2,0,33,0,0,0,0,0,0
490260,1,1,1993,22,22,22,22,22,22,22,22,22,22
490261,0,1,1993,9,4,39,34,10,0,16,14,35,0
490261,1,1,1993,0,0,0,0,0,0,0,0,0,0
490262,1,1,1993,0,0,0,0,0,0,0,0,0,0
490263,1,1,1993,12,12,12,12,12,12,12,12,12,12
490263,2,1,1993,0,0,0,0,0,0,0,0,0,0
490264,1,1,1993,0,0,0,0,0,0,0,0,0,0
490264,2,1,1993,0,0,0,0,0,0,0,0,0,0
490264,3,1,1993,0,0,0,0,0,0,0,0,0,0
500001,1,1,1993,0,0,0,0,0,0,0,0,0,0
500002,1,1,1993,24,24,24,24,24,24,24,24,24,24
500003,1,1,1993,0,0,0,0,0,0,0,0,0,0
500004,1,1,1993,20,20,20,20,20,20,20,20,20,20
500005,1,1,1993,0,0,0,0,0,0,0,0,0,0
500006,1,1,1993,26,26,26,26,26,26,26,26,26,26
500007,1,1,1993,0,0,0,0,0,0,0,0,0,0
500008,1,1,1993,0,0,7,0,0,0,6,0,0,0
500008,2,1,1993,0,0,0,0,0,0,0,0,0,0
500009,1,1,1993,0,0,0,0,0,0,0,0,0,0
500009,2,1,1993,0,0,0,0,0,0,0,0,0,0
500010,1,1,1993,0,0,0,0,0,0,0,0,0,0
500010,2,1,1993,0,0,0,12,17,0,0,0,0,0