ST_CASE,VEH_NO,PER_NO,YEAR,P1,P2,P3,P4,P5,P6,P7,P8,P9,P10
500011,1,1,1993,5,5,5,5,5,5,5,5,5,5
500011,2,1,1993,1,1,1,1,1,1,1,1,1,1
500012,1,1,1993,18,18,18,18,18,18,18,18,18,18
500013,1,1,1993,0,0,0,0,0,0,0,0,0,0
500013,2,1,1993,0,0,0,0,0,0,0,0,0,0
500014,1,1,1993,0,0,0,0,0,0,0,0,0,3
500014,2,1,1993,0,0,0,0,0,0,0,0,0,0
500015,1,1,1993,0,0,0,0,0,0,0,0,0,0
500015,2,1,1993,0,0,0,0,0,0,0,0,0,0
500016,1,1,1993,8,13,26,11,17,18,22,19,6,0
500016,2,1,1993,0,0,0,0,0,0,0,0,0,0
500017,1,1,1993,15,15,15,15,15,15,15,15,15,15
500018,1,1,1993,0,0,0,0,0,0,0,0,0,0
500019,1,1,1993,0,0,0,0,0,0,0,0,0,0
500020,1,1,1993,21,21,21,21,21,21,21,21,21,21
500021,1,1,1993,31,31,31,31,31,31,31,31,31,31
500021,2,1,1993,0,0,0,0,0,0,0,0,0,0
500022,1,1,1993,7,0,0,0,9,20,17,0,17,10
500023,1,1,1993,29,29,29,29,29,29,29,29,29,29
500024,1,1,1993,26,26,26,26,26,26,26,26,26,26
500025,1,1,1993,0,0,0,0,0,0,0,0,0,0
500025,2,1,1993,0,0,0,0,0,0,0,0,0,0
500026,1,1,1993,15,15,15,15,15,15,15,15,15,15
500026,2,1,1993,0,0,0,0,0,0,0,0,5,0
500027,1,1,1993,18,18,18,18,18,18,18,18,18,18
500027,2,1,1993,0,0,0,0,7,0,0,0,0,0
500028,1,1,1993,0,5,0,0,0,0,0,0,0,0
500029,1,1,1993,19,19,19,19,19,19,19,19,19,19
500030,1,1,1993,22,22,22,22,22,22,22,22,22,22
500031,0,1,1993,5,5,5,5,5,5,5,5,5,5
500031,1,1,1993,0,0,0,0,0,0,0,0,0,0
500032,1,1,1993,20,20,20,20,20,20,20,20,20,20
500033,0,1,1993,0,0,23,0,0,0,0,0,0,0
500033,0,2,1993,0,0,0,0,0,0,0,0,0,0
500033,0,3,1993,28,37,18,0,0,0,0,0,0,0
500033,0,4,1993,13,0,0,0,0,0,0,0,0,0
500033,1,1,1993,0,0,0,0,0,0,0,0,0,0
500034,1,1,1993,0,0,0,0,0,0,0,0,0,0
500035,1,1,1993,0,0,0,0,19,17,8,0,0,28
500036,1,1,1993,0,0,0,2,0,0,0,0,0,0
500037,1,1,1993,0,0,0,0,0,0,0,0,0,0
500038,1,1,1993,0,0,0,0,0,0,3,0,0,0
500038,2,1,1993,0,0,0,0,0,0,0,0,0,0
500039,1,1,1993,0,0,0,0,0,0,0,0,0,0
500040,1,1,1993,0,0,0,0,0,0,0,0,0,0
500041,1,1,1993,20,20,20,20,20,20,20,20,20,20
500042,1,1,1993,0,0,0,0,0,0,0,0,0,0
500043,1,1,1993,0,0,0,0,0,0,0,0,0,0
500043,2,1,1993,0,0,0,0,0,0,0,0,0,0
500044,1,1,1993,25,25,25,25,25,25,25,25,25,25
500045,1,1,1993,6,0,0,0,0,11,0,0,0,0
500045,2,1,1993,0,0,0,0,0,0,0,0,3,0
500046,1,1,1993,11,11,11,11,11,11,11,11,11,11
500046,2,1,1993,8,0,0,0,0,0,0,0,0,8
500047,1,1,1993,28,28,28,28,28,28,28,28,28,28
500048,1,1,1993,0,0,0,0,0,0,0,0,0,0
500049,1,1,1993,16,16,16,16,16,16,16,16,16,16
500050,1,1,1993,0,0,0,0,0,0,0,0,0,0
500050,2,1,1993,0,0,0,0,0,0,0,0,0,0
500051,1,1,1993,0,0,0,0,0,0,0,0,0,0
500052,1,1,1993,18,18,18,18,18,18,18,18,18,18
500053,1,1,1993,0,0,0,0,0,0,0,0,0,0
500053,2,1,1993,0,0,0,0,0,0,0,0,0,0
500054,1,1,1993,1,1,1,1,1,1,1,1,1,1
500054,2,1,1993,0,0,0,0,0,0,0,0,0,0
500055,1,1,1993,0,0,0,0,0,0,0,0,0,0
500055,2,1,1993,0,0,0,0,0,0,0,0,0,0
500055,3,1,1993,0,0,0,0,0,0,0,0,0,0
500055,4,1,1993,0,0,0,0,0,0,0,0,0,0
500055,5,1,1993,0,0,0,0,0,0,0,0,0,0
500056,1,1,1993,21,21,21,21,21,21,21,21,21,21
500057,1,1,1993,7,7,7,7,7,7,7,7,7,7
500057,2,1,1993,0,0,0,0,0,0,0,0,0,0
500058,1,1,1993,23,11,20,12,10,14,26,25,18,20
500058,2,1,1993,0,0,0,0,0,0,0,0,0,0
500059,1,1,1993,30,27,18,22,9,29,17,14,15,6
500060,1,1,1993,0,0,0,0,0,0,0,0,0,0
500060,2,1,1993,14,0,32,0,0,23,0,0,0,0
500061,1,1,1993,0,0,0,0,0,0,7,0,0,0
500061,2,1,1993,0,0,0,0,0,0,0,0,0,0
500062,1,1,1993,17,9,13,16,10,10,12,13,10,17
500063,1,1,1993,13,13,13,13,13,13,13,13,13,13
500064,1,1,1993,0,0,0,0,0,0,0,0,0,0
500064,2,1,1993,7,7,7,7,7,7,7,7,7,7
500064,3,1,1993,0,0,0,0,0,0,0,0,0,0
500065,1,1,1993,0,0,0,0,0,0,0,0,0,0
500065,2,1,1993,0,0,0,0,0,0,0,0,0,0
500066,1,1,1993,2,2,2,2,2,2,2,2,2,2
500068,1,1,1993,3,3,3,3,3,3,3,3,3,3
500069,1,1,1993,0,0,0,0,0,0,0,0,0,0
500070,1,1,1993,0,0,0,0,0,0,0,0,0,0
500071,1,1,1993,43,43,43,43,43,43,43,43,43,43
500071,2,1,1993,0,0,0,0,0,0,0,0,0,0
500071,3,1,1993,0,0,0,0,0,0,0,18,0,0
500072,1,1,1993,27,27,27,27,27,27,27,27,27,27
500073,1,1,1993,0,0,0,0,0,0,0,0,0,0
500074,1,1,1993,0,0,0,0,0,0,0,0,0,0
500075,1,1,1993,0,0,0,0,29,0,0,0,0,0
500076,1,1,1993,8,0,0,0,0,0,0,0,0,0
500078,0,1,1993,20,20,20,20,20,20,20,20,20,20
500078,1,1,1993,0,0,35,0,0,0,0,0,0,0
500079,0,1,1993,32,32,32,32,32,32,32,32,32,32
500081,1,1,1993,0,0,0,0,0,0,0,0,0,0
500081,2,1,1993,0,0,0,0,0,0,0,0,0,0
500083,1,1,1993,16,16,16,16,16,16,16,16,16,16
500083,2,1,1993,0,8,0,0,0,0,0,0,0,0
500084,1,1,1993,5,0,0,0,0,0,12,0,0,0
500085,1,1,1993,3,20,14,0,10,7,3,10,10,21
500085,2,1,1993,0,0,0,0,0,0,0,0,0,0
500086,1,1,1993,12,13,0,0,0,0,0,0,22,24
500087,0,1,1993,0,0,0,0,0,0,0,0,0,0
500087,1,1,1993,0,0,0,0,0,0,0,0,0,0
500088,1,1,1993,0,0,0,0,0,0,0,0,0,0
500088,2,1,1993,0,0,0,0,0,0,0,0,0,0
500089,1,1,1993,0,0,0,0,0,0,0,0,0,0
500090,1,1,1993,0,0,0,0,0,0,0,0,0,0
500090,2,1,1993,0,0,0,0,0,0,0,0,0,0
500091,1,1,1993,20,18,31,35,20,19,18,37,14,12
500092,1,1,1993,0,0,0,0,0,0,0,0,0,0
500092,2,1,1993,0,0,0,0,0,0,0,0,0,0
500093,1,1,1993,0,0,0,0,0,0,0,0,0,0
500093,2,1,1993,0,0,0,0,0,0,0,0,0,0
500094,1,1,1993,0,17,2,10,0,0,15,0,0,22
500095,1,1,1993,0,4,0,0,0,0,0,0,0,0
500095,2,1,1993,0,0,0,0,0,0,0,0,0,0
500096,1,1,1993,0,7,16,15,6,17,19,10,17,28
500097,1,1,1993,0,0,0,0,0,0,0,0,0,0
500098,1,1,1993,0,0,0,0,0,0,0,0,0,0
500099,1,1,1993,20,29,16,19,17,11,14,0,0,27
500100,1,1,1993,0,0,0,0,0,0,0,0,0,0
500100,2,1,1993,0,0,0,0,0,0,0,0,0,0
500101,1,1,1993,0,0,0,0,0,0,0,0,0,0
500102,1,1,1993,0,0,0,0,0,0,0,0,0,0
500103,1,1,1993,0,0,0,0,0,0,0,0,0,0
500104,1,1,1993,12,12,12,12,12,12,12,12,12,12
500105,1,1,1993,0,0,0,0,0,0,0,0,0,0
500105,2,1,1993,6,0,0,0,0,5,0,0,0,0
510001,1,1,1993,26,26,26,26,26,26,26,26,26,26
510003,1,3,1993,0,0,0,0,0,0,15,0,0,0
510004,1,1,1993,0,5,0,12,0,21,11,15,20,17
510004,2,1,1993,0,0,0,0,0,0,0,0,0,0
510005,1,1,1993,0,0,0,0,0,0,0,0,0,0
510006,1,1,1993,0,0,0,0,0,0,0,0,0,0
510007,1,1,1993,0,38,19,5,0,13,0,0,19,13
510008,1,1,1993,19,20,5,17,14,10,25,20,16,29
510009,1,1,1993,4,13,12,17,11,11,11,2,11,16
510010,1,1,1993,21,3,25,12,0,23,22,0,0,31
510011,1,1,1993,12,12,12,12,12,12,12,12,12,12
510012,1,1,1993,0,15,9,8,0,0,18,5,6,0
510013,1,1,1993,21,21,21,21,21,21,21,21,21,21
510014,1,1,1993,0,0,0,0,0,0,0,0,0,0
510015,1,1,1993,0,0,0,0,0,0,0,0,0,0
510016,1,1,1993,0,0,0,0,0,0,0,0,0,0
510016,2,1,1993,0,0,0,0,0,0,0,0,0,0
510017,1,1,1993,0,0,0,0,0,0,0,0,0,0
510018,1,1,1993,0,14,9,15,0,12,0,11,0,7
510019,1,1,1993,0,0,0,0,0,0,0,0,0,0
510019,2,1,1993,0,3,9,0,0,17,9,25,17,12
510020,1,1,1993,0,0,0,0,0,0,0,0,0,0
510022,0,1,1993,28,44,21,26,20,46,28,13,27,20
510022,1,1,1993,0,0,0,0,0,0,0,0,0,0
510022,2,1,1993,0,0,0,0,0,0,0,0,0,12
510023,1,1,1993,0,0,0,0,0,0,0,0,0,0
510023,2,1,1993,0,0,0,0,0,0,0,0,0,0
510024,1,1,1993,0,0,0,0,0,0,0,0,0,0
510025,1,1,1993,0,0,16,0,0,0,0,0,0,0
510025,2,1,1993,0,0,0,0,0,0,0,0,0,0
510026,0,1,1993,21,21,21,21,21,21,21,21,21,21
510026,1,1,1993,0,0,0,0,0,0,0,0,0,0
510027,0,1,1993,0,0,0,0,0,0,0,0,0,0
510027,1,1,1993,0,0,0,0,0,0,0,0,0,0
510028,0,1,1993,0,0,0,0,0,0,0,0,0,0
510028,1,1,1993,0,0,0,0,10,0,0,0,0,0
510030,1,1,1993,0,0,0,0,0,0,0,0,0,0
510030,2,1,1993,0,0,0,9,0,0,0,6,0,9
510031,1,1,1993,14,14,14,14,14,14,14,14,14,14
510032,1,2,1993,0,0,0,0,0,0,0,0,0,0
510033,1,1,1993,0,0,0,0,0,0,0,0,0,0
510033,2,1,1993,0,0,0,0,0,0,0,0,0,0
510034,1,1,1993,0,0,0,0,0,0,0,0,0,0
510035,1,1,1993,0,0,15,0,12,0,11,20,14,16
510035,2,1,1993,0,0,0,0,0,0,0,0,0,0
510035,3,1,1993,0,0,0,0,0,0,0,0,0,0
510036,1,1,1993,0,15,0,0,0,0,0,0,0,0
510036,2,1,1993,0,0,0,0,0,0,0,0,0,0
510037,1,1,1993,0,0,17,0,14,0,0,0,10,0
510037,2,1,1993,41,10,0,24,22,32,16,13,37,15
510038,1,1,1993,19,19,19,19,19,19,19,19,19,19
510040,0,1,1993,0,17,0,28,0,13,0,0,0,0
510040,1,1,1993,0,0,0,0,0,0,0,0,0,0
510041,1,1,1993,17,4,0,6,0,0,0,0,18,20
510042,1,2,1993,0,6,0,0,0,0,0,0,0,0
510042,2,1,1993,0,0,0,0,0,0,0,0,0,0
510043,0,1,1993,0,0,0,0,0,0,0,0,0,0
510043,1,1,1993,7,0,0,0,0,0,0,0,11,0
510044,1,1,1993,23,21,18,14,10,12,16,9,21,18
510044,2,1,1993,16,0,0,0,0,0,0,0,0,0
510045,1,1,1993,0,0,0,0,0,0,0,0,0,0
510046,1,1,1993,0,0,0,0,0,0,0,0,0,0
510047,1,1,1993,0,0,0,0,0,0,0,0,0,0
510047,2,1,1993,0,0,0,0,0,0,0,9,0,0
510048,1,1,1993,0,0,0,0,0,0,0,0,0,0
510048,2,1,1993,0,0,0,0,0,0,0,0,0,0
510049,1,1,1993,0,0,0,0,0,0,0,0,0,0
510049,2,1,1993,0,31,0,0,0,0,0,0,0,0
510050,1,1,1993,0,0,14,0,11,0,23,0,0,0
510050,2,1,1993,0,0,0,0,0,0,0,0,0,0
510050,3,1,1993,0,0,0,3,0,0,0,0,0,0
510051,1,1,1993,21,14,0,21,0,14,14,8,18,14
510052,1,1,1993,17,17,17,17,17,17,17,17,17,17
510053,1,3,1993,0,0,0,0,0,0,0,0,0,0
510054,1,1,1993,0,0,0,0,0,0,0,0,0,0
510054,2,1,1993,0,0,0,0,0,0,0,0,0,0
510055,1,1,1993,0,0,0,0,0,0,0,0,0,0
510055,2,1,1993,0,0,0,0,0,0,0,0,0,0
510056,1,1,1993,0,0,0,0,0,0,0,0,0,0
510057,1,1,1993,3,3,3,3,3,3,3,3,3,3
510059,1,1,1993,0,0,0,0,0,0,0,0,0,0
510059,2,1,1993,0,0,0,0,0,0,0,0,0,0
510060,1,1,1993,22,22,22,22,22,22,22,22,22,22
510061,1,1,1993,16,31,6,17,25,0,14,32,11,31
510061,2,1,1993,0,0,0,0,0,10,0,0,0,0
510062,1,1,1993,0,0,0,0,0,0,0,0,0,0
510063,1,1,1993,0,0,0,0,0,0,0,0,35,0
510064,0,1,1993,19,17,19,25,31,24,4,23,15,16
510064,1,1,1993,0,0,0,0,0,0,0,8,0,0
510065,1,1,1993,25,25,25,25,25,25,25,25,25,25
510066,1,1,1993,0,0,0,0,0,0,0,0,0,0
510067,1,1,1993,12,0,10,0,0,9,10,18,8,9
510067,2,1,1993,4,13,8,16,16,27,0,12,15,6
510068,1,1,1993,0,0,0,0,0,0,0,0,0,0
510068,2,1,1993,0,0,0,0,0,0,0,0,0,0
510069,0,1,1993,21,13,0,24,20,27,22,28,20,0
510069,1,1,1993,22,0,0,0,0,12,6,0,29,12
510070,0,1,1993,0,0,0,0,0,0,0,0,0,0
510070,2,1,1993,0,0,0,0,0,0,0,0,0,0
510070,3,1,1993,0,0,0,0,0,0,0,0,0,0
510070,4,1,1993,0,0,0,0,0,0,0,0,0,0
510070,5,1,1993,0,0,0,0,0,0,0,0,0,0
510070,6,1,1993,0,0,0,0,0,0,0,0,25,0
510070,7,1,1993,0,0,0,0,0,0,0,0,0,0
510070,8,1,1993,0,0,0,0,0,0,0,0,0,0
510071,1,1,1993,15,15,15,15,15,15,15,15,15,15
510072,1,1,1993,18,18,18,18,18,18,18,18,18,18
510073,1,1,1993,16,16,16,16,16,16,16,16,16,16
510074,1,1,1993,3,8,34,14,10,4,20,6,13,8
510075,1,1,1993,0,0,0,0,0,0,0,0,0,0
510075,2,1,1993,0,0,0,0,0,0,0,0,0,0
510076,1,1,1993,0,0,0,0,0,0,0,0,0,0
510076,2,1,1993,0,0,0,0,0,0,0,0,0,0
510076,3,1,1993,0,0,0,0,0,0,0,0,0,0
510076,4,1,1993,17,17,17,17,17,17,17,17,17,17
510077,1,1,1993,7,7,7,7,7,7,7,7,7,7
510079,1,1,1993,33,33,33,33,33,33,33,33,33,33
510080,1,1,1993,10,18,0,21,19,18,0,9,4,20
510081,1,1,1993,17,17,0,22,26,10,0,24,19,17
510082,1,1,1993,13,13,13,13,13,13,13,13,13,13
510083,0,1,1993,0,0,0,0,0,0,0,0,0,0
510084,1,1,1993,0,0,0,0,0,4,0,0,0,0
510084,2,1,1993,0,0,0,0,0,0,0,0,0,0
510085,1,1,1993,17,17,17,17,17,17,17,17,17,17
510085,2,1,1993,0,0,0,0,0,0,0,0,0,0
510086,1,1,1993,0,0,0,0,0,0,0,0,0,0
510087,1,1,1993,0,0,0,0,0,0,0,0,0,0
510087,2,1,1993,0,0,0,0,0,0,0,0,0,0
510088,0,1,1993,0,0,0,0,0,0,0,0,0,0
510088,1,1,1993,0,0,0,0,0,0,0,0,0,0
510089,1,1,1993,0,0,0,0,0,0,0,0,0,0
510090,1,1,1993,0,0,0,8,0,0,0,0,0,0
510090,2,1,1993,0,0,0,0,0,0,0,0,10,0
510091,1,1,1993,0,0,0,0,0,0,0,0,0,0
510091,2,1,1993,0,0,0,0,0,0,0,0,0,0
510092,0,1,1993,0,0,0,0,0,0,0,0,0,0
510092,1,1,1993,0,0,0,0,0,5,0,0,0,0
510093,1,1,1993,0,0,0,0,0,0,0,0,0,0
510093,2,1,1993,0,0,0,18,0,0,0,0,0,0
510094,1,1,1993,11,0,11,0,0,0,0,0,0,0
510094,2,1,1993,13,0,0,0,0,0,0,0,0,0
510095,0,1,1993,16,14,18,18,19,28,9,16,33,30
510095,1,1,1993,14,14,14,17,10,16,13,21,7,16
510096,1,1,1993,25,25,25,25,25,25,25,25,25,25
510097,0,1,1993,27,27,27,27,27,27,27,27,27,27
510097,1,1,1993,0,0,0,0,0,0,0,0,0,0
510098,1,1,1993,14,0,0,11,0,15,32,0,18,26
510098,2,1,1993,0,0,0,0,0,0,0,0,0,15
510099,1,1,1993,0,0,0,43,0,0,7,0,0,0
510100,1,1,1993,21,21,21,21,21,21,21,21,21,21
510100,2,1,1993,21,23,0,0,0,0,0,0,44,30
510101,1,1,1993,0,0,0,0,3,0,10,10,12,0
510102,1,1,1993,0,10,0,0,14,0,0,18,0,18
510103,1,1,1993,11,11,11,11,11,11,11,11,11,11
510103,2,1,1993,0,0,0,0,0,0,0,0,0,0
510104,1,1,1993,0,0,0,0,0,0,0,0,0,0
510105,1,1,1993,0,10,0,0,0,0,0,0,9,0
510105,2,1,1993,5,5,5,5,5,5,5,5,5,5
510106,1,1,1993,0,0,0,0,0,0,0,0,0,0
510106,2,1,1993,0,0,0,0,0,0,0,0,0,0
510107,1,1,1993,0,0,0,0,0,0,0,0,0,0
510108,1,1,1993,0,0,0,0,0,0,0,0,0,0
510109,1,1,1993,0,0,0,0,0,0,0,0,0,0
510109,2,1,1993,0,0,0,0,0,0,0,0,0,0
510110,1,1,1993,0,0,0,0,0,0,0,0,0,0
510112,1,1,1993,0,0,0,0,0,0,0,0,0,11
510112,2,1,1993,0,0,0,0,0,0,0,0,0,0
510113,1,1,1993,0,0,0,0,0,0,0,0,0,0
510113,2,1,1993,0,0,0,0,0,0,0,0,0,0
510113,3,1,1993,0,0,0,0,0,0,0,0,0,0
510113,4,1,1993,0,0,0,0,0,0,0,0,0,0
510114,1,1,1993,9,9,9,9,9,9,9,9,9,9
510115,1,1,1993,0,0,0,0,0,0,0,0,0,0
510115,2,1,1993,0,0,0,0,11,0,0,0,0,0
510116,1,1,1993,0,0,0,0,0,0,0,0,0,0
510116,2,1,1993,0,0,0,0,0,0,0,0,0,0
510117,1,1,1993,0,0,0,0,0,0,0,0,0,0
510117,2,1,1993,0,0,0,0,0,0,0,0,0,0
510118,1,1,1993,0,0,0,0,0,0,0,0,0,0
510118,2,1,1993,0,0,0,0,0,0,0,0,0,0
510119,1,1,1993,0,11,32,0,0,0,0,0,0,0
510120,1,1,1993,0,0,0,0,0,0,0,0,0,0
510121,0,1,1993,15,15,15,15,15,15,15,15,15,15
510121,2,1,1993,11,8,21,10,15,12,9,24,7,17
510122,0,1,1993,21,21,21,21,21,21,21,21,21,21
510122,1,1,1993,0,0,0,0,0,0,0,0,0,0
510123,1,1,1993,0,0,0,0,0,0,0,0,0,0
510123,2,1,1993,0,0,0,0,0,0,0,0,0,0
510124,1,1,1993,0,0,0,0,0,0,0,0,0,0
510124,2,1,1993,0,0,0,0,0,0,0,0,0,0
510124,3,1,1993,0,0,0,0,0,0,0,0,0,0
510125,0,1,1993,0,17,0,13,0,0,0,0,58,0
510125,1,1,1993,0,0,0,0,0,0,0,0,0,0
510126,1,1,1993,13,13,13,13,13,13,13,13,13,13
510127,1,1,1993,0,0,0,0,0,0,0,0,0,0
510127,2,1,1993,0,0,0,0,0,0,0,0,0,0
510128,1,1,1993,0,0,0,0,0,0,0,0,0,0
510129,1,1,1993,0,24,0,0,0,0,28,26,0,0
510129,2,1,1993,0,0,0,0,0,0,0,0,0,0
510130,1,1,1993,24,16,7,7,16,17,30,6,14,19
510130,2,1,1993,0,0,0,0,0,0,0,0,0,0
510131,1,1,1993,0,0,0,0,0,0,0,0,0,0
510131,2,1,1993,0,0,0,0,0,0,0,0,0,0
510132,0,1,1993,0,10,24,14,27,47,19,37,25,33
510132,1,1,1993,0,0,0,0,14,0,0,0,0,0
510133,1,1,1993,0,0,0,0,0,0,0,0,0,0
510133,2,1,1993,0,0,0,0,0,0,0,0,0,0
510134,1,1,1993,0,0,0,0,0,0,0,0,0,0
510134,2,1,1993,0,0,0,0,0,0,0,0,0,0
510135,1,1,1993,27,27,27,27,27,27,27,27,27,27
510135,2,1,1993,16,24,0,0,5,30,11,20,29,0
510136,1,1,1993,0,0,0,0,0,0,0,0,0,0
510136,2,1,1993,0,0,0,29,0,0,0,16,0,0
510137,1,1,1993,24,24,24,24,24,24,24,24,24,24
510138,0,1,1993,0,0,0,0,0,0,0,0,0,0
510138,1,1,1993,0,0,0,0,0,0,0,0,0,0
510139,1,1,1993,0,0,0,0,0,0,0,0,0,0
510140,1,1,1993,0,0,0,0,0,0,0,0,0,0
510140,2,1,1993,0,0,0,0,0,0,0,0,0,0
510141,0,1,1993,0,0,0,0,0,0,0,0,0,0
510141,1,1,1993,0,0,0,0,0,0,0,0,0,0
510142,1,1,1993,0,0,0,0,0,0,0,0,0,0
510143,1,1,1993,0,0,0,0,0,0,0,0,0,0
510144,1,1,1993,0,0,0,0,0,0,0,0,0,0
510144,2,1,1993,0,0,0,0,0,0,0,0,0,0
510144,3,1,1993,0,0,0,0,0,0,0,0,0,0
510145,0,1,1993,0,33,0,0,28,0,9,0,0,0
510145,1,1,1993,16,0,0,0,0,0,0,0,0,27
510146,1,1,1993,0,0,0,0,0,0,0,0,0,0
510146,2,1,1993,0,0,0,0,0,0,0,0,0,0
510147,1,1,1993,0,0,0,0,0,0,0,0,0,0
510147,2,1,1993,0,0,0,0,0,0,0,0,0,0
510148,1,1,1993,11,7,32,0,17,13,13,23,29,11
510148,2,1,1993,0,0,0,0,0,0,0,0,0,0
510149,1,1,1993,0,0,0,0,0,0,0,0,0,0
510150,0,1,1993,0,0,0,0,0,0,0,0,0,0
510150,1,1,1993,0,0,0,0,0,0,0,0,0,0
510151,1,1,1993,8,8,8,8,8,8,8,8,8,8
510152,1,1,1993,0,0,0,0,0,0,0,0,0,0
510152,2,1,1993,0,0,0,0,0,0,0,0,0,0
510153,1,1,1993,7,7,7,7,7,7,7,7,7,7
510153,2,1,1993,0,0,0,0,0,0,0,0,0,0
510153,3,1,1993,0,0,0,0,0,0,0,0,0,0
510153,4,1,1993,0,0,0,0,0,0,0,0,0,0
510154,1,1,1993,0,0,0,0,0,0,0,0,0,0
510154,2,1,1993,0,0,0,0,0,0,0,0,0,0
510155,1,1,1993,12,0,0,0,0,0,0,0,0,24
510156,1,1,1993,30,30,30,30,30,30,30,30,30,30
510157,1,1,1993,4,15,10,7,5,12,2,15,6,6
510158,1,1,1993,12,19,3,4,25,23,22,21,10,25
510158,2,1,1993,17,0,11,0,14,11,13,9,5,28
510159,1,1,1993,0,0,0,0,0,0,0,0,0,0
510160,1,1,1993,21,21,21,21,21,21,21,21,21,21
510161,1,1,1993,0,0,0,0,0,0,0,0,0,0
510161,2,1,1993,0,0,0,0,0,0,0,0,0,0
510162,1,1,1993,15,15,15,15,15,15,15,15,15,15
510163,1,1,1993,0,0,0,0,0,0,0,0,0,0
510163,2,1,1993,0,0,0,0,0,0,0,0,0,0
510163,3,1,1993,0,0,0,0,0,0,0,0,0,0
510164,1,1,1993,8,0,0,0,0,0,0,0,0,0
510164,2,1,1993,0,0,0,0,0,0,0,0,0,0
510164,3,1,1993,0,0,0,0,0,0,0,0,0,0
510165,1,1,1993,0,0,0,0,0,0,0,0,0,0
510166,0,1,1993,4,0,14,0,28,8,26,23,23,9
510166,1,1,1993,0,0,0,0,0,0,0,0,0,0
510167,1,1,1993,0,0,0,0,0,0,0,0,0,0
510168,1,1,1993,0,0,0,0,0,0,0,0,0,0
510168,2,1,1993,0,0,0,6,0,0,0,0,0,0
510169,1,1,1993,0,0,0,0,0,0,0,7,0,0
510169,2,1,1993,0,0,0,0,0,0,0,0,0,0
510170,1,1,1993,10,11,40,0,10,10,21,12,8,19
510170,2,1,1993,9,0,7,5,7,10,19,5,7,21
510173,1,1,1993,0,0,0,0,0,0,0,0,0,0
510173,2,1,1993,0,6,0,0,0,0,0,0,0,6
510174,1,1,1993,10,13,0,0,9,12,0,10,23,16
510174,2,1,1993,0,0,0,0,0,0,0,0,0,0
510174,3,1,1993,16,0,0,0,0,0,0,0,19,0
510175,1,1,1993,0,0,0,0,0,0,0,0,0,0
510175,2,4,1993,0,0,0,0,0,0,0,0,0,0
510176,1,1,1993,0,0,2,0,0,0,0,22,0,0
510176,2,1,1993,0,0,0,0,0,0,0,0,0,0
510178,1,1,1993,2,2,2,2,2,2,2,2,2,2
510179,1,1,1993,0,0,0,0,0,0,0,0,0,0
510179,2,1,1993,0,0,0,0,0,0,0,0,0,0
510180,1,1,1993,0,0,0,0,0,0,0,0,0,0
510181,1,1,1993,23,16,33,10,27,16,9,17,16,12
510182,1,1,1993,15,15,15,15,15,15,15,15,15,15
510183,1,1,1993,0,0,0,0,0,0,0,0,0,0
510183,2,1,1993,0,6,8,2,14,0,7,8,13,0
510184,0,1,1993,25,25,25,25,25,25,25,25,25,25
510184,1,1,1993,0,0,0,0,0,0,0,0,0,0
510185,1,1,1993,0,0,0,0,0,0,0,0,0,0
510186,1,1,1993,0,0,0,0,0,0,0,0,0,0
510187,1,1,1993,0,0,0,0,0,0,0,0,0,0
510187,2,1,1993,17,0,0,0,0,0,0,0,0,0
510189,1,1,1993,0,0,0,0,0,0,0,0,0,0
510189,2,1,1993,0,0,0,0,0,0,0,0,0,0
510191,0,1,1993,0,0,0,0,0,0,0,0,0,0
510191,1,1,1993,0,13,0,31,0,23,16,21,0,8
510192,1,2,1993,10,22,11,10,20,10,25,26,11,7
510193,1,1,1993,0,0,0,0,0,0,0,0,0,0
510193,2,1,1993,0,0,0,0,0,0,0,0,0,0
510193,3,1,1993,0,0,0,0,0,0,0,0,0,0
510194,1,1,1993,0,0,0,0,0,0,0,0,0,0
510195,1,1,1993,18,18,18,18,18,18,18,18,18,18
510196,1,1,1993,0,0,6,0,18,0,0,38,0,20
510197,0,1,1993,28,28,28,28,28,28,28,28,28,28
510197,1,1,1993,14,8,0,14,10,0,33,0,0,15
510198,1,1,1993,20,20,20,20,20,20,20,20,20,20
510199,1,1,1993,0,0,0,0,0,0,0,0,0,0
510199,2,1,1993,0,0,0,0,0,0,0,0,0,0
510200,1,1,1993,16,27,18,11,24,20,16,27,26,29
510201,1,2,1993,0,0,0,0,0,0,0,0,0,0
510201,2,1,1993,0,0,0,0,0,0,0,0,0,0
510201,3,3,1993,0,12,0,0,15,0,0,0,0,0
510201,4,1,1993,0,0,0,0,0,0,0,0,0,0
510202,1,1,1993,7,7,7,7,7,7,7,7,7,7
510202,2,1,1993,8,20,13,9,10,24,9,15,12,10
510203,1,1,1993,0,7,0,0,0,0,0,0,0,0
510204,1,1,1993,13,13,13,13,13,13,13,13,13,13
510205,1,1,1993,10,17,18,32,17,14,17,11,5,27
510206,1,1,1993,0,0,0,0,0,0,0,0,0,0
510206,2,1,1993,0,0,0,0,0,0,0,0,0,0
510206,3,3,1993,0,0,0,0,0,7,0,0,0,0