ST_CASE,VEH_NO,PER_NO,YEAR,P1,P2,P3,P4,P5,P6,P7,P8,P9,P10
510206,4,1,1993,0,0,0,0,0,0,0,0,0,0
510207,1,1,1993,0,0,0,0,0,0,0,0,0,0
510207,2,1,1993,0,0,3,0,0,0,0,0,0,0
510207,3,1,1993,0,0,0,0,0,0,0,0,0,0
510208,0,1,1993,32,32,32,32,32,32,32,32,32,32
510208,1,1,1993,0,18,0,4,0,0,0,0,0,0
510208,2,1,1993,0,0,0,0,0,0,0,0,0,0
510209,1,1,1993,0,0,0,0,0,0,0,0,0,0
510210,1,1,1993,0,0,0,0,0,0,0,0,0,0
510210,2,1,1993,0,0,0,0,0,0,0,12,0,0
510210,3,1,1993,0,0,0,0,0,0,0,0,0,0
510211,1,1,1993,2,2,2,2,2,2,2,2,2,2
510213,1,1,1993,0,0,0,0,0,0,0,0,0,0
510213,2,1,1993,0,0,0,0,0,0,0,0,0,0
510214,1,1,1993,0,0,0,0,0,0,0,0,0,0
510214,2,1,1993,0,0,0,0,0,0,0,0,0,0
510215,1,1,1993,0,0,0,0,0,0,0,0,0,0
510216,1,1,1993,8,8,8,8,8,8,8,8,8,8
510217,1,1,1993,0,0,0,0,0,0,0,0,0,0
510218,1,1,1993,0,0,0,0,0,0,0,0,0,0
510218,2,1,1993,0,0,0,0,0,0,0,0,0,0
510219,1,1,1993,0,0,0,0,0,0,0,0,0,0
510219,2,1,1993,0,0,0,0,0,0,0,0,0,0
510220,1,1,1993,0,0,0,0,0,0,0,0,0,0
510221,1,1,1993,27,27,27,27,27,27,27,27,27,27
510222,1,1,1993,0,0,7,0,0,0,0,0,0,0
510222,2,1,1993,0,0,0,0,0,0,0,0,0,0
510223,1,1,1993,0,0,0,0,0,0,0,0,0,0
510223,2,1,1993,0,0,0,0,0,0,0,0,0,0
510224,1,1,1993,0,0,0,0,0,0,0,0,0,0
510225,1,1,1993,22,22,22,22,22,22,22,22,22,22
510225,2,1,1993,0,0,0,4,0,0,0,0,0,0
510227,1,1,1993,9,18,0,0,17,33,29,21,14,9
510228,0,1,1993,0,0,0,0,0,0,0,0,0,0
510228,1,1,1993,0,0,0,0,0,0,0,0,0,0
510229,0,1,1993,0,0,0,0,0,0,0,0,0,0
510229,1,1,1993,15,22,7,18,17,8,17,10,8,19
510230,1,1,1993,12,16,14,9,5,13,13,21,21,14
510231,0,1,1993,2,2,2,2,2,2,2,2,2,2
510231,1,1,1993,15,22,4,15,16,5,7,16,12,35
510232,1,1,1993,22,22,22,22,22,22,22,22,22,22
510233,1,1,1993,11,17,37,9,16,18,22,7,24,37
510234,1,1,1993,0,0,0,0,0,0,0,0,0,0
510234,2,1,1993,0,0,0,0,0,0,0,0,0,0
510235,1,1,1993,7,7,7,7,7,7,7,7,7,7
510236,1,1,1993,0,0,0,0,0,0,0,0,0,0
510236,2,1,1993,0,0,0,0,0,0,0,0,0,0
510237,1,1,1993,0,0,0,0,0,0,0,0,0,0
510238,0,1,1993,10,10,10,10,10,10,10,10,10,10
510238,1,1,1993,0,0,18,0,0,3,0,0,0,0
510239,1,1,1993,0,0,0,0,0,0,0,0,0,0
510239,2,1,1993,0,0,0,0,0,0,0,0,0,0
510240,0,1,1993,0,0,0,0,0,0,0,0,0,0
510240,1,1,1993,0,8,0,0,0,0,0,0,0,0
510241,0,1,1993,0,0,0,0,0,0,0,0,0,0
510241,1,1,1993,0,0,0,0,0,0,0,0,0,0
510242,0,1,1993,0,0,0,0,0,0,0,0,0,0
510242,1,1,1993,0,9,12,0,0,0,0,14,0,0
510243,1,1,1993,20,20,20,20,20,20,20,20,20,20
510244,1,1,1993,0,0,0,0,0,0,0,0,0,0
510245,1,1,1993,0,0,0,0,0,0,0,0,0,0
510247,1,1,1993,0,0,0,0,0,12,0,0,0,0
510248,1,1,1993,0,0,9,0,0,0,0,0,0,0
510248,2,1,1993,0,0,0,0,0,0,0,0,0,0
510248,3,1,1993,0,0,0,0,0,0,0,0,0,0
510249,1,1,1993,20,11,17,12,18,12,38,21,16,5
510250,1,1,1993,25,25,25,25,25,25,25,25,25,25
510251,1,1,1993,15,15,15,15,15,15,15,15,15,15
510252,1,1,1993,0,0,0,0,0,0,0,0,0,0
510252,2,1,1993,9,10,15,21,15,17,0,0,0,0
510253,1,1,1993,11,17,14,20,21,18,21,18,10,0
510254,1,1,1993,13,13,0,5,0,0,0,0,5,0
510255,1,1,1993,11,12,0,0,25,0,0,8,0,0
510256,1,1,1993,0,0,0,0,14,0,0,0,0,0
510256,2,1,1993,0,0,0,0,0,0,0,0,0,0
510257,1,1,1993,6,0,0,0,0,0,0,0,0,0
510258,0,1,1993,0,0,0,0,0,0,0,0,0,0
510258,1,1,1993,0,0,0,0,0,0,0,0,0,0
510259,1,1,1993,0,0,0,0,34,0,0,0,0,0
510259,2,1,1993,0,0,0,0,0,0,0,0,0,0
510260,0,1,1993,0,0,0,0,0,0,0,0,0,0
510260,1,1,1993,0,0,0,0,0,0,0,0,0,0
510261,1,1,1993,0,40,11,11,9,27,12,2,13,16
510262,1,1,1993,0,0,9,0,0,6,0,19,0,0
510263,1,1,1993,0,0,0,0,0,0,0,0,0,0
510264,1,1,1993,7,4,8,25,13,20,13,16,16,17
510265,1,1,1993,4,13,26,10,23,0,9,14,14,28
510265,2,1,1993,0,0,0,0,0,0,0,0,0,0
510266,1,1,1993,0,0,0,0,0,0,0,0,0,0
510267,1,1,1993,35,35,35,35,35,35,35,35,35,35
510268,1,1,1993,0,11,15,6,28,5,11,21,5,21
510269,0,1,1993,0,0,0,0,0,0,0,0,0,0
510269,1,1,1993,14,10,22,23,4,20,11,13,5,14
510270,1,1,1993,10,0,0,0,0,0,0,0,0,0
510270,2,1,1993,21,21,21,21,21,21,21,21,21,21
510271,1,1,1993,0,0,0,0,0,0,0,0,0,0
510272,0,1,1993,0,0,0,0,0,0,0,0,0,0
510272,1,1,1993,0,0,0,0,0,0,0,0,14,0
510273,1,1,1993,0,0,0,0,0,0,0,0,0,0
510274,1,1,1993,19,19,19,19,19,19,19,19,19,19
510275,1,1,1993,0,0,0,0,0,0,0,0,0,0
510275,2,1,1993,0,0,0,0,0,0,0,0,0,0
510276,1,1,1993,10,15,5,22,9,7,8,42,18,13
510277,1,1,1993,2,2,2,2,2,2,2,2,2,2
510277,2,1,1993,0,0,0,0,0,0,0,0,0,0
510278,1,1,1993,23,23,23,23,23,23,23,23,23,23
510279,1,1,1993,9,9,9,9,9,9,9,9,9,9
510281,1,1,1993,21,21,21,21,21,21,21,21,21,21
510283,1,1,1993,0,0,0,0,0,0,0,0,0,0
510283,2,1,1993,0,0,0,0,0,0,0,0,0,0
510283,3,1,1993,0,0,0,0,0,0,0,0,0,0
510283,4,1,1993,0,0,0,0,0,0,0,0,0,0
510284,1,1,1993,25,25,25,25,25,25,25,25,25,25
510285,1,1,1993,26,26,26,26,26,26,26,26,26,26
510285,2,1,1993,0,0,0,0,0,0,0,0,0,0
510285,3,1,1993,0,0,0,0,0,0,0,0,0,0
510288,1,1,1993,0,0,12,0,0,0,0,4,0,0
510289,1,1,1993,0,0,0,0,0,0,0,0,0,0
510289,2,1,1993,0,0,0,0,0,9,0,0,0,0
510289,3,1,1993,0,0,0,0,0,0,0,0,0,0
510290,1,1,1993,14,9,9,9,25,23,24,14,10,8
510290,2,1,1993,0,0,0,0,0,0,0,0,0,0
510291,1,1,1993,0,0,0,0,0,0,0,0,0,0
510292,0,1,1993,0,0,0,0,0,0,0,0,0,0
510292,1,1,1993,0,0,0,0,0,0,0,0,0,0
510293,1,1,1993,20,14,27,13,0,26,17,23,30,22
510293,2,1,1993,18,15,18,26,11,17,19,19,35,19
510294,1,1,1993,0,0,0,0,0,0,0,0,0,0
510296,1,1,1993,32,32,32,32,32,32,32,32,32,32
510298,1,1,1993,0,0,0,0,0,0,0,0,0,0
510298,2,1,1993,0,0,0,0,0,0,0,0,0,0
510299,0,1,1993,0,0,0,0,0,0,0,0,0,0
510299,1,1,1993,0,0,0,0,0,0,0,0,0,0
510300,0,1,1993,0,0,0,0,0,0,0,20,0,0
510300,1,1,1993,0,0,0,0,0,0,0,0,0,0
510301,1,1,1993,15,15,15,15,15,15,15,15,15,15
510302,0,1,1993,0,0,0,0,0,0,0,0,0,0
510302,1,1,1993,0,0,0,0,0,0,0,0,0,0
510302,2,1,1993,0,0,0,0,0,0,0,0,0,0
510302,3,1,1993,0,0,0,0,0,0,0,0,0,0
510303,1,1,1993,21,21,21,21,21,21,21,21,21,21
510303,2,1,1993,0,0,0,0,0,0,0,0,0,0
510305,0,1,1993,0,0,0,0,0,0,0,0,0,0
510305,1,1,1993,0,0,0,0,0,0,0,0,0,0
510306,1,1,1993,0,0,0,0,0,0,0,0,0,0
510307,1,1,1993,0,0,0,0,0,0,0,0,0,0
510308,1,1,1993,0,0,0,0,0,0,0,0,0,0
510308,2,1,1993,0,0,0,0,0,0,0,0,0,0
510308,3,1,1993,0,0,0,0,0,0,0,0,0,0
510308,4,1,1993,0,0,0,0,0,0,9,0,0,0
510309,0,1,1993,0,0,0,0,0,0,0,0,0,0
510309,1,1,1993,0,0,0,0,0,0,0,0,0,0
510310,1,1,1993,28,28,28,28,28,28,28,28,28,28
510311,1,1,1993,22,22,22,22,22,22,22,22,22,22
510312,1,1,1993,9,0,0,0,0,0,8,3,0,5
510312,2,1,1993,0,0,0,0,0,0,0,0,0,0
510313,1,1,1993,0,0,0,0,0,0,0,0,5,0
510313,2,1,1993,0,0,0,0,0,0,0,0,0,0
510313,3,1,1993,0,0,0,0,0,0,0,0,0,0
510314,1,1,1993,21,23,22,11,8,2,4,16,0,28
510314,2,1,1993,0,0,0,0,0,0,0,0,0,0
510314,3,1,1993,0,0,0,0,0,0,0,0,0,0
510315,1,1,1993,0,0,0,0,0,0,0,0,0,0
510315,2,1,1993,0,0,0,0,0,0,0,0,0,0
510315,3,1,1993,0,0,0,0,0,0,0,0,0,0
510316,0,1,1993,16,16,16,16,16,16,16,16,16,16
510316,1,1,1993,0,0,0,0,0,0,12,0,22,0
510317,1,1,1993,18,20,5,25,23,12,18,18,8,18
510318,1,1,1993,8,17,19,8,16,9,27,15,15,19
510319,1,1,1993,1,1,1,1,1,1,1,1,1,1
510320,1,1,1993,0,0,0,0,0,0,0,0,15,0
510321,1,1,1993,12,28,14,10,19,23,23,19,13,19
510322,0,1,1993,10,10,10,10,10,10,10,10,10,10
510322,1,1,1993,16,6,17,22,18,15,12,0,22,18
510323,0,1,1993,10,10,10,10,10,10,10,10,10,10
510323,1,1,1993,0,0,0,0,0,0,0,0,0,0
510326,0,1,1993,9,9,9,9,9,9,9,9,9,9
510326,1,1,1993,21,17,11,12,16,21,0,11,7,20
510327,1,1,1993,20,9,9,0,9,13,0,17,12,0
510327,2,1,1993,0,15,0,0,12,13,0,0,26,0
510328,1,1,1993,6,0,17,19,0,0,0,0,15,0
510328,2,1,1993,0,0,0,0,0,0,0,0,0,0
510328,3,1,1993,0,0,0,0,0,9,0,0,0,0
510329,1,1,1993,0,0,0,0,0,0,0,0,0,0
510330,1,1,1993,0,0,0,0,0,0,0,0,0,0
510330,2,1,1993,0,0,0,0,0,0,0,0,0,0
510331,1,1,1993,0,0,3,21,0,0,0,0,0,0
510331,2,1,1993,17,17,17,17,17,17,17,17,17,17
510332,1,1,1993,12,12,12,12,12,12,12,12,12,12
510333,1,1,1993,14,14,14,14,14,14,14,14,14,14
510333,2,1,1993,0,0,0,0,0,0,0,0,0,0
510334,1,1,1993,0,0,0,0,0,0,0,0,0,0
510335,1,1,1993,0,0,0,0,0,0,0,0,0,0
510335,2,1,1993,0,0,0,0,0,0,0,0,0,0
510336,1,1,1993,5,5,5,5,5,5,5,5,5,5
510336,2,1,1993,0,12,0,0,0,0,0,0,0,0
510337,1,1,1993,0,0,0,0,0,0,0,0,0,0
510337,2,1,1993,0,0,0,0,0,0,0,0,0,0
510338,1,1,1993,0,0,0,0,0,0,0,0,0,0
510339,1,1,1993,0,0,0,0,0,0,0,0,0,0
510339,2,1,1993,0,0,0,0,0,0,0,0,0,0
510340,0,1,1993,0,0,0,0,0,0,0,0,0,0
510340,1,1,1993,0,0,0,0,0,0,0,0,0,0
510341,0,1,1993,0,0,0,0,0,0,0,0,0,0
510341,1,1,1993,0,0,0,0,0,0,0,0,0,0
510342,1,1,1993,0,0,0,0,0,0,0,0,0,0
510344,1,1,1993,9,18,15,18,13,0,0,16,20,18
510345,1,1,1993,0,0,0,0,0,0,0,0,0,0
510346,1,1,1993,0,0,0,0,0,0,0,0,0,0
510347,1,1,1993,3,3,3,3,3,3,3,3,3,3
510348,0,1,1993,4,4,4,4,4,4,4,4,4,4
510348,1,1,1993,0,0,0,0,0,0,0,0,0,0
510349,1,1,1993,0,0,0,0,0,0,0,0,0,0
510349,2,1,1993,0,0,0,0,0,0,0,0,0,0
510350,1,1,1993,0,0,0,0,0,0,0,0,0,0
510350,2,1,1993,0,0,0,51,0,0,0,0,0,0
510350,3,1,1993,0,0,0,0,0,0,0,0,0,0
510350,4,1,1993,0,0,0,0,0,0,0,0,0,0
510350,5,1,1993,0,0,0,0,0,0,0,0,0,0
510351,1,1,1993,0,0,0,0,0,0,0,0,0,0
510352,1,1,1993,0,0,0,0,0,0,0,0,0,0
510352,2,2,1993,0,0,0,0,0,0,0,0,0,0
510353,1,1,1993,0,0,0,0,0,0,0,0,0,0
510354,1,1,1993,0,0,0,0,0,0,0,0,0,0
510354,2,1,1993,0,0,0,0,0,0,0,0,0,0
510355,1,1,1993,16,16,16,16,16,16,16,16,16,16
510355,2,1,1993,5,5,5,5,5,5,5,5,5,5
510356,1,1,1993,18,18,18,18,18,18,18,18,18,18
510357,1,1,1993,13,13,13,13,13,13,13,13,13,13
510358,1,1,1993,37,37,37,37,37,37,37,37,37,37
510360,1,1,1993,0,0,0,0,0,0,0,0,0,0
510360,2,3,1993,0,0,0,0,0,0,0,0,0,0
510360,3,1,1993,0,0,0,0,0,0,0,0,0,0
510361,1,1,1993,0,0,0,0,0,0,0,7,0,0
510362,1,1,1993,0,0,0,0,0,0,0,0,0,0
510363,1,1,1993,0,0,0,0,0,0,0,0,0,34
510363,2,1,1993,0,0,0,0,0,0,0,0,0,0
510364,1,1,1993,0,0,0,13,0,0,0,0,0,0
510364,2,1,1993,0,0,0,0,0,0,0,0,0,0
510365,1,1,1993,0,0,0,0,0,0,0,0,0,0
510365,2,1,1993,0,0,0,0,0,0,0,0,0,0
510366,1,1,1993,0,0,0,0,0,0,0,0,0,0
510367,1,1,1993,14,0,0,22,13,8,0,0,0,20
510368,1,1,1993,0,0,0,0,0,0,0,0,0,0
510369,0,1,1993,0,0,0,0,0,0,0,0,0,0
510369,1,1,1993,14,0,0,0,0,0,0,0,0,0
510370,1,1,1993,0,0,0,0,0,0,0,0,0,0
510370,2,1,1993,6,0,0,9,0,0,0,13,0,14
510371,1,1,1993,10,24,18,10,30,21,17,16,25,0
510371,2,1,1993,0,0,0,0,0,0,0,0,0,0
510372,1,1,1993,24,24,24,24,24,24,24,24,24,24
510373,1,1,1993,22,22,22,22,22,22,22,22,22,22
510373,2,1,1993,0,0,0,0,0,0,0,0,0,0
510374,1,1,1993,0,0,0,0,0,0,0,0,0,0
510374,2,1,1993,0,0,0,0,0,31,0,0,0,11
510375,0,1,1993,0,0,0,0,0,0,0,0,0,0
510375,1,1,1993,0,0,0,0,0,0,0,0,0,0
510376,1,1,1993,0,0,0,0,0,0,0,0,0,0
510377,1,1,1993,10,30,11,13,26,9,14,0,7,3
510378,0,1,1993,0,0,0,0,0,0,0,0,0,0
510378,1,1,1993,0,13,0,0,0,0,0,0,0,0
510379,1,1,1993,0,0,0,0,0,0,0,0,0,0
510379,2,1,1993,0,0,0,0,0,0,0,0,0,0
510380,1,1,1993,38,38,38,38,38,38,38,38,38,38
510381,1,1,1993,0,0,0,0,0,0,0,0,0,0
510382,1,1,1993,0,0,0,0,0,0,0,0,0,0
510383,1,1,1993,0,0,0,0,0,0,0,8,0,0
510383,2,1,1993,0,0,0,0,0,0,0,0,0,0
510383,3,1,1993,0,0,0,0,0,0,0,0,0,0
510384,1,1,1993,0,0,0,0,0,0,0,0,0,0
510384,2,1,1993,0,10,0,0,0,0,0,0,0,0
510385,1,1,1993,0,0,0,0,0,0,0,0,0,0
510385,2,1,1993,0,0,0,0,0,0,0,27,0,0
510386,1,1,1993,0,0,0,0,0,0,0,0,0,0
510387,1,1,1993,0,0,0,0,0,0,0,0,0,0
510387,2,1,1993,0,0,0,0,0,0,0,0,0,0
510388,0,1,1993,0,0,0,0,0,0,0,0,0,39
510388,1,1,1993,0,0,0,0,0,0,0,0,0,0
510389,1,1,1993,0,0,0,0,0,0,7,0,0,0
510390,1,1,1993,0,0,0,0,0,0,0,0,0,0
510390,2,1,1993,0,0,0,0,0,0,0,0,0,0
510391,1,1,1993,30,27,6,16,14,19,24,6,9,15
510392,1,1,1993,0,0,0,0,0,0,0,0,0,0
510392,2,1,1993,0,0,4,0,13,0,0,0,0,0
510393,0,1,1993,0,0,0,0,0,0,0,0,0,0
510393,1,1,1993,0,0,0,28,23,34,22,12,19,18
510394,1,1,1993,0,0,0,0,0,0,0,0,0,0
510394,2,1,1993,0,16,0,0,0,0,0,0,0,6
510395,0,1,1993,0,0,0,0,0,0,0,0,0,0
510395,1,1,1993,0,0,0,0,0,0,0,0,0,0
510396,0,1,1993,0,0,0,0,0,0,0,0,0,0
510396,1,1,1993,0,0,0,0,0,0,0,0,0,0
510397,1,1,1993,0,14,0,17,0,0,15,13,0,0
510398,1,1,1993,0,10,14,0,0,3,0,0,0,0
510398,2,1,1993,16,20,9,20,47,16,16,18,21,11
510399,1,1,1993,0,0,0,0,0,0,0,0,0,0
510399,2,1,1993,0,0,0,0,0,0,0,0,0,0
510400,1,1,1993,0,0,0,0,0,0,0,0,0,0
510400,2,1,1993,0,0,0,0,0,0,0,0,0,0
510401,1,1,1993,0,0,0,0,0,0,0,0,0,0
510401,2,1,1993,0,12,0,0,0,0,0,0,0,0
510402,1,1,1993,0,0,0,0,0,0,0,0,0,0
510403,1,1,1993,0,0,26,12,0,16,0,0,20,0
510404,1,1,1993,10,10,10,10,10,10,10,10,10,10
510405,1,5,1993,0,0,0,0,0,0,0,0,0,0
510407,0,1,1993,0,0,0,0,0,0,0,0,0,0
510408,0,1,1993,0,0,0,0,0,0,0,0,0,0
510408,1,1,1993,0,0,0,0,0,0,0,0,0,0
510409,1,1,1993,19,19,19,19,19,19,19,19,19,19
510409,2,1,1993,0,0,0,0,0,0,0,0,0,0
510409,3,1,1993,0,0,0,0,0,0,0,0,0,0
510410,1,1,1993,0,0,0,0,0,0,0,0,0,0
510410,2,1,1993,0,0,0,0,0,0,0,0,0,0
510411,1,1,1993,0,0,0,0,0,0,0,0,0,0
510412,1,2,1993,0,0,0,0,0,0,0,0,0,0
510412,2,1,1993,0,0,0,0,0,0,0,0,0,0
510413,1,1,1993,2,8,0,10,0,0,0,0,0,10
510414,1,1,1993,20,20,20,20,20,20,20,20,20,20
510416,1,1,1993,24,0,19,0,0,2,21,13,16,19
510416,2,3,1993,0,0,0,0,0,0,0,18,5,9
510417,1,1,1993,16,27,20,11,21,17,23,20,24,0
510418,0,1,1993,0,0,0,0,0,0,0,0,0,0
510418,1,1,1993,0,0,0,0,0,0,0,0,0,0
510419,1,1,1993,19,19,19,19,19,19,19,19,19,19
510420,1,1,1993,0,24,17,0,0,22,19,0,24,18
510421,1,1,1993,16,16,16,16,16,16,16,16,16,16
510422,1,1,1993,0,0,0,0,0,0,0,0,0,0
510423,1,5,1993,9,0,0,24,0,9,0,0,0,0
510424,1,1,1993,9,10,23,8,4,8,9,13,10,11
510425,1,1,1993,0,0,0,0,0,0,0,0,0,0
510425,2,1,1993,9,9,9,9,9,9,9,9,9,9
510426,1,1,1993,16,16,16,16,16,16,16,16,16,16
510427,1,1,1993,0,24,16,3,0,10,0,18,5,15
510428,1,1,1993,0,0,0,0,0,0,0,0,0,0
510428,2,1,1993,0,0,0,0,0,0,0,0,0,0
510429,1,1,1993,0,0,0,0,0,0,0,0,0,0
510430,1,1,1993,0,0,0,0,0,0,0,0,0,0
510430,2,1,1993,0,0,0,0,13,0,0,0,0,0
510431,0,1,1993,0,0,0,0,0,0,0,0,0,0
510431,1,1,1993,0,0,0,0,3,0,0,0,0,0
510432,1,1,1993,19,3,11,22,0,4,29,14,12,17
510433,1,1,1993,22,8,0,26,0,14,11,0,0,0
510433,2,1,1993,0,0,0,0,0,0,0,0,0,0
510433,3,1,1993,0,0,0,0,0,0,0,0,0,0
510434,0,1,1993,0,0,0,0,0,0,0,0,0,0
510434,1,1,1993,25,27,23,11,15,3,8,26,18,8
510435,1,1,1993,23,5,6,6,9,11,9,23,28,27
510435,2,1,1993,0,0,0,0,7,17,9,9,0,32
510436,1,1,1993,28,28,28,28,28,28,28,28,28,28
510438,1,1,1993,2,2,2,2,2,2,2,2,2,2
510439,1,1,1993,0,0,0,0,0,0,0,0,0,0
510440,1,1,1993,0,0,0,0,0,0,0,0,0,0
510440,2,1,1993,0,0,0,0,0,0,14,0,0,0
510441,1,1,1993,0,0,0,0,0,0,0,0,0,0
510442,1,1,1993,0,0,0,0,0,0,0,0,0,0
510442,2,1,1993,0,0,0,0,0,12,0,0,0,0
510443,1,1,1993,0,0,0,0,0,0,0,0,0,0
510444,1,1,1993,3,9,0,0,0,20,17,0,0,15
510445,1,1,1993,0,0,0,0,0,0,0,0,0,0
510446,1,1,1993,0,0,0,0,0,0,0,0,0,0
510447,1,1,1993,16,18,3,28,20,19,11,16,16,23
510448,1,1,1993,0,0,0,0,0,0,0,0,0,0
510448,2,1,1993,0,0,0,0,0,0,0,0,0,0
510449,1,1,1993,0,0,0,0,0,0,0,0,0,0
510449,2,1,1993,0,0,0,0,0,0,0,0,0,0
510449,3,1,1993,0,0,0,0,0,0,0,0,0,0
510449,4,1,1993,0,0,0,0,0,0,0,0,0,0
510449,5,1,1993,0,0,0,0,0,0,0,0,0,0
510449,6,1,1993,0,0,0,0,0,0,0,0,0,0
510449,7,1,1993,0,0,0,0,0,0,0,0,0,0
510450,0,1,1993,19,25,12,9,26,17,20,21,24,12
510450,1,1,1993,21,22,0,18,16,6,19,19,23,28
510451,1,1,1993,0,0,0,0,0,0,0,0,0,0
510452,1,1,1993,15,8,0,0,0,0,0,0,9,7
510453,1,1,1993,25,15,3,11,16,15,16,17,10,19
510453,2,1,1993,0,6,4,12,0,24,0,0,0,13
510454,1,1,1993,0,0,0,10,0,0,0,0,0,0
510454,2,1,1993,0,0,0,0,0,0,0,0,0,0
510455,1,1,1993,0,0,0,0,0,0,0,0,0,0
510455,2,1,1993,0,0,0,0,0,0,0,0,0,0
510455,3,1,1993,0,0,0,0,0,28,0,0,0,0
510456,1,1,1993,35,12,18,12,19,20,18,21,3,13
510457,1,1,1993,0,0,0,0,0,0,0,0,0,0
510458,1,1,1993,0,0,0,0,0,0,0,0,0,0
510458,2,1,1993,0,0,0,0,0,6,0,0,0,0
510459,1,1,1993,0,0,0,0,0,0,0,0,0,0
510459,2,1,1993,0,0,0,0,0,0,0,0,0,0
510459,3,1,1993,0,0,0,0,0,0,0,0,0,0
510459,4,1,1993,0,0,0,0,0,0,13,0,0,0
510460,0,1,1993,0,0,26,0,12,25,30,0,0,6
510460,0,2,1993,0,12,30,21,25,14,0,12,0,0
510460,0,3,1993,0,0,0,11,35,0,0,14,0,0
510460,0,4,1993,0,0,0,9,17,11,0,0,0,0
510460,1,1,1993,0,0,0,0,0,0,0,0,0,0
510460,2,1,1993,0,0,0,0,0,0,0,0,0,0
510460,3,1,1993,0,0,0,0,0,0,0,0,0,0
510461,1,1,1993,19,19,19,19,19,19,19,19,19,19
510462,1,1,1993,0,4,0,0,0,0,0,0,0,19
510463,1,1,1993,0,0,0,0,0,0,0,0,0,0
510464,1,1,1993,29,29,29,29,29,29,29,29,29,29
510464,2,1,1993,0,0,0,0,0,0,0,0,0,0
510465,1,1,1993,0,0,0,0,0,0,0,0,0,0
510466,1,1,1993,0,0,0,0,0,0,0,0,0,0
510466,2,1,1993,0,0,0,0,0,0,0,0,0,0
510467,1,1,1993,0,0,10,0,0,0,0,0,0,0
510468,1,1,1993,1,1,1,1,1,1,1,1,1,1
510468,2,1,1993,0,0,0,0,0,0,0,0,0,0
510469,1,1,1993,0,0,0,0,0,0,0,0,0,0
510471,0,1,1993,33,33,33,33,33,33,33,33,33,33
510471,1,1,1993,0,0,0,0,0,15,10,0,0,21
510472,0,1,1993,36,36,36,36,36,36,36,36,36,36
510472,1,1,1993,0,0,0,7,0,0,0,0,0,0
510473,1,1,1993,0,0,0,0,0,0,20,0,0,0
510474,1,1,1993,0,0,0,0,0,0,0,0,0,0
510475,0,1,1993,0,0,0,0,0,0,0,0,0,0
510475,1,1,1993,0,0,0,0,0,0,0,0,0,0
510476,1,1,1993,0,0,0,0,0,0,0,0,0,0
510476,2,1,1993,0,0,0,0,0,0,0,0,0,0
510477,1,1,1993,16,0,9,16,16,23,14,0,14,18
510478,1,1,1993,12,12,12,12,12,12,12,12,12,12
510479,1,1,1993,21,21,21,21,21,21,21,21,21,21
510480,1,1,1993,0,0,0,27,0,0,0,0,0,0
510480,2,1,1993,0,0,0,0,0,0,0,0,0,0
510480,3,1,1993,0,0,0,11,0,0,0,0,19,0
510481,1,1,1993,8,8,8,8,8,8,8,8,8,8
510482,1,1,1993,0,0,0,0,0,0,0,0,0,0
510482,2,1,1993,22,11,31,7,12,20,26,13,21,17
510483,1,1,1993,0,0,0,0,0,0,0,0,0,0
510484,1,1,1993,0,0,0,0,0,0,0,0,0,0
510485,1,1,1993,25,25,25,25,25,25,25,25,25,25
510485,2,1,1993,0,0,0,0,0,0,0,6,0,0
510486,1,1,1993,26,26,26,26,26,26,26,26,26,26
510487,1,1,1993,21,21,21,21,21,21,21,21,21,21
510488,0,1,1993,0,0,0,0,0,0,0,0,0,0
510488,1,1,1993,0,0,0,0,0,0,0,0,0,0
510489,1,1,1993,19,19,19,19,19,19,19,19,19,19
510490,1,1,1993,23,2,7,14,18,10,6,13,15,1
510491,1,1,1993,0,0,0,0,0,0,0,0,0,0
510491,2,1,1993,0,0,0,0,0,0,0,0,0,0
510492,1,1,1993,0,0,0,0,0,0,7,0,0,0
510492,2,1,1993,25,10,22,9,17,9,13,15,7,21
510493,1,1,1993,10,10,10,10,10,10,10,10,10,10
510494,1,1,1993,1,1,1,1,1,1,1,1,1,1
510494,2,1,1993,0,0,0,0,0,0,14,0,0,0
510494,3,1,1993,0,0,0,0,0,0,0,0,0,0
510494,4,1,1993,0,0,0,9,0,0,0,0,0,0
510496,1,1,1993,18,12,17,15,15,11,30,17,0,15
510497,0,1,1993,22,0,0,0,25,27,0,24,0,0
510497,1,1,1993,0,8,31,16,14,0,9,11,12,0
510498,1,1,1993,42,16,14,25,24,18,26,7,19,5
510499,1,1,1993,3,3,3,3,3,3,3,3,3,3
510499,2,1,1993,7,0,0,0,0,0,0,0,0,9
510499,3,1,1993,0,0,0,0,0,0,0,0,0,0
510500,1,1,1993,9,25,6,22,22,0,0,25,30,7
510500,2,1,1993,0,0,0,0,0,0,0,0,0,0
510501,1,1,1993,16,0,23,13,16,18,18,12,19,17
510501,2,1,1993,0,0,0,0,0,0,0,0,0,0
510502,1,1,1993,0,0,0,0,0,0,0,0,0,0
510502,2,1,1993,0,0,0,0,0,0,0,0,0,0
510502,3,1,1993,0,0,0,0,0,0,0,0,0,0
510502,4,1,1993,0,0,0,0,0,0,0,0,0,0
510503,1,1,1993,22,9,15,23,6,8,19,14,4,17