ST_CASE,VEH_NO,PER_NO,YEAR,P1,P2,P3,P4,P5,P6,P7,P8,P9,P10
530563,1,1,1993,3,3,3,3,3,3,3,3,3,3
530564,1,1,1993,0,0,0,0,0,0,0,0,0,0
530565,1,1,1993,0,0,0,0,0,0,0,0,0,0
530565,2,1,1993,0,0,0,0,0,0,0,0,0,0
530566,0,1,1993,0,0,0,0,0,0,0,0,0,0
530566,1,1,1993,2,23,21,16,21,16,14,21,8,27
530567,1,1,1993,16,16,16,16,16,16,16,16,16,16
530568,1,1,1993,0,0,0,0,0,0,0,0,0,0
530569,1,1,1993,28,28,28,28,28,28,28,28,28,28
530570,1,1,1993,14,14,14,14,14,14,14,14,14,14
530571,1,1,1993,0,0,0,0,0,0,0,0,0,0
530572,1,1,1993,24,24,24,24,24,24,24,24,24,24
530573,1,1,1993,28,28,28,28,28,28,28,28,28,28
530574,1,1,1993,0,0,0,0,0,0,0,0,0,0
530574,2,1,1993,0,0,0,0,0,0,0,0,0,0
530574,3,1,1993,0,0,0,0,0,0,0,0,0,0
530574,4,1,1993,0,0,0,0,0,0,0,0,0,0
530574,5,1,1993,0,0,0,0,0,15,0,0,15,0
530574,6,1,1993,0,0,0,0,0,0,0,0,0,0
530575,0,1,1993,27,27,27,27,27,27,27,27,27,27
530575,1,1,1993,10,10,10,10,10,10,10,10,10,10
530576,1,1,1993,12,12,12,12,12,12,12,12,12,12
530577,1,1,1993,20,20,20,20,20,20,20,20,20,20
530577,2,1,1993,0,0,0,0,0,0,0,0,0,0
530578,1,1,1993,13,13,13,13,13,13,13,13,13,13
530579,0,1,1993,0,0,0,0,0,0,0,0,0,0
530579,1,1,1993,0,0,0,0,0,0,0,0,0,0
530581,0,1,1993,0,0,0,0,0,0,0,0,0,0
530581,1,1,1993,13,13,13,13,13,13,13,13,13,13
530582,1,1,1993,20,20,20,20,20,20,20,20,20,20
530583,1,1,1993,10,10,10,10,10,10,10,10,10,10
530584,1,1,1993,19,19,19,19,19,19,19,19,19,19
530585,0,1,1993,0,0,0,0,0,0,0,0,0,0
530585,1,1,1993,0,0,0,0,0,0,0,0,0,0
530586,1,1,1993,0,0,0,0,0,0,0,0,0,0
530587,1,1,1993,0,0,0,0,0,0,0,0,0,0
530587,2,1,1993,0,0,0,0,0,0,0,0,0,0
530588,0,1,1993,18,18,18,18,18,18,18,18,18,18
530588,1,1,1993,0,0,13,0,10,0,11,0,4,6
530589,0,1,1993,0,0,0,0,0,0,0,0,0,0
530589,1,1,1993,0,0,0,0,0,0,0,0,0,0
530590,1,1,1993,11,11,11,11,11,11,11,11,11,11
530591,1,1,1993,0,0,0,0,0,0,0,0,0,0
530591,2,1,1993,0,0,0,0,0,0,0,0,0,0
530592,1,1,1993,0,0,0,0,0,0,0,0,0,0
530594,1,1,1993,0,0,0,0,0,0,0,0,0,0
530594,2,1,1993,0,0,0,0,0,0,0,0,0,0
530595,1,1,1993,4,4,4,4,4,4,4,4,4,4
530597,0,1,1993,10,10,10,10,10,10,10,10,10,10
530597,1,1,1993,24,0,25,21,28,26,0,6,21,24
530598,1,1,1993,21,21,21,21,21,21,21,21,21,21
530599,1,1,1993,31,31,31,31,31,31,31,31,31,31
530600,0,1,1993,0,0,0,0,0,0,0,0,0,0
530600,1,1,1993,0,0,0,0,0,0,0,0,0,0
530601,0,1,1993,0,0,0,0,0,0,0,0,12,0
530601,1,1,1993,0,0,0,0,0,0,0,0,0,0
530602,0,1,1993,0,0,20,0,0,49,0,0,0,0
530602,0,2,1993,0,0,0,13,23,0,0,0,0,0
530602,1,1,1993,0,0,0,0,0,0,0,0,0,0
530603,1,1,1993,13,23,0,15,0,15,12,8,17,0
530604,1,1,1993,0,0,0,0,0,0,0,0,0,0
530605,1,1,1993,0,0,0,0,0,0,0,0,0,0
530606,0,1,1993,23,0,22,17,0,27,0,48,0,17
530606,1,1,1993,13,13,13,13,13,13,13,13,13,13
530607,1,1,1993,0,0,0,0,0,0,0,0,0,0
530607,2,1,1993,0,0,0,0,0,0,0,0,0,0
530608,1,1,1993,0,0,0,0,0,0,0,0,0,0
530608,2,1,1993,0,0,0,0,0,0,0,0,0,0
530608,3,1,1993,0,0,0,0,0,0,0,0,0,0
530609,1,1,1993,0,0,0,0,0,0,0,0,0,0
530609,2,1,1993,0,0,0,0,0,0,0,0,0,0
530610,1,1,1993,0,0,0,0,0,0,0,0,0,0
530611,1,1,1993,22,22,22,22,22,22,22,22,22,22
540001,1,1,1993,0,0,0,0,0,0,0,0,0,0
540001,2,1,1993,0,0,0,0,0,0,0,0,0,0
540002,1,1,1993,29,29,29,29,29,29,29,29,29,29
540003,1,1,1993,0,0,0,0,0,0,0,0,0,0
540004,1,1,1993,20,20,20,20,20,20,20,20,20,20
540005,1,1,1993,14,37,19,20,10,8,22,14,10,16
540006,1,1,1993,20,20,20,20,20,20,20,20,20,20
540006,2,1,1993,0,0,0,0,0,0,0,0,0,0
540007,1,1,1993,0,0,0,0,0,0,0,0,0,0
540008,1,1,1993,0,0,0,0,0,0,0,0,0,0
540009,1,1,1993,0,0,0,0,0,0,0,0,0,0
540010,1,1,1993,26,26,26,26,26,26,26,26,26,26
540011,1,1,1993,0,0,0,0,0,0,0,0,0,0
540011,2,1,1993,0,0,0,0,0,0,0,0,0,0
540012,1,1,1993,9,9,9,9,9,9,9,9,9,9
540013,1,1,1993,29,29,29,29,29,29,29,29,29,29
540014,1,1,1993,16,16,16,16,16,16,16,16,16,16
540015,1,1,1993,19,19,19,19,19,19,19,19,19,19
540016,1,1,1993,23,23,23,23,23,23,23,23,23,23
540017,1,1,1993,0,0,0,0,0,0,0,0,0,0
540017,2,1,1993,0,0,0,0,0,0,0,0,0,0
540017,3,1,1993,0,0,0,0,0,0,0,0,0,0
540018,1,1,1993,0,0,0,0,0,0,0,0,0,0
540019,1,1,1993,0,0,0,0,0,0,0,0,0,0
540019,2,1,1993,0,0,0,0,0,0,0,0,0,0
540020,1,1,1993,19,19,19,19,19,19,19,19,19,19
540021,1,1,1993,0,0,0,0,0,0,0,0,0,0
540021,2,1,1993,20,20,20,20,20,20,20,20,20,20
540022,1,1,1993,0,0,0,0,0,0,0,0,0,0
540022,2,1,1993,0,0,0,0,0,0,6,0,0,0
540023,1,1,1993,0,0,0,0,0,0,0,0,0,0
540024,1,1,1993,11,11,11,11,11,11,11,11,11,11
540025,1,1,1993,21,21,21,21,21,21,21,21,21,21
540026,0,1,1993,30,30,30,30,30,30,30,30,30,30
540026,1,1,1993,0,0,0,0,0,0,8,0,0,0
540027,0,1,1993,23,23,23,23,23,23,23,23,23,23
540027,1,1,1993,0,0,0,0,0,0,0,0,0,0
540028,1,1,1993,29,29,29,29,29,29,29,29,29,29
540029,1,1,1993,43,43,43,43,43,43,43,43,43,43
540030,1,1,1993,0,0,0,0,0,0,0,0,0,0
540031,1,1,1993,15,15,15,15,15,15,15,15,15,15
540032,1,1,1993,13,13,13,13,13,13,13,13,13,13
540033,1,1,1993,0,0,11,0,0,0,0,0,0,0
540033,2,1,1993,0,0,0,0,0,0,0,0,0,0
540034,1,1,1993,17,17,17,17,17,17,17,17,17,17
540034,2,1,1993,0,0,0,0,0,0,0,0,0,0
540034,3,1,1993,0,0,0,0,0,0,0,0,0,0
540035,1,1,1993,0,0,0,0,0,0,0,0,0,0
540035,2,1,1993,13,13,13,13,13,13,13,13,13,13
540036,0,1,1993,0,0,0,0,0,0,0,0,0,0
540036,1,1,1993,0,0,0,0,0,0,0,0,0,0
540037,1,1,1993,0,0,0,0,0,0,0,0,0,0
540037,2,1,1993,0,0,0,0,0,0,0,0,0,0
540038,1,1,1993,0,0,0,0,0,0,0,0,0,0
540038,2,1,1993,0,0,0,0,0,0,0,0,0,0
540039,0,1,1993,0,0,0,0,0,0,0,0,0,0
540039,1,1,1993,0,0,0,0,0,0,0,0,0,0
540040,1,1,1993,0,0,0,0,0,0,0,0,0,0
540040,2,1,1993,0,0,0,0,0,0,0,0,0,0
540040,3,1,1993,0,0,0,0,0,0,0,0,0,0
540041,1,1,1993,0,0,0,0,0,0,0,0,0,0
540042,1,1,1993,0,0,0,0,0,0,0,0,40,0
540042,2,1,1993,23,23,23,23,23,23,23,23,23,23
540043,1,1,1993,6,6,6,6,6,6,6,6,6,6
540044,1,1,1993,0,0,0,0,0,0,0,0,0,0
540044,2,1,1993,0,0,0,0,0,0,0,0,0,0
540045,1,1,1993,0,0,0,0,0,0,0,0,0,0
540045,2,1,1993,0,0,0,0,0,0,0,0,0,0
540046,1,1,1993,0,0,0,0,0,0,0,0,0,0
540046,2,1,1993,0,0,0,0,0,0,0,0,0,0
540047,0,1,1993,36,36,36,36,36,36,36,36,36,36
540047,0,2,1993,0,24,0,0,0,0,22,0,20,0
540047,1,1,1993,0,0,0,0,0,0,0,0,0,0
540047,2,1,1993,0,0,0,0,0,0,0,0,0,0
540048,1,1,1993,0,0,0,0,0,0,0,0,0,0
540049,1,1,1993,0,0,0,0,0,0,0,0,0,0
540050,1,1,1993,0,0,0,0,0,0,14,0,0,0
540050,2,1,1993,0,0,0,0,0,0,0,0,0,0
540051,1,1,1993,0,0,0,0,0,0,7,0,0,0
540051,2,1,1993,0,0,0,0,0,0,0,0,0,0
540052,1,1,1993,0,0,0,0,0,0,0,0,0,0
540053,1,1,1993,24,24,24,24,24,24,24,24,24,24
540054,1,1,1993,0,0,0,0,0,0,0,0,0,0
540055,1,1,1993,0,0,0,0,0,0,0,0,0,0
540056,1,1,1993,0,0,0,0,0,0,0,0,0,0
540056,2,1,1993,0,0,0,0,0,0,0,0,0,0
540057,1,1,1993,21,21,21,21,21,21,21,21,21,21
540058,1,1,1993,0,0,0,0,0,0,0,0,0,0
540058,2,1,1993,0,0,0,0,0,0,0,0,0,0
540059,0,1,1993,38,38,38,38,38,38,38,38,38,38
540059,1,1,1993,0,0,0,20,0,0,11,0,0,0
540060,1,1,1993,0,0,0,0,0,0,0,0,0,0
540061,0,1,1993,0,0,0,0,0,0,0,0,0,0
540061,1,1,1993,0,0,0,0,0,0,0,0,0,0
540062,1,1,1993,14,14,14,14,14,14,14,14,14,14
540063,1,1,1993,0,0,0,0,0,0,0,0,0,0
540064,1,1,1993,0,0,0,0,0,0,0,0,0,0
540065,1,1,1993,41,41,41,41,41,41,41,41,41,41
540066,1,1,1993,30,30,30,30,30,30,30,30,30,30
540067,1,1,1993,0,0,0,0,0,0,0,0,0,0
540067,2,1,1993,0,0,0,0,0,0,0,0,0,0
540068,1,1,1993,9,9,9,9,9,9,9,9,9,9
540068,2,1,1993,23,23,23,23,23,23,23,23,23,23
540068,3,1,1993,0,0,0,12,0,0,0,0,0,0
540070,1,1,1993,0,0,0,0,0,0,0,0,0,0
540070,2,1,1993,0,0,0,0,0,0,0,0,0,0
540071,1,1,1993,0,0,0,0,0,0,0,0,0,0
540071,2,1,1993,26,26,26,26,26,26,26,26,26,26
540072,1,1,1993,0,0,0,0,0,0,0,0,0,0
540072,2,1,1993,23,23,23,23,23,23,23,23,23,23
540073,1,1,1993,0,0,0,0,0,0,0,0,0,0
540073,2,1,1993,0,0,0,0,0,0,0,0,0,0
540074,1,1,1993,21,21,21,21,21,21,21,21,21,21
540074,2,1,1993,0,0,0,0,0,0,0,0,0,0
540075,1,1,1993,10,10,10,10,10,10,10,10,10,10
540075,2,1,1993,8,16,10,25,10,15,28,8,14,5
540076,1,1,1993,0,0,0,0,0,0,0,0,0,0
540076,2,1,1993,23,23,23,23,23,23,23,23,23,23
540077,1,1,1993,15,15,15,15,15,15,15,15,15,15
540078,1,1,1993,0,0,0,0,0,0,0,0,0,0
540078,2,1,1993,0,0,0,0,0,0,0,0,0,0
540079,1,1,1993,0,0,0,0,0,0,0,11,0,13
540080,0,1,1993,0,0,0,0,0,0,0,0,0,0
540080,1,1,1993,0,0,8,0,0,0,0,0,0,0
540081,1,1,1993,0,0,0,0,0,0,0,0,0,0
540082,1,1,1993,20,20,20,20,20,20,20,20,20,20
540082,2,1,1993,0,0,0,0,0,0,0,0,0,0
540083,1,1,1993,0,0,0,0,0,0,0,0,0,0
540084,1,1,1993,0,0,0,0,0,0,0,0,0,0
540084,2,1,1993,0,0,0,0,0,0,0,0,0,0
540085,1,1,1993,18,18,18,18,18,18,18,18,18,18
540086,1,1,1993,0,0,0,0,0,0,0,0,0,0
540086,2,1,1993,0,0,0,0,0,0,0,0,0,0
540087,1,1,1993,35,35,35,35,35,35,35,35,35,35
540088,1,1,1993,17,18,10,14,10,23,31,27,26,10
540089,1,1,1993,0,0,0,0,0,0,0,0,0,0
540089,2,1,1993,8,8,8,8,8,8,8,8,8,8
540090,1,1,1993,13,13,13,13,13,13,13,13,13,13
540090,2,1,1993,0,0,0,36,0,0,0,0,0,0
540091,1,1,1993,10,10,10,10,10,10,10,10,10,10
540092,1,1,1993,20,20,20,20,20,20,20,20,20,20
540093,1,1,1993,12,12,12,12,12,12,12,12,12,12
540094,1,1,1993,25,25,25,25,25,25,25,25,25,25
540095,1,1,1993,0,0,0,0,0,0,0,0,0,0
540095,2,1,1993,29,29,29,29,29,29,29,29,29,29
540096,1,1,1993,0,0,0,0,0,0,0,0,0,0
540097,1,1,1993,0,0,0,0,0,0,0,0,0,0
540098,1,1,1993,0,0,0,0,0,0,0,0,0,0
540099,1,1,1993,0,0,0,0,0,0,0,0,0,0
540100,1,1,1993,22,22,22,22,22,22,22,22,22,22
540101,1,1,1993,0,0,0,0,0,0,0,0,0,0
540101,2,1,1993,0,0,0,0,0,0,0,0,0,0
540101,3,1,1993,0,0,0,0,0,0,0,0,0,0
540102,1,1,1993,21,21,21,21,21,21,21,21,21,21
540103,1,1,1993,12,12,12,12,12,12,12,12,12,12
540104,1,1,1993,19,19,19,19,19,19,19,19,19,19
540104,2,1,1993,0,0,0,0,0,0,0,0,0,0
540105,1,1,1993,28,28,28,28,28,28,28,28,28,28
540105,2,1,1993,0,0,0,0,0,0,0,0,0,0
540106,1,1,1993,20,20,20,20,20,20,20,20,20,20
540107,1,1,1993,0,0,0,0,0,0,0,0,0,0
540107,2,1,1993,0,0,0,0,0,0,0,0,15,0
540108,1,1,1993,0,0,0,0,0,0,0,0,0,0
540108,2,1,1993,30,30,30,30,30,30,30,30,30,30
540109,1,1,1993,0,0,0,0,0,0,0,0,0,0
540109,2,1,1993,0,0,0,0,0,0,0,0,0,0
540110,0,1,1993,35,35,35,35,35,35,35,35,35,35
540110,1,1,1993,0,0,0,6,14,0,0,0,0,0
540111,1,1,1993,24,24,24,24,24,24,24,24,24,24
540112,1,1,1993,0,0,0,0,0,0,0,0,0,0
540113,1,1,1993,0,0,0,0,0,0,0,0,0,0
540113,2,1,1993,0,0,0,0,0,0,0,0,0,0
540115,1,1,1993,0,0,0,0,0,0,0,0,0,0
540115,2,1,1993,0,0,0,0,0,0,0,0,0,0
540116,1,1,1993,28,0,0,0,0,0,0,0,0,8
540116,2,1,1993,0,0,0,11,0,18,0,0,0,0
540117,1,1,1993,10,10,10,10,10,10,10,10,10,10
540118,1,1,1993,0,0,0,0,0,0,0,0,0,0
540119,1,1,1993,8,8,8,8,8,8,8,8,8,8
540120,1,1,1993,10,10,10,10,10,10,10,10,10,10
540121,1,1,1993,0,0,0,0,0,0,0,0,0,0
540121,2,1,1993,0,0,0,0,0,0,0,0,0,0
540121,3,1,1993,0,0,0,0,0,0,0,0,0,0
540122,1,1,1993,20,20,20,20,20,20,20,20,20,20
540122,2,1,1993,0,0,0,0,0,0,0,0,0,0
540123,1,1,1993,13,13,13,13,13,13,13,13,13,13
540123,2,1,1993,0,0,0,0,0,0,0,0,0,0
540124,1,1,1993,19,19,19,19,19,19,19,19,19,19
540125,1,1,1993,0,0,0,0,0,0,0,0,0,0
540125,2,1,1993,0,0,0,0,0,0,0,0,0,0
540126,1,1,1993,23,23,23,23,23,23,23,23,23,23
540127,1,1,1993,34,34,34,34,34,34,34,34,34,34
540128,1,1,1993,29,29,29,29,29,29,29,29,29,29
540129,1,1,1993,24,24,24,24,24,24,24,24,24,24
540130,1,1,1993,0,0,0,0,0,0,0,0,0,0
540131,1,1,1993,0,0,0,0,0,0,0,0,0,0
540132,1,1,1993,0,0,0,0,0,0,0,0,0,0
540132,2,1,1993,0,0,0,0,0,0,0,0,0,0
540132,3,1,1993,0,0,0,0,0,0,0,0,0,0
540133,1,1,1993,0,0,0,0,0,0,0,0,0,0
540133,2,1,1993,1,1,1,1,1,1,1,1,1,1
540134,0,1,1993,0,0,0,0,0,0,0,0,0,0
540134,1,1,1993,0,0,0,0,0,0,0,0,0,0
540135,1,1,1993,0,0,0,0,0,0,0,0,0,0
540135,2,1,1993,0,0,0,0,0,0,0,0,0,0
540136,1,1,1993,19,19,19,19,19,19,19,19,19,19
540137,1,1,1993,0,0,0,0,0,0,0,0,0,0
540138,1,1,1993,0,0,0,0,0,0,0,0,0,0
540138,2,1,1993,0,0,0,0,0,0,0,0,0,0
540139,1,1,1993,0,9,0,0,0,0,0,0,0,35
540140,1,1,1993,11,11,11,11,11,11,11,11,11,11
540141,1,1,1993,0,0,0,0,0,0,0,0,0,0
540142,1,1,1993,13,13,13,13,13,13,13,13,13,13
540143,1,1,1993,0,0,0,0,0,0,0,0,0,0
540144,1,1,1993,7,7,7,7,7,7,7,7,7,7
540145,1,1,1993,0,0,17,0,0,15,6,26,0,0
540146,1,1,1993,0,0,0,0,0,0,0,0,0,0
540146,2,1,1993,0,0,0,0,0,0,0,0,0,0
540147,1,1,1993,13,13,13,13,13,13,13,13,13,13
540147,2,1,1993,0,0,0,21,0,0,0,0,0,0
540148,1,1,1993,23,23,23,23,23,23,23,23,23,23
540149,1,1,1993,12,12,12,12,12,12,12,12,12,12
540149,2,1,1993,0,0,0,0,0,0,0,0,0,0
540150,1,1,1993,0,0,0,0,0,0,0,0,0,0
540150,2,1,1993,0,0,0,0,0,0,0,0,0,0
540151,0,1,1993,0,0,0,0,0,0,0,0,0,0
540151,0,2,1993,0,0,0,0,0,0,0,0,0,0
540151,1,1,1993,0,0,0,0,0,0,0,0,0,0
540152,1,1,1993,0,0,0,0,0,0,0,0,0,0
540152,2,1,1993,0,0,0,0,0,0,0,0,0,0
540153,1,1,1993,0,0,0,0,0,0,0,0,0,0
540153,2,1,1993,0,0,0,0,0,0,0,0,0,0
540154,1,1,1993,0,0,0,0,0,0,0,0,0,0
540154,2,1,1993,0,0,0,0,0,0,0,0,0,0
540155,1,1,1993,0,0,0,0,0,0,0,0,0,0
540155,2,1,1993,0,0,0,0,0,0,0,0,0,0
540156,1,1,1993,30,30,30,30,30,30,30,30,30,30
540157,1,1,1993,0,0,0,0,0,0,0,0,0,0
540158,1,1,1993,24,25,9,16,26,15,8,19,15,24
540158,2,1,1993,0,0,0,10,0,0,0,0,0,0
540159,1,1,1993,0,0,0,0,0,0,0,0,0,0
540160,1,1,1993,0,0,0,0,0,0,0,0,0,0
540160,2,1,1993,0,0,0,0,0,0,0,0,0,0
540161,1,1,1993,0,0,0,0,0,0,0,0,0,0
540161,2,1,1993,0,0,0,0,0,0,0,0,0,0
540162,1,1,1993,0,0,0,7,0,0,0,0,0,0
540163,1,1,1993,0,0,0,0,0,0,0,0,0,0
540163,2,1,1993,0,0,0,0,0,0,0,0,5,0
540164,1,1,1993,0,0,0,0,0,0,0,0,0,0
540165,1,1,1993,6,6,6,6,6,6,6,6,6,6
540166,1,1,1993,0,16,0,0,0,0,0,0,0,0
540167,0,1,1993,10,10,10,10,10,10,10,10,10,10
540167,1,1,1993,20,20,20,20,20,20,20,20,20,20
540168,1,1,1993,0,0,0,0,0,0,0,0,0,0
540169,1,1,1993,0,0,0,0,0,0,0,0,0,0
540170,1,1,1993,0,0,0,0,0,0,0,0,0,0
540170,2,1,1993,14,0,0,6,0,0,16,0,0,0
540171,1,1,1993,0,0,0,0,0,0,0,0,0,0
540172,1,1,1993,0,0,0,0,0,0,0,0,0,0
540173,1,1,1993,0,0,0,0,0,0,0,0,0,0
540174,1,1,1993,0,0,0,0,0,0,0,0,0,0
540174,2,1,1993,0,0,0,0,0,0,0,0,0,0
540174,3,1,1993,0,0,0,0,0,0,0,0,0,0
540175,1,1,1993,0,0,0,0,0,0,0,0,0,0
540175,2,1,1993,0,0,0,0,0,0,0,0,0,0
540176,0,1,1993,0,0,0,0,0,0,0,0,0,0
540176,1,1,1993,0,0,0,0,0,0,0,0,0,0
540177,1,1,1993,19,19,19,19,19,19,19,19,19,19
540178,1,1,1993,0,0,0,0,0,0,0,0,0,0
540179,1,1,1993,10,14,9,7,27,3,6,5,11,11
540180,1,1,1993,10,10,10,10,10,10,10,10,10,10
540181,1,1,1993,0,0,0,0,0,0,0,0,0,0
540182,1,1,1993,15,15,15,15,15,15,15,15,15,15
540183,1,1,1993,0,0,0,0,0,0,0,2,0,0
540183,2,1,1993,0,0,12,0,22,0,0,13,8,0
540184,1,1,1993,11,11,11,11,11,11,11,11,11,11
540185,1,1,1993,0,0,0,0,0,0,0,0,0,0
540186,1,1,1993,19,19,19,19,19,19,19,19,19,19
540187,1,1,1993,0,0,0,0,0,0,0,0,0,0
540188,1,1,1993,0,0,0,0,0,0,0,0,0,0
540188,2,1,1993,0,0,0,0,0,0,0,0,0,0
540189,1,1,1993,14,14,14,14,14,14,14,14,14,14
540190,1,1,1993,8,8,8,8,8,8,8,8,8,8
540191,1,1,1993,0,0,0,0,0,0,0,0,0,0
540191,2,1,1993,0,0,0,0,0,0,0,0,0,0
540192,1,1,1993,0,0,0,0,0,0,0,0,0,0
540193,1,1,1993,13,13,13,13,13,13,13,13,13,13
540194,1,1,1993,0,0,0,0,0,0,0,0,0,0
540194,2,1,1993,20,20,20,20,20,20,20,20,20,20
540194,3,1,1993,0,0,0,0,0,0,0,0,0,0
540194,4,1,1993,0,0,9,0,0,0,0,0,8,0
540195,1,1,1993,0,0,0,0,0,0,0,0,0,0
540195,2,1,1993,0,0,0,0,0,0,0,0,0,0
540196,1,1,1993,14,14,14,14,14,14,14,14,14,14
540197,1,1,1993,4,4,4,4,4,4,4,4,4,4
540198,1,1,1993,0,0,0,0,0,0,0,0,0,0
540198,2,1,1993,0,0,0,0,0,0,0,0,0,0
540198,3,1,1993,0,0,0,0,0,0,0,0,0,0
540198,4,1,1993,0,0,0,0,0,0,0,0,0,0
540198,5,1,1993,0,0,0,0,0,0,0,0,0,0
540198,6,1,1993,0,0,0,0,0,0,0,0,0,0
540199,0,1,1993,0,0,0,0,0,0,0,0,0,0
540199,1,1,1993,0,0,0,0,0,0,0,0,0,0
540200,1,1,1993,0,0,0,0,0,0,0,0,0,0
540200,2,1,1993,16,16,16,16,16,16,16,16,16,16
540201,1,1,1993,0,0,0,0,0,0,0,0,0,0
540201,2,1,1993,17,11,18,10,6,24,29,28,25,18
540202,1,1,1993,0,0,0,0,0,0,0,0,0,0
540203,1,1,1993,0,0,0,0,0,0,0,0,0,0
540204,1,1,1993,0,0,0,0,0,0,0,0,0,0
540205,1,1,1993,0,0,0,0,0,0,0,0,0,0
540205,2,1,1993,0,0,0,0,0,0,0,0,0,0
540205,3,1,1993,0,0,0,0,0,0,0,0,0,0
540205,4,1,1993,0,0,0,0,0,0,0,0,0,0
540206,0,3,1993,0,0,0,0,0,0,0,0,0,0
540206,1,1,1993,0,0,0,0,0,0,0,0,0,0
540207,1,1,1993,0,0,0,0,0,0,0,0,0,0
540208,1,1,1993,16,16,16,16,16,16,16,16,16,16
540209,1,1,1993,0,0,0,0,0,0,0,0,0,0
540210,1,1,1993,0,0,0,0,0,0,0,0,0,0
540210,2,1,1993,0,0,0,0,0,0,0,0,0,0
540211,1,1,1993,0,0,0,0,0,0,0,0,0,0
540212,0,1,1993,0,0,0,0,0,0,0,0,0,0
540212,1,1,1993,0,0,0,0,0,0,0,0,0,0
540213,1,1,1993,0,0,0,0,0,0,0,0,0,0
540213,2,1,1993,0,0,0,0,0,0,0,0,0,0
540214,1,1,1993,0,0,0,0,0,0,0,0,0,0
540215,1,1,1993,12,12,12,12,12,12,12,12,12,12
540216,1,1,1993,0,0,0,0,0,0,0,0,0,0
540216,2,1,1993,0,0,0,0,0,0,0,0,0,0
540217,1,1,1993,0,0,0,0,0,0,0,0,0,0
540218,1,1,1993,6,6,6,6,6,6,6,6,6,6
540219,1,1,1993,22,22,22,22,22,22,22,22,22,22
540220,1,1,1993,0,0,0,0,0,0,0,0,0,0
540221,1,1,1993,0,0,0,0,0,0,0,0,0,0
540222,0,1,1993,0,0,0,0,0,0,0,0,0,0
540222,1,1,1993,0,9,0,0,0,0,0,0,0,0
540223,1,1,1993,0,0,0,0,0,0,0,0,0,0
540224,1,1,1993,11,11,11,11,11,11,11,11,11,11
540225,1,1,1993,0,0,0,0,0,0,0,0,0,0
540225,2,1,1993,0,0,0,0,0,0,14,0,0,0
540226,1,1,1993,9,9,9,9,9,9,9,9,9,9
540227,1,1,1993,14,14,14,14,14,14,14,14,14,14
540228,0,1,1993,0,0,0,0,0,0,0,0,0,0
540228,1,1,1993,0,0,0,0,0,0,0,0,0,0
540229,1,1,1993,9,9,9,9,9,9,9,9,9,9
540230,1,1,1993,0,0,0,0,0,0,0,0,0,0
540231,1,1,1993,0,0,0,0,0,0,0,0,0,0
540233,1,1,1993,0,0,0,0,0,0,0,0,0,0
540233,2,1,1993,0,0,0,0,0,0,0,0,0,0
540234,1,1,1993,16,16,16,16,16,16,16,16,16,16
540235,1,1,1993,15,15,15,15,15,15,15,15,15,15
540235,2,1,1993,0,0,0,0,0,0,0,0,0,0
540236,1,1,1993,19,19,19,19,19,19,19,19,19,19
540237,1,1,1993,32,32,32,32,32,32,32,32,32,32
540238,1,1,1993,12,0,0,0,0,0,0,0,0,0
540238,2,1,1993,0,0,0,0,0,0,0,0,0,0
540239,1,1,1993,0,0,10,0,0,0,0,10,0,0
540241,1,1,1993,0,0,0,0,0,0,0,0,0,0
540242,1,1,1993,11,11,11,11,11,11,11,11,11,11
540243,1,1,1993,0,0,0,0,0,0,0,0,0,0
540244,1,1,1993,0,0,0,0,0,0,0,0,0,0
540244,2,1,1993,0,0,0,0,0,0,0,0,0,0
540245,1,1,1993,17,0,3,0,22,6,4,0,0,0
540245,2,1,1993,0,16,0,0,0,0,0,0,0,0
540246,1,1,1993,0,0,0,0,0,0,0,0,10,0
540246,2,1,1993,0,0,0,0,0,0,0,0,0,0
540246,3,1,1993,16,16,16,16,16,16,16,16,16,16
540247,1,1,1993,16,16,16,16,16,16,16,16,16,16
540247,2,1,1993,0,0,0,0,0,0,0,0,0,0
540248,1,1,1993,0,0,0,0,0,0,0,0,0,0
540249,1,1,1993,0,18,0,0,0,0,0,0,0,0
540249,2,1,1993,0,0,0,0,0,0,0,0,0,0
540250,1,1,1993,31,31,31,31,31,31,31,31,31,31
540251,1,1,1993,0,0,0,0,0,0,0,0,0,0
540251,2,1,1993,0,0,0,0,0,0,0,0,0,0
540252,1,1,1993,0,0,0,0,0,0,0,0,0,0
540252,2,1,1993,0,0,0,0,0,0,0,0,0,0
540253,1,1,1993,14,14,14,14,14,14,14,14,14,14
540254,1,1,1993,9,9,9,9,9,9,9,9,9,9
540255,1,1,1993,0,0,0,0,0,0,0,0,0,0
540255,2,1,1993,0,0,0,0,0,0,0,0,0,0