ST_CASE,VEH_NO,PER_NO,YEAR,P1,P2,P3,P4,P5,P6,P7,P8,P9,P10
540256,0,1,1993,26,26,26,26,26,26,26,26,26,26
540256,1,1,1993,0,0,0,12,9,0,0,0,0,0
540257,1,1,1993,0,0,0,0,0,0,0,0,0,0
540257,2,1,1993,0,0,0,0,0,0,0,0,0,0
540258,1,1,1993,0,0,0,0,0,0,0,0,0,0
540258,2,1,1993,0,0,0,0,0,0,0,0,0,5
540258,3,1,1993,0,0,0,0,0,0,0,0,0,0
540258,4,1,1993,0,0,0,0,0,0,0,0,0,0
540259,1,1,1993,26,26,26,26,26,26,26,26,26,26
540260,1,1,1993,0,0,0,0,0,0,0,0,0,0
540260,2,1,1993,0,0,0,0,0,0,0,0,0,0
540261,1,1,1993,0,0,0,0,0,0,0,0,0,0
540261,2,1,1993,0,0,0,0,0,0,0,0,0,0
540262,1,1,1993,0,0,0,0,0,0,0,0,32,0
540262,2,1,1993,0,0,0,0,0,0,0,0,0,0
540263,1,1,1993,0,0,0,0,0,0,0,0,0,0
540263,2,1,1993,0,0,0,0,0,0,0,0,0,0
540264,1,1,1993,0,0,0,0,0,0,0,0,0,0
540264,2,1,1993,0,0,0,0,0,0,0,0,0,0
540265,1,1,1993,18,18,18,18,18,18,18,18,18,18
540267,1,1,1993,20,20,20,20,20,20,20,20,20,20
540267,2,1,1993,0,0,0,0,0,0,0,0,0,0
540268,1,1,1993,0,0,0,0,0,0,0,0,0,0
540268,2,1,1993,0,0,0,0,0,0,0,3,9,0
540269,1,1,1993,0,0,0,6,2,0,0,0,0,0
540270,1,1,1993,2,2,2,2,2,2,2,2,2,2
540271,1,1,1993,17,17,17,17,17,17,17,17,17,17
540272,0,1,1993,0,0,0,0,0,0,0,0,0,0
540272,1,1,1993,0,0,0,0,0,0,0,0,0,0
540273,1,1,1993,0,0,0,0,0,0,0,0,0,0
540273,2,1,1993,0,0,0,0,0,0,0,0,0,0
540273,3,1,1993,0,0,0,0,0,0,0,0,0,0
540273,4,1,1993,0,0,0,0,0,0,0,0,0,0
540274,1,1,1993,0,0,0,0,0,0,0,0,0,0
540274,2,1,1993,0,0,0,0,0,0,0,0,0,0
540275,0,1,1993,19,19,19,19,19,19,19,19,19,19
540275,1,1,1993,0,0,0,0,0,0,0,0,0,0
540276,1,1,1993,0,0,0,0,0,0,0,0,0,0
540276,2,1,1993,0,0,0,0,0,0,0,0,0,0
540277,0,1,1993,21,21,21,21,21,21,21,21,21,21
540277,1,1,1993,4,0,5,7,0,12,8,0,18,10
540278,1,1,1993,10,11,25,2,0,13,14,24,17,23
540279,1,1,1993,0,0,0,0,0,0,0,0,0,0
540279,2,1,1993,0,0,0,0,0,0,0,0,0,0
540280,1,1,1993,0,0,0,0,0,0,0,0,0,0
540281,1,1,1993,0,0,0,0,0,0,0,0,0,0
540282,1,1,1993,0,0,0,0,0,0,0,0,0,0
540282,2,1,1993,27,27,27,27,27,27,27,27,27,27
540283,1,1,1993,0,0,0,0,0,9,0,0,0,0
540283,2,1,1993,0,0,0,0,0,0,0,0,0,0
540284,1,1,1993,0,0,0,0,0,0,0,0,0,0
540284,2,1,1993,0,0,0,0,0,0,0,0,0,0
540285,1,1,1993,7,7,7,7,7,7,7,7,7,7
540286,1,1,1993,0,0,0,0,0,0,0,0,0,0
540286,2,1,1993,0,0,0,0,0,0,0,0,0,0
540287,1,1,1993,0,0,0,0,0,0,0,0,0,0
540287,2,1,1993,0,0,0,0,0,0,0,0,0,0
540287,3,1,1993,0,0,0,0,0,0,0,0,0,0
540288,0,1,1993,0,0,0,0,0,0,0,0,0,0
540288,1,1,1993,0,0,0,0,0,0,0,0,0,0
540289,1,1,1993,23,11,11,23,13,18,22,19,26,8
540290,1,1,1993,0,0,0,0,0,0,0,0,0,0
540290,2,1,1993,0,0,0,0,0,0,0,0,0,0
540291,1,1,1993,0,0,0,0,0,0,0,0,0,0
540291,2,1,1993,0,0,0,0,0,0,0,0,0,0
540292,0,1,1993,11,11,11,11,11,11,11,11,11,11
540292,1,1,1993,16,16,16,16,16,16,16,16,16,16
540293,1,1,1993,13,13,13,13,13,13,13,13,13,13
540294,1,1,1993,0,0,0,0,0,0,0,0,0,0
540294,2,1,1993,0,0,0,0,0,0,0,0,0,0
540295,1,1,1993,0,0,0,0,0,0,0,0,0,0
540296,1,1,1993,0,0,0,0,0,0,0,0,0,0
540296,2,1,1993,0,0,0,0,0,0,0,0,0,0
540297,0,1,1993,0,0,0,0,0,0,0,0,0,0
540297,1,1,1993,0,0,0,0,0,0,0,0,3,0
540298,1,1,1993,19,19,19,19,19,19,19,19,19,19
540299,1,1,1993,9,9,9,9,9,9,9,9,9,9
540300,1,1,1993,0,0,0,0,0,0,0,0,0,0
540300,2,1,1993,0,0,0,0,0,0,0,0,0,0
540301,1,1,1993,7,7,7,7,7,7,7,7,7,7
540302,1,1,1993,14,14,14,14,14,14,14,14,14,14
540303,1,1,1993,0,0,0,20,0,0,0,0,0,0
540303,2,1,1993,18,18,18,18,18,18,18,18,18,18
540304,1,1,1993,15,15,15,15,15,15,15,15,15,15
540305,1,1,1993,0,0,0,0,0,0,0,0,0,0
540306,1,1,1993,0,0,0,0,0,0,0,0,0,0
540307,1,1,1993,20,20,20,20,20,20,20,20,20,20
540308,1,1,1993,0,0,0,0,0,0,0,0,0,0
540308,2,1,1993,0,0,0,0,0,0,0,0,0,0
540309,0,1,1993,8,22,22,34,0,7,14,19,22,34
540309,1,1,1993,0,12,0,0,0,0,0,21,0,0
540310,1,1,1993,7,7,7,7,7,7,7,7,7,7
540311,1,1,1993,25,25,25,25,25,25,25,25,25,25
540312,1,1,1993,0,0,0,0,0,0,0,0,0,0
540313,1,1,1993,0,0,0,0,0,0,0,0,0,0
540314,1,1,1993,0,0,0,0,0,0,0,0,0,0
540315,1,1,1993,19,19,19,19,19,19,19,19,19,19
540316,1,1,1993,0,0,0,0,0,0,0,0,0,0
540316,2,1,1993,0,0,16,0,0,0,0,0,0,9
540317,1,1,1993,0,0,0,0,0,0,0,0,0,0
540318,1,1,1993,0,0,0,0,0,0,0,0,0,0
540318,2,1,1993,11,11,11,11,11,11,11,11,11,11
540319,1,1,1993,0,0,0,0,0,0,0,0,0,0
540320,1,1,1993,0,0,0,0,0,0,0,0,0,0
540320,2,1,1993,0,0,0,0,0,0,0,0,0,0
540321,0,1,1993,0,0,0,0,0,0,0,0,11,0
540321,1,1,1993,0,0,0,0,0,0,0,0,0,0
540322,1,1,1993,18,18,18,18,18,18,18,18,18,18
540323,1,1,1993,0,0,0,0,0,0,0,0,0,0
540323,2,1,1993,0,0,0,0,0,0,0,0,0,0
540324,1,1,1993,30,30,30,30,30,30,30,30,30,30
540324,2,1,1993,0,0,0,0,0,0,0,0,0,0
540325,1,1,1993,21,21,21,21,21,21,21,21,21,21
540326,0,1,1993,0,0,0,0,0,0,0,0,0,0
540326,1,1,1993,28,28,28,28,28,28,28,28,28,28
540327,0,1,1993,0,0,0,0,0,0,0,0,0,0
540327,1,1,1993,0,0,0,0,0,0,0,5,0,0
540328,1,1,1993,0,0,0,0,0,0,0,0,0,0
540329,1,1,1993,0,0,0,0,0,0,0,0,0,0
540330,1,1,1993,0,0,0,0,0,0,0,0,0,0
540330,2,1,1993,0,0,0,0,0,0,0,0,0,0
540331,1,1,1993,0,0,0,0,0,0,0,0,0,0
540331,2,1,1993,0,0,0,0,0,0,0,0,0,0
540332,1,1,1993,0,0,0,0,0,0,0,0,0,0
540332,2,1,1993,0,0,0,0,0,0,0,0,0,0
540333,1,1,1993,0,0,0,0,0,0,0,0,0,0
540334,0,1,1993,0,0,0,0,0,0,0,0,0,0
540334,1,1,1993,15,11,11,7,17,14,0,11,19,7
540335,1,1,1993,0,0,0,0,0,0,0,0,0,0
540336,1,1,1993,0,0,0,0,0,0,0,0,0,0
540337,1,1,1993,24,24,24,24,24,24,24,24,24,24
540337,2,1,1993,0,0,0,0,0,0,0,0,0,0
540337,3,1,1993,0,0,0,0,0,0,0,0,0,0
540338,1,1,1993,0,0,0,0,0,0,0,0,0,0
540339,1,1,1993,32,21,8,17,16,11,32,16,12,32
540340,1,1,1993,0,0,4,0,0,0,0,0,0,0
540340,2,1,1993,0,0,0,0,0,0,0,0,0,0
540341,0,1,1993,0,5,0,0,0,0,33,0,0,0
540341,0,2,1993,0,0,0,0,0,0,0,0,0,0
540341,1,1,1993,23,23,23,23,23,23,23,23,23,23
540342,1,1,1993,23,23,23,23,23,23,23,23,23,23
540343,1,1,1993,0,12,0,0,0,0,0,0,0,0
540344,1,1,1993,0,0,0,0,0,0,0,0,0,0
540344,2,1,1993,0,0,0,0,0,0,0,0,0,0
540344,3,1,1993,0,0,0,0,0,0,0,0,0,0
540345,1,1,1993,9,9,9,9,9,9,9,9,9,9
540346,1,1,1993,17,17,17,17,17,17,17,17,17,17
540346,2,1,1993,8,8,8,8,8,8,8,8,8,8
540347,1,1,1993,0,0,0,0,0,0,0,0,0,0
540348,1,1,1993,0,0,0,0,0,0,0,0,0,0
540348,2,1,1993,0,0,0,0,0,0,0,0,0,0
540350,1,1,1993,0,0,0,0,0,0,0,0,0,0
540350,2,1,1993,12,12,12,12,12,12,12,12,12,12
540351,1,1,1993,15,15,15,15,15,15,15,15,15,15
540352,1,1,1993,0,0,0,0,0,0,0,0,0,0
540353,1,1,1993,20,20,20,20,20,20,20,20,20,20
540353,2,1,1993,0,0,0,0,0,0,0,0,0,0
540354,1,1,1993,0,0,0,0,0,0,0,0,0,0
540354,2,1,1993,0,0,0,0,0,0,0,0,0,0
540355,0,1,1993,0,0,0,0,0,0,0,0,0,0
540355,1,1,1993,0,0,0,0,0,0,0,0,0,0
540356,1,1,1993,0,0,0,0,0,10,18,0,24,17
540357,0,1,1993,0,0,0,0,0,0,0,0,0,0
540357,1,1,1993,0,0,0,0,0,0,0,0,0,15
540358,1,1,1993,0,0,0,0,0,0,0,0,0,0
540359,1,1,1993,22,22,22,22,22,22,22,22,22,22
540360,1,1,1993,14,0,0,0,15,0,18,34,0,23
540361,1,1,1993,0,0,0,0,0,0,0,0,0,0
540362,0,2,1993,0,0,0,0,0,0,0,0,0,0
540362,1,1,1993,0,8,0,0,0,0,0,0,0,0
540363,1,1,1993,0,0,0,0,0,0,0,0,0,0
540363,2,1,1993,0,0,0,0,0,0,0,0,0,0
540364,1,1,1993,0,0,0,0,0,0,0,0,0,0
540364,2,1,1993,0,0,0,0,0,0,0,0,0,0
540364,3,1,1993,0,0,0,0,0,8,0,0,0,0
540365,1,1,1993,16,16,16,16,16,16,16,16,16,16
540366,1,1,1993,13,13,13,13,13,13,13,13,13,13
540366,2,1,1993,0,0,0,0,0,0,0,0,0,0
540367,0,1,1993,28,28,28,28,28,28,28,28,28,28
540367,1,1,1993,0,0,0,0,0,0,0,0,0,0
540368,1,1,1993,11,0,0,0,0,0,0,0,0,0
540369,1,1,1993,0,0,0,0,0,0,0,0,0,0
540369,2,1,1993,0,0,0,0,0,0,0,0,0,0
540370,1,1,1993,0,0,0,0,0,0,0,0,0,0
540370,2,1,1993,0,0,0,0,0,0,0,0,0,0
540371,1,1,1993,18,18,18,18,18,18,18,18,18,18
540372,1,1,1993,0,0,0,8,20,0,16,0,0,0
540373,1,1,1993,15,0,0,0,0,0,0,0,0,0
540373,2,1,1993,0,0,0,0,0,0,0,19,0,0
540374,1,1,1993,20,20,20,20,20,20,20,20,20,20
540375,1,1,1993,0,0,0,0,0,0,0,0,0,0
540376,1,1,1993,0,0,0,0,0,0,0,0,0,0
540376,2,1,1993,0,0,0,0,0,0,0,0,0,0
550001,1,1,1993,34,34,34,34,34,34,34,34,34,34
550002,1,1,1993,23,23,23,23,23,23,23,23,23,23
550003,1,1,1993,0,0,0,0,0,0,0,0,0,0
550003,2,1,1993,0,0,0,0,0,0,0,0,0,0
550004,1,1,1993,0,0,0,0,0,0,0,0,0,0
550004,2,1,1993,0,0,0,0,0,0,0,0,0,0
550005,1,1,1993,0,0,0,0,0,7,0,0,0,18
550005,2,1,1993,0,0,0,0,0,0,0,0,8,0
550006,1,1,1993,0,0,0,0,0,0,0,0,0,0
550007,1,1,1993,16,16,16,16,16,16,16,16,16,16
550007,2,1,1993,0,0,0,0,12,0,0,0,16,0
550008,1,1,1993,0,0,0,0,0,0,0,0,0,0
550008,2,1,1993,0,0,0,0,0,0,0,0,0,0
550009,1,1,1993,15,15,15,15,15,15,15,15,15,15
550010,1,1,1993,0,0,0,0,0,0,0,0,0,0
550010,2,1,1993,0,0,0,0,0,0,0,0,10,0
550011,1,1,1993,0,0,0,0,0,0,0,0,0,0
550012,1,1,1993,0,0,0,0,0,0,0,0,0,0
550012,2,1,1993,0,0,0,0,0,0,0,0,0,0
550012,3,1,1993,0,0,0,0,0,0,0,0,0,0
550013,1,1,1993,6,6,6,6,6,6,6,6,6,6
550013,2,1,1993,0,0,0,0,0,0,0,0,0,0
550013,3,1,1993,0,0,0,0,0,0,0,0,0,0
550014,1,1,1993,22,22,22,22,22,22,22,22,22,22
550015,1,1,1993,13,0,0,0,0,0,0,0,0,0
550015,2,1,1993,0,0,0,0,0,0,0,0,0,16
550016,1,1,1993,0,0,0,0,0,0,0,0,0,0
550016,2,1,1993,15,15,15,15,15,15,15,15,15,15
550017,1,1,1993,0,0,19,0,0,0,0,0,0,0
550017,2,1,1993,0,0,0,0,0,0,0,0,0,0
550018,1,1,1993,4,4,4,4,4,4,4,4,4,4
550018,2,1,1993,0,10,0,0,0,18,0,0,0,0
550019,1,1,1993,0,0,0,0,0,0,0,0,0,0
550019,2,1,1993,0,0,0,0,0,0,0,0,0,0
550020,1,1,1993,0,0,0,0,0,0,0,0,0,0
550021,1,1,1993,0,0,0,0,0,0,0,0,0,0
550021,2,1,1993,0,0,0,0,0,0,0,0,0,0
550022,1,1,1993,0,0,0,0,0,0,0,0,0,0
550022,2,1,1993,14,14,14,14,14,14,14,14,14,14
550023,1,1,1993,0,0,0,0,0,0,0,0,0,0
550023,2,1,1993,0,0,0,0,0,0,0,0,0,0
550024,1,1,1993,0,0,0,0,0,0,0,0,0,0
550024,2,1,1993,0,0,0,0,0,0,0,0,0,0
550024,3,1,1993,0,0,0,0,0,0,0,0,0,0
550025,0,1,1993,0,0,0,0,0,0,0,0,0,0
550025,1,1,1993,22,14,21,0,21,8,8,0,0,0
550026,1,1,1993,13,13,13,13,13,13,13,13,13,13
550027,1,1,1993,2,2,2,2,2,2,2,2,2,2
550028,0,1,1993,0,0,0,0,0,0,0,0,0,0
550028,1,1,1993,0,0,0,0,0,0,0,0,0,0
550029,1,1,1993,0,0,0,0,0,0,0,0,0,0
550029,2,1,1993,0,0,0,0,0,0,0,0,0,0
550030,1,1,1993,17,17,17,17,17,17,17,17,17,17
550030,2,1,1993,4,4,4,4,4,4,4,4,4,4
550031,1,1,1993,13,13,13,13,13,13,13,13,13,13
550032,0,1,1993,0,0,0,0,0,0,0,0,0,0
550032,1,1,1993,0,0,0,0,0,0,0,0,0,0
550033,1,1,1993,0,0,0,0,0,0,0,0,0,0
550033,2,1,1993,0,0,0,0,0,0,0,0,0,0
550034,1,1,1993,0,0,0,0,0,0,0,0,0,0
550034,2,1,1993,0,0,7,14,0,0,0,0,18,17
550035,1,1,1993,0,0,0,0,0,0,0,0,0,0
550035,2,1,1993,0,0,0,0,0,0,0,0,0,0
550036,1,1,1993,0,0,0,0,0,0,0,0,0,0
550036,2,1,1993,0,0,0,0,0,7,0,0,0,0
550037,1,1,1993,24,24,24,24,24,24,24,24,24,24
550038,0,1,1993,0,0,0,0,0,0,0,0,0,0
550038,1,1,1993,0,0,0,0,0,0,0,0,0,0
550039,1,1,1993,21,21,21,21,21,21,21,21,21,21
550040,0,1,1993,0,0,0,0,0,0,0,0,0,0
550040,1,1,1993,0,0,0,0,0,0,0,0,0,0
550041,1,1,1993,0,0,0,0,0,0,0,0,0,0
550041,2,1,1993,0,0,9,0,0,0,0,0,0,0
550042,1,1,1993,0,0,0,0,0,0,0,0,0,0
550042,2,1,1993,0,0,0,0,0,0,0,0,0,0
550043,0,1,1993,0,0,0,0,0,0,0,0,0,0
550043,1,1,1993,25,25,25,25,25,25,25,25,25,25
550044,0,1,1993,0,0,0,0,0,0,0,0,0,0
550044,1,1,1993,0,0,0,0,0,0,0,0,0,0
550045,1,1,1993,0,0,0,0,0,0,0,0,0,0
550045,2,1,1993,0,0,0,0,0,0,0,0,0,0
550046,1,1,1993,20,20,20,20,20,20,20,20,20,20
550047,1,1,1993,0,0,0,0,0,0,0,0,0,0
550048,1,1,1993,25,25,25,25,25,25,25,25,25,25
550049,0,1,1993,18,18,18,18,18,18,18,18,18,18
550049,1,1,1993,6,6,6,6,6,6,6,6,6,6
550050,0,1,1993,0,0,0,0,0,0,0,0,0,0
550050,1,1,1993,0,0,0,9,0,0,0,0,0,0
550051,1,1,1993,22,22,22,22,22,22,22,22,22,22
550051,2,1,1993,9,9,9,9,9,9,9,9,9,9
550052,1,1,1993,0,0,0,0,0,0,0,0,0,0
550052,2,1,1993,0,0,0,0,0,0,0,0,0,0
550053,1,1,1993,0,0,0,0,0,0,0,0,0,0
550053,2,1,1993,0,0,0,0,0,19,0,0,0,0
550054,1,1,1993,0,0,0,0,0,0,0,0,0,0
550054,2,1,1993,6,6,6,6,6,6,6,6,6,6
550055,1,1,1993,2,2,2,2,2,2,2,2,2,2
550055,2,1,1993,0,0,0,0,0,0,0,0,0,0
550056,1,1,1993,0,0,0,0,0,0,0,0,0,0
550057,1,1,1993,0,0,0,0,0,0,0,0,0,0
550057,2,1,1993,0,0,0,0,0,0,0,0,0,0
550058,1,1,1993,0,0,0,0,0,0,0,0,0,0
550059,1,1,1993,0,0,0,0,0,0,0,0,0,0
550060,1,1,1993,0,0,0,0,0,0,0,0,0,0
550060,2,1,1993,15,15,15,15,15,15,15,15,15,15
550061,1,1,1993,0,0,0,0,0,0,0,0,0,0
550061,2,1,1993,0,0,0,0,0,0,0,0,0,0
550062,1,1,1993,0,0,0,0,0,0,0,0,0,0
550062,2,1,1993,0,0,0,0,0,0,0,0,0,0
550063,1,1,1993,30,30,30,30,30,30,30,30,30,30
550064,1,1,1993,17,17,17,17,17,17,17,17,17,17
550066,1,1,1993,14,14,14,14,14,14,14,14,14,14
550067,1,1,1993,0,0,0,0,0,0,0,0,0,0
550068,1,1,1993,10,10,10,10,10,10,10,10,10,10
550069,1,1,1993,12,12,12,12,12,12,12,12,12,12
550069,2,1,1993,14,14,14,14,14,14,14,14,14,14
550070,1,1,1993,11,0,0,0,0,0,0,0,16,0
550070,2,1,1993,0,0,0,0,0,2,0,0,0,0
550071,1,1,1993,0,0,0,0,0,0,0,0,0,0
550072,1,1,1993,24,41,17,11,17,19,23,14,15,27
550072,2,1,1993,0,0,0,15,0,0,0,0,0,0
550073,1,1,1993,0,0,0,0,0,0,0,0,0,0
550073,2,1,1993,0,0,0,0,0,0,0,0,0,0
550073,3,1,1993,0,0,0,0,0,0,0,0,0,0
550074,1,1,1993,0,0,0,0,0,0,0,0,0,0
550074,2,1,1993,28,28,28,28,28,28,28,28,28,28
550075,1,1,1993,0,0,0,0,0,0,0,0,0,0
550075,2,1,1993,0,0,0,0,0,0,0,0,0,0
550076,1,1,1993,20,20,20,20,20,20,20,20,20,20
550077,1,1,1993,0,0,0,0,0,0,0,0,0,0
550077,2,1,1993,0,0,0,0,0,0,0,0,0,0
550078,1,1,1993,0,0,0,0,0,0,0,0,0,0
550078,2,1,1993,0,0,0,0,0,0,0,0,0,0
550078,3,1,1993,0,0,0,0,0,0,0,0,0,0
550079,1,1,1993,0,0,0,0,0,0,0,0,0,0
550079,2,1,1993,0,0,0,0,0,0,0,0,0,0
550080,1,1,1993,18,18,18,18,18,18,18,18,18,18
550081,1,1,1993,13,13,13,13,13,13,13,13,13,13
550082,1,1,1993,26,26,26,26,26,26,26,26,26,26
550082,2,1,1993,0,0,0,0,0,0,0,0,0,0
550083,1,1,1993,0,0,0,0,0,0,0,0,0,0
550083,2,1,1993,0,0,0,0,0,0,0,0,0,0
550084,1,1,1993,11,11,11,11,11,11,11,11,11,11
550085,1,1,1993,8,16,18,20,6,0,29,16,0,0
550086,1,1,1993,0,0,0,0,0,0,0,0,0,0
550086,2,1,1993,0,0,0,0,0,0,0,0,0,0
550086,3,1,1993,0,0,0,0,0,0,0,0,0,0
550086,4,1,1993,0,0,0,0,0,0,0,0,0,0
550086,5,1,1993,0,0,0,0,0,0,0,0,0,0
550087,1,1,1993,0,0,0,20,0,0,0,0,0,0
550087,2,1,1993,0,0,0,0,0,0,0,0,0,0
550088,0,1,1993,27,27,27,27,27,27,27,27,27,27
550088,0,2,1993,15,15,15,15,15,15,15,15,15,15
550088,0,3,1993,0,15,40,28,18,26,10,5,30,10
550088,1,1,1993,3,3,3,3,3,3,3,3,3,3
550089,1,1,1993,18,18,18,18,18,18,18,18,18,18
550090,1,1,1993,0,0,0,0,0,0,0,0,0,0
550091,1,1,1993,1,1,1,1,1,1,1,1,1,1
550091,2,1,1993,6,6,6,6,6,6,6,6,6,6
550091,3,1,1993,0,0,0,0,0,0,0,0,0,0
550092,1,1,1993,0,0,0,0,0,0,0,0,0,0
550093,0,1,1993,0,0,0,0,0,0,0,0,0,0
550093,1,1,1993,0,0,0,0,0,0,0,0,0,0
550094,1,1,1993,0,0,0,0,0,0,0,0,0,0
550094,2,1,1993,9,9,9,9,9,9,9,9,9,9
550095,1,1,1993,0,0,0,0,0,0,0,0,0,0
550095,2,1,1993,0,0,0,0,0,0,0,0,0,0
550096,1,1,1993,18,0,26,0,0,0,0,0,0,3
550096,2,1,1993,0,0,0,0,0,0,0,0,0,0
550097,1,1,1993,0,0,0,0,0,0,0,0,0,0
550097,2,1,1993,0,0,9,0,0,0,0,0,0,0
550098,1,1,1993,16,16,16,16,16,16,16,16,16,16
550099,1,1,1993,0,0,0,0,0,0,0,0,0,0
550099,2,1,1993,0,0,0,0,0,0,0,0,0,0
550100,1,1,1993,0,0,0,4,23,0,0,0,0,0
550101,1,1,1993,0,0,0,0,0,0,0,0,0,0
550101,2,1,1993,0,0,0,0,0,0,0,0,0,0
550102,1,1,1993,27,27,27,27,27,27,27,27,27,27
550103,1,1,1993,0,0,0,0,0,0,0,0,0,0
550103,2,1,1993,4,4,4,4,4,4,4,4,4,4
550104,1,1,1993,16,16,16,16,16,16,16,16,16,16
550104,2,1,1993,12,12,12,12,12,12,12,12,12,12
550105,1,1,1993,4,4,4,4,4,4,4,4,4,4
550105,2,1,1993,0,0,0,0,0,0,0,0,0,0
550106,1,1,1993,29,29,29,29,29,29,29,29,29,29
550107,1,1,1993,0,0,0,0,0,0,0,0,0,0
550107,2,1,1993,0,0,0,0,0,0,0,0,0,0
550108,1,1,1993,0,0,0,0,0,0,0,0,0,0
550108,2,1,1993,0,0,0,0,0,0,0,0,0,0
550109,1,1,1993,0,0,0,0,0,0,0,0,0,0
550109,2,1,1993,0,0,0,0,0,0,0,0,0,0
550110,1,1,1993,15,15,15,15,15,15,15,15,15,15
550110,2,1,1993,0,0,0,0,0,0,0,0,0,0
550111,1,1,1993,0,0,0,0,0,0,0,0,0,0
550112,1,1,1993,19,19,19,19,19,19,19,19,19,19
550113,1,1,1993,0,0,0,0,0,0,0,0,0,0
550113,2,1,1993,0,0,0,0,0,0,0,0,0,0
550114,1,1,1993,3,3,3,3,3,3,3,3,3,3
550114,2,1,1993,0,0,0,0,0,0,0,0,0,0
550115,1,1,1993,0,0,0,0,0,0,0,0,0,0
550116,0,1,1993,30,30,30,30,30,30,30,30,30,30
550116,1,1,1993,0,18,8,0,0,16,0,8,0,0
550117,1,1,1993,0,0,0,0,0,0,0,0,0,0
550117,2,1,1993,0,0,0,0,0,0,0,0,0,0
550117,3,1,1993,0,0,0,0,0,0,0,0,0,0
550118,0,1,1993,0,0,0,0,0,0,0,0,0,0
550118,1,1,1993,0,0,0,0,0,0,0,0,0,0
550119,0,1,1993,0,0,0,0,0,0,0,0,0,0
550119,1,1,1993,0,0,0,0,0,0,0,0,0,0
550120,1,1,1993,0,0,0,0,0,0,0,0,0,0
550120,2,1,1993,0,0,0,0,0,0,0,0,0,0
550121,1,1,1993,24,24,24,24,24,24,24,24,24,24
550122,0,1,1993,0,0,0,0,0,0,0,0,0,0
550122,1,1,1993,0,0,0,0,0,0,0,0,0,0
550123,1,1,1993,18,18,18,18,18,18,18,18,18,18
550124,1,1,1993,0,0,0,0,0,0,0,0,0,0
550124,2,1,1993,0,0,0,0,0,0,0,0,0,0
550125,1,1,1993,20,20,20,20,20,20,20,20,20,20
550126,1,1,1993,0,0,0,0,0,0,0,0,0,0
550126,2,1,1993,0,18,0,0,0,0,0,0,0,0
550127,1,1,1993,19,19,19,19,19,19,19,19,19,19
550128,0,1,1993,8,8,8,8,8,8,8,8,8,8
550128,1,1,1993,0,0,0,26,0,0,9,0,4,0
550129,1,1,1993,20,20,20,20,20,20,20,20,20,20
550130,0,1,1993,23,23,23,23,23,23,23,23,23,23
550130,0,2,1993,24,24,24,24,24,24,24,24,24,24
550130,1,1,1993,2,2,2,2,2,2,2,2,2,2
550131,1,1,1993,1,1,1,1,1,1,1,1,1,1
550131,2,1,1993,0,0,0,0,0,0,0,0,0,0
550131,3,1,1993,0,0,0,0,0,0,0,0,0,0
550132,0,1,1993,14,14,14,14,14,14,14,14,14,14
550132,1,1,1993,0,0,0,0,0,0,0,0,0,0
550133,1,1,1993,28,28,28,28,28,28,28,28,28,28
550134,1,1,1993,8,8,8,8,8,8,8,8,8,8
550135,0,1,1993,0,0,0,0,0,0,0,0,0,0
550135,1,1,1993,0,0,0,0,0,0,0,0,0,0
550136,1,1,1993,0,0,0,0,0,0,0,0,0,0
550136,2,1,1993,0,0,0,0,0,0,0,0,0,0
550136,3,1,1993,0,0,0,0,0,0,0,0,0,0
550137,1,1,1993,0,0,0,0,0,0,0,0,0,0
550137,2,1,1993,0,0,0,0,0,0,0,0,0,0
550138,1,1,1993,0,0,0,0,0,0,0,0,0,0
550138,2,1,1993,0,0,0,0,0,0,0,0,0,0
550138,3,1,1993,0,0,0,11,0,0,0,0,0,0
550139,1,1,1993,0,0,0,0,0,0,0,0,0,0
550139,2,1,1993,0,0,0,0,0,0,0,0,0,0
550140,1,1,1993,0,0,0,0,0,0,0,0,0,0
550140,2,1,1993,0,0,0,0,0,0,0,0,0,0
550141,1,1,1993,23,23,23,23,23,23,23,23,23,23
550141,2,1,1993,6,6,6,6,6,6,6,6,6,6
550142,1,1,1993,26,26,26,26,26,26,26,26,26,26
550143,1,1,1993,24,24,24,24,24,24,24,24,24,24
550143,2,1,1993,0,0,0,0,0,0,0,0,0,16
550144,1,1,1993,0,0,0,0,0,0,0,0,0,0
550145,1,1,1993,0,0,0,0,0,0,0,0,0,0
550146,1,1,1993,13,13,13,13,13,13,13,13,13,13
550147,1,1,1993,0,0,0,0,0,0,0,0,0,0
550148,1,1,1993,0,0,0,0,0,0,0,0,0,0
550148,2,1,1993,0,0,0,0,0,0,0,0,0,0
550149,1,1,1993,0,0,0,0,0,0,0,0,0,0
550149,2,1,1993,0,0,0,0,0,0,0,0,0,0
550150,1,1,1993,2,2,2,2,2,2,2,2,2,2
550150,2,1,1993,0,0,0,0,0,0,0,0,0,0
550151,0,1,1993,0,0,0,0,0,0,19,0,0,0
550151,1,1,1993,0,0,0,0,0,0,0,0,0,0
550152,1,1,1993,18,18,18,18,18,18,18,18,18,18
550153,0,1,1993,0,0,0,0,0,0,0,0,0,0
550153,1,1,1993,0,0,0,0,0,0,0,0,0,0
550154,1,1,1993,25,25,25,25,25,25,25,25,25,25