ST_CASE,VEH_NO,PER_NO,YEAR,P1,P2,P3,P4,P5,P6,P7,P8,P9,P10
550155,1,1,1993,0,0,0,0,0,0,0,0,0,0
550155,2,1,1993,0,0,0,0,0,0,0,0,0,0
550156,1,1,1993,8,8,8,8,8,8,8,8,8,8
550157,1,1,1993,0,0,0,0,0,0,0,0,0,0
550157,2,1,1993,0,0,0,0,0,0,0,0,0,0
550158,0,1,1993,0,0,0,0,0,0,0,0,0,0
550158,1,1,1993,0,0,0,0,0,0,0,0,0,0
550159,1,1,1993,0,0,0,0,0,0,0,0,0,0
550160,1,1,1993,21,21,21,21,21,21,21,21,21,21
550161,1,1,1993,15,15,15,15,15,15,15,15,15,15
550161,2,1,1993,0,0,6,0,0,0,0,0,0,11
550162,1,1,1993,19,19,19,19,19,19,19,19,19,19
550163,1,1,1993,6,6,6,6,6,6,6,6,6,6
550164,0,1,1993,17,17,17,17,17,17,17,17,17,17
550164,1,1,1993,14,14,14,14,14,14,14,14,14,14
550165,1,1,1993,14,14,14,14,14,14,14,14,14,14
550165,2,1,1993,0,0,0,0,0,0,0,0,0,0
550166,1,1,1993,0,0,0,0,0,0,0,0,0,0
550166,2,1,1993,26,26,26,26,26,26,26,26,26,26
550167,1,1,1993,0,0,0,0,0,0,0,0,0,0
550167,2,1,1993,0,0,0,0,0,0,0,0,0,0
550168,1,1,1993,9,9,9,9,9,9,9,9,9,9
550169,1,1,1993,0,0,0,0,0,0,0,0,0,0
550169,2,1,1993,0,0,0,0,0,0,0,0,0,0
550169,3,1,1993,0,0,0,0,0,0,0,0,0,0
550170,1,1,1993,0,0,0,0,0,0,0,0,0,0
550170,2,1,1993,0,0,0,0,0,0,0,0,0,0
550171,1,1,1993,0,0,0,0,0,0,0,0,0,0
550172,1,1,1993,0,0,0,0,0,0,0,0,0,0
550173,1,1,1993,19,19,19,19,19,19,19,19,19,19
550174,1,1,1993,24,24,24,24,24,24,24,24,24,24
550175,1,1,1993,0,0,0,0,0,0,0,0,0,0
550176,1,1,1993,0,0,0,0,0,0,0,0,0,0
550176,2,1,1993,0,0,0,0,0,0,0,0,0,0
550177,1,1,1993,0,0,0,0,0,0,0,0,0,0
550177,2,1,1993,0,0,0,0,0,0,0,0,0,0
550178,1,1,1993,0,0,0,0,0,0,0,0,0,0
550178,2,1,1993,0,0,0,0,0,0,0,0,0,0
550179,1,1,1993,0,0,0,0,0,0,0,0,0,0
550179,2,1,1993,0,0,0,0,0,0,0,0,0,0
550180,1,1,1993,0,0,0,0,0,0,0,0,0,0
550180,2,1,1993,0,0,0,0,0,0,0,0,0,0
550180,3,1,1993,0,0,0,0,0,0,0,0,0,0
550181,1,1,1993,0,0,0,0,0,0,0,0,0,0
550182,1,1,1993,0,0,0,0,0,0,0,0,0,0
550182,2,1,1993,0,0,0,0,0,0,0,0,0,0
550182,3,1,1993,0,0,0,0,0,0,0,0,0,0
550183,1,1,1993,0,0,0,0,0,0,0,0,0,0
550183,2,1,1993,0,0,0,0,0,0,0,0,0,0
550183,3,1,1993,0,0,0,0,0,0,0,16,0,0
550184,1,1,1993,0,0,0,0,0,0,0,0,0,0
550185,1,1,1993,0,0,0,0,0,0,0,0,0,0
550185,2,1,1993,0,0,0,0,27,0,0,0,0,0
550185,3,1,1993,0,0,0,0,0,0,0,0,0,0
550186,1,1,1993,0,0,0,0,0,0,0,0,0,0
550186,2,1,1993,0,0,0,0,0,0,0,0,0,0
550186,3,1,1993,0,0,0,0,0,0,0,0,0,0
550187,1,1,1993,24,24,24,24,24,24,24,24,24,24
550188,0,1,1993,0,0,0,0,0,0,0,0,0,0
550188,1,1,1993,0,0,0,0,0,0,0,0,0,0
550189,0,1,1993,1,1,1,1,1,1,1,1,1,1
550189,1,1,1993,0,0,0,0,0,0,0,0,0,0
550190,1,1,1993,19,19,19,19,19,19,19,19,19,19
550191,1,1,1993,0,0,0,0,0,0,0,0,0,0
550191,2,1,1993,16,16,16,16,16,16,16,16,16,16
550192,1,1,1993,0,0,0,0,0,0,0,0,0,0
550192,2,1,1993,0,0,0,0,0,0,0,0,0,0
550193,1,1,1993,0,0,0,0,0,0,0,0,0,0
550193,2,1,1993,0,0,0,0,0,0,0,0,0,0
550194,1,1,1993,0,0,0,0,0,0,0,0,0,0
550195,1,1,1993,15,15,15,15,15,15,15,15,15,15
550196,1,1,1993,0,0,0,0,0,0,0,0,0,0
550196,2,1,1993,0,0,0,0,0,0,0,0,0,0
550197,1,1,1993,0,0,0,0,0,0,0,0,0,0
550197,2,1,1993,0,0,0,0,0,0,0,0,0,0
550198,1,1,1993,26,26,26,26,26,26,26,26,26,26
550198,2,1,1993,0,0,0,0,0,0,0,0,0,0
550199,1,1,1993,20,20,20,20,20,20,20,20,20,20
550200,1,1,1993,0,0,0,0,0,0,0,0,0,0
550200,2,1,1993,0,15,0,0,0,0,0,0,0,0
550200,3,1,1993,0,0,0,0,0,0,0,0,0,0
550201,1,1,1993,22,22,22,22,22,22,22,22,22,22
550201,2,1,1993,0,0,0,0,0,0,0,0,0,0
550202,1,1,1993,0,0,0,0,0,0,0,0,0,0
550202,2,1,1993,19,19,19,19,19,19,19,19,19,19
550203,0,1,1993,26,26,26,26,26,26,26,26,26,26
550203,1,1,1993,0,0,0,0,0,0,0,17,8,0
550204,1,1,1993,0,0,0,0,0,0,0,0,0,0
550204,2,1,1993,0,0,0,0,0,0,0,0,0,0
550205,1,1,1993,0,0,0,0,0,0,0,0,0,0
550206,1,1,1993,0,0,0,0,0,0,0,0,0,0
550206,2,1,1993,0,0,0,0,0,0,0,0,0,0
550207,1,1,1993,17,17,17,17,17,17,17,17,17,17
550208,1,1,1993,21,21,21,21,21,21,21,21,21,21
550209,1,1,1993,0,0,0,0,0,0,0,0,0,0
550210,1,1,1993,23,23,23,23,23,23,23,23,23,23
550211,1,1,1993,14,14,14,14,14,14,14,14,14,14
550211,2,1,1993,11,11,11,11,11,11,11,11,11,11
550212,1,1,1993,20,20,20,20,20,20,20,20,20,20
550213,1,1,1993,0,0,0,0,0,0,0,0,0,0
550214,1,1,1993,20,20,20,20,20,20,20,20,20,20
550214,2,1,1993,0,0,8,0,0,0,0,0,8,0
550215,1,1,1993,0,0,0,0,0,0,0,0,0,0
550215,2,1,1993,0,0,0,0,0,0,0,0,0,0
550216,1,1,1993,0,0,0,0,0,0,0,0,0,0
550217,1,1,1993,3,3,3,3,3,3,3,3,3,3
550218,1,1,1993,0,0,0,0,0,0,0,0,0,0
550219,1,1,1993,20,20,20,20,20,20,20,20,20,20
550220,0,1,1993,0,0,0,0,0,0,0,0,0,0
550220,0,2,1993,0,0,0,0,0,0,0,0,0,0
550220,1,1,1993,18,18,18,18,18,18,18,18,18,18
550221,1,1,1993,0,0,0,0,0,0,0,0,0,0
550221,2,1,1993,0,0,0,0,0,0,0,0,0,0
550222,1,1,1993,16,16,16,16,16,16,16,16,16,16
550223,1,1,1993,0,0,0,0,0,0,0,0,0,0
550224,1,1,1993,23,23,23,23,23,23,23,23,23,23
550225,1,1,1993,0,0,0,0,0,0,0,0,0,0
550225,2,1,1993,0,0,6,0,0,0,0,0,0,0
550226,1,1,1993,0,0,0,0,0,0,0,0,0,0
550227,1,1,1993,35,35,35,35,35,35,35,35,35,35
550228,0,1,1993,0,0,0,0,0,0,0,0,0,0
550228,1,1,1993,0,0,0,0,0,0,0,0,0,0
550229,1,1,1993,0,0,0,22,0,0,0,0,12,26
550230,0,1,1993,0,0,0,0,0,0,0,0,0,0
550230,1,1,1993,0,0,0,0,0,13,0,0,0,12
550230,2,1,1993,0,0,18,0,0,19,15,0,0,0
550231,1,1,1993,13,13,13,13,13,13,13,13,13,13
550232,0,1,1993,0,0,0,0,0,0,0,0,0,18
550232,1,1,1993,0,0,0,0,0,0,0,0,0,0
550233,1,1,1993,10,10,10,10,10,10,10,10,10,10
550233,2,1,1993,0,0,0,0,0,0,0,0,0,0
550234,1,1,1993,16,16,16,16,16,16,16,16,16,16
550235,1,1,1993,13,13,13,13,13,13,13,13,13,13
550236,1,1,1993,18,18,18,18,18,18,18,18,18,18
550237,1,1,1993,0,0,0,0,0,0,0,0,0,0
550237,2,1,1993,0,0,0,0,0,0,0,0,0,0
550238,1,1,1993,18,18,18,18,18,18,18,18,18,18
550239,1,1,1993,8,8,8,8,8,8,8,8,8,8
550239,2,1,1993,0,0,0,0,0,0,0,0,0,0
550240,0,1,1993,0,0,0,0,0,0,0,0,0,0
550240,1,1,1993,0,0,0,0,0,0,0,0,0,0
550241,1,1,1993,9,9,9,9,9,9,9,9,9,9
550242,1,1,1993,5,5,5,5,5,5,5,5,5,5
550243,1,1,1993,15,15,15,15,15,15,15,15,15,15
550243,2,1,1993,0,0,0,0,0,0,0,0,0,0
550244,1,1,1993,38,38,38,38,38,38,38,38,38,38
550245,1,1,1993,0,16,0,0,7,0,0,19,0,15
550245,2,1,1993,0,0,0,0,0,0,0,0,0,0
550246,1,1,1993,16,16,16,16,16,16,16,16,16,16
550246,2,1,1993,0,0,0,2,0,0,0,0,0,0
550247,1,1,1993,0,0,0,0,0,0,0,0,0,0
550248,1,1,1993,0,0,0,0,0,0,0,0,0,0
550248,2,1,1993,0,0,0,0,0,0,0,0,0,0
550249,1,1,1993,16,16,16,16,16,16,16,16,16,16
550250,1,1,1993,13,13,13,13,13,13,13,13,13,13
550251,1,1,1993,14,14,14,14,14,14,14,14,14,14
550252,1,1,1993,17,17,17,17,17,17,17,17,17,17
550253,1,1,1993,21,21,21,21,21,21,21,21,21,21
550254,1,1,1993,0,0,0,0,0,0,0,0,0,0
550255,1,1,1993,0,0,0,0,0,0,0,0,0,0
550255,2,1,1993,0,0,0,0,0,0,0,0,0,0
550256,1,1,1993,16,16,16,16,16,16,16,16,16,16
550257,1,1,1993,0,0,0,0,0,0,0,0,0,0
550257,2,1,1993,0,0,0,0,0,0,0,0,0,0
550258,1,1,1993,15,15,15,15,15,15,15,15,15,15
550259,0,1,1993,0,0,0,0,0,0,0,0,0,0
550259,1,1,1993,25,25,25,25,25,25,25,25,25,25
550260,1,1,1993,25,25,25,25,25,25,25,25,25,25
550261,1,1,1993,0,0,0,0,0,0,0,0,0,0
550261,2,1,1993,13,13,13,13,13,13,13,13,13,13
550262,1,1,1993,0,0,0,0,0,0,0,0,0,0
550263,1,1,1993,0,21,6,0,0,0,0,0,0,0
550264,1,1,1993,12,12,12,12,12,12,12,12,12,12
550264,2,1,1993,3,3,3,3,3,3,3,3,3,3
550265,1,1,1993,20,20,20,20,20,20,20,20,20,20
550266,1,1,1993,0,0,0,0,0,0,0,0,0,0
550266,2,1,1993,0,0,0,0,0,0,0,0,0,0
550267,1,1,1993,0,0,0,0,0,0,0,0,0,0
550267,2,1,1993,0,0,0,0,0,0,0,0,0,0
550268,0,1,1993,0,0,0,0,0,0,0,0,0,0
550268,1,1,1993,0,3,0,0,0,0,0,0,0,0
550269,1,1,1993,0,0,0,0,0,0,0,0,0,0
550269,2,1,1993,0,0,0,0,0,0,0,0,0,0
550270,0,1,1993,0,0,0,0,0,0,0,0,0,0
550270,1,1,1993,0,0,0,0,0,0,0,0,0,0
550271,0,1,1993,0,0,0,0,0,0,0,0,0,0
550271,0,2,1993,0,13,22,0,15,33,0,0,15,0
550271,1,1,1993,0,0,0,0,0,0,0,0,0,0
550272,1,1,1993,0,0,0,0,0,0,0,0,0,0
550273,1,1,1993,0,0,0,0,0,0,0,0,0,0
550273,2,1,1993,0,0,0,0,0,0,0,0,0,0
550273,3,1,1993,0,0,0,0,0,0,0,0,0,0
550274,1,1,1993,0,0,0,0,0,0,0,0,0,0
550275,1,1,1993,22,22,22,22,22,22,22,22,22,22
550276,1,1,1993,0,0,0,0,0,0,0,0,0,0
550276,2,2,1993,0,0,0,0,0,0,0,0,0,0
550277,1,1,1993,22,22,22,22,22,22,22,22,22,22
550277,2,1,1993,0,0,0,0,0,0,0,0,0,0
550278,1,1,1993,1,1,1,1,1,1,1,1,1,1
550279,1,1,1993,0,0,0,0,0,0,0,0,0,0
550279,2,1,1993,0,0,0,0,0,0,0,0,0,0
550279,3,1,1993,0,0,0,0,0,0,0,0,0,0
550280,1,1,1993,13,13,13,13,13,13,13,13,13,13
550280,2,1,1993,0,0,0,0,0,0,0,0,0,0
550281,1,1,1993,0,0,0,0,0,0,0,0,0,0
550282,1,1,1993,11,11,11,11,11,11,11,11,11,11
550282,2,1,1993,2,2,2,2,2,2,2,2,2,2
550283,1,1,1993,25,25,25,25,25,25,25,25,25,25
550284,0,1,1993,0,0,0,0,0,0,0,0,0,0
550284,1,1,1993,0,0,0,0,0,0,0,0,0,0
550285,1,1,1993,26,26,26,26,26,26,26,26,26,26
550286,1,1,1993,16,16,16,16,16,16,16,16,16,16
550287,1,1,1993,0,0,0,0,0,0,0,0,0,0
550288,1,1,1993,0,0,0,0,0,0,0,0,0,0
550288,2,1,1993,0,0,0,0,0,0,0,0,0,0
550289,1,1,1993,0,0,0,0,0,0,0,0,0,0
550290,1,1,1993,0,0,0,0,0,0,0,0,0,0
550290,2,1,1993,0,0,0,0,0,0,0,0,0,0
550291,1,1,1993,18,18,18,18,18,18,18,18,18,18
550292,1,1,1993,33,33,33,33,33,33,33,33,33,33
550292,2,1,1993,6,6,6,6,6,6,6,6,6,6
550293,0,1,1993,0,0,29,0,0,0,0,0,0,21
550293,1,1,1993,0,0,0,0,0,0,0,0,0,0
550294,1,1,1993,0,0,0,0,0,0,0,0,0,0
550295,1,1,1993,0,0,0,0,0,0,0,0,0,0
550296,1,1,1993,0,0,0,0,0,0,0,0,0,0
550297,1,1,1993,0,0,0,0,0,0,0,0,0,0
550297,2,1,1993,0,0,0,0,0,0,0,0,0,0
550298,1,1,1993,0,0,0,0,0,0,0,0,0,0
550298,2,1,1993,0,0,0,0,0,0,0,0,0,0
550299,0,1,1993,2,2,2,2,2,2,2,2,2,2
550299,1,1,1993,0,0,8,0,0,0,0,0,0,0
550300,1,1,1993,0,0,0,0,0,0,0,0,0,0
550300,2,1,1993,0,4,0,0,0,0,0,0,0,0
550301,1,1,1993,0,0,0,0,0,0,0,0,0,0
550302,1,1,1993,0,0,0,0,0,0,0,0,0,0
550302,2,1,1993,0,0,0,0,0,0,0,0,0,0
550303,1,1,1993,0,0,0,0,0,0,0,0,0,0
550303,2,1,1993,0,0,0,0,0,0,0,0,0,0
550304,1,1,1993,18,18,18,18,18,18,18,18,18,18
550304,2,1,1993,0,0,0,0,0,0,0,0,0,0
550305,1,1,1993,0,0,0,0,29,11,22,12,11,17
550306,1,1,1993,23,23,23,23,23,23,23,23,23,23
550307,1,1,1993,0,0,0,0,0,0,0,0,0,0
550307,2,1,1993,0,0,0,0,0,0,0,0,0,0
550307,3,1,1993,0,0,0,0,18,0,0,0,0,0
550309,1,1,1993,13,13,13,13,13,13,13,13,13,13
550309,2,1,1993,0,0,0,0,0,0,0,0,0,0
550310,1,1,1993,8,8,8,8,8,8,8,8,8,8
550311,1,1,1993,0,0,0,0,0,0,0,0,0,0
550311,2,1,1993,0,0,0,0,0,0,0,0,0,0
550311,3,1,1993,0,0,0,0,0,0,0,0,0,0
550312,1,1,1993,0,0,0,0,0,0,0,0,0,0
550313,1,1,1993,7,7,7,7,7,7,7,7,7,7
550314,1,1,1993,22,22,22,22,22,22,22,22,22,22
550315,1,1,1993,0,0,6,0,0,0,0,0,0,0
550316,1,1,1993,0,0,0,0,0,0,0,0,0,0
550317,1,1,1993,0,0,0,0,0,0,0,0,0,0
550317,2,1,1993,0,0,0,0,0,0,0,0,0,0
550318,1,1,1993,0,0,0,0,0,0,0,0,0,0
550319,1,1,1993,15,15,15,15,15,15,15,15,15,15
550320,1,1,1993,18,18,18,18,18,18,18,18,18,18
550320,2,1,1993,0,0,0,0,0,9,0,0,0,15
550321,1,1,1993,7,7,7,7,7,7,7,7,7,7
550322,1,1,1993,12,12,12,12,12,12,12,12,12,12
550323,1,1,1993,0,0,0,0,0,0,0,0,0,0
550323,2,1,1993,0,0,0,0,0,0,0,0,0,0
550324,1,1,1993,11,11,11,11,11,11,11,11,11,11
550325,1,1,1993,17,17,17,17,17,17,17,17,17,17
550326,1,1,1993,0,0,0,0,0,0,0,0,0,0
550327,0,1,1993,0,0,0,0,0,0,0,0,0,0
550327,1,1,1993,0,0,0,0,0,0,0,0,0,0
550328,1,1,1993,0,0,0,0,0,0,0,0,0,0
550328,2,1,1993,0,0,0,0,0,0,0,0,0,0
550329,0,1,1993,21,21,21,21,21,21,21,21,21,21
550329,1,1,1993,0,0,14,22,0,10,11,0,0,6
550330,1,1,1993,0,0,0,0,0,0,0,0,0,0
550331,1,1,1993,5,5,5,5,5,5,5,5,5,5
550332,1,1,1993,0,0,0,0,0,0,0,0,0,0
550332,2,1,1993,0,0,0,0,0,0,0,0,0,0
550333,1,1,1993,0,0,0,0,0,0,0,0,0,0
550333,2,1,1993,0,0,0,0,0,0,0,0,0,0
550333,3,1,1993,0,0,0,0,0,0,0,0,0,0
550333,4,1,1993,0,0,0,0,0,0,0,0,0,0
550333,5,1,1993,0,0,0,0,0,0,0,0,18,0
550333,6,1,1993,0,0,0,0,0,0,0,0,0,0
550333,7,1,1993,0,0,0,0,0,0,0,0,0,0
550333,8,1,1993,0,0,0,0,0,0,0,0,0,0
550333,9,1,1993,0,1,0,0,0,0,0,0,0,0
550333,10,1,1993,0,0,0,0,0,0,0,0,0,0
550333,11,1,1993,0,0,0,0,0,0,0,0,0,0
550334,1,1,1993,0,0,0,0,0,0,0,0,0,0
550334,2,1,1993,0,0,0,0,0,0,0,0,0,0
550335,1,1,1993,18,18,18,18,18,18,18,18,18,18
550336,0,1,1993,0,0,0,0,0,0,0,0,0,0
550336,1,1,1993,0,0,0,0,0,0,0,0,0,0
550337,1,1,1993,12,12,12,12,12,12,12,12,12,12
550338,1,1,1993,16,16,16,16,16,16,16,16,16,16
550339,1,1,1993,0,0,0,0,0,0,0,0,0,0
550339,2,1,1993,0,0,0,0,0,0,0,0,0,0
550340,1,1,1993,0,0,3,0,0,0,0,0,0,5
550341,1,1,1993,22,22,22,22,22,22,22,22,22,22
550342,1,1,1993,0,0,0,0,0,0,0,0,0,0
550342,2,1,1993,0,0,30,0,0,0,0,0,0,0
550343,1,1,1993,15,15,15,15,15,15,15,15,15,15
550344,1,1,1993,28,28,28,28,28,28,28,28,28,28
550345,1,1,1993,0,0,0,0,0,0,0,0,0,0
550345,2,1,1993,0,0,0,0,0,0,0,0,0,0
550346,1,1,1993,4,4,4,4,4,4,4,4,4,4
550346,2,1,1993,13,0,15,0,25,0,23,0,0,0
550347,0,1,1993,0,0,0,0,0,0,0,0,0,0
550347,1,1,1993,0,0,0,0,0,0,0,0,0,7
550348,1,1,1993,0,0,0,0,0,0,0,0,0,0
550348,2,1,1993,0,0,0,0,0,0,0,0,0,0
550348,3,1,1993,0,0,0,0,0,0,0,0,0,18
550349,1,1,1993,0,0,0,0,0,0,0,0,0,0
550349,2,1,1993,14,14,14,14,14,14,14,14,14,14
550350,1,1,1993,0,0,0,0,0,0,0,0,0,9
550350,2,1,1993,0,0,0,0,0,0,0,0,0,0
550351,1,1,1993,0,0,0,0,0,0,0,0,0,0
550352,1,1,1993,0,0,0,0,0,0,0,0,0,0
550352,2,1,1993,0,0,0,0,0,0,0,0,0,0
550353,1,1,1993,13,13,13,13,13,13,13,13,13,13
550354,1,1,1993,16,25,6,8,14,24,12,0,20,26
550355,1,1,1993,18,18,18,18,18,18,18,18,18,18
550356,1,1,1993,0,0,0,0,0,0,0,0,0,0
550356,2,1,1993,0,0,0,0,0,0,0,0,0,0
550357,1,1,1993,15,15,15,15,15,15,15,15,15,15
550357,2,1,1993,5,21,11,0,20,0,5,6,8,0
550358,1,1,1993,0,0,0,0,0,0,0,0,0,0
550359,1,1,1993,0,0,0,0,0,0,0,0,0,0
550359,2,1,1993,10,10,10,10,10,10,10,10,10,10
550360,1,1,1993,0,0,0,0,0,0,0,0,0,0
550360,2,1,1993,8,0,0,0,0,0,0,0,0,0
550361,1,1,1993,0,0,0,0,0,0,0,0,0,0
550361,2,1,1993,0,0,0,0,0,0,0,0,0,0
550362,1,1,1993,0,0,0,0,0,0,0,0,0,0
550362,2,1,1993,24,24,24,24,24,24,24,24,24,24
550363,1,1,1993,18,18,18,18,18,18,18,18,18,18
550363,2,1,1993,0,0,0,0,0,0,0,4,0,0
550364,1,1,1993,0,0,0,0,0,0,0,0,0,0
550365,1,1,1993,4,4,4,4,4,4,4,4,4,4
550365,2,1,1993,0,0,0,0,0,0,0,0,0,0
550365,3,1,1993,0,0,0,0,0,0,0,0,0,0
550366,1,1,1993,0,0,0,0,0,0,0,0,0,0
550366,2,1,1993,0,0,0,0,0,0,0,0,0,0
550367,1,1,1993,12,12,12,12,12,12,12,12,12,12
550367,2,1,1993,0,0,0,0,0,0,0,0,0,0
550368,1,1,1993,11,11,11,11,11,11,11,11,11,11
550369,1,1,1993,7,0,0,0,0,0,0,0,0,0
550369,2,1,1993,0,0,0,0,0,0,0,0,0,0
550370,1,1,1993,0,0,0,0,0,0,0,0,0,0
550370,2,1,1993,0,0,0,0,0,0,0,0,0,0
550371,1,1,1993,0,0,0,0,0,0,0,0,0,0
550371,2,1,1993,0,0,0,0,0,0,0,0,0,0
550372,1,1,1993,0,0,0,0,0,0,0,0,0,0
550372,2,1,1993,0,0,0,0,0,0,0,0,0,0
550373,1,1,1993,0,0,0,0,0,0,0,0,0,0
550374,1,1,1993,0,0,0,0,0,0,0,0,0,0
550374,2,1,1993,0,0,0,0,0,0,0,0,0,0
550375,1,1,1993,0,0,0,0,0,0,0,0,0,0
550376,1,1,1993,13,13,13,13,13,13,13,13,13,13
550377,1,1,1993,0,0,0,0,0,0,0,0,0,0
550378,1,1,1993,0,0,0,0,0,0,0,0,0,0
550378,2,1,1993,0,0,0,0,0,0,0,0,0,0
550379,1,1,1993,18,18,18,18,18,18,18,18,18,18
550380,1,1,1993,0,0,0,0,0,0,0,0,0,0
550381,0,1,1993,32,32,32,32,32,32,32,32,32,32
550381,1,1,1993,0,0,0,0,0,0,0,0,0,0
550382,1,1,1993,22,22,22,22,22,22,22,22,22,22
550383,1,1,1993,17,17,17,17,17,17,17,17,17,17
550384,1,1,1993,18,18,18,18,18,18,18,18,18,18
550385,1,1,1993,17,17,17,17,17,17,17,17,17,17
550386,0,1,1993,0,0,0,0,0,0,0,0,0,0
550386,1,1,1993,0,0,0,0,0,0,0,0,0,0
550387,1,1,1993,0,0,0,0,0,0,0,0,0,0
550388,1,1,1993,8,8,8,8,8,8,8,8,8,8
550389,1,1,1993,3,0,0,0,0,3,19,0,0,0
550390,1,1,1993,25,25,25,25,25,25,25,25,25,25
550391,1,1,1993,0,0,0,0,0,0,0,0,0,0
550391,2,1,1993,0,0,0,0,0,0,0,0,0,0
550392,1,1,1993,29,29,29,29,29,29,29,29,29,29
550393,0,1,1993,0,0,0,0,0,0,0,0,0,0
550393,1,1,1993,0,0,0,0,0,0,0,0,0,0
550394,1,1,1993,0,0,0,0,0,0,0,0,0,0
550394,2,1,1993,0,0,3,0,0,0,0,0,0,0
550397,1,1,1993,0,0,0,0,0,0,0,0,0,0
550397,2,1,1993,0,0,0,0,0,0,0,0,0,0
550398,1,1,1993,0,0,0,0,0,0,0,0,0,0
550398,2,1,1993,0,13,0,0,0,0,0,0,0,0
550399,1,1,1993,16,16,16,16,16,16,16,16,16,16
550399,2,1,1993,0,0,0,0,0,0,0,0,0,0
550400,1,1,1993,17,17,17,17,17,17,17,17,17,17
550401,1,1,1993,0,0,0,0,0,0,0,0,0,0
550401,2,1,1993,0,0,0,0,0,0,0,0,0,0
550402,1,1,1993,0,0,0,0,0,0,0,0,0,0
550402,2,1,1993,0,0,0,0,0,0,0,0,0,0
550403,1,1,1993,13,13,13,13,13,13,13,13,13,13
550404,1,1,1993,0,0,0,0,0,19,0,0,25,0
550405,1,1,1993,1,1,1,1,1,1,1,1,1,1
550405,2,1,1993,0,0,0,0,0,0,0,0,0,0
550406,1,1,1993,16,16,16,16,16,16,16,16,16,16
550407,1,1,1993,0,0,0,0,0,0,0,0,0,0
550407,2,1,1993,0,0,0,0,0,0,0,0,0,0
550408,1,1,1993,0,0,0,0,0,0,0,0,0,0
550409,1,1,1993,0,0,0,0,0,0,0,0,0,0
550409,2,1,1993,0,0,0,0,0,0,0,0,0,0
550410,1,1,1993,0,0,0,0,0,0,0,0,0,0
550411,1,1,1993,15,15,15,15,15,15,15,15,15,15
550411,2,1,1993,0,0,0,0,0,0,0,0,0,0
550412,1,1,1993,22,22,22,22,22,22,22,22,22,22
550413,1,1,1993,25,25,25,25,25,25,25,25,25,25
550414,1,1,1993,2,2,2,2,2,2,2,2,2,2
550414,2,1,1993,11,11,11,11,11,11,11,11,11,11
550415,1,1,1993,15,15,15,15,15,15,15,15,15,15
550415,2,1,1993,11,0,0,11,6,0,13,13,22,0
550416,1,1,1993,0,0,0,0,0,0,0,0,0,0
550416,2,1,1993,0,0,0,0,0,0,0,0,0,0
550417,1,1,1993,21,21,21,21,21,21,21,21,21,21
550418,1,1,1993,0,0,40,0,0,0,0,0,0,0
550418,2,1,1993,0,0,0,0,0,0,0,0,0,0
550419,1,1,1993,16,16,16,16,16,16,16,16,16,16
550419,2,1,1993,0,0,0,0,0,0,0,0,0,0
550420,1,1,1993,0,0,0,0,0,0,0,0,0,0
550420,2,1,1993,20,20,20,20,20,20,20,20,20,20
550421,0,1,1993,0,11,0,17,12,12,7,0,29,0
550421,1,1,1993,0,0,0,0,0,0,0,0,0,0
550422,1,1,1993,0,0,0,0,0,0,0,0,0,0
550422,2,1,1993,0,0,0,0,0,0,0,0,0,0
550422,3,1,1993,0,0,0,0,0,0,0,0,0,0
550423,1,1,1993,0,0,0,0,0,0,0,0,0,0
550423,2,1,1993,0,0,0,0,0,0,0,0,0,0
550424,1,1,1993,0,9,0,0,0,0,0,0,0,0
550424,2,1,1993,11,11,11,11,11,11,11,11,11,11
550425,1,1,1993,13,13,13,13,13,13,13,13,13,13
550426,1,1,1993,0,0,0,0,0,0,0,0,0,0
550426,2,1,1993,0,0,0,0,0,0,0,0,0,0
550427,1,1,1993,23,23,23,23,23,23,23,23,23,23
550428,0,1,1993,0,0,0,0,0,0,0,0,0,0
550428,1,1,1993,0,0,0,0,0,0,0,0,0,0
550429,1,1,1993,26,26,26,26,26,26,26,26,26,26
550430,1,1,1993,11,11,11,11,11,11,11,11,11,11
550431,1,1,1993,14,14,14,14,14,14,14,14,14,14
550432,1,1,1993,20,20,20,20,20,20,20,20,20,20
550433,1,1,1993,0,0,0,0,0,0,0,0,0,0
550434,0,1,1993,0,0,0,0,0,0,0,0,0,0
550434,1,1,1993,0,0,0,0,0,0,0,0,0,0
550435,1,1,1993,24,24,24,24,24,24,24,24,24,24
550436,1,1,1993,0,0,0,0,0,0,0,0,0,0
550436,2,1,1993,0,0,0,0,0,0,0,0,0,0
550437,1,1,1993,0,0,0,0,0,0,0,0,0,0
550437,2,1,1993,0,0,0,0,0,0,0,0,0,0
550438,1,1,1993,0,0,0,0,0,0,0,0,0,0
550438,2,1,1993,0,0,0,0,0,0,0,0,0,0
550439,1,1,1993,21,21,21,21,21,21,21,21,21,21
550440,1,1,1993,0,0,0,0,0,0,0,0,0,0