ST_CASE,VEH_NO,PER_NO,YEAR,P1,P2,P3,P4,P5,P6,P7,P8,P9,P10
550440,2,1,1993,0,0,0,0,0,0,0,0,0,0
550441,1,1,1993,0,0,0,0,0,0,0,0,0,0
550441,2,1,1993,0,0,0,0,0,0,0,0,0,0
550442,1,1,1993,19,19,19,19,19,19,19,19,19,19
550442,2,1,1993,0,0,0,0,0,0,0,0,0,0
550442,3,1,1993,0,0,0,0,0,0,0,0,0,0
550443,1,1,1993,24,24,24,24,24,24,24,24,24,24
550443,2,1,1993,0,0,0,0,0,0,0,0,0,0
550444,1,1,1993,0,0,0,0,0,0,0,0,0,0
550444,2,1,1993,0,0,0,0,0,0,0,0,0,0
550445,1,1,1993,28,28,28,28,28,28,28,28,28,28
550446,1,1,1993,0,0,0,0,0,0,0,0,0,0
550446,2,1,1993,26,26,26,26,26,26,26,26,26,26
550447,1,1,1993,0,0,0,0,0,0,0,0,0,0
550448,1,1,1993,17,17,17,17,17,17,17,17,17,17
550449,1,1,1993,0,0,0,0,0,0,0,0,0,0
550449,2,1,1993,0,0,0,9,0,0,0,0,0,0
550450,1,1,1993,0,0,0,0,0,0,0,0,0,0
550450,2,1,1993,0,0,0,0,0,0,0,0,0,0
550450,3,1,1993,0,0,0,0,0,0,0,0,0,0
550451,1,1,1993,0,0,0,0,0,0,0,0,0,0
550451,2,1,1993,0,0,0,0,0,0,0,0,0,0
550452,1,1,1993,0,12,0,0,0,3,0,0,0,0
550452,2,1,1993,0,0,0,0,0,0,0,0,0,0
550453,1,1,1993,0,0,0,0,0,0,0,0,0,0
550453,2,1,1993,0,0,0,0,0,0,0,0,0,0
550454,1,1,1993,0,0,0,0,0,0,0,0,0,17
550454,2,1,1993,10,0,0,14,0,0,11,0,0,0
550455,1,1,1993,0,0,0,0,0,0,0,0,0,0
550456,1,1,1993,14,14,14,14,14,14,14,14,14,14
550456,2,1,1993,7,7,7,7,7,7,7,7,7,7
550457,1,1,1993,20,20,20,20,20,20,20,20,20,20
550458,1,1,1993,0,0,0,0,0,0,0,0,0,0
550459,0,1,1993,0,0,0,0,0,0,0,0,0,0
550459,1,1,1993,2,2,2,2,2,2,2,2,2,2
550460,1,1,1993,20,20,20,20,20,20,20,20,20,20
550460,2,1,1993,0,0,0,0,0,0,0,0,0,0
550461,0,1,1993,0,0,0,0,0,0,0,0,0,0
550461,0,2,1993,0,0,0,0,0,0,14,0,0,20
550461,1,1,1993,0,0,0,29,0,0,0,0,0,0
550462,1,1,1993,0,0,0,0,0,0,0,0,0,0
550462,2,1,1993,0,0,0,0,0,0,0,0,0,0
550463,1,1,1993,0,0,0,0,0,0,0,0,0,0
550463,2,1,1993,0,0,0,0,0,0,0,0,0,0
550464,1,1,1993,17,17,17,17,17,17,17,17,17,17
550465,1,1,1993,13,13,13,13,13,13,13,13,13,13
550466,1,1,1993,8,8,8,8,8,8,8,8,8,8
550466,2,1,1993,0,0,0,0,0,0,0,0,0,0
550466,3,1,1993,0,0,0,0,0,0,0,0,0,0
550467,1,1,1993,0,0,0,0,0,0,0,0,0,0
550467,2,1,1993,22,22,22,22,22,22,22,22,22,22
550468,1,1,1993,0,0,0,0,0,0,0,0,0,0
550468,2,1,1993,0,0,0,0,0,0,0,0,0,0
550469,0,1,1993,13,13,13,13,13,13,13,13,13,13
550469,1,1,1993,0,0,0,0,0,0,0,0,0,0
550470,1,1,1993,17,17,17,17,17,17,17,17,17,17
550471,1,1,1993,0,0,0,0,0,0,0,0,0,0
550472,0,1,1993,0,0,0,0,0,0,0,0,0,0
550472,1,1,1993,0,0,0,0,0,0,0,0,0,0
550473,1,1,1993,0,0,0,0,0,0,0,0,0,0
550473,2,1,1993,0,0,0,0,0,0,0,0,0,0
550474,1,1,1993,0,0,0,0,0,0,0,0,0,0
550474,2,1,1993,2,2,2,2,2,2,2,2,2,2
550475,1,1,1993,0,0,0,0,0,0,0,0,0,0
550475,2,1,1993,0,0,0,0,0,0,0,0,0,0
550476,1,1,1993,0,0,0,0,0,0,0,0,0,0
550476,2,1,1993,0,0,0,0,0,0,0,0,8,0
550477,1,1,1993,0,0,0,0,0,0,0,0,0,0
550478,1,1,1993,0,0,0,0,0,0,0,0,0,0
550479,1,1,1993,10,10,10,10,10,10,10,10,10,10
550479,2,1,1993,0,0,0,0,0,0,0,0,0,0
550480,0,1,1993,10,37,22,19,30,15,21,13,23,0
550480,1,1,1993,0,0,0,0,0,0,0,0,0,0
550481,1,1,1993,0,0,0,0,0,0,0,0,0,0
550482,1,1,1993,30,30,30,30,30,30,30,30,30,30
550482,2,1,1993,0,0,0,0,0,0,0,0,0,0
550484,1,1,1993,0,0,0,0,0,0,0,0,0,0
550484,2,1,1993,0,0,0,0,0,0,0,0,0,0
550485,1,1,1993,0,0,0,0,0,0,0,0,0,0
550486,1,1,1993,11,11,11,11,11,11,11,11,11,11
550488,1,1,1993,0,0,0,0,0,0,0,0,0,0
550488,2,1,1993,0,0,0,0,0,0,0,0,0,0
550489,1,1,1993,0,0,0,0,0,0,0,0,0,0
550489,2,1,1993,0,0,0,0,0,0,0,0,0,0
550490,1,1,1993,0,32,0,0,0,0,0,0,0,0
550490,2,1,1993,0,0,0,0,0,0,0,0,0,0
550491,1,1,1993,0,0,0,0,0,0,0,0,0,0
550492,1,1,1993,19,19,19,19,19,19,19,19,19,19
550493,1,1,1993,0,0,0,0,0,0,0,0,0,0
550493,2,1,1993,0,0,0,0,0,0,0,0,0,0
550494,1,1,1993,0,0,0,0,0,0,0,0,0,0
550494,2,1,1993,0,0,0,0,0,0,0,0,0,0
550495,1,1,1993,0,0,0,0,0,0,0,9,0,0
550495,2,1,1993,0,0,0,0,0,0,0,0,0,0
550496,1,1,1993,0,0,0,0,0,0,0,0,0,0
550496,2,1,1993,0,0,0,0,0,0,0,0,0,0
550497,0,1,1993,0,0,0,0,0,0,0,0,0,0
550497,1,1,1993,0,0,0,0,0,0,0,0,0,0
550498,1,1,1993,20,20,20,20,20,20,20,20,20,20
550499,1,1,1993,0,0,0,0,0,0,0,0,0,0
550500,1,1,1993,23,23,23,23,23,23,23,23,23,23
550500,2,1,1993,0,0,0,0,0,0,0,0,0,0
550501,1,1,1993,2,2,2,2,2,2,2,2,2,2
550501,2,1,1993,0,0,0,0,0,0,0,0,0,0
550502,1,1,1993,0,0,0,0,0,0,0,0,0,0
550502,2,1,1993,0,0,0,0,0,0,0,0,0,0
550503,1,1,1993,0,0,0,0,0,0,0,0,0,0
550503,2,1,1993,0,0,0,0,0,0,0,0,0,0
550504,0,1,1993,23,23,23,23,23,23,23,23,23,23
550504,1,1,1993,0,0,0,0,0,0,0,0,0,0
550505,1,1,1993,0,0,0,0,0,0,0,0,0,0
550505,2,1,1993,0,0,0,0,0,0,0,0,0,0
550506,1,1,1993,0,0,0,0,0,0,0,0,0,0
550507,1,1,1993,0,0,0,0,0,0,0,0,0,0
550507,2,1,1993,0,0,0,0,0,0,0,0,0,0
550508,1,1,1993,29,29,29,29,29,29,29,29,29,29
550508,2,1,1993,0,0,0,0,0,0,0,0,0,0
550509,1,1,1993,0,0,0,0,0,0,0,0,0,0
550509,2,1,1993,0,0,0,0,0,0,0,0,0,0
550510,1,1,1993,10,10,10,10,10,10,10,10,10,10
550510,2,1,1993,0,0,0,0,0,0,0,0,0,0
550511,1,1,1993,22,22,22,22,22,22,22,22,22,22
550512,0,1,1993,32,32,32,32,32,32,32,32,32,32
550512,1,1,1993,0,0,0,0,0,0,0,0,0,0
550513,1,1,1993,0,0,0,0,0,0,0,0,0,0
550513,2,1,1993,0,0,0,0,0,0,0,0,0,0
550514,1,1,1993,11,11,11,11,11,11,11,11,11,11
550514,2,1,1993,2,2,2,2,2,2,2,2,2,2
550515,1,1,1993,18,18,18,18,18,18,18,18,18,18
550515,2,1,1993,0,0,0,0,0,0,0,0,0,21
550516,1,1,1993,0,0,0,0,0,0,0,0,0,0
550516,2,1,1993,0,0,0,0,0,0,0,0,0,0
550517,1,1,1993,14,14,14,14,14,14,14,14,14,14
550518,1,1,1993,31,31,31,31,31,31,31,31,31,31
550519,1,1,1993,23,23,23,23,23,23,23,23,23,23
550519,2,1,1993,0,0,0,0,0,0,0,0,0,0
550520,1,1,1993,0,0,0,0,0,0,0,0,0,0
550520,2,1,1993,22,22,22,22,22,22,22,22,22,22
550521,1,1,1993,20,20,20,20,20,20,20,20,20,20
550521,2,1,1993,0,0,0,0,0,0,0,0,0,0
550522,1,1,1993,0,0,0,0,0,0,0,0,0,0
550522,2,1,1993,0,0,0,0,0,0,0,0,0,0
550523,1,1,1993,0,0,0,0,0,0,0,0,0,0
550524,1,1,1993,0,0,0,0,0,0,0,0,0,0
550524,2,1,1993,0,0,0,0,0,0,0,0,0,0
550525,1,1,1993,0,0,0,0,0,0,0,0,0,0
550525,2,1,1993,0,0,0,0,0,0,0,0,0,0
550526,0,1,1993,0,0,0,0,0,0,0,0,0,0
550526,1,1,1993,0,0,0,0,5,0,0,0,0,0
550527,1,1,1993,17,17,17,17,17,17,17,17,17,17
550527,2,1,1993,14,0,10,0,0,3,0,0,10,0
550528,1,1,1993,0,0,0,0,0,0,0,0,0,0
550528,2,1,1993,0,0,0,0,0,0,0,0,0,0
550529,1,1,1993,0,0,0,0,0,0,9,0,0,0
550530,1,1,1993,20,20,20,20,20,20,20,20,20,20
550531,1,1,1993,0,0,0,0,0,0,0,0,0,0
550531,2,1,1993,0,0,0,0,0,0,0,0,0,0
550532,1,1,1993,0,0,0,0,0,0,0,0,0,0
550533,1,1,1993,0,0,0,0,0,0,0,0,0,0
550533,2,1,1993,0,0,0,0,0,0,0,0,0,0
550534,1,1,1993,0,0,0,0,0,0,0,0,0,0
550535,1,1,1993,18,18,18,18,18,18,18,18,18,18
550536,1,1,1993,18,18,18,18,18,18,18,18,18,18
550536,2,1,1993,9,9,9,9,9,9,9,9,9,9
550537,1,1,1993,0,0,0,0,0,0,0,0,0,0
550537,2,1,1993,0,0,0,16,9,0,35,0,0,0
550538,1,1,1993,22,22,22,22,22,22,22,22,22,22
550539,1,1,1993,25,18,13,13,14,5,20,0,5,15
550540,1,1,1993,14,14,14,14,14,14,14,14,14,14
550542,1,1,1993,9,12,35,12,27,8,23,14,18,9
550542,2,1,1993,13,13,13,13,13,13,13,13,13,13
550543,1,1,1993,0,0,0,0,0,0,0,0,0,0
550544,0,1,1993,0,0,0,0,0,0,0,0,0,0
550544,1,1,1993,0,0,0,0,0,0,0,0,0,0
550545,1,1,1993,22,22,22,22,22,22,22,22,22,22
550546,1,1,1993,0,0,0,0,0,0,0,0,0,0
550547,1,1,1993,0,0,0,0,0,0,0,0,0,0
550548,1,1,1993,0,0,0,0,0,0,0,0,0,0
550549,1,1,1993,36,0,0,0,0,12,0,0,0,0
550550,1,1,1993,0,0,0,0,0,0,0,0,0,0
550550,2,1,1993,0,0,0,0,0,0,0,0,0,0
550551,1,1,1993,7,7,7,7,7,7,7,7,7,7
550552,1,1,1993,0,0,0,0,0,0,0,0,0,0
550552,2,1,1993,0,0,0,0,0,0,0,0,0,0
550553,1,1,1993,14,14,14,14,14,14,14,14,14,14
550554,1,1,1993,0,0,0,0,0,0,0,0,0,0
550554,2,1,1993,0,0,0,0,0,0,0,0,0,0
550554,3,1,1993,0,0,0,0,0,0,0,0,0,0
550555,1,1,1993,0,0,0,0,0,0,0,0,0,0
550555,2,1,1993,0,0,0,0,0,0,0,0,0,0
550556,1,1,1993,28,28,28,28,28,28,28,28,28,28
550557,1,1,1993,25,25,25,25,25,25,25,25,25,25
550558,1,1,1993,0,0,0,0,0,0,0,0,0,0
550558,2,1,1993,0,0,0,0,0,0,0,0,0,0
550559,1,1,1993,24,24,24,24,24,24,24,24,24,24
550559,2,1,1993,0,0,0,0,0,0,0,0,0,0
550559,3,1,1993,0,0,4,0,0,0,0,0,0,0
550560,1,1,1993,0,0,0,0,0,0,0,0,0,0
550560,2,1,1993,0,0,0,0,0,0,2,0,24,0
550561,1,1,1993,18,18,18,18,18,18,18,18,18,18
550562,1,1,1993,0,0,0,0,0,0,0,0,0,0
550562,2,1,1993,0,0,0,0,0,0,4,0,0,0
550562,3,1,1993,6,0,0,0,0,0,21,15,0,0
550563,1,1,1993,0,33,18,0,0,0,0,0,0,0
550564,1,1,1993,0,0,0,0,0,0,0,0,0,0
550564,2,1,1993,0,0,0,0,0,0,0,0,0,0
550565,1,1,1993,13,13,13,13,13,13,13,13,13,13
550566,1,1,1993,27,27,27,27,27,27,27,27,27,27
550567,1,1,1993,21,21,21,21,21,21,21,21,21,21
550568,1,1,1993,0,0,0,0,0,0,0,0,0,0
550568,2,1,1993,0,0,0,0,0,0,0,0,0,15
550568,3,1,1993,0,0,0,0,0,0,0,0,0,0
550569,1,1,1993,0,0,0,0,0,0,0,0,0,0
550570,1,1,1993,0,0,0,0,0,0,0,0,0,0
550570,2,1,1993,0,0,0,0,0,0,0,0,0,0
550571,1,1,1993,0,0,0,0,0,0,0,0,0,0
550571,2,1,1993,0,0,0,0,0,0,0,0,0,0
550572,1,1,1993,0,0,0,0,0,0,0,0,0,0
550573,1,1,1993,20,20,20,20,20,20,20,20,20,20
550573,2,1,1993,0,0,0,0,0,0,0,0,26,0
550574,1,1,1993,0,0,0,0,0,0,0,0,0,0
550574,2,1,1993,0,0,0,0,0,0,0,0,0,0
550574,3,1,1993,0,0,0,0,0,0,0,0,0,0
550575,1,1,1993,0,0,0,0,0,0,0,0,0,0
550576,1,1,1993,0,0,0,0,0,0,0,0,0,0
550576,2,1,1993,27,27,27,27,27,27,27,27,27,27
550577,1,1,1993,11,11,11,11,11,11,11,11,11,11
550578,1,1,1993,0,0,0,0,0,0,0,0,0,0
550578,2,1,1993,0,0,0,0,0,0,0,0,0,0
550579,1,1,1993,0,0,0,0,0,0,0,0,0,0
550580,1,1,1993,0,0,7,0,0,0,0,0,0,14
550580,2,1,1993,27,27,27,27,27,27,27,27,27,27
550581,1,1,1993,0,0,0,0,0,0,0,0,0,0
550582,1,1,1993,0,0,0,0,0,0,0,0,0,0
550582,2,1,1993,0,0,0,0,0,0,0,0,0,0
550583,1,1,1993,28,28,28,28,28,28,28,28,28,28
550584,1,1,1993,9,9,9,9,9,9,9,9,9,9
550585,1,1,1993,0,0,0,0,0,0,0,0,0,0
550585,2,1,1993,12,12,12,12,12,12,12,12,12,12
550586,0,1,1993,0,0,0,0,0,0,0,0,0,0
550586,1,1,1993,0,0,0,0,0,0,0,0,0,0
550587,1,1,1993,0,22,0,0,0,0,0,0,0,0
550587,2,1,1993,0,0,0,0,0,0,0,0,0,0
550588,0,1,1993,0,0,0,0,0,0,0,0,0,0
550588,1,1,1993,0,0,0,0,0,0,0,0,0,0
550589,0,1,1993,0,0,0,0,0,0,0,0,0,0
550589,1,1,1993,19,19,19,19,19,19,19,19,19,19
550590,1,1,1993,0,0,0,0,0,0,0,0,0,0
550590,2,1,1993,0,0,0,0,0,0,0,0,0,0
550591,0,1,1993,0,16,0,0,0,0,0,0,0,0
550591,1,1,1993,0,0,0,0,0,4,13,0,0,0
550592,1,1,1993,0,0,0,0,0,0,0,0,0,0
550592,2,1,1993,0,0,0,0,0,0,0,0,0,8
550593,1,1,1993,0,0,0,0,0,0,0,0,0,0
550593,2,1,1993,0,0,0,0,0,0,0,0,0,0
550594,1,1,1993,0,0,0,0,0,0,0,0,0,0
550594,2,1,1993,0,0,9,0,0,0,0,0,0,0
550595,1,1,1993,0,0,0,0,0,0,0,0,0,0
550596,1,1,1993,0,0,0,0,0,0,0,0,0,0
550596,2,1,1993,0,0,0,0,0,0,0,0,0,0
550596,3,1,1993,0,0,0,0,0,0,0,0,0,0
550596,4,1,1993,0,0,0,0,0,0,0,0,0,0
550597,0,1,1993,20,20,20,20,20,20,20,20,20,20
550597,1,1,1993,0,0,0,0,0,0,0,0,0,0
550598,1,1,1993,0,0,0,0,0,0,0,0,0,0
550598,2,1,1993,16,16,16,16,16,16,16,16,16,16
550599,1,1,1993,0,0,0,0,0,0,0,0,0,12
550600,1,1,1993,0,0,0,0,0,0,0,0,0,0
550600,2,1,1993,10,10,10,10,10,10,10,10,10,10
550601,1,1,1993,24,24,24,24,24,24,24,24,24,24
550602,0,1,1993,0,0,0,0,0,0,0,0,0,0
550602,1,1,1993,0,0,0,0,0,0,0,0,0,0
550603,1,1,1993,0,0,0,0,0,0,0,0,0,0
550603,2,1,1993,0,0,0,0,0,0,0,0,0,0
550604,1,1,1993,0,0,37,0,0,0,0,0,0,0
550604,2,1,1993,0,25,0,0,19,0,0,0,0,0
550605,1,1,1993,5,16,16,17,12,11,11,8,16,20
550606,1,1,1993,0,25,0,14,16,28,9,10,21,20
550607,0,1,1993,0,0,0,0,0,0,0,0,0,0
550607,1,1,1993,0,0,0,0,0,0,0,0,0,0
550608,1,1,1993,15,15,15,15,15,15,15,15,15,15
550608,2,1,1993,0,0,0,0,0,0,0,0,0,0
550609,1,1,1993,15,15,15,15,15,15,15,15,15,15
550610,1,1,1993,27,27,27,27,27,27,27,27,27,27
550611,1,1,1993,22,22,22,22,22,22,22,22,22,22
550612,0,1,1993,0,0,0,0,0,0,0,0,0,0
550612,1,1,1993,0,0,0,0,0,0,10,0,0,0
550613,1,1,1993,19,19,19,19,19,19,19,19,19,19
550614,1,1,1993,0,0,0,0,0,4,0,0,6,11
550614,2,1,1993,0,0,0,0,0,0,0,0,0,0
550615,1,1,1993,0,0,0,0,0,0,0,0,0,0
550616,1,1,1993,0,0,0,0,0,0,0,0,0,0
550616,2,1,1993,0,0,0,0,0,0,0,0,0,0
550617,1,1,1993,12,12,12,12,12,12,12,12,12,12
550618,1,1,1993,32,32,32,32,32,32,32,32,32,32
550619,1,1,1993,0,0,0,38,0,0,0,24,0,0
550620,1,1,1993,3,3,3,3,3,3,3,3,3,3
550621,1,1,1993,0,0,0,0,0,0,0,0,0,0
550622,1,1,1993,20,0,0,0,0,23,0,13,0,17
550623,1,1,1993,17,17,17,17,17,17,17,17,17,17
550624,1,1,1993,29,29,29,29,29,29,29,29,29,29
550624,2,1,1993,0,0,0,0,0,0,0,0,0,0
550625,1,1,1993,0,0,0,0,0,0,0,0,0,0
550625,2,1,1993,0,0,0,0,0,0,0,0,0,0
550626,1,1,1993,0,0,0,0,0,0,0,0,0,0
550627,1,1,1993,13,13,13,13,13,13,13,13,13,13
550628,1,1,1993,14,14,14,14,14,14,14,14,14,14
550629,1,1,1993,0,0,0,0,0,0,0,0,0,0
550630,1,1,1993,0,15,15,0,0,0,0,0,0,30
550631,1,3,1993,23,11,20,25,0,9,0,0,0,0
550632,1,1,1993,3,3,3,3,3,3,3,3,3,3
550633,1,1,1993,16,16,16,16,16,16,16,16,16,16
560001,1,1,1993,0,0,0,0,0,0,0,0,0,0
560001,2,1,1993,0,0,0,0,0,0,0,0,0,0
560002,1,1,1993,0,0,0,0,0,0,0,0,27,0
560002,2,1,1993,0,0,0,0,0,0,0,6,0,0
560003,1,1,1993,17,17,17,17,17,17,17,17,17,17
560003,2,1,1993,0,0,0,0,0,0,0,0,0,0
560004,1,1,1993,15,15,15,15,15,15,15,15,15,15
560005,1,1,1993,0,0,0,0,0,0,0,0,0,0
560005,2,1,1993,0,0,0,0,0,0,0,0,0,0
560006,0,1,1993,25,25,25,25,25,25,25,25,25,25
560006,1,1,1993,0,0,0,0,0,0,0,0,0,0
560007,1,1,1993,0,0,0,0,0,0,0,0,0,0
560007,2,1,1993,0,0,0,0,2,0,0,0,9,0
560007,3,1,1993,0,0,0,0,0,0,0,0,0,0
560008,1,1,1993,0,0,0,0,0,0,0,0,0,0
560009,1,1,1993,22,17,8,15,0,21,5,0,4,0
560010,1,1,1993,0,0,0,0,0,0,0,0,0,0
560011,1,1,1993,0,0,0,0,0,3,0,0,0,0
560012,1,1,1993,25,25,25,25,25,25,25,25,25,25
560012,2,1,1993,0,0,0,0,0,0,0,0,0,0
560013,1,1,1993,0,0,0,0,0,0,0,0,0,0
560014,1,1,1993,20,20,20,20,20,20,20,20,20,20
560015,1,1,1993,20,20,20,20,20,20,20,20,20,20
560016,1,1,1993,0,0,0,0,0,0,0,0,0,0
560016,2,1,1993,0,0,0,0,0,0,0,0,0,0
560017,1,1,1993,0,0,0,0,0,0,0,0,0,0
560018,1,1,1993,25,25,25,25,25,25,25,25,25,25
560019,1,1,1993,0,0,0,0,0,0,0,0,0,0
560019,2,1,1993,0,0,0,0,0,0,0,0,0,0
560020,1,1,1993,15,0,0,0,0,0,0,0,0,0
560020,2,1,1993,0,0,0,0,0,0,0,0,0,0
560021,1,1,1993,0,0,0,0,0,0,0,0,0,0
560021,2,1,1993,0,0,0,0,0,0,0,0,0,0
560022,1,1,1993,0,0,0,0,0,0,0,0,0,0
560023,1,1,1993,0,0,0,0,0,0,0,0,0,0
560024,1,1,1993,0,0,0,0,0,0,0,0,0,0
560024,2,1,1993,0,16,0,0,0,0,0,0,0,0
560025,1,1,1993,0,0,0,0,0,0,0,0,0,0
560026,1,1,1993,17,17,17,17,17,17,17,17,17,17
560027,1,1,1993,0,0,0,0,0,0,0,0,0,0
560027,2,1,1993,0,0,0,0,0,0,0,0,0,0
560027,3,1,1993,0,0,0,0,0,0,0,0,0,0
560028,1,1,1993,22,22,22,22,22,22,22,22,22,22
560029,1,1,1993,24,24,24,24,24,24,24,24,24,24
560029,2,1,1993,0,0,0,0,0,16,0,0,0,0
560030,1,1,1993,0,0,0,0,0,0,0,0,0,0
560030,2,1,1993,11,11,11,11,11,11,11,11,11,11
560031,1,1,1993,0,0,0,0,7,0,0,0,0,0
560032,0,1,1993,0,0,0,0,0,0,0,0,0,0
560032,1,1,1993,0,0,0,0,0,0,0,0,0,0
560033,1,1,1993,0,15,0,0,0,22,0,5,12,0
560034,1,1,1993,0,0,0,0,0,0,0,0,0,0
560034,2,1,1993,0,0,0,0,20,0,0,0,0,0
560035,1,1,1993,0,0,21,0,0,0,26,0,0,0
560035,2,1,1993,0,0,0,0,0,0,0,0,0,0
560036,1,1,1993,0,0,0,0,0,0,0,0,0,0
560037,1,1,1993,0,0,0,0,0,0,0,0,0,0
560038,1,1,1993,17,17,17,17,17,17,17,17,17,17
560039,1,1,1993,17,17,17,17,17,17,17,17,17,17
560040,1,1,1993,14,14,14,14,14,14,14,14,14,14
560041,1,1,1993,0,0,0,0,0,0,0,17,0,23
560042,1,1,1993,0,15,19,17,0,0,0,22,0,21
560043,1,1,1993,17,17,17,17,17,17,17,17,17,17
560044,1,1,1993,23,23,23,23,23,23,23,23,23,23
560045,1,1,1993,13,13,13,13,13,13,13,13,13,13
560045,2,1,1993,0,0,0,0,0,0,0,0,0,0
560046,1,1,1993,0,0,0,0,0,0,0,0,0,0
560047,1,1,1993,18,9,19,18,20,12,9,19,26,0
560048,1,1,1993,0,0,0,0,0,0,0,0,0,0
560048,2,1,1993,0,0,0,0,0,0,0,0,0,0
560049,1,1,1993,0,0,0,0,0,0,0,0,0,0
560049,2,1,1993,0,0,0,0,0,0,0,0,0,0
560050,1,1,1993,0,0,0,0,0,0,0,0,0,0
560050,2,1,1993,0,0,0,0,0,0,0,0,0,0
560051,0,1,1993,0,0,0,0,0,0,0,0,0,0
560051,1,1,1993,0,0,0,0,0,0,0,0,0,0
560052,1,1,1993,0,0,0,0,0,0,0,0,0,0
560053,1,1,1993,0,0,0,0,0,0,0,0,0,0
560053,2,1,1993,0,0,0,0,0,0,0,0,0,0
560054,1,1,1993,0,0,0,0,0,0,0,0,0,0
560054,2,1,1993,0,9,0,0,0,0,0,0,0,0
560054,3,1,1993,5,5,5,5,5,5,5,5,5,5
560055,1,1,1993,0,0,0,0,0,0,0,0,0,0
560055,2,1,1993,0,0,0,0,0,0,0,0,0,0
560056,1,1,1993,0,0,0,0,0,0,0,0,0,0
560057,1,1,1993,0,0,0,0,0,0,0,0,0,0
560058,1,1,1993,0,0,0,0,0,0,0,0,0,0
560058,2,1,1993,0,0,0,0,0,0,0,0,0,0
560059,1,1,1993,8,9,0,6,0,18,0,18,10,14
560060,1,1,1993,0,0,0,0,0,0,0,0,0,0
560061,1,1,1993,0,0,16,0,0,0,0,0,0,0
560061,2,1,1993,0,0,0,0,0,0,0,0,0,0
560062,1,1,1993,0,0,15,18,0,9,25,0,24,33
560063,1,1,1993,19,0,20,14,18,0,0,38,0,0
560064,1,1,1993,17,9,25,6,17,21,18,0,27,22
560065,1,1,1993,6,0,0,0,0,17,0,18,0,9
560065,2,1,1993,0,12,0,0,0,0,0,0,17,13
560066,1,1,1993,0,0,0,0,0,0,0,0,0,0
560066,2,1,1993,0,0,0,0,0,0,0,0,0,0
560067,1,1,1993,0,0,0,0,0,0,0,0,0,0
560067,2,1,1993,0,0,0,26,0,31,0,0,0,0
560068,1,1,1993,0,0,0,0,0,0,0,0,0,0
560069,1,1,1993,0,0,0,0,0,0,0,0,0,0
560069,2,1,1993,0,0,0,0,0,0,0,0,2,0
560070,1,1,1993,0,0,0,0,0,0,0,0,0,0
560070,2,1,1993,0,0,0,0,0,0,0,0,0,0
560071,1,1,1993,0,0,0,0,0,0,0,0,0,0
560071,2,1,1993,0,0,0,0,0,0,0,0,0,0
560072,0,1,1993,0,0,0,0,0,0,0,0,0,0
560072,1,1,1993,0,0,0,0,0,0,0,0,0,0
560073,1,1,1993,0,0,0,0,0,0,0,0,0,0
560074,1,1,1993,0,0,0,0,0,0,0,0,0,0
560075,1,1,1993,14,14,14,14,14,14,14,14,14,14
560076,1,1,1993,24,17,28,13,0,0,23,4,21,0
560077,1,1,1993,0,0,0,0,0,0,0,0,0,0
560078,1,1,1993,0,0,0,0,0,0,0,0,5,0
560078,2,1,1993,0,0,0,0,0,21,0,0,22,0
560079,1,1,1993,24,24,24,24,24,24,24,24,24,24
560080,1,1,1993,27,18,25,21,25,14,20,13,12,38
560081,1,1,1993,36,36,36,36,36,36,36,36,36,36
560082,1,1,1993,10,10,10,10,10,10,10,10,10,10
560084,1,1,1993,0,0,0,0,0,0,0,0,0,0
560084,2,1,1993,0,0,0,13,0,0,0,0,0,0
560085,1,1,1993,22,25,13,24,9,9,9,20,19,22
560086,1,1,1993,0,0,0,0,0,0,0,0,0,0
560087,1,1,1993,0,0,0,0,0,0,0,0,0,0
560087,2,1,1993,0,0,0,0,0,0,0,0,0,0
560088,1,1,1993,0,0,0,0,0,0,0,0,0,0
560088,2,1,1993,0,0,0,0,0,0,0,0,0,0
560089,1,1,1993,18,9,0,12,0,20,21,6,7,0
560090,1,1,1993,0,17,34,17,24,0,0,14,0,0
560091,1,1,1993,0,28,0,11,17,0,0,8,0,0
560092,1,1,1993,17,17,17,17,17,17,17,17,17,17
560093,1,1,1993,0,15,22,0,14,0,0,21,0,17
560094,1,1,1993,16,16,16,16,16,16,16,16,16,16
560095,1,1,1993,0,0,0,18,0,0,13,0,0,22
560096,0,1,1993,40,0,0,0,0,13,11,0,0,0
560096,1,1,1993,0,0,0,0,0,0,0,0,0,0
560097,1,1,1993,0,0,11,0,0,0,0,0,0,18
560097,2,1,1993,0,0,0,0,0,0,0,18,0,0
560098,1,1,1993,21,21,21,21,21,21,21,21,21,21
560099,1,1,1993,12,12,12,12,12,12,12,12,12,12
560099,2,1,1993,8,14,12,0,3,16,0,9,0,10
560100,1,1,1993,40,40,40,40,40,40,40,40,40,40
560100,2,1,1993,0,0,0,0,0,0,0,0,0,0
560101,1,1,1993,23,23,23,23,23,23,23,23,23,23