ST_CASE,VEH_NO,PER_NO,YEAR,P1,P2,P3,P4,P5,P6,P7,P8,P9,P10
60001,1,1,1993,29,19,0,28,14,16,20,0,30,0
60002,1,1,1993,22,22,22,22,22,22,22,22,22,22
60002,2,1,1993,0,0,0,0,0,4,0,0,3,0
60003,1,1,1993,0,0,0,0,0,0,0,0,0,0
60004,0,1,1993,24,24,24,24,24,24,24,24,24,24
60004,1,1,1993,0,0,6,0,0,0,7,0,0,0
60005,1,1,1993,9,9,9,9,9,9,9,9,9,9
60005,2,1,1993,0,0,13,0,0,0,0,0,0,0
60005,3,1,1993,23,12,29,10,23,6,11,11,18,11
60006,1,1,1993,15,15,15,15,15,15,15,15,15,15
60006,2,1,1993,0,0,0,0,0,0,0,0,0,0
60007,1,1,1993,6,18,9,21,17,28,8,16,17,7
60008,0,1,1993,24,24,24,24,24,24,24,24,24,24
60008,1,1,1993,0,0,0,0,0,0,0,0,0,0
60009,1,1,1993,0,0,0,0,0,0,0,0,0,0
60010,1,1,1993,0,0,0,0,0,0,0,0,0,0
60011,0,1,1993,28,28,28,28,28,28,28,28,28,28
60011,0,2,1993,25,25,25,25,25,25,25,25,25,25
60011,1,1,1993,0,0,0,0,0,0,0,0,0,0
60012,1,1,1993,18,18,18,18,18,18,18,18,18,18
60013,1,1,1993,0,0,0,0,0,0,0,0,0,0
60013,2,1,1993,0,0,0,0,0,0,0,0,0,0
60013,3,1,1993,0,0,0,0,0,0,26,0,0,0
60014,1,1,1993,25,25,25,25,25,25,25,25,25,25
60015,1,1,1993,24,24,24,24,24,24,24,24,24,24
60016,1,1,1993,0,0,13,13,15,0,31,23,0,0
60016,2,1,1993,0,0,0,0,0,0,0,0,0,0
60017,0,1,1993,0,0,0,0,0,0,0,0,0,0
60017,0,2,1993,7,0,0,0,0,0,0,6,0,0
60017,1,1,1993,0,0,0,0,0,0,0,0,0,0
60018,1,1,1993,0,0,0,0,0,0,0,0,0,0
60018,2,1,1993,0,0,0,0,0,0,0,0,0,0
60019,1,1,1993,0,0,0,0,0,0,0,0,0,0
60019,2,1,1993,0,0,0,11,0,0,0,0,0,0
60020,1,1,1993,34,34,34,34,34,34,34,34,34,34
60021,1,1,1993,13,13,13,13,13,13,13,13,13,13
60022,1,1,1993,17,17,17,17,17,17,17,17,17,17
60023,1,1,1993,4,4,4,4,4,4,4,4,4,4
60024,1,1,1993,0,0,0,0,0,0,0,0,0,0
60025,1,1,1993,0,0,0,0,0,0,0,0,0,0
60026,0,1,1993,0,0,0,0,0,0,0,0,0,0
60026,1,1,1993,0,0,0,0,0,0,0,0,0,0
60027,0,1,1993,6,6,6,6,6,6,6,6,6,6
60027,1,1,1993,0,0,0,0,0,0,0,0,0,0
60028,1,1,1993,0,0,0,0,0,0,0,0,0,0
60029,0,1,1993,19,19,19,19,19,19,19,19,19,19
60029,1,1,1993,6,0,0,0,17,0,0,0,24,0
60030,1,1,1993,0,0,0,0,0,0,0,0,0,0
60030,2,1,1993,0,0,0,0,0,0,0,0,0,6
60031,0,1,1993,0,0,0,0,0,0,0,0,0,0
60031,1,1,1993,0,0,0,0,0,0,0,0,0,0
60032,1,1,1993,21,21,21,21,21,21,21,21,21,21
60032,2,1,1993,0,0,0,0,0,0,0,0,0,0
60033,1,1,1993,0,0,0,0,0,0,0,0,0,0
60034,1,1,1993,20,20,20,20,20,20,20,20,20,20
60035,1,1,1993,10,0,0,0,0,0,0,0,0,0
60035,2,1,1993,0,0,0,0,0,0,0,0,0,0
60036,1,1,1993,0,0,0,0,0,0,0,0,0,0
60036,2,1,1993,0,0,0,0,0,0,0,0,12,0
60037,1,1,1993,0,0,0,0,0,0,0,9,0,0
60037,2,1,1993,0,0,0,0,0,0,0,0,0,0
60038,1,1,1993,0,0,0,0,0,0,0,0,0,0
60038,2,1,1993,0,0,0,0,0,0,0,0,0,0
60039,0,1,1993,0,0,0,0,0,0,0,0,0,0
60039,1,1,1993,0,0,0,0,0,0,0,0,0,0
60040,1,1,1993,21,9,0,0,11,12,23,0,14,18
60040,2,1,1993,0,0,0,0,12,0,0,0,0,0
60041,1,1,1993,0,0,0,0,0,0,0,0,0,0
60041,2,1,1993,0,0,0,0,0,0,0,0,0,0
60042,0,1,1993,0,0,0,0,0,0,0,0,0,0
60042,1,1,1993,0,0,0,0,0,0,0,0,0,0
60042,2,1,1993,0,0,0,0,0,0,0,0,0,0
60043,1,1,1993,0,0,0,0,0,0,0,0,0,0
60043,2,1,1993,0,0,0,0,0,0,0,0,0,0
60044,1,1,1993,0,0,0,0,0,0,0,0,0,0
60044,2,1,1993,0,0,0,0,0,0,0,0,0,0
60045,1,1,1993,0,0,0,0,0,0,0,0,0,0
60045,2,1,1993,0,0,0,0,0,0,0,0,0,0
60046,1,1,1993,19,19,19,19,19,19,19,19,19,19
60047,1,1,1993,13,13,13,13,13,13,13,13,13,13
60047,2,1,1993,0,0,0,0,0,0,0,0,0,0
60048,1,1,1993,19,19,19,19,19,19,19,19,19,19
60049,1,1,1993,8,8,8,8,8,8,8,8,8,8
60050,1,1,1993,0,0,0,0,0,0,0,0,0,0
60051,0,1,1993,0,0,0,0,0,0,0,0,0,0
60051,1,1,1993,0,0,0,0,0,0,0,0,0,0
60052,1,1,1993,0,0,0,0,0,0,0,0,0,0
60053,1,1,1993,17,17,17,17,17,17,17,17,17,17
60053,2,1,1993,0,0,0,0,0,0,0,5,0,0
60054,1,1,1993,31,31,31,31,31,31,31,31,31,31
60055,1,1,1993,12,12,12,12,12,12,12,12,12,12
60056,1,1,1993,0,0,0,11,0,0,0,9,0,0
60057,1,1,1993,13,13,13,13,13,13,13,13,13,13
60058,1,1,1993,0,0,0,0,0,0,0,0,0,0
60059,0,1,1993,0,0,0,0,0,0,0,0,0,0
60059,1,1,1993,0,0,0,0,0,0,0,0,0,0
60060,1,1,1993,0,0,0,0,0,0,0,0,0,0
60060,2,1,1993,0,0,0,0,0,0,0,0,0,0
60061,1,1,1993,22,22,22,22,22,22,22,22,22,22
60061,2,1,1993,0,0,9,0,0,0,0,0,0,0
60062,1,1,1993,3,3,3,3,3,3,3,3,3,3
60063,1,1,1993,23,23,23,23,23,23,23,23,23,23
60064,1,1,1993,0,0,0,0,0,0,0,0,0,0
60064,2,1,1993,0,0,0,0,0,0,0,0,0,0
60065,0,1,1993,0,0,0,0,0,0,0,0,0,0
60065,1,1,1993,0,0,9,0,0,0,0,0,0,0
60066,1,1,1993,31,31,31,31,31,31,31,31,31,31
60066,2,1,1993,0,0,0,0,0,0,0,0,0,0
60067,0,1,1993,12,12,12,12,12,12,12,12,12,12
60067,1,1,1993,28,28,28,28,28,28,28,28,28,28
60068,0,1,1993,0,0,0,0,0,0,0,0,0,0
60068,1,1,1993,0,0,0,0,9,26,0,0,23,0
60069,0,1,1993,0,0,0,0,0,0,0,0,0,0
60069,0,2,1993,14,33,20,12,17,13,22,0,19,23
60069,0,3,1993,0,0,32,0,23,23,25,23,0,30
60069,0,4,1993,0,15,0,0,21,12,32,17,0,0
60069,0,5,1993,0,56,30,0,16,0,0,34,0,0
60069,1,1,1993,17,17,17,17,17,17,17,17,17,17
60069,2,1,1993,0,0,10,34,0,6,14,8,0,8
60070,1,1,1993,7,7,7,7,7,7,7,7,7,7
60071,1,1,1993,0,0,0,0,0,0,0,0,0,0
60072,1,1,1993,0,0,0,0,0,0,0,0,0,0
60072,2,1,1993,0,0,0,0,0,0,0,0,0,0
60073,0,1,1993,42,42,42,42,42,42,42,42,42,42
60073,1,1,1993,0,0,15,0,0,0,0,0,0,0
60073,2,1,1993,0,0,0,0,0,0,0,0,0,0
60074,1,1,1993,18,18,18,18,18,18,18,18,18,18
60075,1,1,1993,0,0,0,0,0,0,0,0,0,0
60075,2,1,1993,0,0,0,0,0,0,0,0,0,0
60075,3,1,1993,0,0,0,0,0,16,0,0,0,0
60076,1,1,1993,0,0,0,0,0,0,0,0,0,0
60076,2,1,1993,0,0,0,0,0,0,0,0,0,0
60077,0,1,1993,0,0,0,0,0,0,0,0,0,0
60077,1,1,1993,0,0,0,0,0,0,0,0,0,0
60077,2,1,1993,0,0,0,0,0,0,0,0,0,0
60078,1,1,1993,0,0,0,0,0,0,0,0,0,0
60078,2,1,1993,0,0,0,0,0,0,0,0,0,24
60079,0,1,1993,0,0,0,0,0,0,0,0,0,0
60079,1,1,1993,0,0,0,0,0,0,0,0,0,0
60081,1,1,1993,23,23,23,23,23,23,23,23,23,23
60082,0,1,1993,0,0,0,0,0,0,0,0,0,0
60082,1,1,1993,0,0,0,0,0,0,0,0,0,0
60083,1,1,1993,0,0,0,0,0,0,0,0,0,0
60084,1,1,1993,0,0,0,0,0,0,0,0,0,0
60084,2,1,1993,0,0,0,0,0,0,0,0,0,0
60085,1,1,1993,0,0,0,0,0,0,0,0,0,0
60086,0,1,1993,0,0,0,0,0,0,0,0,0,0
60086,0,2,1993,0,19,0,12,0,0,23,17,9,0
60086,0,3,1993,35,0,0,8,9,15,12,13,25,0
60086,0,4,1993,34,36,34,0,17,18,0,0,0,0
60086,1,1,1993,15,6,9,13,36,11,12,19,6,14
60087,0,1,1993,22,22,22,22,22,22,22,22,22,22
60087,1,1,1993,28,4,7,0,0,0,0,11,29,0
60088,0,1,1993,19,19,19,19,19,19,19,19,19,19
60088,1,1,1993,0,0,0,0,8,18,5,16,12,0
60089,1,1,1993,19,19,19,19,19,19,19,19,19,19
60090,1,1,1993,13,13,13,13,13,13,13,13,13,13
60091,0,1,1993,27,0,14,18,11,33,18,17,26,16
60091,1,1,1993,4,4,4,4,4,4,4,4,4,4
60092,1,1,1993,0,0,0,0,0,0,0,0,0,0
60093,1,1,1993,0,0,0,0,0,0,0,0,0,0
60093,2,1,1993,0,0,0,0,0,0,0,0,0,0
60094,1,1,1993,0,0,0,0,0,0,0,0,0,0
60094,2,1,1993,0,0,0,0,0,0,0,0,0,0
60095,1,1,1993,14,14,14,14,14,14,14,14,14,14
60095,2,1,1993,0,0,0,0,0,0,4,0,0,0
60096,1,1,1993,0,0,0,0,0,0,0,0,0,0
60097,1,1,1993,0,0,0,0,0,0,0,0,0,0
60097,2,1,1993,0,0,0,0,0,16,0,0,0,0
60098,1,1,1993,22,22,22,22,22,22,22,22,22,22
60099,0,1,1993,0,0,0,0,0,0,0,0,0,0
60099,1,1,1993,0,0,0,0,0,0,0,0,0,0
60099,2,1,1993,0,0,0,0,0,0,0,0,0,0
60100,1,1,1993,0,0,0,0,0,0,0,0,0,0
60101,1,1,1993,0,0,0,0,0,0,0,0,0,0
60101,2,1,1993,0,0,0,0,0,0,0,0,0,0
60102,0,1,1993,0,0,0,0,0,0,0,0,0,0
60102,1,1,1993,0,0,0,0,0,0,0,0,0,0
60103,0,1,1993,0,0,0,0,0,0,0,0,0,0
60103,1,1,1993,0,0,0,0,0,0,0,0,0,0
60104,1,1,1993,17,27,25,20,21,14,12,0,33,23
60105,1,1,1993,10,10,10,10,10,10,10,10,10,10
60105,2,1,1993,0,0,0,0,0,0,0,0,0,0
60106,0,1,1993,11,11,11,11,11,11,11,11,11,11
60106,1,1,1993,0,0,0,0,0,0,0,0,0,0
60107,1,1,1993,0,0,0,0,0,0,0,0,0,0
60107,2,1,1993,0,0,0,0,0,0,0,0,0,0
60108,1,1,1993,30,30,30,30,30,30,30,30,30,30
60109,0,1,1993,0,0,0,0,33,21,0,15,15,12
60109,1,1,1993,0,0,0,0,0,0,0,0,0,0
60110,0,1,1993,0,0,0,0,0,0,0,0,0,0
60110,0,2,1993,0,0,11,0,27,22,0,0,0,0
60110,1,1,1993,0,0,0,0,0,0,0,0,0,0
60111,1,1,1993,0,0,0,0,5,0,0,0,0,0
60112,0,1,1993,0,0,0,0,0,0,0,0,0,0
60112,1,1,1993,0,0,0,0,0,0,0,0,0,0
60113,0,1,1993,0,0,0,0,0,0,0,0,0,0
60113,0,2,1993,0,0,0,0,0,0,0,0,0,0
60113,1,1,1993,0,0,0,0,0,0,0,0,0,0
60114,0,1,1993,0,0,0,0,0,0,0,0,16,19
60114,1,1,1993,0,0,0,0,0,0,0,0,0,0
60115,1,1,1993,0,0,0,0,0,0,0,0,0,0
60115,2,1,1993,0,0,0,0,0,0,0,0,0,0
60116,0,1,1993,0,0,0,0,0,0,0,0,0,0
60116,1,1,1993,0,0,0,0,0,0,0,0,0,0
60117,1,1,1993,15,15,15,15,15,15,15,15,15,15
60117,2,1,1993,4,4,4,4,4,4,4,4,4,4
60118,1,1,1993,0,0,0,0,0,0,0,0,0,0
60119,1,1,1993,0,0,0,0,0,0,0,0,0,0
60120,1,1,1993,0,0,0,0,0,0,0,0,0,0
60121,0,2,1993,17,17,17,17,17,17,17,17,17,17
60121,1,1,1993,0,0,0,0,0,0,0,0,0,0
60122,1,1,1993,0,0,0,0,0,0,14,0,0,0
60122,2,1,1993,22,22,22,22,22,22,22,22,22,22
60122,3,1,1993,0,0,0,0,0,0,0,0,0,0
60122,4,1,1993,0,0,0,0,0,0,0,0,0,0
60123,1,1,1993,9,0,0,0,0,0,0,0,0,0
60124,0,1,1993,0,0,0,0,0,0,0,0,0,0
60124,1,1,1993,0,0,0,14,0,0,7,0,0,0
60125,1,1,1993,0,0,0,0,0,0,0,0,0,0
60126,0,1,1993,0,0,0,0,0,0,0,0,0,0
60126,1,1,1993,0,0,0,0,0,0,0,0,0,0
60127,1,1,1993,0,0,0,0,15,0,12,0,0,0
60127,2,1,1993,0,0,0,0,0,0,0,0,0,0
60128,1,1,1993,21,21,21,21,21,21,21,21,21,21
60129,0,1,1993,0,0,0,0,0,0,0,0,0,0
60129,1,1,1993,0,0,0,0,0,0,0,0,0,0
60130,1,1,1993,0,0,0,0,0,0,0,0,0,0
60130,2,1,1993,34,34,34,34,34,34,34,34,34,34
60130,3,1,1993,0,0,0,0,0,0,0,0,0,0
60131,1,1,1993,0,0,0,0,0,0,0,0,0,0
60131,2,1,1993,17,17,17,17,17,17,17,17,17,17
60132,1,1,1993,21,21,21,21,21,21,21,21,21,21
60133,1,1,1993,29,29,29,29,29,29,29,29,29,29
60134,1,1,1993,0,0,0,0,0,0,0,0,0,0
60134,2,1,1993,0,0,0,0,0,0,0,0,0,0
60134,3,1,1993,0,0,0,0,0,0,0,0,0,0
60135,0,1,1993,22,22,22,22,22,22,22,22,22,22
60135,1,1,1993,0,0,0,0,0,6,0,0,0,0
60135,2,1,1993,8,0,0,0,14,0,0,0,0,0
60136,0,1,1993,0,0,0,0,0,0,0,0,0,0
60136,1,1,1993,0,0,0,0,0,0,0,0,0,0
60137,1,1,1993,4,29,3,19,12,23,10,22,15,15
60138,1,2,1993,19,17,16,0,33,11,11,16,13,8
60139,0,1,1993,0,0,0,0,0,0,0,0,0,0
60139,1,1,1993,0,0,0,0,0,0,0,0,0,0
60140,0,1,1993,0,0,0,0,0,0,0,0,0,0
60140,1,1,1993,0,0,0,0,0,0,0,0,0,0
60141,1,1,1993,0,0,0,0,0,0,0,0,0,0
60142,1,1,1993,14,14,14,14,14,14,14,14,14,14
60142,2,1,1993,13,13,13,13,13,13,13,13,13,13
60143,1,1,1993,20,20,20,20,20,20,20,20,20,20
60143,2,1,1993,0,0,0,0,11,0,0,0,0,0
60144,1,1,1993,27,27,27,27,27,27,27,27,27,27
60144,2,1,1993,0,0,0,0,0,0,0,0,0,0
60145,1,1,1993,16,16,16,16,16,16,16,16,16,16
60146,1,1,1993,20,20,20,20,20,20,20,20,20,20
60146,2,1,1993,0,0,0,0,0,0,0,0,0,0
60147,1,1,1993,13,13,13,13,13,13,13,13,13,13
60148,1,1,1993,17,17,17,17,17,17,17,17,17,17
60149,0,1,1993,18,20,29,29,34,29,0,7,17,33
60149,1,1,1993,8,0,8,5,0,0,17,0,0,0
60150,1,1,1993,0,0,0,0,0,15,0,0,0,0
60150,2,1,1993,0,0,0,0,0,0,0,0,0,0
60150,3,1,1993,0,0,0,0,0,0,0,0,0,0
60151,0,1,1993,0,0,0,0,0,0,0,0,0,0
60151,1,1,1993,28,0,7,0,30,0,0,21,0,0
60152,1,1,1993,0,0,0,0,0,0,0,0,0,0
60152,2,1,1993,0,0,0,0,0,0,0,0,0,0
60152,3,1,1993,0,0,0,0,0,0,0,0,0,5
60152,4,1,1993,0,0,0,0,0,0,0,0,0,0
60153,1,1,1993,0,0,0,0,0,0,0,0,0,0
60153,2,1,1993,0,0,0,0,0,0,0,20,6,0
60153,3,1,1993,0,0,0,0,0,0,0,0,0,0
60154,1,1,1993,0,0,41,0,11,17,0,23,19,19
60155,1,1,1993,0,0,0,0,0,0,0,0,0,0
60156,1,1,1993,5,20,25,10,4,13,17,11,17,21
60157,0,1,1993,13,30,35,19,21,25,18,0,0,19
60157,0,2,1993,33,33,33,33,33,33,33,33,33,33
60157,1,1,1993,0,0,10,14,0,11,0,17,0,16
60158,1,1,1993,0,0,0,0,0,0,0,0,0,0
60158,2,1,1993,0,0,0,0,0,0,0,0,0,0
60159,1,1,1993,10,10,10,10,10,10,10,10,10,10
60160,1,1,1993,0,0,0,0,0,0,0,0,0,0
60160,2,1,1993,0,0,0,0,0,0,0,0,0,0
60161,1,1,1993,0,0,0,0,0,0,0,0,0,0
60161,2,1,1993,0,0,0,0,0,0,0,0,0,0
60162,0,1,1993,20,20,20,20,20,20,20,20,20,20
60162,1,1,1993,0,0,0,0,0,0,0,0,0,0
60163,1,1,1993,2,2,2,2,2,2,2,2,2,2
60163,2,1,1993,0,0,0,0,0,0,0,0,0,0
60164,0,1,1993,28,28,28,28,28,28,28,28,28,28
60164,1,1,1993,0,8,15,0,11,32,0,0,0,0
60165,0,1,1993,0,0,0,0,0,0,0,0,0,0
60165,1,1,1993,0,0,0,0,0,0,0,0,0,0
60166,1,1,1993,11,11,11,11,11,11,11,11,11,11
60166,2,1,1993,0,0,0,0,0,0,0,0,0,0
60167,1,1,1993,0,0,0,0,0,0,0,0,0,0
60168,1,1,1993,0,0,0,0,0,0,0,0,0,0
60168,2,1,1993,0,0,0,0,11,0,0,0,0,0
60169,1,1,1993,31,31,31,31,31,31,31,31,31,31
60170,0,1,1993,0,0,0,0,0,0,0,0,0,0
60170,1,1,1993,0,0,0,0,0,0,0,0,0,0
60171,1,1,1993,12,12,12,12,12,12,12,12,12,12
60172,1,1,1993,30,0,10,11,38,15,16,0,0,0
60173,0,1,1993,0,0,0,0,0,17,0,0,0,0
60173,0,2,1993,0,0,0,0,0,0,0,0,0,0
60173,1,1,1993,0,0,0,0,0,0,0,0,0,0
60174,1,1,1993,0,0,0,0,0,0,0,0,0,0
60175,1,1,1993,0,0,0,0,0,0,0,0,0,0
60175,2,1,1993,0,0,0,0,0,0,0,0,0,0
60176,0,1,1993,0,0,0,0,0,0,0,0,0,0
60176,1,1,1993,0,0,0,0,0,0,0,0,0,0
60177,1,1,1993,0,0,0,0,0,0,12,0,0,0
60177,2,1,1993,0,0,0,0,0,0,0,0,0,0
60177,3,1,1993,0,0,0,0,0,0,0,0,0,0
60178,0,1,1993,0,0,0,0,0,0,0,0,0,0
60178,1,1,1993,3,0,0,0,0,0,6,0,0,0
60179,1,1,1993,0,0,0,0,0,0,0,0,0,0
60179,2,1,1993,0,0,0,0,0,0,0,0,0,0
60180,1,1,1993,18,18,18,18,18,18,18,18,18,18
60181,1,1,1993,0,0,0,0,0,0,0,0,0,0
60181,2,1,1993,5,0,0,0,0,0,0,0,0,0
60182,1,1,1993,0,0,0,0,0,0,0,0,0,0
60183,0,1,1993,26,26,26,26,26,26,26,26,26,26
60183,1,1,1993,22,17,0,0,9,20,12,0,18,0
60184,0,1,1993,0,0,0,0,0,0,0,0,0,0
60184,1,1,1993,0,0,0,0,0,0,0,0,0,0
60185,0,1,1993,2,2,2,2,2,2,2,2,2,2
60185,1,1,1993,0,0,0,0,0,0,0,0,0,0
60186,1,1,1993,0,0,0,0,0,0,0,0,0,0
60186,2,1,1993,0,0,0,0,0,0,0,0,0,0
60187,1,1,1993,0,0,0,0,0,0,0,0,0,0
60187,2,1,1993,0,0,0,0,0,0,0,0,0,0
60188,1,1,1993,5,5,5,5,5,5,5,5,5,5
60188,2,1,1993,0,0,12,0,0,9,0,0,0,0
60188,3,1,1993,0,0,0,0,0,0,0,0,0,0
60189,0,1,1993,23,23,23,23,23,23,23,23,23,23
60189,1,1,1993,0,0,0,0,19,0,0,15,0,0
60190,0,1,1993,0,0,0,0,0,0,0,0,0,0
60190,1,1,1993,0,0,0,0,0,19,0,0,12,0
60191,0,1,1993,0,0,0,0,0,0,0,0,0,0
60191,1,1,1993,0,0,0,7,0,0,0,15,0,15
60192,0,1,1993,0,0,0,0,0,0,0,0,0,0
60192,1,1,1993,0,0,0,0,0,0,0,0,0,0
60193,0,1,1993,23,23,23,23,23,23,23,23,23,23
60193,1,1,1993,0,0,0,0,0,0,0,0,0,0
60194,0,1,1993,20,20,20,20,20,20,20,20,20,20
60194,1,1,1993,38,0,0,0,0,0,0,13,4,8
60195,0,1,1993,0,0,0,0,0,0,0,0,0,0
60195,1,1,1993,15,0,0,0,13,0,0,21,17,0
60196,1,1,1993,20,20,20,20,20,20,20,20,20,20
60197,1,1,1993,0,0,0,0,0,0,0,0,0,0
60198,1,1,1993,22,22,22,22,22,22,22,22,22,22
60198,2,1,1993,0,0,0,0,0,0,0,0,0,0
60199,1,1,1993,0,0,11,16,0,0,7,22,14,0
60200,0,1,1993,33,33,33,33,33,33,33,33,33,33
60200,1,1,1993,0,0,0,0,0,15,12,0,0,0
60201,1,1,1993,22,22,22,22,22,22,22,22,22,22
60202,1,1,1993,0,0,0,0,0,0,0,0,0,0
60202,2,1,1993,0,0,0,0,0,0,0,0,0,0
60203,1,1,1993,0,0,0,0,0,0,0,0,0,0
60203,2,1,1993,0,0,0,0,0,0,0,0,0,0
60204,1,1,1993,0,0,0,0,0,0,0,0,0,0
60204,2,1,1993,0,0,13,0,0,0,0,0,0,0
60205,0,1,1993,0,0,0,0,0,0,0,0,0,0
60205,1,1,1993,0,0,0,0,0,0,0,0,0,0
60206,1,1,1993,0,0,0,0,0,0,0,0,0,0
60207,0,1,1993,0,0,0,0,0,0,0,0,0,0
60207,1,1,1993,0,0,0,0,0,0,0,0,0,0
60208,1,1,1993,0,0,0,0,0,0,0,0,0,0
60209,1,1,1993,0,0,0,0,0,0,0,0,0,0
60209,2,1,1993,0,0,0,0,0,0,0,0,0,0
60210,1,1,1993,0,0,0,0,0,0,0,0,0,0
60211,1,1,1993,0,0,0,0,0,0,0,0,0,0
60211,2,1,1993,0,0,0,0,0,0,0,0,0,0
60212,1,1,1993,0,0,0,0,0,0,0,0,0,0
60212,2,1,1993,36,12,35,25,37,13,6,0,7,15
60213,0,1,1993,0,8,8,0,0,22,0,10,12,11
60213,1,1,1993,0,0,0,0,0,0,0,0,0,0
60214,1,1,1993,12,12,12,12,12,12,12,12,12,12
60215,1,1,1993,0,0,0,0,21,0,0,0,0,0
60215,2,1,1993,0,0,0,0,0,0,0,0,0,0
60216,0,1,1993,0,0,0,0,0,0,0,0,0,0
60216,1,1,1993,0,0,0,0,0,0,0,0,0,0
60217,1,1,1993,0,0,0,0,0,0,0,0,0,0
60217,2,1,1993,0,0,0,0,0,0,0,0,0,0
60218,0,1,1993,0,0,0,0,0,0,0,0,0,0
60218,1,1,1993,0,0,0,0,0,0,0,0,0,0
60219,1,1,1993,0,0,0,0,0,0,0,0,0,0
60220,1,1,1993,0,0,0,0,0,0,0,0,0,0
60220,2,1,1993,0,0,0,0,0,0,0,0,0,0
60221,0,1,1993,6,6,6,6,6,6,6,6,6,6
60221,1,1,1993,0,13,0,0,12,28,7,8,6,0
60222,0,1,1993,0,0,0,0,0,0,0,0,0,0
60222,1,1,1993,0,0,0,0,0,0,0,0,0,0
60223,0,1,1993,0,0,0,0,0,0,0,0,0,0
60223,1,1,1993,0,0,0,0,0,0,0,0,0,0
60224,0,1,1993,0,0,0,0,0,0,0,0,0,0
60224,1,1,1993,0,0,0,0,0,0,0,0,0,0
60225,1,1,1993,0,0,0,0,0,0,0,0,0,0
60225,2,1,1993,0,0,0,0,0,0,0,0,0,0
60226,1,1,1993,0,0,0,0,0,0,0,0,0,0
60227,0,1,1993,0,0,0,0,0,0,0,0,0,0
60227,1,1,1993,0,0,0,0,0,0,0,0,0,0
60228,1,1,1993,0,0,0,0,0,0,0,0,0,0
60229,1,1,1993,7,7,7,7,7,7,7,7,7,7
60230,0,1,1993,26,26,26,26,26,26,26,26,26,26
60230,1,1,1993,0,0,0,0,0,0,0,0,0,0
60231,1,1,1993,30,30,30,30,30,30,30,30,30,30
60232,0,1,1993,0,0,0,0,0,0,0,0,0,0
60233,1,1,1993,13,13,13,13,13,13,13,13,13,13
60234,1,1,1993,2,13,7,13,0,16,9,14,9,19
60234,2,1,1993,0,0,0,0,0,0,0,0,0,0
60234,3,1,1993,0,0,0,0,0,0,0,0,0,0
60234,4,1,1993,0,0,0,0,0,0,0,0,0,0
60234,5,1,1993,0,0,6,0,0,0,0,0,0,0
60235,1,1,1993,24,24,24,24,24,24,24,24,24,24
60236,1,1,1993,20,20,20,20,20,20,20,20,20,20
60237,1,1,1993,8,8,8,8,8,8,8,8,8,8
60238,0,1,1993,0,0,0,0,0,0,0,0,0,0
60238,1,1,1993,0,0,0,0,13,20,18,0,0,0
60239,1,1,1993,0,0,0,0,0,0,0,0,0,0
60239,2,1,1993,0,0,0,0,0,0,0,0,0,0
60240,1,1,1993,0,0,0,0,0,0,0,0,0,0
60240,2,1,1993,0,0,0,0,0,0,0,0,0,0
60241,0,1,1993,0,0,0,0,0,0,0,0,0,0
60241,1,1,1993,0,0,0,0,0,0,0,0,0,0
60242,0,1,1993,21,21,21,21,21,21,21,21,21,21
60242,1,1,1993,0,0,0,0,0,0,0,0,31,0
60242,2,1,1993,0,0,0,0,0,0,0,0,0,0
60243,1,1,1993,0,0,0,0,0,0,0,0,0,0
60244,1,1,1993,15,13,0,22,19,15,14,10,8,7
60245,1,1,1993,0,0,0,0,0,0,0,0,0,0
60246,1,1,1993,0,0,0,0,0,0,0,0,14,0
60246,2,1,1993,10,27,12,11,22,13,37,14,21,31
60247,1,1,1993,0,0,0,0,0,0,0,0,0,0
60248,1,1,1993,0,0,0,0,0,0,0,0,0,0
60249,1,1,1993,0,0,0,0,0,0,0,0,0,0
60249,2,1,1993,0,0,0,0,0,0,0,0,0,0
60250,1,1,1993,0,0,0,0,0,0,0,0,0,0
60251,1,1,1993,0,0,0,0,14,0,0,0,0,0
60252,1,1,1993,26,26,26,26,26,26,26,26,26,26
60253,1,1,1993,0,0,0,0,0,0,0,0,0,0
60254,1,1,1993,23,23,23,23,23,23,23,23,23,23
60255,0,1,1993,10,10,10,10,10,10,10,10,10,10
60255,1,1,1993,0,0,0,0,0,0,0,0,0,0
60256,1,1,1993,13,13,13,13,13,13,13,13,13,13
60256,2,1,1993,0,0,0,0,0,0,0,0,0,0
60257,0,1,1993,0,0,0,0,0,0,33,16,0,29
60257,1,1,1993,0,0,0,0,0,0,0,0,0,0
60258,0,1,1993,0,0,0,0,0,0,0,0,0,0
60258,1,1,1993,0,0,0,0,0,0,0,0,0,0
60259,1,1,1993,22,22,22,22,22,22,22,22,22,22
60260,1,1,1993,0,0,0,0,0,0,0,0,0,0
60261,1,1,1993,13,6,7,27,27,3,14,14,11,2
60261,2,1,1993,0,0,0,0,0,0,0,0,0,0
60262,1,1,1993,15,15,15,15,15,15,15,15,15,15
60263,1,1,1993,18,18,18,18,18,18,18,18,18,18
60264,1,1,1993,19,19,19,19,19,19,19,19,19,19