ST_CASE,VEH_NO,PER_NO,YEAR,P1,P2,P3,P4,P5,P6,P7,P8,P9,P10
60264,2,1,1993,0,0,0,0,0,0,0,0,0,0
60265,1,1,1993,0,0,0,0,0,0,0,0,0,0
60265,2,1,1993,0,0,0,0,0,0,0,0,0,0
60266,1,1,1993,0,0,0,13,0,0,0,0,0,0
60266,2,1,1993,0,0,0,0,0,0,0,0,0,0
60266,3,1,1993,0,0,0,0,0,0,0,0,0,0
60266,4,1,1993,0,0,0,0,0,0,0,0,0,0
60267,1,1,1993,0,0,0,0,0,0,0,0,0,0
60267,2,1,1993,0,0,0,0,0,0,0,0,0,0
60268,0,1,1993,7,7,7,7,7,7,7,7,7,7
60268,1,1,1993,0,0,0,0,0,0,0,0,0,0
60269,1,1,1993,16,16,16,16,16,16,16,16,16,16
60270,0,1,1993,0,0,0,0,0,0,0,0,0,0
60270,1,1,1993,0,0,13,21,0,0,0,0,0,0
60271,1,1,1993,0,0,0,0,0,0,0,0,0,0
60272,0,1,1993,31,36,23,37,17,6,28,54,11,44
60272,1,1,1993,0,0,0,0,0,0,0,0,0,0
60273,1,1,1993,18,18,18,18,18,18,18,18,18,18
60274,1,1,1993,0,6,0,0,0,0,16,0,0,19
60275,1,1,1993,0,0,0,0,0,0,0,0,0,0
60275,2,1,1993,0,0,0,0,0,0,0,0,0,0
60276,0,1,1993,0,0,0,0,0,0,0,0,0,0
60276,1,1,1993,0,0,0,0,0,0,0,0,0,0
60277,1,1,1993,0,0,0,0,0,0,0,0,0,0
60277,2,1,1993,0,0,0,0,0,0,0,0,0,0
60278,0,1,1993,0,0,0,0,0,0,0,0,0,0
60278,1,1,1993,1,1,1,1,1,1,1,1,1,1
60279,0,1,1993,42,42,42,42,42,42,42,42,42,42
60279,1,1,1993,0,0,0,0,0,0,0,0,0,8
60280,1,1,1993,0,0,0,0,0,0,0,0,0,0
60281,2,1,1993,0,0,0,0,0,0,0,0,0,0
60282,1,1,1993,0,0,0,0,0,0,0,0,0,0
60282,2,1,1993,0,0,0,0,0,0,0,0,0,0
60283,1,1,1993,0,0,0,0,0,0,0,0,0,0
60284,1,1,1993,0,0,0,0,0,0,0,0,0,0
60284,2,1,1993,0,0,0,0,0,0,0,0,0,0
60285,1,1,1993,0,0,0,0,0,0,0,0,0,0
60286,1,1,1993,0,0,0,0,0,0,0,0,0,0
60286,2,1,1993,0,0,0,0,0,0,0,0,0,0
60287,1,1,1993,0,0,0,0,0,0,0,0,0,0
60287,2,1,1993,4,0,0,0,0,0,0,0,0,0
60287,3,1,1993,0,0,0,0,0,0,0,0,0,0
60288,1,1,1993,45,45,45,45,45,45,45,45,45,45
60288,2,1,1993,0,0,0,0,0,0,0,0,0,0
60289,0,1,1993,0,0,0,0,0,0,0,0,0,0
60289,1,1,1993,0,0,0,0,0,0,0,0,0,0
60290,1,1,1993,0,0,0,0,0,0,0,0,0,0
60290,2,1,1993,0,0,0,0,0,0,0,0,0,0
60291,1,1,1993,0,0,0,0,0,0,0,0,0,0
60291,2,1,1993,0,0,0,0,0,0,0,0,0,0
60291,3,1,1993,0,0,0,0,0,0,0,0,0,0
60292,1,1,1993,0,0,0,0,0,0,0,0,0,0
60292,2,1,1993,7,33,14,13,16,4,18,15,0,23
60293,0,1,1993,0,0,0,0,0,0,0,0,0,0
60293,1,1,1993,0,0,0,0,0,0,0,0,0,0
60294,1,1,1993,0,0,0,0,0,0,0,0,0,0
60294,2,1,1993,0,0,0,0,0,0,0,0,0,0
60295,1,1,1993,8,8,8,8,8,8,8,8,8,8
60296,1,1,1993,21,21,21,21,21,21,21,21,21,21
60297,0,1,1993,0,0,0,0,0,0,0,0,0,0
60297,0,2,1993,0,0,0,0,0,0,0,0,0,0
60297,1,1,1993,12,0,19,25,8,20,0,0,12,16
60298,0,1,1993,0,0,0,0,0,0,0,0,0,0
60298,1,1,1993,0,0,0,0,0,0,0,0,0,0
60299,0,1,1993,0,0,0,0,0,0,0,0,0,0
60299,1,1,1993,0,0,0,0,0,0,0,0,0,0
60300,1,1,1993,0,0,0,0,0,0,0,0,0,0
60300,2,1,1993,0,0,0,0,0,0,0,0,0,0
60301,0,1,1993,24,24,24,24,24,24,24,24,24,24
60301,1,1,1993,0,0,0,0,0,0,0,0,0,0
60302,1,1,1993,0,0,0,0,0,0,0,0,0,0
60303,1,1,1993,20,20,20,20,20,20,20,20,20,20
60304,1,1,1993,0,0,0,0,0,0,0,0,0,0
60304,2,1,1993,0,0,0,0,0,0,0,0,0,0
60305,0,1,1993,0,0,0,0,0,0,0,0,0,0
60305,1,1,1993,0,0,0,0,0,0,0,0,0,0
60306,0,1,1993,0,0,0,0,0,31,0,0,0,0
60306,0,2,1993,0,0,0,0,0,0,0,0,0,0
60306,1,1,1993,0,0,0,0,0,0,0,0,0,0
60307,0,1,1993,0,0,0,0,0,0,0,0,0,0
60307,1,1,1993,0,0,0,0,0,0,0,0,0,0
60308,1,1,1993,0,0,0,0,0,0,0,0,0,0
60308,2,1,1993,0,0,0,0,0,0,0,0,0,0
60309,1,1,1993,0,0,0,0,0,0,0,0,0,0
60309,2,1,1993,0,0,0,0,0,0,0,0,0,0
60310,0,1,1993,0,0,0,0,0,0,0,0,0,0
60310,1,1,1993,15,0,0,0,0,0,0,0,0,0
60311,1,1,1993,24,24,24,24,24,24,24,24,24,24
60312,1,1,1993,4,4,4,4,4,4,4,4,4,4
60313,0,1,1993,0,0,0,0,0,0,0,0,0,0
60313,1,1,1993,0,0,0,0,0,0,0,0,0,0
60314,1,1,1993,4,4,4,4,4,4,4,4,4,4
60314,2,1,1993,0,0,0,0,0,0,0,0,0,0
60315,0,1,1993,0,0,0,0,0,0,0,0,0,0
60315,1,1,1993,0,0,0,0,0,0,0,0,0,0
60316,1,1,1993,0,0,0,0,0,0,0,0,0,0
60317,1,1,1993,26,0,0,0,0,0,7,0,0,0
60318,0,1,1993,5,5,5,5,5,5,5,5,5,5
60318,0,2,1993,0,23,13,33,31,7,27,0,13,0
60318,0,3,1993,0,32,10,6,41,37,4,19,15,4
60318,1,1,1993,0,0,10,0,0,0,0,0,0,0
60319,1,1,1993,27,27,27,27,27,27,27,27,27,27
60319,2,1,1993,0,0,0,0,0,0,0,0,0,0
60320,1,1,1993,27,27,27,27,27,27,27,27,27,27
60320,2,1,1993,0,0,0,0,0,0,0,0,0,0
60321,0,1,1993,5,5,5,5,5,5,5,5,5,5
60321,1,1,1993,0,0,0,0,0,0,0,0,0,0
60322,1,1,1993,30,30,30,30,30,30,30,30,30,30
60323,1,1,1993,18,18,18,18,18,18,18,18,18,18
60323,2,1,1993,0,0,0,0,0,0,0,0,0,0
60324,0,1,1993,30,30,30,30,30,30,30,30,30,30
60324,1,1,1993,0,7,0,0,0,9,0,0,0,0
60325,1,1,1993,0,0,0,0,0,0,0,0,0,0
60326,1,1,1993,24,24,24,24,24,24,24,24,24,24
60327,1,1,1993,0,0,0,0,0,0,0,0,0,0
60328,1,1,1993,0,0,0,0,0,0,0,0,0,0
60328,2,1,1993,0,0,0,0,0,0,0,0,0,0
60329,1,1,1993,0,0,0,0,0,0,0,0,0,0
60329,2,1,1993,0,0,0,0,0,0,0,0,0,0
60330,1,1,1993,0,0,0,0,0,0,0,0,0,0
60331,1,1,1993,0,0,0,0,0,0,0,0,0,0
60331,2,1,1993,0,0,0,0,0,0,0,0,0,0
60332,1,1,1993,0,0,0,0,0,0,0,0,0,0
60333,1,1,1993,0,0,0,0,0,0,0,0,0,0
60333,2,1,1993,13,0,0,0,0,0,0,0,0,0
60334,0,1,1993,0,0,0,0,0,0,0,0,0,0
60334,1,1,1993,0,0,23,0,0,0,0,0,0,0
60335,1,1,1993,0,0,0,0,0,0,0,0,0,0
60336,1,1,1993,0,0,0,0,0,0,0,0,0,0
60336,2,1,1993,0,0,0,0,0,0,0,0,0,0
60337,1,1,1993,25,11,0,0,10,25,0,0,0,0
60337,2,1,1993,12,12,12,12,12,12,12,12,12,12
60338,1,1,1993,0,0,0,0,0,0,0,0,0,0
60339,1,1,1993,0,0,0,0,0,0,0,0,0,0
60340,1,1,1993,0,0,0,0,0,0,0,0,0,0
60340,2,1,1993,0,0,0,0,0,0,0,0,0,0
60341,1,1,1993,0,0,0,0,0,0,0,0,0,0
60341,2,1,1993,0,8,0,0,0,0,0,0,0,0
60342,1,1,1993,0,0,0,0,0,0,0,0,0,0
60342,2,1,1993,0,0,0,0,0,0,0,0,0,0
60343,1,1,1993,0,0,0,0,0,0,0,0,0,0
60343,2,1,1993,0,0,0,0,0,0,0,0,0,0
60344,1,1,1993,0,0,0,0,0,0,0,0,0,0
60345,0,1,1993,0,0,0,0,0,0,0,0,0,0
60345,1,1,1993,0,0,0,0,0,0,0,0,0,0
60346,1,1,1993,0,0,0,0,0,0,0,0,0,0
60347,1,1,1993,0,0,0,0,0,0,0,0,0,0
60347,2,1,1993,0,0,0,0,0,0,0,0,0,0
60348,1,1,1993,24,24,24,24,24,24,24,24,24,24
60349,0,1,1993,27,0,24,11,23,11,23,9,17,8
60349,1,1,1993,0,0,0,0,0,0,0,0,0,0
60350,1,1,1993,0,0,0,0,0,0,0,0,0,0
60350,2,1,1993,0,0,0,0,0,0,0,6,0,0
60351,1,1,1993,19,19,19,19,19,19,19,19,19,19
60351,2,1,1993,0,0,0,0,0,0,0,0,0,0
60352,0,1,1993,0,0,0,0,0,0,0,0,0,0
60352,1,1,1993,0,13,0,0,0,0,0,12,0,0
60353,0,1,1993,29,29,29,29,29,29,29,29,29,29
60353,1,1,1993,0,0,0,0,0,0,0,0,0,0
60354,1,1,1993,13,13,13,13,13,13,13,13,13,13
60354,2,1,1993,0,0,0,0,0,0,0,0,0,0
60355,1,1,1993,0,0,0,0,0,0,0,0,0,0
60355,2,1,1993,0,0,0,0,0,0,0,0,0,0
60355,3,1,1993,0,0,0,0,0,0,0,0,0,0
60355,4,1,1993,0,0,0,0,0,0,0,0,0,0
60355,5,1,1993,0,0,0,0,0,0,0,0,0,0
60356,0,1,1993,0,0,0,0,0,0,0,0,0,0
60356,1,1,1993,0,0,0,0,0,0,0,0,0,0
60357,1,1,1993,17,17,17,17,17,17,17,17,17,17
60357,2,1,1993,0,0,20,0,18,0,0,0,13,0
60358,1,1,1993,0,0,0,0,0,0,0,0,0,0
60358,2,1,1993,0,0,0,0,0,0,0,0,0,0
60358,3,1,1993,0,0,0,0,0,0,0,0,0,0
60359,1,1,1993,0,0,0,0,0,0,0,0,0,0
60359,2,1,1993,0,0,0,0,0,0,0,0,0,0
60360,1,1,1993,3,3,3,3,3,3,3,3,3,3
60360,2,1,1993,0,0,0,0,0,0,0,0,0,0
60361,1,1,1993,0,0,0,0,0,0,0,0,0,19
60361,2,1,1993,0,0,0,0,0,0,0,0,0,0
60361,3,1,1993,0,0,0,0,0,0,0,0,0,0
60361,4,1,1993,0,0,0,0,0,0,0,0,0,0
60361,5,1,1993,0,0,0,0,0,0,0,0,0,0
60362,1,1,1993,0,0,0,0,0,0,0,0,0,0
60363,1,1,1993,0,0,0,0,0,0,0,0,0,0
60363,2,1,1993,0,0,0,0,0,0,0,0,0,0
60364,1,1,1993,0,0,0,0,0,0,0,0,0,0
60365,1,1,1993,17,17,17,17,17,17,17,17,17,17
60365,2,1,1993,0,0,0,0,0,0,0,0,0,0
60366,0,1,1993,25,25,25,25,25,25,25,25,25,25
60366,1,1,1993,15,15,15,15,15,15,15,15,15,15
60366,2,1,1993,0,7,15,0,0,0,0,0,0,0
60367,1,1,1993,15,15,15,15,15,15,15,15,15,15
60368,1,1,1993,0,0,0,0,0,0,0,0,0,0
60368,2,1,1993,0,0,0,0,0,0,0,0,0,0
60369,1,1,1993,0,0,0,0,0,0,0,0,0,0
60370,1,1,1993,6,6,6,6,6,6,6,6,6,6
60371,1,1,1993,0,0,0,0,0,0,0,0,0,0
60372,1,1,1993,0,0,0,0,0,0,0,0,0,0
60372,2,1,1993,19,19,19,19,19,19,19,19,19,19
60373,0,1,1993,0,0,0,0,0,0,0,0,0,0
60373,1,1,1993,0,0,0,0,0,0,0,0,0,0
60374,1,1,1993,8,8,8,8,8,8,8,8,8,8
60375,1,1,1993,0,0,0,0,0,0,0,0,0,0
60375,2,1,1993,0,0,0,0,0,0,0,0,0,0
60375,3,1,1993,0,0,0,0,0,0,0,0,0,0
60376,0,1,1993,0,0,0,0,0,0,0,0,0,0
60376,1,1,1993,4,4,4,4,4,4,4,4,4,4
60377,1,1,1993,0,0,0,0,0,0,0,0,0,0
60377,2,1,1993,0,0,0,0,0,0,0,0,0,0
60378,1,1,1993,0,0,0,0,0,0,0,0,0,0
60378,2,1,1993,11,13,11,12,11,0,11,17,8,5
60379,1,1,1993,0,0,0,0,0,0,0,0,0,0
60379,2,1,1993,0,0,0,0,0,0,0,0,0,0
60380,0,1,1993,1,1,1,1,1,1,1,1,1,1
60380,1,1,1993,0,0,0,0,0,0,0,0,0,0
60381,1,1,1993,11,11,11,11,11,11,11,11,11,11
60382,1,1,1993,0,0,0,0,0,0,0,0,0,0
60382,2,1,1993,0,0,0,0,0,0,0,0,0,0
60383,0,1,1993,0,0,0,0,0,0,0,0,0,0
60383,1,1,1993,0,0,0,0,0,0,0,0,0,0
60384,1,1,1993,0,0,0,0,0,0,0,0,0,0
60385,0,1,1993,0,0,0,0,0,0,0,55,24,0
60385,1,1,1993,0,0,0,0,12,0,0,11,0,0
60386,0,1,1993,29,29,29,29,29,29,29,29,29,29
60386,1,1,1993,13,19,14,18,18,5,0,9,18,3
60387,1,1,1993,16,16,16,16,16,16,16,16,16,16
60387,2,1,1993,0,0,0,0,0,0,0,0,0,0
60388,1,1,1993,13,13,13,13,13,13,13,13,13,13
60389,1,1,1993,0,0,0,0,0,0,0,0,0,0
60390,1,1,1993,0,0,0,0,0,0,0,0,0,0
60390,2,1,1993,0,0,0,0,0,0,0,0,0,0
60391,1,1,1993,0,0,0,0,0,0,0,0,0,0
60391,2,1,1993,3,3,3,3,3,3,3,3,3,3
60392,1,1,1993,0,0,0,0,0,0,0,0,0,0
60392,2,1,1993,0,0,0,0,0,0,0,0,0,0
60393,0,1,1993,0,0,0,0,0,0,0,0,0,0
60393,1,1,1993,0,0,0,0,0,0,0,0,0,0
60394,0,1,1993,0,0,0,0,0,0,0,0,0,0
60394,2,1,1993,0,0,0,0,0,0,0,0,0,0
60395,1,1,1993,22,22,22,22,22,22,22,22,22,22
60396,1,1,1993,12,12,12,12,12,12,12,12,12,12
60396,2,1,1993,0,0,0,0,0,0,0,0,0,0
60396,3,1,1993,0,0,0,0,27,0,0,0,0,0
60397,1,1,1993,0,0,0,0,0,0,0,0,0,0
60398,1,1,1993,0,0,0,0,0,0,0,0,0,0
60398,2,1,1993,0,0,0,0,0,0,0,0,0,0
60399,1,1,1993,0,0,0,0,0,0,0,0,0,0
60399,2,1,1993,0,0,0,0,0,0,0,0,0,0
60400,1,1,1993,0,0,0,0,0,0,0,0,0,0
60400,2,1,1993,0,0,0,0,0,0,0,0,0,0
60400,3,1,1993,0,0,0,0,0,0,0,0,0,0
60401,0,1,1993,0,0,24,14,0,20,22,0,0,19
60401,1,1,1993,18,18,18,18,18,18,18,18,18,18
60402,0,1,1993,0,0,0,0,0,0,0,0,0,0
60402,1,1,1993,0,0,0,0,0,0,0,0,13,0
60403,1,1,1993,0,0,0,0,0,0,0,0,0,0
60403,2,1,1993,0,0,0,0,0,0,0,0,0,0
60403,3,1,1993,0,0,0,0,0,0,0,0,0,0
60404,0,1,1993,0,0,0,0,0,0,0,0,0,0
60404,0,2,1993,17,17,17,17,17,17,17,17,17,17
60404,1,1,1993,0,0,0,0,0,0,0,0,0,0
60404,2,1,1993,8,0,17,19,0,16,12,0,0,25
60405,0,1,1993,0,0,14,27,30,0,10,0,19,18
60405,1,1,1993,0,0,19,0,0,0,0,0,0,0
60406,1,1,1993,0,0,0,0,0,0,0,0,0,0
60406,2,1,1993,0,0,0,0,0,0,0,0,0,0
60407,1,1,1993,0,0,0,0,0,0,0,0,0,0
60407,2,1,1993,0,0,0,0,0,0,0,0,0,0
60408,1,1,1993,0,0,0,0,0,0,0,0,0,0
60408,2,1,1993,0,0,0,0,0,0,0,0,0,0
60408,3,1,1993,0,0,0,0,0,0,0,0,0,0
60409,1,1,1993,0,0,0,0,0,0,0,0,0,0
60409,2,1,1993,0,0,0,0,0,0,0,0,0,0
60410,1,1,1993,0,0,0,0,0,0,0,0,0,0
60410,2,1,1993,0,0,0,0,0,0,0,0,0,0
60411,1,1,1993,0,0,0,0,0,0,0,0,0,0
60411,2,1,1993,0,0,0,0,0,0,0,0,0,0
60412,1,1,1993,9,9,9,9,9,9,9,9,9,9
60413,1,1,1993,0,0,0,0,0,0,0,0,0,0
60413,2,1,1993,0,0,0,0,0,0,0,0,0,0
60413,3,1,1993,0,0,0,0,0,0,0,0,0,0
60414,1,1,1993,0,0,0,0,0,0,0,0,0,0
60414,2,1,1993,0,0,0,0,0,0,0,0,0,0
60414,3,1,1993,0,0,0,0,0,0,0,0,0,0
60415,1,1,1993,0,0,0,0,0,0,0,0,0,0
60415,2,1,1993,13,21,21,0,27,8,11,11,0,16
60416,1,1,1993,0,0,0,0,0,0,0,0,0,0
60416,2,1,1993,0,0,0,0,0,0,0,0,0,0
60417,0,1,1993,0,0,0,0,0,0,0,0,0,0
60417,1,1,1993,17,0,0,0,0,9,0,0,7,0
60418,0,1,1993,0,0,0,0,0,0,0,0,0,0
60418,1,1,1993,21,18,26,10,16,12,14,12,15,9
60419,0,1,1993,0,0,0,0,0,0,0,0,0,0
60419,1,1,1993,0,0,0,0,0,0,0,0,0,0
60420,0,1,1993,16,16,16,16,16,16,16,16,16,16
60420,1,1,1993,10,10,10,10,10,10,10,10,10,10
60421,0,1,1993,0,0,0,0,0,0,0,0,0,0
60421,1,1,1993,0,0,0,18,0,27,0,0,0,25
60421,3,1,1993,0,0,0,0,0,0,0,0,0,0
60422,1,1,1993,0,0,0,0,0,0,0,0,0,0
60422,2,1,1993,0,0,0,5,12,0,0,0,0,0
60423,1,1,1993,17,17,17,17,17,17,17,17,17,17
60424,1,1,1993,0,0,0,0,0,0,0,0,0,0
60424,2,1,1993,0,0,0,0,0,0,0,0,0,0
60425,0,1,1993,0,0,0,0,0,0,0,0,0,0
60426,1,1,1993,0,0,0,0,0,0,0,0,0,0
60426,2,1,1993,0,0,0,0,0,0,0,0,0,0
60427,1,1,1993,18,18,18,18,18,18,18,18,18,18
60428,1,1,1993,4,4,4,4,4,4,4,4,4,4
60428,2,1,1993,0,0,0,0,0,0,0,0,0,0
60429,1,1,1993,12,28,3,26,27,32,19,24,8,20
60429,2,1,1993,19,8,4,10,26,8,7,0,2,10
60430,0,1,1993,0,0,0,0,0,0,0,0,0,0
60430,1,1,1993,0,0,0,0,9,0,0,0,0,8
60431,1,1,1993,8,8,8,8,8,8,8,8,8,8
60432,0,1,1993,0,43,0,13,29,21,0,24,0,15
60432,0,2,1993,0,27,0,0,23,18,24,0,0,0
60432,1,1,1993,24,24,24,24,24,24,24,24,24,24
60433,1,1,1993,0,0,0,0,0,0,0,0,0,0
60433,2,1,1993,0,0,0,0,0,0,0,0,0,0
60434,1,1,1993,0,0,0,0,0,0,0,0,0,0
60434,2,1,1993,0,0,0,0,0,0,0,0,0,0
60435,1,1,1993,0,0,0,0,0,0,0,10,0,0
60436,0,1,1993,0,0,0,0,0,0,0,0,0,0
60437,1,1,1993,0,0,0,0,0,0,0,0,0,0
60437,2,1,1993,3,0,0,0,0,0,0,0,0,0
60438,0,1,1993,0,0,0,0,0,0,0,0,0,0
60438,1,1,1993,0,0,0,0,0,8,0,0,0,0
60439,0,1,1993,0,0,0,0,0,0,0,0,0,0
60439,1,1,1993,0,0,0,11,0,0,0,0,0,0
60440,1,1,1993,0,0,0,0,0,0,0,0,0,0
60440,2,1,1993,0,0,0,0,0,0,0,0,0,0
60441,1,1,1993,0,0,0,0,0,7,0,0,0,0
60441,2,1,1993,0,0,0,0,0,0,0,0,0,0
60441,3,1,1993,0,0,0,0,0,0,0,0,0,0
60441,4,1,1993,0,0,0,0,0,0,0,0,0,0
60442,0,1,1993,36,36,36,36,36,36,36,36,36,36
60442,1,1,1993,0,0,0,0,0,0,0,0,0,0
60443,1,1,1993,28,28,28,28,28,28,28,28,28,28
60444,1,1,1993,0,0,0,0,0,0,0,0,12,0
60444,3,1,1993,0,0,0,0,0,0,0,0,0,0
60445,1,1,1993,0,0,0,0,0,0,0,0,0,0
60445,2,1,1993,0,0,0,0,0,0,0,0,0,0
60446,0,1,1993,0,0,0,0,0,0,0,0,0,0
60446,1,1,1993,0,0,0,0,0,0,0,0,0,0
60447,1,1,1993,23,23,23,23,23,23,23,23,23,23
60447,2,1,1993,0,0,0,0,0,0,0,0,0,0
60447,3,1,1993,0,0,0,0,0,0,0,0,0,0
60448,1,1,1993,9,0,0,0,41,0,16,0,12,0
60449,1,1,1993,0,0,0,0,0,0,0,0,0,0
60450,1,1,1993,32,32,32,32,32,32,32,32,32,32
60451,0,1,1993,0,0,0,0,0,0,0,0,0,0
60451,1,1,1993,0,0,0,0,16,0,0,26,0,21
60452,1,1,1993,0,0,0,0,0,0,0,0,0,0
60452,2,1,1993,0,0,0,0,0,0,0,0,0,0
60453,1,1,1993,0,0,0,0,0,0,0,0,0,0
60453,2,1,1993,0,0,0,0,0,0,0,0,0,0
60454,0,1,1993,39,0,0,0,0,0,0,0,0,0
60454,1,1,1993,0,0,0,0,0,0,0,0,8,0
60455,1,1,1993,0,0,0,0,0,0,0,0,0,0
60455,2,1,1993,0,0,12,0,0,0,0,0,0,0
60456,0,1,1993,0,0,0,0,0,0,0,0,0,0
60456,1,1,1993,0,0,0,0,0,0,0,0,0,0
60457,0,1,1993,26,26,26,26,26,26,26,26,26,26
60457,1,1,1993,0,0,0,0,0,0,0,0,0,0
60458,1,1,1993,13,18,19,16,22,31,12,13,13,0
60458,2,1,1993,0,0,0,0,0,0,0,0,10,0
60459,1,1,1993,0,0,0,0,0,0,0,0,0,0
60460,1,1,1993,0,0,0,0,0,0,0,0,0,0
60460,2,1,1993,0,0,0,0,0,0,0,0,0,0
60461,1,1,1993,0,0,0,0,0,0,0,0,0,0
60462,1,1,1993,2,2,2,2,2,2,2,2,2,2
60462,2,1,1993,8,8,8,8,8,8,8,8,8,8
60463,1,1,1993,0,0,0,0,0,0,0,0,0,0
60463,2,1,1993,0,0,0,0,0,0,0,0,0,0
60464,1,1,1993,0,0,0,0,0,0,0,0,0,0
60464,2,1,1993,0,0,0,0,0,0,0,0,0,0
60465,1,1,1993,0,0,0,0,0,0,0,0,0,0
60465,2,1,1993,0,0,0,0,0,0,0,0,0,0
60465,3,1,1993,0,0,0,0,0,0,0,12,0,0
60466,0,1,1993,38,0,0,0,0,0,0,0,0,0
60466,0,2,1993,0,0,0,0,0,0,0,0,0,0
60466,0,3,1993,0,0,0,0,0,0,0,0,0,0
60466,1,1,1993,13,13,13,13,13,13,13,13,13,13
60467,1,1,1993,0,0,0,0,0,0,0,0,0,0
60468,1,1,1993,0,0,0,0,0,0,0,0,0,0
60468,2,1,1993,0,12,0,0,0,0,0,0,0,0
60469,0,1,1993,0,0,0,0,0,0,0,0,0,0
60469,0,2,1993,0,0,0,0,0,0,0,0,0,0
60469,1,1,1993,0,0,0,0,0,0,0,0,0,0
60470,1,1,1993,0,0,0,0,0,0,0,0,0,0
60471,0,1,1993,18,18,18,18,18,18,18,18,18,18
60471,1,1,1993,15,15,15,15,15,15,15,15,15,15
60472,1,1,1993,0,0,0,0,0,0,0,0,0,0
60472,2,1,1993,2,2,2,2,2,2,2,2,2,2
60473,0,1,1993,0,0,0,0,0,0,0,0,0,0
60473,0,2,1993,0,0,0,0,0,0,0,7,16,0
60473,1,1,1993,0,0,0,0,0,0,0,0,0,0
60474,1,1,1993,15,15,15,15,15,15,15,15,15,15
60474,2,1,1993,0,0,0,0,0,0,0,0,0,0
60475,0,1,1993,18,18,18,18,18,18,18,18,18,18
60475,1,1,1993,0,0,0,15,15,0,22,7,0,0
60476,0,1,1993,0,0,0,0,0,0,0,0,0,0
60476,0,2,1993,0,0,0,0,0,0,0,0,0,0
60476,1,1,1993,0,0,0,0,0,0,0,0,0,0
60477,0,1,1993,20,20,20,20,20,20,20,20,20,20
60477,1,1,1993,0,0,0,0,0,0,0,0,0,21
60478,1,1,1993,0,0,0,0,0,0,0,0,0,0
60479,2,1,1993,18,18,18,18,18,18,18,18,18,18
60480,1,1,1993,0,0,0,0,0,0,0,0,0,0
60480,2,1,1993,0,0,0,0,0,0,0,0,0,0
60481,1,1,1993,4,4,4,4,4,4,4,4,4,4
60481,2,1,1993,0,0,0,0,0,0,0,0,0,0
60482,0,1,1993,24,24,24,24,24,24,24,24,24,24
60482,1,1,1993,0,0,0,0,0,0,0,0,0,0
60483,1,1,1993,17,17,17,17,17,17,17,17,17,17
60484,0,1,1993,0,0,0,0,0,0,0,0,0,0
60484,1,1,1993,0,0,0,0,0,0,0,0,0,0
60485,1,1,1993,12,12,12,12,12,12,12,12,12,12
60485,2,1,1993,32,32,32,32,32,32,32,32,32,32
60486,0,1,1993,0,0,0,0,0,0,0,0,0,0
60486,0,2,1993,0,0,0,0,0,0,0,0,0,0
60486,0,3,1993,0,0,0,0,0,0,0,0,0,0
60486,1,1,1993,0,0,0,0,0,0,0,0,0,0
60487,0,1,1993,0,0,0,0,0,0,0,0,0,0
60487,1,1,1993,0,0,0,0,0,0,0,0,0,0
60488,1,1,1993,8,8,8,8,8,8,8,8,8,8
60488,2,1,1993,0,0,0,8,0,0,0,0,0,0
60489,1,1,1993,11,11,11,11,11,11,11,11,11,11
60490,0,1,1993,0,0,0,0,0,0,0,0,0,0
60490,1,1,1993,0,0,0,0,0,0,0,0,0,0
60491,1,1,1993,12,12,12,12,12,12,12,12,12,12
60491,2,1,1993,0,0,0,0,0,0,0,0,0,0
60491,3,1,1993,0,0,0,0,0,0,0,0,0,0
60492,0,1,1993,0,0,0,0,0,0,0,0,0,0
60492,0,2,1993,0,0,0,0,0,14,0,0,0,0
60492,1,1,1993,1,1,1,1,1,1,1,1,1,1
60493,0,1,1993,0,0,0,0,0,0,0,0,0,0
60493,1,1,1993,0,0,0,0,0,0,0,0,0,0
60494,1,1,1993,0,0,0,0,0,0,0,0,0,0
60495,0,1,1993,0,0,0,0,0,0,0,0,0,0
60495,1,1,1993,19,0,0,0,7,0,10,0,0,0
60496,1,1,1993,0,0,0,0,0,0,0,0,0,0
60497,1,1,1993,0,0,0,0,0,0,0,0,0,0
60497,2,1,1993,0,0,0,0,0,0,0,0,0,0
60498,1,1,1993,0,0,0,0,0,0,0,0,0,0
60499,1,1,1993,0,0,0,0,0,0,0,0,0,0
60499,2,1,1993,0,0,0,0,0,0,0,0,0,0
60500,1,1,1993,28,28,28,28,28,28,28,28,28,28
60501,0,1,1993,0,0,0,0,0,0,0,0,0,0
60501,1,1,1993,0,0,0,0,0,0,0,0,0,0
60502,1,1,1993,10,10,10,10,10,10,10,10,10,10
60502,2,1,1993,0,0,0,0,0,0,0,0,0,0
60503,1,1,1993,19,19,19,19,19,19,19,19,19,19
60504,0,1,1993,10,10,10,10,10,10,10,10,10,10
60504,0,2,1993,15,15,15,15,15,15,15,15,15,15
60504,1,1,1993,0,0,16,10,0,0,0,0,0,4
60505,1,1,1993,0,0,8,0,0,0,0,0,0,0
60506,1,1,1993,0,0,0,0,0,0,0,0,0,0
60506,2,1,1993,0,0,0,0,0,0,0,0,0,0
60507,1,1,1993,16,16,16,16,16,16,16,16,16,16
60507,2,1,1993,0,0,0,0,0,0,0,0,12,0
60508,1,1,1993,14,14,14,14,14,14,14,14,14,14
60508,2,1,1993,0,0,0,0,0,0,0,0,0,0
60509,1,1,1993,11,11,11,11,11,11,11,11,11,11
60509,2,1,1993,0,0,0,0,0,0,0,0,0,0
60510,1,1,1993,22,22,22,22,22,22,22,22,22,22
60511,1,1,1993,0,0,0,0,0,0,0,0,0,0
60511,2,1,1993,0,0,0,0,0,0,0,0,0,0