ST_CASE,VEH_NO,PER_NO,YEAR,P1,P2,P3,P4,P5,P6,P7,P8,P9,P10
60512,1,1,1993,0,0,0,0,0,0,0,0,0,0
60513,1,1,1993,0,0,0,0,0,0,0,0,0,0
60513,2,1,1993,0,0,0,0,0,0,0,0,0,0
60514,1,1,1993,0,0,0,0,0,0,0,0,0,0
60515,1,1,1993,15,15,15,15,15,15,15,15,15,15
60516,1,1,1993,3,3,3,3,3,3,3,3,3,3
60517,0,1,1993,0,0,20,0,0,0,41,0,0,16
60517,1,1,1993,24,24,24,24,24,24,24,24,24,24
60518,0,1,1993,18,18,18,18,18,18,18,18,18,18
60518,1,1,1993,0,0,0,0,0,0,0,0,0,0
60519,1,1,1993,22,34,7,0,14,12,10,29,0,19
60520,1,1,1993,0,0,0,0,0,0,0,0,0,0
60520,2,1,1993,0,0,0,0,0,0,0,0,0,0
60521,1,1,1993,0,0,0,0,0,0,0,0,0,0
60522,1,1,1993,0,0,0,0,0,0,0,0,0,0
60522,2,1,1993,0,0,0,0,0,0,0,0,0,0
60523,1,1,1993,0,0,30,0,0,0,0,0,0,0
60524,0,1,1993,18,18,18,18,18,18,18,18,18,18
60524,1,1,1993,0,0,0,0,0,0,0,0,0,0
60525,1,1,1993,0,0,0,0,0,0,0,0,0,0
60526,0,1,1993,0,0,0,0,0,0,0,0,0,0
60526,1,1,1993,0,0,0,8,0,0,0,0,0,0
60527,1,1,1993,0,0,0,0,0,0,0,0,0,0
60527,2,1,1993,0,9,0,0,0,0,0,0,21,4
60528,1,1,1993,0,0,0,0,0,0,0,0,0,0
60529,0,1,1993,0,0,0,0,0,0,0,0,0,0
60529,1,1,1993,0,0,0,0,0,0,0,0,0,0
60530,0,1,1993,0,0,0,18,25,0,0,0,18,0
60530,1,1,1993,0,0,0,0,0,0,0,0,0,0
60531,1,1,1993,0,0,0,0,0,0,0,0,0,0
60531,2,1,1993,13,13,13,13,13,13,13,13,13,13
60532,1,1,1993,18,18,18,18,18,18,18,18,18,18
60533,0,1,1993,0,23,38,0,0,0,20,0,0,9
60533,1,1,1993,25,25,25,25,25,25,25,25,25,25
60534,0,1,1993,0,0,0,0,0,0,0,0,0,0
60534,1,1,1993,0,0,0,0,0,0,0,0,0,0
60534,2,1,1993,0,0,0,0,0,0,0,0,0,0
60535,0,1,1993,0,0,0,0,0,0,0,0,0,0
60535,1,1,1993,0,0,0,0,0,0,32,0,0,0
60536,1,1,1993,0,0,0,0,0,0,0,0,0,0
60536,2,1,1993,0,0,0,0,0,0,0,0,0,0
60537,1,1,1993,0,0,0,0,0,0,0,0,0,0
60538,1,1,1993,0,0,0,0,0,0,0,0,0,0
60538,2,1,1993,0,0,0,0,0,0,0,0,0,0
60539,1,1,1993,21,21,21,21,21,21,21,21,21,21
60539,2,1,1993,0,0,0,0,0,0,0,0,0,0
60540,0,1,1993,0,0,0,0,0,0,0,0,0,0
60540,1,1,1993,0,0,0,0,0,0,0,0,0,0
60541,1,1,1993,17,17,17,17,17,17,17,17,17,17
60542,1,1,1993,0,32,13,16,10,0,0,12,20,6
60542,2,1,1993,12,18,4,12,6,5,4,17,11,9
60543,1,1,1993,9,9,9,9,9,9,9,9,9,9
60544,1,1,1993,7,7,7,7,7,7,7,7,7,7
60544,2,1,1993,0,0,0,0,0,0,0,0,0,0
60545,0,1,1993,0,0,0,0,0,0,0,0,0,0
60545,1,1,1993,11,0,0,0,0,0,0,0,0,0
60546,1,1,1993,0,0,0,0,0,0,0,0,0,0
60546,2,1,1993,0,0,0,0,0,0,0,0,0,0
60546,3,1,1993,0,0,0,0,0,0,0,0,0,0
60547,0,1,1993,0,0,0,0,0,0,0,0,0,0
60547,1,1,1993,0,0,0,0,0,0,0,0,0,0
60548,1,1,1993,0,0,0,0,0,0,0,0,0,0
60548,2,1,1993,0,0,0,0,0,0,0,0,0,0
60548,3,1,1993,0,0,0,0,0,0,0,0,0,0
60549,1,1,1993,33,33,33,33,33,33,33,33,33,33
60550,0,1,1993,0,0,0,0,0,0,0,0,0,0
60550,1,1,1993,0,0,0,0,0,0,0,0,0,0
60551,1,1,1993,4,2,11,12,7,21,12,14,16,22
60552,1,1,1993,9,9,9,9,9,9,9,9,9,9
60552,2,1,1993,0,0,0,0,0,0,0,0,23,0
60553,1,1,1993,0,0,0,0,0,0,0,6,0,0
60553,2,1,1993,0,0,0,0,0,0,0,0,0,0
60555,0,1,1993,19,19,19,19,19,19,19,19,19,19
60555,1,1,1993,0,0,0,0,0,0,11,0,0,0
60556,1,1,1993,5,5,5,5,5,5,5,5,5,5
60556,2,1,1993,0,0,0,0,0,0,0,0,0,0
60557,0,1,1993,4,4,4,4,4,4,4,4,4,4
60557,1,1,1993,0,0,0,0,0,0,0,0,0,0
60558,1,1,1993,0,0,0,0,0,0,0,0,0,0
60558,2,1,1993,0,0,0,0,0,0,0,0,0,0
60558,3,1,1993,0,0,0,0,0,0,0,0,0,0
60558,4,1,1993,0,0,0,0,0,0,0,0,0,0
60558,5,1,1993,0,0,0,0,0,0,3,0,0,0
60558,6,1,1993,0,0,0,0,0,0,0,0,0,0
60559,1,1,1993,0,0,0,0,0,0,0,0,0,0
60559,2,1,1993,0,0,0,0,0,0,0,0,0,0
60560,1,1,1993,0,0,0,0,0,0,0,0,0,0
60561,1,1,1993,12,12,12,12,12,12,12,12,12,12
60561,2,1,1993,0,0,0,0,0,0,0,0,0,0
60562,0,1,1993,0,0,0,0,0,0,0,0,0,0
60562,1,1,1993,14,0,0,0,0,0,0,0,0,0
60563,0,1,1993,30,30,30,30,30,30,30,30,30,30
60563,1,1,1993,0,0,0,0,0,0,0,0,0,0
60564,1,1,1993,16,16,16,16,16,16,16,16,16,16
60565,1,1,1993,0,0,0,0,0,0,0,0,0,0
60566,1,1,1993,16,16,16,16,16,16,16,16,16,16
60567,1,1,1993,0,0,0,0,0,0,0,0,0,0
60568,1,1,1993,0,0,0,0,0,0,0,0,0,0
60569,0,1,1993,0,0,0,0,0,0,0,0,0,0
60569,1,1,1993,0,0,0,0,0,0,0,0,0,0
60570,1,1,1993,29,29,29,29,29,29,29,29,29,29
60570,2,1,1993,0,0,0,0,0,0,0,0,0,0
60571,1,1,1993,0,0,0,0,0,0,0,0,0,0
60572,1,1,1993,16,16,16,16,16,16,16,16,16,16
60573,1,1,1993,5,0,0,0,0,10,0,0,12,0
60573,2,1,1993,0,0,0,0,0,0,0,0,0,0
60573,3,1,1993,0,0,0,0,0,0,0,0,0,0
60574,0,1,1993,19,19,19,19,19,19,19,19,19,19
60574,1,1,1993,0,0,0,0,0,0,0,0,0,0
60575,1,1,1993,20,20,20,20,20,20,20,20,20,20
60576,1,1,1993,0,0,0,0,0,0,0,0,0,0
60576,2,1,1993,0,0,0,0,0,0,0,0,0,0
60577,0,1,1993,0,0,0,0,0,0,0,0,0,0
60577,1,1,1993,0,0,0,0,0,0,0,0,0,0
60578,0,1,1993,0,0,0,0,0,0,0,0,0,0
60578,1,1,1993,0,0,0,0,0,0,0,7,0,0
60579,0,1,1993,0,0,0,0,0,0,0,0,0,0
60579,1,1,1993,0,0,0,0,0,0,0,0,0,0
60580,0,1,1993,32,32,32,32,32,32,32,32,32,32
60580,1,1,1993,0,0,0,0,0,0,0,0,0,0
60581,0,1,1993,0,0,0,0,0,0,0,0,0,0
60581,1,1,1993,0,0,0,0,0,0,0,0,0,0
60582,0,1,1993,0,0,0,0,0,0,0,0,0,0
60582,1,1,1993,0,0,0,0,0,0,0,0,0,0
60583,1,1,1993,13,13,13,13,13,13,13,13,13,13
60584,0,1,1993,0,0,0,0,0,0,0,0,0,0
60584,1,1,1993,0,0,0,0,0,0,0,0,0,0
60585,1,1,1993,0,0,0,0,0,0,0,0,0,0
60586,1,1,1993,0,0,0,0,0,0,0,0,0,0
60587,0,1,1993,0,0,0,0,0,0,0,0,0,0
60587,1,1,1993,0,0,0,0,0,0,0,0,0,0
60588,1,1,1993,0,0,0,0,0,0,0,0,0,0
60589,1,1,1993,7,7,7,7,7,7,7,7,7,7
60589,2,1,1993,0,0,0,0,0,0,0,0,0,0
60589,3,1,1993,0,0,0,0,0,0,0,0,0,0
60590,1,1,1993,0,0,0,0,0,8,0,0,0,0
60590,2,1,1993,30,0,0,0,0,0,0,0,18,0
60591,1,1,1993,0,0,0,0,0,0,0,0,0,0
60592,0,1,1993,0,0,0,0,0,0,0,0,0,0
60592,1,1,1993,41,9,0,20,0,0,0,0,0,0
60593,0,1,1993,26,26,26,26,26,26,26,26,26,26
60593,1,1,1993,0,0,0,0,0,0,0,0,0,0
60594,1,1,1993,0,0,0,0,0,0,0,0,0,0
60594,2,1,1993,0,0,0,0,0,0,0,0,0,0
60595,1,1,1993,0,0,0,0,0,0,0,0,0,0
60595,2,1,1993,0,0,0,0,0,0,0,0,0,0
60596,1,1,1993,8,8,8,8,8,8,8,8,8,8
60597,1,1,1993,0,0,0,0,0,0,0,0,0,0
60598,1,1,1993,0,0,0,0,0,0,0,0,0,0
60599,0,1,1993,0,0,0,0,0,0,0,0,0,0
60599,1,1,1993,2,16,27,11,8,5,17,21,21,9
60600,1,1,1993,0,0,0,0,0,0,0,0,0,0
60601,1,1,1993,24,24,24,24,24,24,24,24,24,24
60601,2,1,1993,0,0,0,0,11,0,0,0,0,0
60602,1,1,1993,0,0,0,0,0,0,0,4,0,0
60602,2,1,1993,12,12,12,12,12,12,12,12,12,12
60603,0,1,1993,0,0,0,0,0,0,0,0,0,0
60603,1,1,1993,0,0,0,0,0,0,0,0,0,0
60604,1,1,1993,0,0,0,0,0,0,0,0,0,0
60605,1,1,1993,24,3,0,2,0,0,0,0,0,0
60605,2,1,1993,0,0,0,0,0,0,0,0,0,0
60606,1,1,1993,14,16,15,31,27,26,18,21,0,16
60607,1,1,1993,4,4,4,4,4,4,4,4,4,4
60608,1,1,1993,0,0,0,0,0,0,0,0,0,0
60609,1,1,1993,18,18,18,18,18,18,18,18,18,18
60610,0,1,1993,23,23,23,23,23,23,23,23,23,23
60610,1,1,1993,0,0,0,0,0,0,0,0,0,0
60611,0,1,1993,0,0,0,0,0,0,0,0,0,0
60611,1,1,1993,0,0,0,0,0,0,0,0,0,0
60612,1,1,1993,0,0,0,0,0,0,0,0,0,0
60613,0,1,1993,0,0,0,0,0,0,0,0,0,0
60613,1,1,1993,0,0,0,0,0,0,0,0,0,0
60614,1,1,1993,0,0,0,0,0,5,0,0,0,0
60614,2,1,1993,0,0,0,0,0,0,0,0,0,0
60615,1,1,1993,23,23,23,23,23,23,23,23,23,23
60615,2,1,1993,0,0,0,12,0,0,6,0,0,0
60616,0,1,1993,0,0,0,0,0,0,0,0,0,0
60616,1,1,1993,10,11,20,22,5,4,15,33,23,13
60617,0,1,1993,35,35,35,35,35,35,35,35,35,35
60617,1,1,1993,0,0,0,0,0,0,0,0,0,0
60618,0,1,1993,0,0,0,0,0,0,0,0,0,0
60618,1,1,1993,0,30,0,11,11,19,0,21,3,0
60619,1,1,1993,12,12,12,12,12,12,12,12,12,12
60619,2,1,1993,7,0,20,20,0,0,11,7,0,36
60620,0,1,1993,0,0,0,0,0,0,0,0,0,0
60620,1,1,1993,0,0,0,0,14,0,9,20,27,0
60621,1,1,1993,24,24,24,24,24,24,24,24,24,24
60621,2,1,1993,0,0,0,0,0,0,0,0,0,0
60622,0,1,1993,0,0,0,0,0,0,0,0,0,0
60622,1,1,1993,0,0,0,0,0,0,0,0,0,0
60623,0,1,1993,0,0,0,0,0,0,0,0,0,0
60623,1,1,1993,0,0,0,0,0,0,0,0,0,0
60624,1,1,1993,0,0,2,0,0,0,0,0,0,0
60625,0,1,1993,0,0,0,0,0,0,0,0,0,0
60625,1,1,1993,0,0,0,0,0,0,0,0,0,0
60626,1,1,1993,32,32,32,32,32,32,32,32,32,32
60626,2,1,1993,0,0,0,0,0,0,0,0,0,0
60627,1,1,1993,0,0,0,0,0,0,0,0,0,0
60627,2,1,1993,0,0,0,0,0,0,0,0,0,0
60628,1,1,1993,0,0,0,0,0,0,0,0,0,0
60628,2,1,1993,0,0,0,0,0,0,0,0,0,0
60628,3,1,1993,0,0,0,0,0,0,0,0,0,0
60629,1,1,1993,0,36,20,0,21,0,20,0,0,0
60630,0,1,1993,38,0,0,0,0,0,0,0,0,0
60630,1,1,1993,0,0,0,0,0,0,0,0,0,0
60631,0,1,1993,0,0,0,0,0,0,0,0,0,0
60631,0,2,1993,0,0,0,0,0,0,0,0,0,0
60631,0,3,1993,0,0,0,0,0,0,0,0,0,0
60631,0,4,1993,0,0,0,0,0,0,0,0,0,0
60631,1,1,1993,0,0,0,0,0,0,0,0,0,0
60632,1,1,1993,0,0,0,0,0,0,0,0,0,0
60632,2,1,1993,9,0,0,0,0,0,0,0,0,0
60633,1,1,1993,0,0,0,33,0,0,0,0,7,21
60634,0,1,1993,0,0,0,0,0,0,0,0,0,0
60634,1,1,1993,0,0,0,0,0,0,0,0,0,0
60635,1,1,1993,0,0,0,0,0,0,0,0,0,0
60636,1,1,1993,2,2,2,2,2,2,2,2,2,2
60636,2,1,1993,0,0,0,0,0,0,0,0,0,0
60636,3,1,1993,0,0,0,0,0,0,0,0,0,0
60636,4,1,1993,0,0,0,0,0,0,0,0,0,0
60636,5,1,1993,0,0,0,0,0,0,0,0,0,0
60636,6,1,1993,0,0,0,0,0,0,0,0,0,0
60637,1,1,1993,0,0,0,0,0,0,0,0,0,0
60637,2,1,1993,0,0,0,0,0,0,0,0,0,0
60638,0,1,1993,0,0,0,0,0,0,0,0,0,0
60638,1,1,1993,0,0,0,0,0,0,0,0,0,0
60638,2,1,1993,0,0,0,0,0,0,0,0,0,0
60639,1,1,1993,0,0,0,0,0,0,0,0,0,0
60639,2,1,1993,0,0,0,0,0,0,0,0,0,0
60640,0,1,1993,0,0,0,0,0,0,0,0,0,0
60640,1,1,1993,0,0,0,0,0,0,0,0,0,0
60641,0,1,1993,0,0,0,0,0,0,0,0,0,0
60641,1,1,1993,0,0,0,0,0,0,0,0,0,0
60642,1,1,1993,0,20,8,0,14,0,9,7,0,7
60642,2,1,1993,0,0,0,0,0,0,0,0,0,0
60644,1,1,1993,0,0,0,0,0,0,0,0,0,0
60645,1,1,1993,0,0,0,0,0,0,0,0,0,0
60645,2,1,1993,0,0,0,0,0,0,0,0,0,9
60646,1,1,1993,0,0,0,0,0,0,0,0,0,0
60647,0,1,1993,24,24,24,24,24,24,24,24,24,24
60647,1,1,1993,0,0,0,13,0,0,0,0,16,0
60648,0,1,1993,0,0,0,0,0,0,0,0,0,0
60648,1,1,1993,0,0,0,0,0,0,0,0,0,9
60649,1,1,1993,0,0,0,10,0,0,0,14,9,0
60649,2,1,1993,0,5,0,23,0,0,10,0,4,0
60650,0,1,1993,26,26,26,26,26,26,26,26,26,26
60650,1,1,1993,0,0,0,0,0,0,0,0,0,0
60651,1,1,1993,0,0,0,0,0,0,0,0,0,0
60651,2,1,1993,0,0,0,0,0,0,0,0,0,0
60651,3,1,1993,0,0,0,0,0,0,0,0,0,0
60653,1,1,1993,0,0,0,0,0,0,0,0,0,0
60653,2,1,1993,0,0,0,0,0,0,0,0,0,0
60654,1,1,1993,0,0,0,0,0,0,0,0,0,0
60654,2,1,1993,0,0,0,0,0,0,0,0,0,0
60655,0,1,1993,11,11,11,11,11,11,11,11,11,11
60655,1,1,1993,0,0,0,6,0,0,0,0,0,0
60656,1,1,1993,0,0,0,0,14,0,0,0,0,0
60656,2,1,1993,17,0,0,0,10,0,0,17,0,6
60656,3,1,1993,0,0,0,0,0,0,0,0,0,0
60657,1,1,1993,0,0,0,0,0,0,0,0,0,0
60658,1,1,1993,0,0,0,0,0,0,0,0,3,5
60658,2,1,1993,0,0,0,0,0,0,0,0,0,0
60658,3,1,1993,0,0,0,0,0,0,0,0,0,0
60659,1,1,1993,0,0,0,0,0,0,0,0,0,0
60659,2,1,1993,0,0,0,0,0,0,0,0,0,0
60660,1,1,1993,0,0,0,0,0,0,0,0,0,0
60660,2,1,1993,0,0,0,0,0,0,0,0,0,0
60661,1,1,1993,0,0,0,0,0,0,0,0,0,0
60661,2,1,1993,0,0,0,0,0,0,0,0,0,0
60662,1,1,1993,22,22,22,22,22,22,22,22,22,22
60663,1,1,1993,0,0,0,0,0,0,0,0,0,0
60663,2,1,1993,0,0,0,0,0,0,0,0,0,0
60663,3,1,1993,0,0,0,0,0,0,7,0,0,0
60664,0,1,1993,0,0,0,0,0,0,0,0,0,0
60664,0,2,1993,0,0,0,0,0,0,0,0,0,0
60664,1,1,1993,0,0,0,0,0,0,0,0,0,0
60665,1,1,1993,0,0,0,0,0,0,0,0,0,0
60666,1,1,1993,13,13,13,13,13,13,13,13,13,13
60667,1,1,1993,0,0,0,0,0,0,0,0,0,0
60668,1,1,1993,0,0,0,0,0,0,0,0,0,0
60669,1,1,1993,15,15,15,15,15,15,15,15,15,15
60670,1,1,1993,0,0,0,0,0,0,0,0,0,0
60670,2,1,1993,0,0,0,0,0,0,0,0,0,0
60671,1,1,1993,0,0,0,0,0,0,0,0,0,0
60671,2,1,1993,0,0,0,0,0,0,0,0,0,0
60671,3,1,1993,0,0,0,0,0,0,0,0,0,0
60672,0,1,1993,11,11,11,11,11,11,11,11,11,11
60672,1,1,1993,0,0,0,0,0,0,0,0,0,2
60673,1,1,1993,0,0,0,0,0,0,0,0,0,0
60673,2,1,1993,9,0,0,11,0,0,0,0,0,0
60674,0,1,1993,23,23,23,23,23,23,23,23,23,23
60674,1,1,1993,0,0,0,0,0,0,0,0,0,0
60675,1,1,1993,0,0,0,0,0,0,0,0,0,0
60676,1,1,1993,0,0,0,0,0,0,0,0,0,0
60676,2,1,1993,0,0,0,0,0,0,0,0,7,0
60677,0,1,1993,0,0,0,0,0,0,0,0,0,0
60677,1,1,1993,0,0,0,0,0,0,0,0,0,0
60677,2,1,1993,0,0,0,0,0,0,0,0,0,0
60678,1,1,1993,0,0,0,0,0,0,0,0,0,0
60678,2,1,1993,15,15,15,15,15,15,15,15,15,15
60679,1,1,1993,0,0,0,0,0,0,0,0,0,0
60679,2,1,1993,0,0,0,0,0,0,0,0,19,0
60680,1,1,1993,12,12,12,12,12,12,12,12,12,12
60681,1,1,1993,0,0,0,0,0,0,0,0,0,0
60681,2,1,1993,0,0,0,0,0,0,0,0,0,0
60681,3,1,1993,0,0,0,0,0,0,0,0,0,0
60682,0,1,1993,0,0,0,0,0,0,0,0,0,0
60682,1,1,1993,0,0,0,0,0,0,0,0,0,0
60683,1,1,1993,15,15,15,15,15,15,15,15,15,15
60684,1,1,1993,29,29,29,29,29,29,29,29,29,29
60685,1,1,1993,0,0,0,0,0,0,0,0,0,0
60685,2,1,1993,0,0,0,0,0,0,0,0,0,0
60686,1,1,1993,0,0,11,0,0,0,0,0,0,0
60687,1,1,1993,0,0,0,0,0,0,0,0,0,0
60688,1,1,1993,0,0,0,0,0,0,0,0,0,0
60689,0,1,1993,0,0,0,0,0,0,0,0,0,0
60689,1,1,1993,0,0,0,0,0,0,0,0,0,0
60690,1,1,1993,0,0,0,0,0,0,0,0,0,0
60690,2,1,1993,0,0,0,0,0,0,0,0,0,0
60691,1,1,1993,0,0,0,0,0,13,0,0,0,0
60691,2,1,1993,0,0,0,0,0,0,11,0,0,0
60692,1,1,1993,0,0,0,0,0,0,0,0,0,0
60693,0,1,1993,0,0,0,0,0,0,0,0,0,0
60693,0,2,1993,0,0,0,0,0,0,0,0,0,0
60693,1,1,1993,0,0,0,0,0,0,0,0,0,0
60694,1,1,1993,0,0,0,0,0,0,0,0,0,0
60694,2,1,1993,0,0,0,0,0,0,0,0,0,0
60695,2,1,1993,0,0,0,0,0,0,0,0,0,0
60696,1,1,1993,7,7,7,7,7,7,7,7,7,7
60696,2,1,1993,22,22,22,22,22,22,22,22,22,22
60697,1,1,1993,34,34,34,34,34,34,34,34,34,34
60697,2,1,1993,0,0,0,0,0,0,0,0,0,0
60698,1,1,1993,0,0,0,0,0,0,0,0,0,0
60698,2,1,1993,0,0,0,0,0,0,0,0,0,0
60699,1,1,1993,17,17,17,17,17,17,17,17,17,17
60700,1,1,1993,17,17,17,17,17,17,17,17,17,17
60700,2,1,1993,0,0,0,0,0,0,0,0,0,0
60701,1,1,1993,19,19,19,19,19,19,19,19,19,19
60701,2,1,1993,0,0,0,0,0,0,0,0,0,0
60701,3,1,1993,0,0,0,0,0,0,0,0,0,0
60702,1,1,1993,10,10,10,10,10,10,10,10,10,10
60702,2,1,1993,0,0,0,0,0,0,0,0,0,0
60703,1,1,1993,0,0,0,0,0,0,0,0,0,0
60703,2,1,1993,0,0,0,0,0,0,0,0,0,0
60703,3,1,1993,0,0,0,0,0,0,0,0,0,0
60704,1,1,1993,28,28,28,28,28,28,28,28,28,28
60704,2,1,1993,25,25,25,25,25,25,25,25,25,25
60704,3,1,1993,0,0,0,0,0,3,0,0,0,0
60705,1,1,1993,15,12,19,16,9,0,0,15,15,0
60705,2,1,1993,0,0,23,0,0,0,0,0,0,0
60706,0,1,1993,0,0,0,0,0,0,0,0,0,0
60706,1,1,1993,0,5,8,0,0,0,0,0,0,0
60707,1,1,1993,0,0,0,0,0,0,0,0,0,0
60707,2,1,1993,0,0,0,0,0,0,0,0,0,0
60708,0,1,1993,0,0,0,0,0,0,0,0,0,0
60708,1,1,1993,0,12,21,0,0,0,0,0,0,0
60709,1,1,1993,19,19,19,19,19,19,19,19,19,19
60710,1,1,1993,0,0,0,0,0,0,0,0,0,0
60711,1,1,1993,0,0,0,0,0,0,0,0,0,0
60711,2,1,1993,0,0,0,0,0,0,0,0,0,0
60712,1,1,1993,0,0,0,0,0,0,0,0,0,0
60713,0,1,1993,0,0,0,0,0,0,0,0,0,0
60713,1,1,1993,0,0,0,0,0,0,0,0,0,0
60714,1,1,1993,10,10,10,10,10,10,10,10,10,10
60714,2,1,1993,0,0,0,0,0,0,0,0,0,0
60715,1,1,1993,11,11,11,11,11,11,11,11,11,11
60716,1,1,1993,19,0,0,18,12,21,31,0,14,18
60717,1,1,1993,10,10,10,10,10,10,10,10,10,10
60718,0,1,1993,0,0,0,0,0,0,0,0,0,0
60718,1,1,1993,0,0,0,0,0,0,0,0,0,0
60719,1,1,1993,9,9,9,9,9,9,9,9,9,9
60720,0,1,1993,35,35,35,35,35,35,35,35,35,35
60720,0,2,1993,33,33,33,33,33,33,33,33,33,33
60720,1,1,1993,0,0,0,0,0,0,0,0,0,0
60721,1,1,1993,0,0,0,0,0,0,0,0,0,0
60721,2,1,1993,0,0,0,0,0,0,0,0,0,0
60721,3,1,1993,0,0,0,0,0,0,0,0,0,0
60722,1,1,1993,2,2,2,2,2,2,2,2,2,2
60724,1,1,1993,0,0,0,0,9,0,0,0,0,0
60724,2,1,1993,0,0,0,0,0,0,0,0,0,0
60725,1,1,1993,1,1,1,1,1,1,1,1,1,1
60725,2,1,1993,0,0,0,0,0,0,0,0,0,0
60726,0,1,1993,0,0,0,0,0,0,0,0,0,0
60726,1,1,1993,0,0,0,7,0,9,7,9,0,0
60727,0,1,1993,25,25,25,25,25,25,25,25,25,25
60727,1,1,1993,7,0,0,0,0,0,14,0,6,0
60728,0,1,1993,46,46,46,46,46,46,46,46,46,46
60728,1,1,1993,0,0,0,0,10,6,23,0,0,0
60729,1,1,1993,29,29,29,29,29,29,29,29,29,29
60730,1,1,1993,0,0,0,0,0,0,0,0,0,0
60731,1,1,1993,3,0,0,12,8,12,0,0,18,0
60732,1,1,1993,0,0,0,0,0,0,0,0,0,0
60732,2,1,1993,22,22,22,22,22,22,22,22,22,22
60733,1,1,1993,0,0,0,0,0,0,0,0,0,0
60734,1,1,1993,30,30,30,30,30,30,30,30,30,30
60735,1,1,1993,30,30,30,30,30,30,30,30,30,30
60735,2,1,1993,0,0,0,0,0,0,0,0,0,0
60736,0,1,1993,15,15,15,15,15,15,15,15,15,15
60736,0,2,1993,12,12,12,12,12,12,12,12,12,12
60736,1,1,1993,0,0,0,0,0,0,0,0,0,0
60736,2,1,1993,0,0,0,0,0,0,0,0,0,0
60737,1,1,1993,1,1,1,1,1,1,1,1,1,1
60737,2,1,1993,0,0,0,0,0,0,0,0,0,0
60738,1,1,1993,13,13,13,13,13,13,13,13,13,13
60738,2,1,1993,6,6,6,6,6,6,6,6,6,6
60739,1,1,1993,0,0,0,0,0,0,0,0,0,0
60740,1,1,1993,11,0,0,0,0,0,0,0,0,0
60741,1,1,1993,0,0,0,0,0,0,0,0,0,0
60742,1,1,1993,22,22,22,22,22,22,22,22,22,22
60743,1,1,1993,0,0,0,0,0,0,0,0,0,0
60743,2,1,1993,0,0,0,0,0,0,0,0,0,0
60743,3,1,1993,0,0,0,0,0,0,0,0,0,0
60744,0,1,1993,20,20,20,20,20,20,20,20,20,20
60744,1,1,1993,0,0,0,32,0,0,0,0,0,0
60745,1,1,1993,9,4,0,0,0,11,7,0,0,0
60745,2,1,1993,0,0,0,0,0,0,0,0,0,0
60746,0,1,1993,0,0,0,0,0,0,0,0,0,0
60746,1,1,1993,15,13,0,11,0,0,0,0,15,24
60747,1,1,1993,23,23,23,23,23,23,23,23,23,23
60748,1,1,1993,0,0,0,0,0,0,0,0,0,0
60748,2,1,1993,0,0,0,0,0,0,0,0,0,0
60749,0,1,1993,0,0,0,0,0,0,0,0,0,0
60749,1,1,1993,0,0,0,0,0,0,0,0,0,0
60750,1,1,1993,0,0,0,0,0,0,0,0,0,0
60751,1,1,1993,0,0,0,0,0,0,0,0,0,0
60752,1,1,1993,0,0,0,0,0,0,0,0,0,0
60753,1,1,1993,18,18,18,18,18,18,18,18,18,18
60754,1,1,1993,0,0,0,0,0,0,0,0,0,0
60755,0,1,1993,0,0,0,0,0,0,0,0,0,0
60755,1,1,1993,0,0,0,0,0,0,0,0,0,0
60756,1,1,1993,0,0,0,0,0,0,0,0,0,0
60756,2,1,1993,0,0,0,0,0,0,0,0,0,0
60757,1,1,1993,0,0,0,0,0,0,0,0,0,0
60757,2,1,1993,0,0,0,0,0,0,0,0,0,0
60758,1,1,1993,24,24,24,24,24,24,24,24,24,24
60759,0,1,1993,0,0,0,0,0,0,0,0,0,0
60759,1,1,1993,8,8,8,8,8,8,8,8,8,8
60760,0,1,1993,0,0,33,0,12,39,0,0,0,0
60760,1,1,1993,0,0,0,0,0,0,0,0,0,0
60761,1,1,1993,0,0,0,0,0,4,0,0,0,0
60763,1,1,1993,18,7,0,0,0,0,0,0,0,0
60763,2,1,1993,0,0,0,0,0,0,0,3,0,0
60764,1,1,1993,0,0,0,0,0,0,0,0,0,0
60765,1,1,1993,0,0,0,0,0,0,0,0,0,0
60765,2,1,1993,0,0,0,0,0,0,0,0,0,0
60766,1,1,1993,0,0,0,0,0,0,0,0,0,0
60766,2,1,1993,0,0,0,0,0,0,0,0,0,0
60767,1,1,1993,0,0,0,0,26,15,17,0,0,0
60768,1,1,1993,0,0,0,0,0,0,0,0,0,0
60768,2,1,1993,0,0,0,0,0,0,0,0,0,0
60768,3,1,1993,0,0,0,0,0,0,0,0,0,0
60769,0,1,1993,0,0,0,0,0,0,0,0,0,0
60769,1,1,1993,8,10,21,15,0,18,0,16,11,14
60770,1,1,1993,0,0,0,0,0,0,0,0,0,0
60771,0,1,1993,0,0,0,0,0,0,0,0,16,0
60771,1,1,1993,0,0,0,0,0,0,0,0,0,8
60772,0,1,1993,0,0,0,0,0,0,0,0,0,0
60772,1,1,1993,0,0,0,0,0,0,0,0,0,0
60773,1,1,1993,8,8,8,8,8,8,8,8,8,8
60774,0,1,1993,30,30,30,30,30,30,30,30,30,30
60774,1,1,1993,0,0,6,0,0,0,0,12,0,22
60775,0,1,1993,0,0,0,0,0,0,0,0,0,0
60775,1,1,1993,14,0,0,0,0,0,0,0,0,14
60776,1,1,1993,6,6,6,6,6,6,6,6,6,6
60777,1,1,1993,0,0,0,0,0,0,0,0,0,0
60778,1,1,1993,0,0,0,0,0,0,0,0,0,7
60779,1,1,1993,0,5,0,0,0,31,13,18,30,0