ST_CASE,VEH_NO,PER_NO,YEAR,P1,P2,P3,P4,P5,P6,P7,P8,P9,P10
60780,1,1,1993,16,16,16,16,16,16,16,16,16,16
60781,1,1,1993,0,0,0,0,0,0,0,0,0,0
60782,1,1,1993,0,0,0,0,0,0,0,0,0,0
60782,2,1,1993,0,0,0,0,0,0,0,0,0,0
60783,1,1,1993,0,0,0,0,0,0,0,0,0,0
60784,1,1,1993,0,0,0,0,0,0,0,0,0,0
60784,2,1,1993,0,0,0,0,0,0,0,0,0,0
60785,1,1,1993,0,0,0,0,0,0,0,0,0,0
60786,1,1,1993,0,0,0,0,0,0,0,0,0,0
60786,2,1,1993,0,0,0,0,0,0,0,0,0,0
60787,1,1,1993,15,0,0,11,0,0,0,0,0,0
60788,1,1,1993,21,21,21,21,21,21,21,21,21,21
60789,1,1,1993,12,12,12,12,12,12,12,12,12,12
60790,1,1,1993,0,0,0,0,0,0,0,0,0,0
60791,0,1,1993,0,0,0,0,0,0,0,0,0,0
60791,1,1,1993,0,0,0,0,0,0,0,0,0,0
60792,0,1,1993,0,0,0,0,0,0,0,0,0,0
60792,1,1,1993,0,0,0,0,0,0,0,0,0,22
60793,1,1,1993,25,25,25,25,25,25,25,25,25,25
60793,2,1,1993,0,0,0,0,0,0,0,0,0,0
60794,1,1,1993,9,9,9,9,9,9,9,9,9,9
60795,1,1,1993,0,0,0,0,0,0,0,0,0,0
60796,1,1,1993,27,27,27,27,27,27,27,27,27,27
60796,2,1,1993,0,0,0,0,0,0,0,0,0,0
60797,1,1,1993,13,13,13,13,13,13,13,13,13,13
60798,1,1,1993,0,0,0,0,0,0,0,0,0,0
60799,1,1,1993,0,0,0,0,0,0,0,0,0,0
60800,1,1,1993,16,16,16,16,16,16,16,16,16,16
60801,0,1,1993,0,0,0,0,0,0,0,0,0,0
60801,1,1,1993,0,0,0,0,0,0,0,0,0,0
60802,1,1,1993,6,0,0,0,20,0,0,0,6,3
60803,1,1,1993,13,13,13,13,13,13,13,13,13,13
60803,2,1,1993,0,0,0,0,0,0,0,0,0,0
60804,1,1,1993,0,0,0,0,0,0,0,0,0,0
60804,2,1,1993,0,0,0,0,0,0,0,0,0,0
60805,1,1,1993,11,0,0,0,0,0,0,0,0,0
60805,2,1,1993,6,6,6,6,6,6,6,6,6,6
60806,1,1,1993,0,0,0,0,0,0,0,0,0,0
60807,1,1,1993,0,0,0,0,0,0,0,0,0,0
60807,2,1,1993,0,0,0,0,0,0,0,0,0,0
60808,1,1,1993,0,0,0,0,0,0,0,0,0,0
60808,2,1,1993,0,0,0,0,3,0,0,0,0,0
60808,3,1,1993,0,0,0,4,0,0,0,0,0,0
60809,1,1,1993,0,0,0,0,0,0,0,0,0,0
60810,1,1,1993,0,0,0,0,0,0,0,0,0,0
60811,1,1,1993,0,0,0,0,0,0,0,0,0,0
60812,1,1,1993,0,0,0,0,0,0,0,0,0,0
60812,2,1,1993,0,0,0,16,0,0,0,0,13,0
60813,0,1,1993,0,0,0,0,0,0,0,0,0,0
60813,1,1,1993,0,0,14,0,27,0,0,0,0,0
60814,1,1,1993,0,0,0,0,0,0,22,0,11,0
60815,1,1,1993,0,0,0,0,0,0,0,0,0,0
60816,1,1,1993,9,9,9,9,9,9,9,9,9,9
60817,0,1,1993,15,15,15,15,15,15,15,15,15,15
60817,1,1,1993,0,0,0,0,0,0,0,21,0,6
60818,1,1,1993,11,11,11,11,11,11,11,11,11,11
60818,2,1,1993,19,19,19,19,19,19,19,19,19,19
60818,3,1,1993,0,0,3,0,0,0,0,0,0,12
60818,4,1,1993,0,0,0,0,0,0,0,0,0,0
60819,1,1,1993,9,9,9,9,9,9,9,9,9,9
60820,1,1,1993,0,0,0,0,0,0,0,0,0,8
60821,1,1,1993,3,3,3,3,3,3,3,3,3,3
60822,1,1,1993,23,23,23,23,23,23,23,23,23,23
60823,1,1,1993,13,13,13,13,13,13,13,13,13,13
60823,2,1,1993,17,0,0,0,0,23,0,0,0,0
60825,1,1,1993,0,0,0,0,0,0,0,0,0,0
60826,0,1,1993,0,0,0,0,0,0,0,0,0,0
60826,0,2,1993,4,4,4,4,4,4,4,4,4,4
60826,1,1,1993,0,0,0,0,0,0,0,0,0,0
60827,1,1,1993,0,0,0,0,0,0,0,0,0,0
60827,2,1,1993,0,0,0,0,0,0,0,0,0,0
60828,1,1,1993,0,0,0,0,0,0,0,0,0,0
60829,1,1,1993,0,0,0,0,0,0,0,0,0,0
60829,2,1,1993,7,7,7,7,7,7,7,7,7,7
60830,1,1,1993,16,16,16,16,16,16,16,16,16,16
60831,1,1,1993,0,0,0,0,0,0,0,0,0,0
60831,2,1,1993,4,0,0,0,0,0,0,0,0,0
60832,1,1,1993,0,0,0,0,0,0,0,0,0,0
60833,0,1,1993,0,0,0,0,0,0,0,0,0,0
60833,0,2,1993,0,0,0,0,0,0,0,0,0,0
60833,1,1,1993,0,0,0,0,0,0,0,0,0,0
60834,0,1,1993,0,0,0,0,0,0,0,0,0,0
60834,1,1,1993,0,0,0,0,0,0,13,0,0,0
60835,1,1,1993,0,0,0,0,0,0,0,0,0,0
60836,1,1,1993,0,0,0,0,0,0,0,0,0,0
60836,2,1,1993,0,0,0,0,0,0,0,0,0,0
60837,0,1,1993,8,8,8,8,8,8,8,8,8,8
60837,1,1,1993,0,0,0,0,0,0,0,0,0,0
60837,2,1,1993,0,0,0,0,0,0,0,0,0,0
60838,0,1,1993,3,3,3,3,3,3,3,3,3,3
60838,1,1,1993,0,0,0,0,0,0,0,9,0,0
60839,1,1,1993,1,1,1,1,1,1,1,1,1,1
60840,1,1,1993,0,0,0,0,0,0,0,0,0,0
60840,2,1,1993,0,0,0,0,0,0,0,0,0,0
60841,1,1,1993,0,0,0,0,0,0,0,0,0,0
60841,2,1,1993,0,0,0,0,0,0,0,0,0,0
60842,1,1,1993,0,0,0,0,0,0,0,0,0,0
60842,2,1,1993,0,0,0,0,0,0,0,0,0,0
60842,3,1,1993,0,0,0,0,0,0,0,0,0,0
60843,1,1,1993,0,0,0,0,0,0,0,0,0,0
60843,2,1,1993,0,0,0,0,0,0,0,0,0,0
60844,1,1,1993,24,24,24,24,24,24,24,24,24,24
60845,0,1,1993,31,31,31,31,31,31,31,31,31,31
60845,1,1,1993,0,0,0,0,0,0,0,4,0,0
60846,0,1,1993,0,0,0,0,0,0,0,0,0,0
60846,1,1,1993,0,0,0,0,0,20,0,0,0,0
60847,1,1,1993,0,0,0,0,0,0,0,0,0,0
60847,2,1,1993,0,0,0,0,0,0,4,0,0,0
60847,3,1,1993,0,0,0,0,0,0,0,0,0,0
60847,4,1,1993,2,0,0,12,0,14,0,15,0,0
60848,1,1,1993,23,23,23,23,23,23,23,23,23,23
60849,0,1,1993,17,17,17,17,17,17,17,17,17,17
60849,1,1,1993,0,0,0,0,0,0,0,0,0,0
60849,2,1,1993,0,0,0,0,0,6,0,0,0,0
60850,1,1,1993,0,0,0,0,0,0,0,0,0,0
60851,1,1,1993,30,30,30,30,30,30,30,30,30,30
60852,1,1,1993,16,16,16,16,16,16,16,16,16,16
60853,1,1,1993,0,0,0,0,0,0,0,0,0,0
60853,2,1,1993,0,0,0,0,0,0,0,0,0,0
60853,3,1,1993,0,0,0,0,0,0,0,0,0,0
60854,1,1,1993,0,0,0,0,0,0,0,0,0,0
60854,2,1,1993,0,0,0,0,0,0,0,0,0,0
60855,1,1,1993,0,0,0,0,0,0,0,0,0,0
60855,2,1,1993,0,0,0,0,0,0,0,0,0,0
60856,1,1,1993,13,13,13,13,13,13,13,13,13,13
60856,2,1,1993,0,0,0,0,0,0,0,0,0,0
60857,0,1,1993,13,13,13,13,13,13,13,13,13,13
60857,1,1,1993,0,0,0,0,0,0,0,0,0,0
60858,1,1,1993,0,10,0,0,0,0,0,0,0,0
60858,2,1,1993,0,0,0,0,0,0,0,0,0,0
60859,0,1,1993,23,23,23,23,23,23,23,23,23,23
60859,1,1,1993,5,5,5,5,5,5,5,5,5,5
60860,1,1,1993,9,9,9,9,9,9,9,9,9,9
60861,1,1,1993,8,8,8,8,8,8,8,8,8,8
60861,2,1,1993,0,6,0,0,0,0,0,0,0,0
60862,1,1,1993,14,14,14,14,14,14,14,14,14,14
60863,0,1,1993,21,21,21,21,21,21,21,21,21,21
60863,0,2,1993,36,25,13,16,13,17,33,19,29,16
60863,1,1,1993,0,0,0,0,0,0,0,0,0,0
60863,2,1,1993,0,0,0,0,0,0,0,0,0,0
60864,0,1,1993,17,26,38,0,25,29,15,31,37,23
60864,1,1,1993,0,0,0,0,0,0,0,0,0,0
60865,0,1,1993,26,26,26,26,26,26,26,26,26,26
60865,1,1,1993,15,0,0,0,0,0,0,0,0,0
60865,2,1,1993,0,8,15,0,0,8,0,0,10,0
60866,1,1,1993,0,0,0,0,0,0,0,0,0,0
60867,1,1,1993,0,0,0,0,0,0,0,0,0,0
60868,1,1,1993,0,0,0,0,0,0,0,0,0,0
60869,1,1,1993,0,0,0,0,0,0,0,0,0,0
60870,1,1,1993,0,0,7,5,16,10,0,16,17,0
60871,1,1,1993,0,0,0,0,0,0,0,0,0,0
60871,2,1,1993,0,0,0,0,0,0,0,0,0,0
60871,3,1,1993,0,0,0,0,0,0,0,0,0,0
60871,4,1,1993,0,0,0,0,0,0,0,0,0,0
60871,5,1,1993,0,0,0,0,0,0,0,0,0,0
60871,6,1,1993,0,0,0,0,0,0,0,0,0,0
60871,7,1,1993,0,0,0,0,0,0,0,0,0,0
60872,1,1,1993,0,0,0,0,0,0,0,0,0,0
60873,1,1,1993,0,0,0,0,40,0,0,0,0,0
60873,2,1,1993,0,0,0,0,0,0,0,0,0,0
60873,3,1,1993,0,0,0,0,0,0,0,0,0,0
60874,1,1,1993,0,0,0,0,0,0,0,0,0,0
60874,2,1,1993,0,0,0,0,0,0,0,0,0,0
60874,3,1,1993,0,0,0,0,0,0,0,0,0,0
60875,1,1,1993,16,16,16,16,16,16,16,16,16,16
60876,1,1,1993,0,0,0,0,0,0,0,0,0,0
60877,1,1,1993,0,0,0,0,0,0,0,0,0,0
60877,2,1,1993,0,0,0,0,0,0,0,0,0,0
60878,1,1,1993,0,0,0,0,0,0,0,0,0,0
60878,2,1,1993,21,21,21,21,21,21,21,21,21,21
60878,3,1,1993,0,0,0,0,0,0,0,0,0,0
60879,1,1,1993,0,0,0,0,0,0,0,0,0,0
60880,1,1,1993,5,19,20,0,0,22,0,0,13,0
60880,2,1,1993,0,0,0,0,0,0,0,0,0,0
60881,1,1,1993,0,0,0,0,0,0,0,0,0,0
60882,1,1,1993,0,0,0,0,0,0,0,0,0,0
60883,1,1,1993,22,22,22,22,22,22,22,22,22,22
60883,2,1,1993,0,0,0,0,0,0,0,0,0,0
60883,3,1,1993,0,0,0,0,0,0,0,0,0,0
60884,1,1,1993,0,0,0,0,0,0,0,0,0,0
60885,1,1,1993,0,0,0,0,0,0,0,0,0,0
60886,0,1,1993,0,0,0,0,0,0,0,0,0,0
60886,1,1,1993,0,0,0,0,0,0,0,0,0,0
60887,1,1,1993,0,0,0,0,20,12,0,0,0,0
60887,2,1,1993,0,0,0,0,0,0,0,0,0,0
60888,0,1,1993,9,9,9,9,9,9,9,9,9,9
60888,1,1,1993,0,0,0,0,0,0,0,0,0,0
60889,1,1,1993,11,11,11,11,11,11,11,11,11,11
60889,2,1,1993,15,15,15,15,15,15,15,15,15,15
60890,1,1,1993,23,23,23,23,23,23,23,23,23,23
60891,0,1,1993,0,0,0,0,0,0,0,0,0,0
60891,1,1,1993,0,0,0,0,0,0,0,0,0,0
60892,1,1,1993,13,13,13,13,13,13,13,13,13,13
60892,2,1,1993,0,0,0,0,0,0,0,0,5,0
60893,0,1,1993,0,0,0,0,0,0,0,0,0,0
60893,1,1,1993,0,0,0,0,0,0,0,0,0,0
60894,0,1,1993,0,0,0,0,0,0,0,0,0,0
60895,1,1,1993,21,21,21,21,21,21,21,21,21,21
60895,2,1,1993,0,0,0,0,0,0,0,0,0,0
60896,0,1,1993,0,1,0,0,0,17,15,27,14,0
60896,1,1,1993,32,32,32,32,32,32,32,32,32,32
60897,1,1,1993,3,3,3,3,3,3,3,3,3,3
60898,0,1,1993,35,35,35,35,35,35,35,35,35,35
60898,1,1,1993,0,0,0,0,0,0,0,0,0,0
60899,1,1,1993,22,22,22,22,22,22,22,22,22,22
60899,2,1,1993,0,0,0,0,0,0,0,0,0,0
60900,0,1,1993,0,0,0,0,0,0,0,0,0,0
60900,1,1,1993,0,0,0,0,0,0,0,0,0,0
60900,2,1,1993,0,0,10,0,0,0,0,0,0,0
60901,0,1,1993,0,0,0,0,0,0,0,0,0,0
60901,1,1,1993,0,0,0,0,0,0,0,0,0,0
60902,1,1,1993,0,0,0,0,0,0,0,0,0,0
60902,2,1,1993,0,0,0,0,0,0,0,0,0,0
60903,0,1,1993,30,30,30,30,30,30,30,30,30,30
60903,1,1,1993,0,0,0,0,0,0,0,0,0,0
60904,1,1,1993,0,0,0,0,0,0,0,0,0,15
60904,2,1,1993,0,0,0,0,0,0,0,0,0,0
60904,3,1,1993,0,0,0,0,0,0,0,0,0,0
60905,1,1,1993,7,7,7,7,7,7,7,7,7,7
60905,2,1,1993,0,0,0,0,0,0,0,0,0,0
60905,3,1,1993,0,0,0,0,0,0,0,0,0,0
60906,0,1,1993,0,0,0,0,0,0,0,0,0,0
60906,1,1,1993,0,0,0,0,0,0,0,0,0,0
60907,0,1,1993,0,0,0,0,0,0,0,0,0,0
60907,0,2,1993,0,0,0,0,0,0,0,0,0,0
60907,1,1,1993,0,0,0,0,0,0,0,0,0,0
60908,0,1,1993,25,25,25,25,25,25,25,25,25,25
60908,1,1,1993,0,0,0,0,0,0,13,0,15,0
60909,0,1,1993,20,20,20,20,20,20,20,20,20,20
60909,1,1,1993,0,5,27,0,11,0,0,14,10,0
60910,1,1,1993,8,8,8,8,8,8,8,8,8,8
60910,2,1,1993,0,0,0,0,0,0,0,0,0,0
60910,3,1,1993,0,0,6,0,0,0,5,0,0,0
60911,0,1,1993,22,22,22,22,22,22,22,22,22,22
60911,1,1,1993,0,0,0,0,0,0,0,0,0,0
60912,0,1,1993,24,18,13,0,14,26,21,0,16,20
60912,1,1,1993,0,0,0,0,0,0,0,0,0,0
60913,1,1,1993,0,0,0,0,0,0,0,0,0,0
60913,2,1,1993,0,0,0,0,0,0,0,0,0,0
60914,0,1,1993,0,0,0,0,0,0,0,0,0,0
60914,1,1,1993,11,11,11,11,11,11,11,11,11,11
60915,1,1,1993,22,22,22,22,22,22,22,22,22,22
60916,1,1,1993,14,14,14,14,14,14,14,14,14,14
60917,1,1,1993,13,13,13,13,13,13,13,13,13,13
60918,1,1,1993,20,32,20,12,18,0,19,18,32,18
60919,1,1,1993,0,0,0,0,0,0,0,0,0,0
60919,2,1,1993,0,0,0,0,0,0,0,0,0,0
60920,1,1,1993,0,0,0,0,0,0,0,0,0,0
60921,1,1,1993,14,14,14,14,14,14,14,14,14,14
60922,0,1,1993,0,0,0,0,0,0,0,0,0,0
60922,1,1,1993,0,0,0,0,0,0,0,0,0,0
60923,0,1,1993,0,0,0,0,0,0,0,0,0,0
60923,1,1,1993,0,0,0,0,0,0,0,0,0,0
60924,1,1,1993,0,0,0,0,0,0,0,0,0,0
60925,1,1,1993,0,0,0,0,0,0,0,0,0,0
60926,1,1,1993,0,0,0,0,0,0,0,0,0,0
60926,2,1,1993,33,33,33,33,33,33,33,33,33,33
60927,1,1,1993,0,0,0,0,0,0,0,0,0,0
60927,2,1,1993,0,0,0,0,0,0,13,0,0,0
60928,1,1,1993,4,4,4,4,4,4,4,4,4,4
60928,2,1,1993,0,0,0,0,0,0,0,0,0,0
60929,0,1,1993,22,22,22,22,22,22,22,22,22,22
60929,1,1,1993,0,0,0,0,0,0,0,0,0,0
60930,1,1,1993,11,11,11,11,11,11,11,11,11,11
60931,0,1,1993,22,22,22,22,22,22,22,22,22,22
60931,1,1,1993,15,8,0,0,0,0,0,0,0,0
60931,2,1,1993,0,0,0,0,0,0,0,0,0,0
60932,1,1,1993,0,0,0,0,0,0,0,0,0,0
60932,2,1,1993,3,3,3,3,3,3,3,3,3,3
60933,1,1,1993,24,24,24,24,24,24,24,24,24,24
60934,0,1,1993,0,0,0,0,0,0,0,0,0,0
60934,1,1,1993,0,0,0,0,0,0,0,0,0,0
60935,1,1,1993,11,11,11,11,11,11,11,11,11,11
60936,1,1,1993,0,0,0,0,0,0,0,0,0,0
60937,1,1,1993,0,0,0,0,0,0,0,0,0,0
60937,2,1,1993,0,0,0,0,0,0,0,0,0,0
60938,1,1,1993,0,0,0,0,0,0,0,0,0,0
60938,2,1,1993,0,0,0,0,0,0,0,0,0,0
60938,3,1,1993,0,0,0,0,0,0,0,0,0,0
60939,1,1,1993,0,0,0,0,22,0,18,0,0,0
60940,1,1,1993,26,26,26,26,26,26,26,26,26,26
60941,1,1,1993,9,9,9,9,9,9,9,9,9,9
60941,2,1,1993,25,25,25,25,25,25,25,25,25,25
60942,1,1,1993,13,13,13,13,13,13,13,13,13,13
60943,1,1,1993,0,0,0,0,0,0,0,0,0,0
60943,2,1,1993,0,0,0,0,0,0,0,2,0,0
60944,1,1,1993,11,11,11,11,11,11,11,11,11,11
60944,2,1,1993,0,0,0,0,0,0,0,0,0,0
60945,1,1,1993,21,0,0,10,0,10,4,0,4,10
60946,0,1,1993,0,0,0,0,0,0,0,0,0,0
60946,1,1,1993,0,0,0,0,0,0,0,0,0,0
60947,1,1,1993,0,0,0,0,0,0,0,0,0,0
60947,2,1,1993,0,0,0,0,0,0,0,0,0,0
60948,0,1,1993,0,0,0,0,0,0,0,0,0,0
60948,1,1,1993,0,0,0,0,0,0,0,0,0,0
60949,1,1,1993,0,0,0,0,0,0,0,0,0,0
60949,2,1,1993,0,0,0,0,0,0,0,0,0,0
60949,3,1,1993,0,0,0,0,0,0,0,0,0,0
60949,4,1,1993,0,0,0,18,0,0,0,0,0,0
60950,0,1,1993,12,12,12,12,12,12,12,12,12,12
60950,1,1,1993,35,0,0,0,0,0,0,0,0,19
60951,1,1,1993,0,0,0,0,0,5,0,0,0,0
60952,1,1,1993,0,8,0,0,0,0,0,0,0,0
60952,2,1,1993,0,0,0,0,0,0,0,0,0,0
60953,1,1,1993,0,0,0,0,0,0,0,0,0,0
60954,1,1,1993,4,4,4,4,4,4,4,4,4,4
60955,0,1,1993,19,19,19,19,19,19,19,19,19,19
60955,1,1,1993,0,0,29,16,15,0,0,0,19,16
60956,1,1,1993,0,0,0,0,0,0,0,0,0,0
60957,1,1,1993,0,0,0,0,0,0,0,0,0,0
60957,2,1,1993,0,0,0,0,0,4,0,0,0,0
60958,1,1,1993,0,0,0,0,0,0,0,0,0,0
60958,2,1,1993,0,0,0,0,0,0,0,0,0,0
60958,3,1,1993,0,0,0,0,0,0,0,0,0,0
60959,1,1,1993,17,17,17,17,17,17,17,17,17,17
60960,1,1,1993,27,27,27,27,27,27,27,27,27,27
60961,1,1,1993,21,21,21,21,21,21,21,21,21,21
60962,1,1,1993,9,0,0,11,0,0,13,0,10,14
60962,2,1,1993,0,0,0,0,0,0,7,0,0,0
60963,1,1,1993,22,22,22,22,22,22,22,22,22,22
60964,1,1,1993,19,19,19,19,19,19,19,19,19,19
60965,1,1,1993,12,11,11,12,0,15,7,24,28,10
60966,1,1,1993,0,0,0,0,0,0,0,0,0,0
60967,1,1,1993,13,13,13,13,13,13,13,13,13,13
60968,1,1,1993,15,15,15,15,15,15,15,15,15,15
60969,0,1,1993,0,0,0,0,0,0,0,0,0,0
60969,1,1,1993,0,0,0,0,0,0,0,0,11,0
60969,2,1,1993,0,0,0,0,0,0,0,0,0,0
60970,1,1,1993,0,0,0,0,0,0,0,0,0,0
60970,2,1,1993,0,0,0,0,0,0,0,0,0,0
60971,1,1,1993,23,23,23,23,23,23,23,23,23,23
60972,1,1,1993,0,0,0,0,0,0,0,0,0,0
60972,2,1,1993,0,0,0,0,0,0,0,0,0,0
60972,3,1,1993,0,0,0,0,0,0,0,0,0,0
60973,1,1,1993,0,0,0,0,0,0,0,0,0,0
60973,2,1,1993,0,0,0,0,0,0,0,0,0,0
60974,1,1,1993,5,5,5,5,5,5,5,5,5,5
60975,1,1,1993,30,30,30,30,30,30,30,30,30,30
60976,1,1,1993,0,0,0,0,0,0,0,0,0,0
60976,2,1,1993,0,0,0,5,0,0,0,0,0,0
60977,1,1,1993,0,0,0,0,0,0,0,0,0,0
60977,2,1,1993,0,0,0,0,0,0,0,0,0,0
60978,0,1,1993,24,24,24,24,24,24,24,24,24,24
60978,1,1,1993,0,0,31,0,10,0,0,0,0,0
60979,0,1,1993,0,0,0,0,0,0,0,0,0,0
60979,1,1,1993,0,0,0,0,0,0,0,0,0,0
60980,1,1,1993,0,0,0,0,0,0,0,0,0,0
60980,2,1,1993,0,0,0,0,0,0,0,0,0,0
60981,1,1,1993,6,6,6,6,6,6,6,6,6,6
60982,1,1,1993,0,0,0,0,0,0,0,0,0,0
60982,2,1,1993,29,29,29,29,29,29,29,29,29,29
60983,1,1,1993,0,0,0,0,0,0,0,0,0,0
60984,1,1,1993,0,0,0,0,0,0,0,0,0,0
60984,2,1,1993,10,8,10,12,12,13,19,27,0,15
60985,1,1,1993,0,0,0,0,0,0,0,0,0,0
60986,1,1,1993,11,11,11,11,11,11,11,11,11,11
60987,1,1,1993,0,0,0,0,0,0,0,0,0,0
60987,2,1,1993,12,12,12,12,12,12,12,12,12,12
60987,3,1,1993,0,0,0,0,0,0,0,0,0,0
60988,1,1,1993,18,18,18,18,18,18,18,18,18,18
60989,0,1,1993,22,22,22,22,22,22,22,22,22,22
60989,1,1,1993,0,0,0,0,0,0,0,0,0,0
60990,1,1,1993,22,22,22,22,22,22,22,22,22,22
60991,0,1,1993,0,0,0,0,0,0,0,0,0,0
60991,0,2,1993,18,22,25,2,18,30,19,37,20,0
60991,1,1,1993,14,0,0,0,0,0,0,0,0,0
60992,1,1,1993,18,24,20,39,0,0,26,18,18,0
60993,1,1,1993,0,0,0,0,0,0,0,0,0,0
60993,2,1,1993,0,0,0,0,0,0,0,0,0,0
60994,1,1,1993,0,13,24,0,0,0,0,0,0,13
60994,2,1,1993,0,0,0,0,0,3,0,0,0,0
60995,1,1,1993,0,0,0,0,0,0,0,0,0,0
60996,1,1,1993,30,30,30,30,30,30,30,30,30,30
60996,2,1,1993,0,0,0,0,0,0,0,0,0,0
60997,0,1,1993,38,38,38,38,38,38,38,38,38,38
60997,1,1,1993,0,13,0,14,0,0,0,0,18,21
60998,0,1,1993,40,40,40,40,40,40,40,40,40,40
60998,1,1,1993,0,0,0,0,0,0,0,0,0,0
60999,1,1,1993,0,0,0,0,0,0,0,0,0,0
60999,2,1,1993,0,0,0,0,0,16,0,6,0,0
61000,1,1,1993,0,0,0,0,0,0,0,0,0,0
61000,2,1,1993,0,0,0,0,0,0,0,0,0,0
61000,3,1,1993,0,0,0,0,0,0,0,0,0,0
61000,4,1,1993,0,0,0,0,0,0,0,0,0,0
61000,5,1,1993,3,0,0,0,0,0,0,0,0,0
61001,1,1,1993,0,0,0,0,0,0,0,17,0,0
61001,2,1,1993,11,0,0,0,0,0,0,0,10,0
61002,1,1,1993,28,28,28,28,28,28,28,28,28,28
61003,1,1,1993,0,0,0,0,0,0,0,0,0,0
61003,2,1,1993,0,0,0,0,0,0,0,0,0,0
61003,3,1,1993,16,16,16,16,16,16,16,16,16,16
61004,1,1,1993,0,0,0,0,0,0,0,0,0,0
61004,2,1,1993,0,0,0,0,0,0,0,0,0,0
61004,3,1,1993,0,0,0,0,0,0,0,0,0,0
61004,4,1,1993,0,0,0,0,0,0,0,0,0,0
61005,1,1,1993,0,0,0,0,0,0,0,0,0,0
61006,1,1,1993,0,0,0,7,0,0,0,0,0,0
61006,2,1,1993,0,0,0,0,0,0,0,0,0,0
61007,0,1,1993,0,0,0,0,0,0,0,0,0,0
61007,0,2,1993,0,0,0,0,46,0,0,0,0,33
61007,1,1,1993,0,0,0,0,0,0,0,0,0,0
61008,1,1,1993,0,0,0,0,0,0,0,0,0,0
61008,2,1,1993,0,0,0,0,0,0,0,0,0,0
61009,1,1,1993,0,0,0,0,0,0,0,0,0,0
61009,2,1,1993,0,0,0,0,0,0,0,0,0,0
61010,0,1,1993,0,0,0,0,0,0,0,0,0,0
61010,1,1,1993,0,0,0,0,0,0,0,0,0,0
61011,0,1,1993,0,0,0,0,0,0,0,0,0,0
61011,1,1,1993,0,0,0,0,0,0,0,0,0,0
61012,1,1,1993,0,0,0,0,0,0,0,0,0,0
61012,2,1,1993,0,0,0,0,0,0,0,0,0,0
61013,0,1,1993,0,0,0,0,0,0,0,0,0,0
61013,0,2,1993,35,22,35,0,8,0,0,0,10,0
61013,1,1,1993,0,0,0,0,0,0,0,0,0,0
61014,1,1,1993,24,24,24,24,24,24,24,24,24,24
61015,0,1,1993,0,0,0,0,0,0,0,0,0,0
61015,1,1,1993,0,0,0,0,0,0,0,0,0,0
61016,1,1,1993,11,11,11,11,11,11,11,11,11,11
61017,1,1,1993,20,20,20,20,20,20,20,20,20,20
61018,1,1,1993,22,22,22,22,22,22,22,22,22,22
61019,1,1,1993,19,19,19,19,19,19,19,19,19,19
61020,1,1,1993,18,18,18,18,18,18,18,18,18,18
61020,2,1,1993,0,0,0,0,0,0,0,0,0,0
61021,1,1,1993,0,0,0,0,0,0,0,0,0,0
61021,2,1,1993,0,0,0,10,0,10,0,15,17,14
61022,1,1,1993,20,20,20,20,20,20,20,20,20,20
61023,1,1,1993,7,7,7,7,7,7,7,7,7,7
61024,0,1,1993,0,0,0,0,9,40,0,0,0,31
61024,1,1,1993,9,0,15,0,9,0,0,0,3,13
61024,2,1,1993,0,0,0,0,0,0,0,0,0,0
61025,1,1,1993,0,0,0,0,0,0,0,0,0,0
61025,2,1,1993,0,0,0,0,0,0,0,0,0,0
61026,1,1,1993,0,0,0,0,0,0,0,0,0,0
61027,1,1,1993,0,0,0,0,0,0,0,0,0,0
61027,2,1,1993,0,0,0,0,0,0,0,0,0,0
61028,1,1,1993,0,0,0,0,0,0,0,0,0,0
61028,2,1,1993,0,0,0,0,0,0,0,0,0,0
61029,1,1,1993,0,0,0,0,0,0,0,0,0,0
61029,2,1,1993,0,0,0,17,0,0,0,6,0,0
61030,0,1,1993,0,0,0,0,0,0,0,0,0,0
61030,1,1,1993,0,0,0,0,0,0,0,0,0,0
61031,1,1,1993,16,16,16,16,16,16,16,16,16,16
61032,0,1,1993,26,14,6,22,15,11,15,29,33,25
61032,1,1,1993,0,0,0,0,0,0,0,0,0,0
61033,0,1,1993,45,45,45,45,45,45,45,45,45,45
61033,1,1,1993,4,4,4,4,4,4,4,4,4,4
61034,1,1,1993,12,12,12,12,12,12,12,12,12,12
61034,2,1,1993,10,0,0,0,0,0,0,0,0,0
61034,3,1,1993,0,0,0,0,0,0,0,0,0,0
61035,1,1,1993,18,18,18,18,18,18,18,18,18,18
61035,2,1,1993,0,0,0,0,0,0,0,0,0,0
61036,1,1,1993,20,20,20,20,20,20,20,20,20,20
61037,1,1,1993,17,17,17,17,17,17,17,17,17,17
61038,1,1,1993,2,2,2,2,2,2,2,2,2,2
61039,1,1,1993,18,18,18,18,18,18,18,18,18,18
61040,1,1,1993,0,0,0,0,0,0,0,0,0,0
61040,2,1,1993,0,0,0,0,0,0,10,0,0,0
61041,0,1,1993,0,0,0,0,0,0,0,0,0,0
61041,1,1,1993,0,0,0,0,0,0,0,0,0,0
61042,1,1,1993,0,0,0,0,0,0,0,0,0,0
61042,2,1,1993,0,0,0,0,0,0,0,0,0,0
61043,1,1,1993,0,0,0,0,0,0,0,0,0,0