ST_CASE,VEH_NO,PER_NO,YEAR,P1,P2,P3,P4,P5,P6,P7,P8,P9,P10
61044,0,1,1993,0,0,0,0,0,0,0,0,0,0
61044,1,1,1993,0,0,0,0,0,0,0,0,0,0
61045,1,1,1993,8,14,10,0,6,28,22,22,11,0
61046,0,1,1993,0,0,0,0,0,0,0,0,0,0
61047,0,1,1993,0,0,0,0,0,0,0,0,0,0
61047,1,1,1993,0,0,0,0,0,0,0,0,0,0
61048,1,1,1993,0,0,0,0,0,0,6,0,0,0
61049,1,1,1993,0,0,0,0,0,0,0,0,0,0
61049,2,1,1993,0,0,0,0,0,0,0,0,0,0
61050,1,1,1993,0,0,0,0,0,13,0,8,23,0
61051,1,1,1993,16,0,0,15,0,0,0,25,26,0
61052,1,1,1993,16,0,0,0,0,0,0,0,0,0
61053,1,1,1993,0,0,0,0,0,0,0,0,0,0
61053,2,1,1993,0,0,16,0,24,0,0,0,12,0
61054,1,1,1993,0,10,10,0,0,0,0,4,0,5
61055,0,1,1993,0,0,0,0,0,0,0,0,0,0
61055,1,1,1993,0,0,0,0,0,0,0,0,0,0
61056,1,1,1993,0,0,0,0,0,0,0,0,0,0
61056,2,1,1993,0,0,0,0,0,0,0,0,0,0
61057,0,1,1993,23,10,13,3,7,15,13,15,19,26
61057,0,2,1993,0,0,0,0,0,0,0,0,0,0
61057,0,3,1993,0,0,0,0,0,0,0,0,0,0
61057,1,1,1993,25,25,25,25,25,25,25,25,25,25
61058,0,1,1993,17,20,29,23,16,5,25,27,24,23
61058,1,1,1993,0,0,12,0,12,0,0,0,26,0
61059,1,1,1993,0,0,0,0,0,0,0,0,0,0
61059,2,1,1993,0,0,0,0,0,0,0,18,0,0
61060,1,1,1993,17,17,17,17,17,17,17,17,17,17
61060,2,1,1993,0,0,0,0,0,0,0,0,0,0
61061,1,1,1993,9,9,9,9,9,9,9,9,9,9
61062,1,1,1993,0,0,0,0,0,0,0,0,0,0
61063,1,1,1993,16,16,16,16,16,16,16,16,16,16
61064,1,1,1993,21,7,15,34,29,19,7,19,20,15
61064,2,1,1993,0,0,0,0,0,0,0,0,0,0
61065,0,1,1993,0,0,0,0,0,0,0,0,0,0
61065,0,2,1993,0,0,0,0,0,0,0,0,0,0
61065,1,1,1993,0,0,0,0,0,0,0,0,0,0
61066,0,1,1993,0,0,0,0,0,0,0,0,0,0
61066,1,1,1993,0,0,0,0,0,0,0,0,0,0
61067,0,1,1993,0,12,0,0,0,0,0,0,0,0
61067,1,1,1993,0,0,0,0,0,0,0,0,0,0
61067,2,1,1993,0,0,0,0,0,0,0,0,0,0
61068,1,1,1993,7,0,0,25,0,0,0,0,0,0
61069,1,1,1993,0,0,0,0,0,0,0,0,0,0
61069,2,1,1993,0,0,0,0,0,0,0,0,0,0
61069,3,1,1993,0,0,0,0,0,0,0,0,0,0
61069,4,1,1993,0,0,0,0,0,0,0,0,0,0
61070,1,1,1993,0,0,0,0,0,0,0,0,0,0
61070,2,1,1993,0,0,0,0,0,0,0,0,0,0
61071,1,1,1993,0,0,0,0,0,0,0,0,0,0
61072,0,1,1993,0,0,0,0,0,0,0,0,0,0
61072,1,1,1993,0,0,0,0,0,0,0,0,0,0
61073,0,1,1993,0,0,0,0,0,0,0,0,0,0
61073,1,1,1993,18,18,18,18,18,18,18,18,18,18
61074,1,1,1993,0,15,0,0,0,0,0,0,0,0
61074,2,1,1993,0,0,0,0,0,0,0,0,0,0
61074,3,1,1993,0,0,0,0,0,0,0,0,0,0
61075,0,1,1993,0,0,0,0,0,0,0,0,0,0
61075,1,1,1993,0,0,0,0,0,0,0,0,0,0
61076,1,1,1993,0,0,0,0,0,0,0,0,0,0
61076,2,1,1993,0,0,0,0,0,0,0,0,0,0
61076,3,1,1993,0,0,0,0,0,0,0,0,0,0
61077,1,1,1993,0,0,0,0,0,0,0,0,0,0
61077,2,1,1993,0,0,0,0,0,0,0,0,0,0
61078,1,1,1993,0,0,0,0,0,0,0,0,0,0
61078,2,1,1993,0,0,0,0,0,0,0,0,0,0
61079,1,1,1993,18,18,18,18,18,18,18,18,18,18
61079,2,1,1993,14,0,0,0,0,0,0,0,0,0
61079,3,1,1993,0,0,0,0,0,0,0,0,0,0
61080,0,1,1993,0,0,0,0,0,0,0,0,0,0
61080,1,1,1993,0,0,0,0,0,0,0,0,15,0
61081,1,1,1993,0,0,0,0,0,0,0,0,0,0
61081,2,1,1993,0,0,0,0,0,0,0,0,0,0
61081,3,1,1993,0,0,0,7,0,0,17,0,0,0
61082,0,1,1993,2,2,2,2,2,2,2,2,2,2
61082,1,1,1993,0,0,0,0,0,0,0,0,0,0
61083,0,1,1993,0,0,0,0,0,0,0,0,0,0
61083,1,1,1993,0,0,0,7,0,0,0,0,0,0
61084,0,1,1993,0,0,0,0,0,0,0,0,0,0
61084,1,1,1993,0,0,0,0,0,0,0,0,0,0
61085,1,1,1993,0,0,0,0,0,0,0,0,0,0
61086,1,1,1993,7,7,7,7,7,7,7,7,7,7
61086,2,1,1993,18,15,8,4,7,5,0,0,0,9
61087,0,1,1993,0,0,0,0,0,0,0,0,0,0
61087,0,2,1993,7,4,17,0,9,0,23,0,0,0
61087,1,1,1993,0,0,0,0,0,0,0,20,0,0
61088,1,1,1993,0,0,3,0,0,0,0,0,0,0
61089,0,1,1993,20,20,20,20,20,20,20,20,20,20
61089,1,1,1993,0,16,6,0,10,0,4,0,0,11
61090,1,1,1993,0,0,0,0,0,0,0,0,0,0
61090,2,1,1993,0,0,0,0,0,0,0,0,0,0
61091,1,1,1993,0,0,0,0,0,0,0,0,0,0
61091,2,1,1993,0,0,0,0,0,0,14,0,0,0
61092,1,1,1993,10,10,10,10,10,10,10,10,10,10
61093,1,1,1993,2,2,2,2,2,2,2,2,2,2
61094,0,1,1993,0,0,0,0,0,0,0,0,0,0
61094,0,2,1993,0,5,0,0,0,0,0,0,0,11
61094,1,1,1993,0,0,0,0,0,0,0,0,0,0
61095,1,1,1993,28,28,28,28,28,28,28,28,28,28
61096,1,1,1993,0,0,0,0,0,0,0,0,0,0
61096,2,1,1993,0,0,0,0,0,0,0,0,0,0
61097,1,1,1993,0,0,0,0,0,0,0,0,0,0
61097,2,1,1993,20,0,0,0,0,0,0,0,0,0
61098,1,1,1993,0,0,0,0,0,0,0,0,0,0
61098,2,1,1993,0,0,0,0,0,0,0,0,0,0
61099,1,1,1993,0,0,0,0,0,0,0,0,0,0
61100,0,1,1993,0,0,0,0,0,0,0,0,0,0
61100,1,1,1993,0,0,0,0,0,0,0,0,0,0
61101,1,1,1993,0,0,0,0,0,0,0,0,0,0
61102,0,1,1993,17,17,17,17,17,17,17,17,17,17
61102,0,2,1993,0,36,0,0,29,0,0,0,35,45
61102,0,3,1993,29,0,0,26,16,26,23,4,26,25
61102,1,1,1993,10,10,10,10,10,10,10,10,10,10
61102,3,1,1993,0,0,0,0,0,0,0,0,0,0
61103,0,1,1993,0,0,0,0,0,0,0,0,0,0
61103,1,1,1993,0,0,0,0,0,0,12,0,0,0
61104,1,1,1993,0,0,0,0,0,0,0,0,0,0
61105,0,1,1993,0,0,0,0,0,0,0,0,0,0
61105,1,1,1993,0,0,0,0,0,0,0,0,0,0
61106,1,1,1993,0,0,0,0,0,0,0,0,0,0
61106,2,1,1993,0,0,0,0,0,0,0,0,0,0
61107,0,1,1993,0,0,0,0,0,0,0,0,0,0
61107,0,2,1993,0,0,0,0,0,0,0,0,0,0
61107,0,3,1993,4,4,4,4,4,4,4,4,4,4
61107,1,1,1993,16,16,16,16,16,16,16,16,16,16
61108,1,1,1993,0,0,0,0,0,0,0,0,0,0
61108,2,1,1993,0,0,0,0,0,0,0,0,0,0
61109,1,1,1993,22,22,22,22,22,22,22,22,22,22
61110,1,1,1993,0,0,0,0,0,0,0,0,0,0
61111,1,1,1993,0,0,0,0,0,0,0,0,0,0
61111,2,1,1993,0,17,0,0,0,0,0,0,0,0
61112,0,1,1993,22,22,22,22,22,22,22,22,22,22
61112,1,1,1993,15,0,18,0,5,0,0,0,0,0
61113,1,1,1993,0,0,0,0,0,0,0,0,0,0
61113,2,1,1993,0,0,0,0,0,0,0,0,0,0
61114,1,1,1993,0,0,0,0,0,0,0,0,0,0
61114,2,1,1993,0,0,0,0,0,0,0,0,0,0
61115,1,1,1993,0,0,0,0,0,0,0,0,0,0
61116,0,1,1993,0,0,0,0,0,0,0,0,0,0
61116,1,1,1993,0,0,0,0,0,0,0,0,0,0
61117,0,1,1993,0,0,0,0,0,0,0,0,0,0
61117,1,1,1993,0,0,0,0,0,0,0,0,0,0
61118,1,1,1993,0,0,0,0,0,0,0,0,0,0
61119,0,1,1993,18,18,18,18,18,18,18,18,18,18
61119,1,1,1993,0,0,0,0,0,0,0,0,0,0
61120,1,1,1993,11,11,11,11,11,11,11,11,11,11
61121,1,1,1993,0,0,0,0,0,0,0,0,0,0
61122,1,1,1993,17,17,17,17,17,17,17,17,17,17
61123,1,1,1993,0,7,0,0,14,0,0,0,0,0
61123,2,1,1993,3,0,0,0,0,7,0,0,0,0
61124,1,1,1993,0,0,0,0,0,0,0,0,19,0
61124,2,1,1993,0,0,0,0,0,0,0,0,0,0
61125,1,1,1993,22,22,22,22,22,22,22,22,22,22
61126,1,1,1993,8,8,8,8,8,8,8,8,8,8
61127,1,1,1993,31,31,31,31,31,31,31,31,31,31
61128,1,1,1993,0,0,0,0,0,0,0,0,0,0
61128,2,1,1993,0,0,0,0,0,0,0,0,0,0
61129,1,1,1993,0,0,0,0,0,0,0,0,0,0
61129,2,1,1993,0,0,0,0,0,0,0,0,0,0
61130,0,1,1993,0,0,0,0,0,0,0,0,0,0
61130,1,1,1993,0,0,0,0,0,0,0,0,0,0
61130,2,1,1993,0,0,0,0,0,0,9,0,0,0
61131,1,1,1993,0,0,0,25,8,0,0,0,0,0
61132,1,1,1993,34,34,34,34,34,34,34,34,34,34
61133,1,1,1993,0,0,0,0,0,0,0,0,0,0
61134,1,1,1993,16,16,16,16,16,16,16,16,16,16
61135,1,1,1993,0,0,0,0,0,0,0,0,0,0
61136,1,1,1993,0,20,29,0,0,15,14,17,0,0
61137,1,1,1993,0,0,21,24,23,0,0,0,0,0
61138,1,1,1993,0,0,0,0,0,0,0,0,0,0
61139,1,1,1993,13,13,13,13,13,13,13,13,13,13
61140,1,1,1993,0,0,0,0,0,0,0,0,0,0
61141,1,1,1993,0,0,0,0,0,0,0,0,0,0
61141,2,1,1993,0,0,0,0,0,0,0,0,0,0
61142,1,1,1993,14,14,14,14,14,14,14,14,14,14
61142,2,1,1993,0,7,0,0,0,0,0,0,0,0
61143,1,1,1993,0,0,0,0,0,0,0,0,0,0
61143,2,1,1993,0,0,0,0,0,0,14,0,15,0
61144,1,1,1993,0,0,0,0,0,0,0,0,0,0
61144,2,1,1993,0,0,0,0,0,0,0,0,0,0
61145,1,1,1993,23,23,23,23,23,23,23,23,23,23
61145,2,1,1993,0,0,0,0,0,0,0,16,0,0
61146,1,1,1993,20,20,20,20,20,20,20,20,20,20
61147,1,1,1993,3,3,3,3,3,3,3,3,3,3
61147,2,1,1993,0,0,0,0,0,0,0,15,18,0
61148,1,1,1993,16,16,16,16,16,16,16,16,16,16
61149,1,1,1993,0,0,0,0,0,0,0,0,0,0
61150,1,1,1993,11,0,0,23,0,18,14,8,19,18
61150,2,1,1993,0,0,0,0,0,0,0,0,0,0
61151,1,1,1993,2,2,2,2,2,2,2,2,2,2
61152,1,1,1993,21,0,0,0,0,0,0,0,0,0
61153,1,1,1993,0,0,0,0,0,0,0,0,0,0
61153,2,1,1993,0,0,0,0,0,0,0,0,0,0
61154,1,1,1993,0,0,6,0,0,9,0,10,0,0
61155,1,1,1993,0,0,0,0,0,0,0,0,0,0
61155,2,1,1993,0,0,0,0,0,0,0,0,0,0
61156,1,1,1993,0,0,0,0,0,0,0,0,0,0
61157,1,1,1993,12,12,12,12,12,12,12,12,12,12
61158,1,1,1993,0,0,0,0,0,0,0,0,0,0
61159,1,1,1993,13,13,13,13,13,13,13,13,13,13
61159,2,1,1993,0,0,0,0,0,0,0,0,0,0
61160,1,1,1993,9,9,9,9,9,9,9,9,9,9
61161,1,1,1993,3,3,3,3,3,3,3,3,3,3
61161,2,1,1993,0,0,0,0,0,0,0,0,0,0
61162,1,1,1993,14,14,14,14,14,14,14,14,14,14
61162,2,1,1993,0,0,0,0,0,0,0,0,0,0
61163,1,1,1993,27,27,27,27,27,27,27,27,27,27
61164,1,1,1993,0,0,0,0,0,0,0,0,0,11
61164,2,1,1993,0,0,0,0,0,0,0,0,0,0
61165,1,1,1993,0,0,0,0,0,0,0,0,0,0
61165,2,1,1993,6,6,6,6,6,6,6,6,6,6
61166,1,1,1993,9,9,9,9,9,9,9,9,9,9
61166,2,1,1993,14,14,14,14,14,14,14,14,14,14
61167,1,1,1993,20,20,40,27,23,36,24,39,29,36
61168,1,1,1993,13,13,13,13,13,13,13,13,13,13
61169,1,1,1993,25,25,25,25,25,25,25,25,25,25
61170,1,1,1993,0,0,0,0,0,0,0,0,0,0
61171,1,1,1993,14,14,14,14,14,14,14,14,14,14
61172,1,1,1993,25,25,25,25,25,25,25,25,25,25
61173,1,1,1993,22,22,22,22,22,22,22,22,22,22
61174,1,1,1993,0,0,0,0,0,0,0,0,0,0
61175,1,1,1993,16,16,16,16,16,16,16,16,16,16
61176,1,1,1993,0,0,0,0,0,0,0,0,0,0
61177,1,1,1993,0,0,0,0,0,0,0,0,0,0
61177,2,1,1993,0,0,0,0,0,0,0,0,0,0
61178,0,1,1993,0,0,0,0,0,0,0,0,0,0
61178,1,1,1993,14,0,0,0,0,0,0,0,10,0
61179,1,1,1993,0,8,0,0,16,0,0,0,0,0
61179,2,1,1993,0,0,0,0,0,0,0,0,0,0
61180,1,1,1993,0,0,0,0,0,0,0,0,0,0
61180,2,1,1993,0,0,0,0,0,0,0,0,0,0
61181,1,1,1993,0,0,0,0,0,16,0,0,0,0
61182,1,1,1993,0,0,0,0,0,0,0,0,0,0
61183,0,1,1993,7,7,7,7,7,7,7,7,7,7
61183,1,1,1993,0,0,17,0,0,0,0,0,0,0
61184,1,1,1993,12,12,12,12,12,12,12,12,12,12
61184,2,1,1993,0,0,0,0,0,0,0,0,0,0
61185,1,1,1993,18,18,18,18,18,18,18,18,18,18
61185,2,1,1993,0,23,0,0,0,0,16,0,0,0
61186,1,1,1993,0,0,0,0,0,0,0,0,0,0
61186,2,1,1993,0,0,0,0,0,0,0,0,0,0
61187,1,1,1993,0,0,0,0,0,0,0,0,0,0
61187,2,1,1993,17,0,0,0,0,0,0,0,0,0
61188,1,1,1993,11,0,0,17,0,0,0,0,0,0
61188,2,1,1993,0,0,0,0,0,0,0,0,0,0
61189,1,1,1993,0,8,0,0,0,0,0,12,0,0
61189,2,1,1993,0,0,0,0,0,0,0,0,0,0
61190,1,1,1993,9,9,9,9,9,9,9,9,9,9
61190,2,1,1993,0,0,0,0,0,0,0,0,0,0
61190,3,1,1993,0,0,0,0,0,0,0,0,0,0
61191,1,1,1993,0,0,0,0,0,0,0,0,0,0
61192,1,1,1993,0,0,0,0,0,0,0,0,0,0
61192,2,1,1993,0,0,0,0,0,0,0,0,0,0
61193,1,1,1993,2,2,2,2,2,2,2,2,2,2
61193,2,1,1993,0,0,0,0,0,0,0,0,0,0
61194,1,1,1993,0,0,0,0,0,0,0,0,0,0
61194,2,1,1993,0,0,0,0,0,0,0,0,0,0
61195,1,1,1993,0,0,0,0,0,0,0,0,0,0
61195,2,1,1993,0,0,0,0,0,0,0,0,0,13
61196,1,1,1993,0,0,0,0,0,0,0,0,0,0
61196,2,1,1993,0,0,0,0,0,0,0,0,0,0
61197,0,1,1993,0,0,0,0,0,0,0,0,0,0
61197,1,1,1993,0,0,0,0,21,0,0,0,13,0
61198,1,1,1993,0,0,0,0,0,0,0,0,0,0
61199,1,1,1993,15,15,15,15,15,15,15,15,15,15
61200,1,1,1993,15,15,15,15,15,15,15,15,15,15
61201,0,1,1993,18,0,40,0,0,21,0,0,0,0
61201,1,1,1993,0,0,0,0,0,0,0,0,0,0
61202,1,1,1993,19,19,19,19,19,19,19,19,19,19
61203,1,1,1993,0,0,0,0,0,0,0,0,0,0
61203,2,1,1993,0,0,0,0,0,0,0,0,0,0
61204,1,1,1993,0,0,0,0,0,0,0,0,0,0
61204,2,1,1993,0,0,0,0,0,0,0,0,0,0
61205,1,1,1993,0,0,0,0,0,0,0,0,0,0
61205,2,1,1993,0,0,0,0,0,0,0,0,0,0
61206,1,1,1993,0,0,0,0,0,0,0,0,0,0
61206,2,1,1993,0,0,0,0,0,0,0,0,0,0
61207,1,1,1993,19,19,19,19,19,19,19,19,19,19
61207,2,1,1993,0,0,0,0,0,0,0,0,0,0
61208,1,1,1993,18,18,18,18,18,18,18,18,18,18
61208,2,1,1993,0,0,0,0,0,0,0,0,0,0
61209,1,1,1993,7,0,0,0,0,0,0,20,0,0
61209,2,1,1993,0,0,0,0,0,0,0,0,0,14
61210,1,1,1993,0,0,0,0,0,0,0,0,0,0
61210,2,1,1993,12,12,12,12,12,12,12,12,12,12
61211,1,1,1993,0,0,0,0,0,0,0,0,0,0
61211,2,1,1993,0,0,0,0,0,0,0,0,0,0
61212,1,1,1993,0,0,0,0,0,0,0,0,0,0
61212,2,1,1993,0,0,0,0,0,0,0,0,0,0
61213,1,1,1993,12,12,12,12,12,12,12,12,12,12
61213,2,1,1993,0,0,0,0,0,0,0,0,0,0
61213,3,1,1993,0,0,0,0,0,0,0,0,0,0
61214,1,1,1993,0,0,0,0,0,0,0,0,0,0
61214,2,1,1993,0,0,0,0,0,0,0,0,0,0
61215,1,1,1993,22,22,22,22,22,22,22,22,22,22
61215,2,1,1993,0,0,0,0,0,0,0,0,0,1
61216,1,1,1993,14,14,14,14,14,14,14,14,14,14
61217,1,1,1993,0,0,0,0,19,0,0,0,0,9
61218,0,1,1993,0,15,4,0,0,8,0,0,30,32
61218,1,1,1993,0,0,0,0,0,0,0,0,0,0
61219,1,1,1993,13,13,13,13,13,13,13,13,13,13
61219,2,1,1993,0,0,0,0,0,0,0,0,0,0
61220,0,1,1993,0,0,0,0,0,0,0,0,0,0
61220,1,1,1993,0,0,0,0,0,0,0,0,0,0
61221,0,1,1993,0,0,0,0,0,0,0,0,0,0
61221,1,1,1993,20,24,16,16,14,11,28,7,0,13
61222,1,1,1993,0,0,0,0,0,0,0,0,0,0
61223,1,1,1993,0,0,0,0,0,0,0,0,0,0
61224,0,1,1993,0,0,0,0,0,0,0,0,0,0
61224,1,1,1993,0,0,0,0,0,0,0,0,0,0
61225,1,1,1993,0,0,0,0,0,0,0,0,0,0
61226,1,1,1993,13,13,13,13,13,13,13,13,13,13
61227,0,1,1993,0,0,0,0,0,0,0,0,0,0
61227,1,1,1993,0,19,0,0,12,13,10,11,0,0
61228,1,1,1993,0,0,0,0,0,0,0,0,0,0
61229,0,1,1993,23,23,23,23,23,23,23,23,23,23
61229,1,1,1993,0,0,0,0,0,0,0,0,0,0
61230,1,1,1993,0,0,0,0,0,0,0,0,0,0
61231,0,1,1993,0,0,0,0,0,0,0,0,0,0
61231,1,1,1993,0,0,0,0,0,0,0,30,0,0
61232,0,1,1993,15,15,15,15,15,15,15,15,15,15
61232,1,1,1993,0,0,0,28,0,0,21,11,0,0
61233,0,1,1993,3,3,3,3,3,3,3,3,3,3
61233,1,1,1993,0,0,0,0,0,0,0,0,0,0
61234,0,1,1993,15,15,15,15,15,15,15,15,15,15
61234,1,1,1993,0,0,0,0,0,0,0,0,0,0
61235,1,1,1993,21,21,21,21,21,21,21,21,21,21
61236,0,1,1993,0,0,0,0,0,0,0,0,0,0
61236,1,1,1993,0,0,0,0,0,0,0,0,0,0
61237,1,1,1993,23,23,23,23,23,23,23,23,23,23
61238,0,1,1993,0,0,0,0,0,0,0,0,0,0
61238,1,1,1993,0,0,0,0,0,0,0,0,0,0
61239,1,1,1993,19,19,19,19,19,19,19,19,19,19
61240,1,1,1993,2,2,2,2,2,2,2,2,2,2
61241,0,1,1993,0,0,22,0,19,13,0,0,0,0
61241,1,1,1993,0,0,0,0,0,0,0,0,0,0
61242,1,1,1993,0,0,0,0,0,0,0,0,0,0
61243,0,1,1993,0,0,0,0,0,0,0,0,0,0
61243,1,1,1993,0,0,0,0,0,0,0,0,0,0
61244,1,1,1993,14,14,14,14,14,14,14,14,14,14
61245,0,1,1993,0,0,0,0,0,0,0,0,0,0
61245,1,1,1993,0,0,0,0,0,0,0,0,0,0
61246,0,1,1993,0,0,0,0,0,0,0,0,0,0
61246,1,1,1993,0,0,0,0,0,0,0,0,0,0
61247,1,1,1993,20,20,20,20,20,20,20,20,20,20
61248,1,1,1993,12,12,12,12,12,12,12,12,12,12
61249,1,1,1993,0,0,0,0,0,0,0,0,0,0
61250,1,1,1993,0,0,0,0,0,0,0,0,0,0
61251,1,1,1993,0,0,0,0,0,0,0,0,0,0
61252,0,1,1993,0,0,0,0,0,0,0,0,0,0
61252,0,2,1993,0,0,0,0,0,0,0,0,0,0
61252,0,3,1993,0,0,0,46,28,8,0,0,0,0
61252,1,1,1993,0,0,13,0,0,0,20,0,0,0
61253,1,1,1993,10,10,10,10,10,10,10,10,10,10
61254,1,1,1993,0,0,0,0,0,0,0,0,0,0
61255,1,1,1993,0,0,0,0,0,0,0,0,0,0
61256,1,1,1993,22,22,22,22,22,22,22,22,22,22
61257,1,1,1993,24,24,24,24,24,24,24,24,24,24
61258,1,1,1993,19,19,19,19,19,19,19,19,19,19
61259,0,1,1993,0,0,0,0,0,0,0,0,0,0
61259,1,1,1993,0,0,0,18,0,0,0,0,10,33
61260,0,1,1993,0,38,0,36,20,0,9,21,0,12
61260,1,1,1993,0,0,0,11,0,0,0,0,0,0
61261,1,1,1993,18,18,18,18,18,18,18,18,18,18
61262,1,1,1993,0,0,0,0,0,0,0,0,0,0
61263,1,1,1993,14,14,14,14,14,14,14,14,14,14
61264,1,1,1993,0,0,0,0,0,0,0,0,0,0
61265,1,1,1993,4,4,4,4,4,4,4,4,4,4
61266,1,1,1993,15,15,15,15,15,15,15,15,15,15
61266,2,1,1993,0,0,0,0,0,0,0,0,0,0
61267,0,1,1993,0,0,0,0,0,0,0,0,0,0
61267,1,1,1993,0,0,0,0,0,0,0,0,0,0
61268,1,1,1993,8,8,8,8,8,8,8,8,8,8
61269,1,1,1993,0,15,14,37,19,28,20,26,19,3
61270,1,1,1993,13,21,17,23,35,13,22,11,28,32
61271,0,1,1993,2,2,2,2,2,2,2,2,2,2
61271,1,1,1993,0,27,0,0,4,0,16,22,16,0
61272,0,1,1993,0,0,0,0,0,0,0,0,0,0
61272,1,1,1993,0,0,0,0,0,0,0,0,0,0
61273,0,1,1993,0,0,0,0,0,0,0,0,0,0
61273,1,1,1993,0,0,0,0,0,0,0,0,0,0
61274,1,1,1993,19,19,19,19,19,19,19,19,19,19
61275,1,1,1993,0,19,31,33,16,0,5,19,0,15
61276,1,1,1993,0,0,0,0,0,0,0,0,0,0
61277,0,1,1993,40,40,40,40,40,40,40,40,40,40
61277,1,1,1993,0,0,0,0,0,0,0,0,0,0
61278,1,1,1993,12,12,12,12,12,12,12,12,12,12
61278,2,1,1993,0,0,0,0,0,0,0,0,0,0
61279,1,1,1993,0,0,0,0,0,0,0,0,0,0
61279,2,1,1993,0,0,0,0,0,0,0,0,0,0
61280,1,1,1993,0,0,9,0,0,13,0,13,0,0
61281,1,1,1993,0,0,0,0,0,0,0,0,0,0
61281,2,1,1993,0,0,0,0,0,0,0,0,0,0
61282,1,1,1993,0,13,0,0,0,0,0,0,0,19
61283,1,1,1993,13,13,13,13,13,13,13,13,13,13
61284,1,1,1993,0,0,0,0,0,0,0,0,0,0
61285,1,1,1993,25,25,25,25,25,25,25,25,25,25
61285,2,1,1993,0,0,0,0,0,0,0,0,0,0
61286,1,1,1993,14,14,14,14,14,14,14,14,14,14
61286,2,1,1993,0,0,0,0,0,0,0,0,0,0
61287,1,1,1993,5,5,5,5,5,5,5,5,5,5
61287,2,1,1993,18,12,6,15,13,13,9,3,9,12
61288,0,1,1993,0,0,0,0,0,0,0,0,0,0
61288,0,2,1993,0,0,32,0,0,0,0,0,18,9
61288,1,1,1993,8,8,8,8,8,8,8,8,8,8
61288,2,1,1993,0,25,0,0,0,0,0,0,0,0
61289,1,1,1993,0,0,0,0,0,0,0,0,0,9
61289,2,1,1993,0,0,0,0,0,0,0,0,0,0
61290,1,1,1993,40,40,40,40,40,40,40,40,40,40
61291,0,1,1993,0,0,0,0,0,0,0,0,0,0
61291,1,1,1993,0,0,0,0,0,0,0,0,0,0
61292,0,1,1993,16,16,16,16,16,16,16,16,16,16
61292,1,1,1993,34,34,34,34,34,34,34,34,34,34
61293,1,1,1993,0,0,0,0,0,0,0,0,0,0
61293,2,1,1993,0,0,0,0,0,0,0,0,0,0
61293,3,1,1993,0,0,0,0,0,0,0,0,0,0
61294,1,1,1993,0,0,0,0,0,0,0,0,0,0
61294,2,1,1993,0,0,0,0,0,0,0,0,0,0
61294,3,1,1993,0,0,0,0,0,0,0,0,17,0
61295,1,1,1993,0,0,0,0,0,0,0,0,0,0
61295,2,1,1993,6,13,0,11,0,5,16,9,6,15
61296,1,1,1993,0,0,0,0,0,0,0,0,0,0
61297,1,1,1993,0,0,0,0,0,23,0,0,0,0
61298,1,1,1993,0,0,0,0,0,0,0,0,0,0
61298,2,1,1993,0,0,0,0,0,0,0,0,0,0
61299,1,1,1993,11,11,11,11,11,11,11,11,11,11
61299,2,1,1993,0,0,0,0,0,0,0,0,0,0
61299,3,1,1993,0,0,0,0,0,0,0,0,0,0
61300,1,1,1993,22,22,22,22,22,22,22,22,22,22
61300,2,1,1993,0,0,0,0,0,0,0,15,0,0
61301,1,1,1993,0,0,0,0,0,0,0,0,0,0
61302,1,1,1993,16,16,16,16,16,16,16,16,16,16
61302,2,1,1993,0,0,0,0,0,0,0,0,0,0
61303,0,1,1993,0,0,0,0,0,0,0,0,0,0
61303,1,1,1993,0,0,0,20,0,0,0,0,0,0
61304,1,1,1993,0,0,0,0,0,0,10,0,0,0
61304,2,1,1993,0,0,0,0,0,0,0,0,0,0
61305,1,1,1993,0,0,0,0,0,0,0,0,0,0
61305,2,1,1993,0,12,0,0,0,0,0,0,0,19
61306,1,1,1993,17,17,17,17,17,17,17,17,17,17
61307,1,1,1993,17,0,0,0,0,0,0,0,10,0
61308,1,1,1993,0,0,0,0,0,0,0,3,19,0
61308,2,1,1993,0,0,0,0,0,0,0,0,0,0
61309,1,1,1993,0,0,0,0,0,10,0,0,0,0
61310,1,1,1993,0,0,0,0,0,0,0,0,0,7
61310,2,1,1993,0,0,0,0,0,0,0,0,0,0
61311,1,1,1993,16,16,16,16,16,16,16,16,16,16
61312,0,1,1993,0,0,0,0,0,0,0,0,0,0
61312,1,1,1993,0,0,0,0,17,0,0,23,0,0
61313,0,1,1993,26,26,26,26,26,26,26,26,26,26
61313,1,1,1993,0,0,0,8,10,10,0,0,0,0
61314,1,1,1993,0,0,0,0,0,0,0,0,0,0
61315,1,1,1993,0,0,0,0,0,0,0,0,0,0
61315,2,1,1993,0,0,0,0,0,0,0,0,0,0
61315,3,1,1993,0,0,0,0,0,0,0,0,0,0
61316,1,1,1993,0,0,0,0,0,0,0,0,0,0
61317,0,1,1993,9,9,9,9,9,9,9,9,9,9
61317,1,1,1993,0,0,0,0,0,0,0,0,0,0
61318,0,1,1993,0,0,0,0,0,0,0,0,0,0
61318,1,1,1993,0,14,0,0,0,0,0,0,0,0
61319,1,1,1993,0,0,0,0,0,0,0,0,0,0
61319,2,1,1993,0,0,0,0,0,0,0,0,0,0
61320,1,1,1993,0,0,0,6,0,0,0,0,0,0