ST_CASE,VEH_NO,PER_NO,YEAR,P1,P2,P3,P4,P5,P6,P7,P8,P9,P10
61320,2,1,1993,0,0,0,0,0,0,0,0,0,0
61321,1,1,1993,29,29,29,29,29,29,29,29,29,29
61321,2,1,1993,0,0,0,0,0,0,0,0,0,0
61322,1,1,1993,0,0,0,0,0,0,0,0,0,0
61322,2,1,1993,0,0,0,0,0,0,0,0,0,0
61323,1,1,1993,0,0,0,0,0,0,0,0,0,0
61324,1,1,1993,15,15,15,15,15,15,15,15,15,15
61324,2,1,1993,0,0,0,0,0,0,0,0,0,0
61324,3,1,1993,0,0,0,0,0,0,0,0,0,0
61325,0,1,1993,20,27,9,36,28,30,29,18,27,9
61325,1,1,1993,0,0,0,0,0,0,7,0,0,0
61326,1,1,1993,56,56,56,56,56,56,56,56,56,56
61326,2,1,1993,0,0,0,0,0,0,0,0,0,0
61327,1,1,1993,0,11,10,5,0,8,0,15,7,10
61327,2,1,1993,0,0,0,0,0,0,0,0,0,0
61327,3,1,1993,6,5,10,12,13,13,7,9,18,10
61328,1,1,1993,0,0,0,0,0,0,0,0,0,0
61328,2,1,1993,0,0,0,0,0,0,0,0,0,0
61329,1,1,1993,0,0,0,0,0,0,0,0,0,0
61329,2,1,1993,0,0,0,0,0,0,0,0,0,0
61330,0,1,1993,0,0,0,0,0,0,0,0,0,0
61330,1,1,1993,0,0,0,0,0,0,0,0,0,0
61331,0,1,1993,13,13,13,13,13,13,13,13,13,13
61331,1,1,1993,0,0,19,0,28,17,0,0,0,14
61332,1,1,1993,0,0,0,0,0,0,0,0,0,0
61332,2,1,1993,32,32,32,32,32,32,32,32,32,32
61333,1,1,1993,0,0,0,0,0,0,0,0,0,0
61333,2,1,1993,17,0,9,13,34,25,0,0,10,0
61333,3,1,1993,0,0,0,0,0,0,0,0,0,0
61334,1,1,1993,17,0,0,0,0,0,0,0,0,0
61334,2,1,1993,0,0,0,0,0,0,0,0,0,0
61335,1,1,1993,0,0,0,0,0,0,0,0,0,0
61335,2,1,1993,0,0,0,0,0,0,0,0,0,0
61336,1,1,1993,0,0,0,0,0,0,0,0,0,0
61336,2,1,1993,0,0,0,0,0,0,0,0,0,0
61336,3,1,1993,0,0,0,0,0,0,0,0,0,0
61337,1,1,1993,0,0,0,0,0,0,0,0,0,0
61337,2,1,1993,0,0,0,0,0,0,0,0,0,0
61338,1,1,1993,23,23,23,23,23,23,23,23,23,23
61338,2,1,1993,0,0,0,0,0,0,0,0,0,0
61339,1,1,1993,18,0,11,0,0,0,0,33,0,0
61339,2,1,1993,0,0,0,0,0,0,0,0,0,0
61339,3,1,1993,0,0,0,0,0,0,0,0,0,0
61340,1,1,1993,0,0,0,0,0,0,0,0,0,0
61340,2,1,1993,0,0,0,0,0,0,0,0,0,0
61341,1,1,1993,0,0,0,0,0,0,0,0,0,0
61341,2,1,1993,0,0,0,0,0,0,0,0,0,0
61341,3,1,1993,0,0,0,0,0,0,0,0,0,0
61342,1,1,1993,0,0,0,27,0,0,0,0,0,0
61342,2,1,1993,0,0,0,0,0,0,0,0,0,0
61342,3,1,1993,0,0,0,0,0,0,0,0,0,0
61343,1,1,1993,0,0,0,0,0,0,0,0,0,0
61343,2,1,1993,20,20,20,20,20,20,20,20,20,20
61344,1,1,1993,0,0,0,0,0,0,0,0,0,0
61344,2,1,1993,0,0,0,0,0,0,0,0,0,0
61345,1,1,1993,0,0,0,0,0,0,0,0,0,0
61345,2,1,1993,0,11,0,0,0,0,0,0,0,10
61346,1,1,1993,0,0,0,0,0,0,0,0,0,0
61346,2,1,1993,25,11,24,32,23,12,29,31,11,15
61347,1,1,1993,0,0,0,0,0,0,0,0,0,0
61348,1,1,1993,16,16,16,16,16,16,16,16,16,16
61349,1,1,1993,14,14,14,14,14,14,14,14,14,14
61349,2,1,1993,0,0,0,0,0,0,0,0,0,0
61350,1,1,1993,0,0,0,0,0,0,0,0,0,0
61350,2,1,1993,0,0,0,0,0,0,0,0,0,0
61351,1,1,1993,0,16,0,0,0,0,0,0,0,0
61352,1,1,1993,31,0,0,0,0,25,0,19,14,16
61353,1,1,1993,0,0,0,9,8,0,0,0,0,0
61354,1,1,1993,0,0,0,0,0,0,0,0,0,0
61354,2,1,1993,0,0,0,0,0,0,0,0,0,0
61355,1,1,1993,0,0,0,0,0,0,0,0,0,0
61356,0,1,1993,4,4,4,4,4,4,4,4,4,4
61356,1,1,1993,0,0,0,0,0,0,0,0,0,0
61357,1,1,1993,0,0,0,0,0,0,0,0,0,0
61358,1,1,1993,0,0,0,0,0,0,0,0,0,0
61359,1,1,1993,13,13,13,13,13,13,13,13,13,13
61359,2,1,1993,0,0,0,0,0,0,0,0,0,0
61360,1,1,1993,8,8,8,8,8,8,8,8,8,8
61361,1,1,1993,12,12,12,12,12,12,12,12,12,12
61361,2,1,1993,0,0,0,6,0,8,0,0,0,0
61362,1,1,1993,0,0,0,0,0,0,0,0,0,0
61363,1,1,1993,0,0,0,0,0,0,0,0,0,0
61363,2,1,1993,0,0,0,0,0,0,0,0,0,0
61364,1,1,1993,0,0,16,0,9,0,0,14,0,22
61364,2,1,1993,12,12,12,12,12,12,12,12,12,12
61364,3,1,1993,0,0,0,0,16,0,0,0,0,0
61365,1,1,1993,0,0,0,0,0,0,0,0,0,0
61365,2,1,1993,0,0,0,0,0,0,0,0,0,0
61366,1,1,1993,0,0,0,0,0,0,0,0,0,0
61366,2,1,1993,0,0,0,0,0,0,0,0,0,0
61367,1,1,1993,21,21,21,21,21,21,21,21,21,21
61367,2,1,1993,0,0,0,0,17,0,0,0,0,0
61367,3,1,1993,0,0,0,0,0,0,0,0,0,0
61368,1,1,1993,19,19,19,19,19,19,19,19,19,19
61368,2,1,1993,0,0,0,0,0,2,0,0,0,0
61369,1,1,1993,0,0,0,0,0,0,0,0,0,0
61369,2,1,1993,0,0,0,0,0,0,0,0,0,0
61370,1,1,1993,0,0,0,0,0,0,0,0,0,0
61370,2,1,1993,0,0,0,0,0,0,0,0,0,0
61370,3,1,1993,0,0,0,0,0,0,0,0,0,4
61371,1,1,1993,0,0,0,0,0,0,0,0,0,0
61371,2,1,1993,0,0,0,0,0,0,0,0,0,0
61372,1,1,1993,0,0,0,0,0,0,0,0,0,0
61372,2,1,1993,0,0,0,0,0,0,0,0,0,0
61373,1,1,1993,17,17,17,17,17,17,17,17,17,17
61373,2,1,1993,0,0,0,0,0,0,0,0,0,0
61374,1,1,1993,8,8,8,8,8,8,8,8,8,8
61374,2,1,1993,0,0,0,0,0,0,0,0,0,12
61375,1,1,1993,5,5,5,5,5,5,5,5,5,5
61375,2,1,1993,0,0,0,21,0,0,0,0,0,0
61376,1,1,1993,0,0,0,0,0,0,0,0,0,0
61376,2,1,1993,0,0,0,0,0,0,0,0,0,0
61377,1,1,1993,0,0,0,0,0,0,0,0,0,0
61377,2,1,1993,0,0,0,0,0,0,0,0,0,0
61379,1,1,1993,0,0,0,0,0,0,0,0,0,0
61379,2,1,1993,0,0,0,0,0,0,0,0,0,0
61380,1,1,1993,0,0,0,0,0,0,0,0,0,0
61380,2,1,1993,0,0,0,0,0,0,0,0,0,0
61381,0,1,1993,0,0,0,0,0,0,0,0,0,0
61381,1,1,1993,0,0,0,0,0,0,0,0,0,0
61382,1,1,1993,0,0,0,0,0,0,0,0,0,0
61382,2,1,1993,0,0,0,0,0,0,0,0,0,0
61383,1,1,1993,21,22,35,25,19,20,0,20,13,20
61384,0,1,1993,33,33,33,33,33,33,33,33,33,33
61384,1,1,1993,0,0,0,0,0,0,0,0,0,0
61385,1,1,1993,0,0,0,0,0,0,0,0,0,0
61385,2,1,1993,0,0,0,0,0,0,0,0,0,0
61385,3,1,1993,0,0,0,0,0,0,0,0,0,0
61386,1,1,1993,13,13,13,13,13,13,13,13,13,13
61386,2,1,1993,0,0,0,0,0,0,0,0,0,0
61387,1,1,1993,12,12,12,12,12,12,12,12,12,12
61388,0,1,1993,10,10,10,10,10,10,10,10,10,10
61388,1,1,1993,0,0,0,0,8,0,21,0,0,8
61389,1,1,1993,0,0,0,0,0,0,0,0,0,0
61389,2,1,1993,0,0,0,0,0,0,0,0,0,5
61389,3,1,1993,0,0,0,0,0,0,0,0,0,0
61390,1,1,1993,0,0,0,0,0,0,0,0,0,0
61390,2,1,1993,0,0,0,0,0,0,0,0,0,0
61390,3,1,1993,0,0,0,0,0,0,0,22,0,0
61391,1,1,1993,0,0,0,0,0,0,0,0,0,0
61391,2,1,1993,13,13,13,13,13,13,13,13,13,13
61392,1,1,1993,7,7,7,7,7,7,7,7,7,7
61392,2,1,1993,5,5,5,5,5,5,5,5,5,5
61393,1,1,1993,0,0,0,0,0,0,0,0,0,0
61393,2,1,1993,0,0,0,0,0,0,0,0,0,0
61394,1,1,1993,0,0,0,0,0,0,0,0,0,0
61394,2,1,1993,0,0,0,0,0,0,0,0,0,0
61395,1,1,1993,0,0,0,0,0,0,0,0,0,0
61395,2,1,1993,11,11,11,11,11,11,11,11,11,11
61396,0,1,1993,0,0,0,0,0,0,0,0,0,0
61396,1,1,1993,0,0,0,0,0,0,0,0,0,0
61396,3,1,1993,0,0,0,0,0,0,0,0,0,0
61396,4,1,1993,0,0,0,0,0,0,0,0,0,0
61396,5,1,1993,0,0,0,0,0,0,0,0,0,0
61397,0,1,1993,0,0,0,0,0,0,0,0,0,0
61397,1,1,1993,0,0,0,0,0,0,0,0,0,0
61397,3,1,1993,0,0,0,0,0,0,0,0,0,0
61398,1,1,1993,0,0,0,0,0,0,0,0,0,0
61399,0,1,1993,13,13,13,13,13,13,13,13,13,13
61399,1,1,1993,0,0,0,0,12,0,0,0,0,0
61400,1,1,1993,0,0,0,0,0,0,0,0,0,0
61400,2,1,1993,0,0,0,0,0,0,0,0,0,0
61401,1,1,1993,4,4,4,4,4,4,4,4,4,4
61402,1,1,1993,27,27,27,27,27,27,27,27,27,27
61403,0,1,1993,0,0,0,0,0,0,0,0,0,0
61403,1,1,1993,0,0,0,0,0,0,0,0,0,8
61404,0,1,1993,35,35,35,35,35,35,35,35,35,35
61404,1,1,1993,0,0,0,0,0,0,17,0,0,0
61405,1,1,1993,13,10,4,5,26,24,12,10,22,18
61406,0,1,1993,0,0,0,0,0,0,0,0,0,0
61406,1,1,1993,0,0,0,0,0,0,0,0,0,0
61407,1,1,1993,21,0,0,0,0,0,0,0,0,0
61408,0,1,1993,0,0,0,0,0,0,0,0,0,0
61408,1,1,1993,0,0,0,0,0,0,0,0,0,0
61409,0,1,1993,20,0,0,0,14,0,45,0,0,0
61409,1,1,1993,0,0,0,0,0,0,0,0,0,0
61410,0,1,1993,32,32,32,32,32,32,32,32,32,32
61410,1,1,1993,15,7,0,0,0,0,0,0,0,0
61411,1,1,1993,0,0,0,0,0,0,0,0,0,0
61412,1,1,1993,0,0,0,0,0,0,0,0,0,0
61413,1,1,1993,23,23,23,23,23,23,23,23,23,23
61414,0,1,1993,27,27,27,27,27,27,27,27,27,27
61414,1,1,1993,0,0,0,0,0,0,0,0,0,0
61415,1,1,1993,0,0,0,0,0,0,0,0,0,0
61416,0,1,1993,0,0,0,0,0,0,0,0,0,0
61416,1,1,1993,0,0,0,0,0,0,0,0,0,0
61417,1,1,1993,0,0,0,0,0,0,0,0,0,0
61418,1,1,1993,32,32,32,32,32,32,32,32,32,32
61419,1,1,1993,0,0,0,0,0,0,0,0,0,0
61420,1,1,1993,0,0,0,0,0,0,0,0,0,0
61421,0,1,1993,0,0,0,0,0,0,0,0,0,0
61421,1,1,1993,0,0,0,0,0,0,0,0,0,0
61422,0,1,1993,0,0,0,0,0,0,0,0,0,0
61422,1,1,1993,0,14,0,0,0,16,0,0,0,0
61423,1,1,1993,20,20,20,20,20,20,20,20,20,20
61424,0,1,1993,0,0,0,0,0,0,0,0,0,0
61424,1,1,1993,0,0,0,28,0,0,0,0,0,0
61425,1,1,1993,7,7,7,7,7,7,7,7,7,7
61426,0,1,1993,18,18,18,18,18,18,18,18,18,18
61426,1,1,1993,14,14,14,14,14,14,14,14,14,14
61427,0,1,1993,0,0,0,0,0,0,0,0,0,0
61427,1,1,1993,0,0,0,0,0,0,0,0,0,0
61428,0,1,1993,0,0,0,0,0,0,0,0,0,0
61428,1,1,1993,7,7,7,7,7,7,7,7,7,7
61429,1,1,1993,26,26,26,26,26,26,26,26,26,26
61430,1,1,1993,0,0,0,0,0,0,0,0,0,0
61431,0,1,1993,0,0,0,0,0,0,0,0,0,0
61431,1,1,1993,0,0,0,0,0,0,0,0,0,0
61432,0,1,1993,0,0,0,0,0,0,0,0,0,0
61432,1,1,1993,0,0,0,0,0,0,0,0,0,0
61433,1,1,1993,0,0,0,0,0,0,0,0,0,0
61434,1,1,1993,0,0,0,0,0,0,0,0,0,0
61435,1,1,1993,0,0,0,0,0,0,0,0,0,0
61436,1,1,1993,13,13,13,13,13,13,13,13,13,13
61437,1,1,1993,34,34,34,34,34,34,34,34,34,34
61438,1,1,1993,20,20,20,20,20,20,20,20,20,20
61439,1,1,1993,17,17,17,17,17,17,17,17,17,17
61440,1,1,1993,24,24,24,24,24,24,24,24,24,24
61441,1,1,1993,0,0,0,0,0,0,0,0,0,0
61441,2,1,1993,17,17,17,17,17,17,17,17,17,17
61442,1,1,1993,0,0,0,0,0,0,0,0,0,0
61443,1,1,1993,2,2,2,2,2,2,2,2,2,2
61444,1,1,1993,0,0,0,0,0,0,0,0,0,0
61445,1,1,1993,0,0,0,0,0,0,0,0,0,0
61445,2,1,1993,0,0,0,0,0,0,0,0,0,0
61446,0,1,1993,0,0,0,0,0,0,0,0,0,0
61446,1,1,1993,0,0,0,0,0,0,0,0,0,0
61447,1,1,1993,7,7,7,7,7,7,7,7,7,7
61448,1,1,1993,5,5,5,5,5,5,5,5,5,5
61449,1,1,1993,0,12,9,5,0,0,0,0,0,0
61450,1,1,1993,0,0,0,0,0,0,0,0,0,0
61450,2,1,1993,0,0,0,0,0,0,0,0,0,0
61451,1,1,1993,0,0,0,0,0,0,0,0,0,0
61452,1,1,1993,0,0,0,0,0,0,0,0,0,0
61453,1,1,1993,0,0,0,0,0,0,0,0,0,0
61454,1,1,1993,2,2,2,2,2,2,2,2,2,2
61455,1,1,1993,0,0,0,0,0,0,0,0,0,0
61456,1,1,1993,16,16,16,16,16,16,16,16,16,16
61456,2,1,1993,0,0,0,0,0,0,0,0,0,0
61457,1,1,1993,15,15,15,15,15,15,15,15,15,15
61457,2,1,1993,0,0,0,0,0,0,0,0,0,0
61458,0,1,1993,0,0,0,0,0,0,0,0,0,0
61458,1,1,1993,0,0,0,0,0,0,0,0,0,0
61459,1,1,1993,0,0,0,0,0,0,0,0,0,0
61459,2,1,1993,0,0,0,0,0,11,0,0,0,0
61460,0,1,1993,21,21,21,21,21,21,21,21,21,21
61460,1,1,1993,0,0,0,0,0,0,15,0,0,0
61461,1,1,1993,0,0,0,0,0,0,0,0,0,0
61461,2,1,1993,2,2,2,2,2,2,2,2,2,2
61462,1,1,1993,0,0,0,0,0,0,0,0,0,0
61463,1,1,1993,0,0,0,0,0,0,0,0,0,0
61463,2,1,1993,0,0,0,0,0,0,0,0,0,0
61464,1,1,1993,0,0,0,0,0,0,0,0,0,0
61464,2,1,1993,0,0,0,0,0,0,0,0,0,0
61465,1,1,1993,4,4,4,4,4,4,4,4,4,4
61465,2,1,1993,0,0,0,0,0,0,0,0,0,0
61466,1,1,1993,16,16,16,16,16,16,16,16,16,16
61466,2,1,1993,0,0,0,0,0,0,0,0,0,0
61467,1,1,1993,0,0,0,0,0,0,0,0,0,0
61467,2,1,1993,0,0,15,13,0,0,0,12,0,0
61468,0,1,1993,18,18,18,18,18,18,18,18,18,18
61468,1,1,1993,0,0,0,0,0,0,0,0,0,0
61469,1,1,1993,0,0,0,0,0,0,0,0,0,0
61469,2,1,1993,0,0,0,0,0,0,0,0,0,0
61470,1,1,1993,0,0,0,0,0,0,0,0,0,0
61471,1,1,1993,9,13,0,5,17,17,17,4,8,13
61472,1,1,1993,23,23,23,23,23,23,23,23,23,23
61473,1,1,1993,0,0,0,0,0,0,0,0,0,0
61474,1,1,1993,0,0,0,0,0,0,0,0,0,0
61475,0,1,1993,0,0,0,0,0,0,0,0,0,0
61475,1,1,1993,0,0,0,0,23,0,0,0,0,0
61476,1,1,1993,0,0,0,0,0,0,11,11,0,0
61477,1,1,1993,0,0,0,0,0,0,0,0,0,0
61477,2,1,1993,10,10,10,10,10,10,10,10,10,10
61478,1,1,1993,0,0,0,0,0,0,0,0,0,0
61479,1,1,1993,3,3,3,3,3,3,3,3,3,3
61480,1,1,1993,12,12,12,12,12,12,12,12,12,12
61480,2,1,1993,0,0,0,0,0,0,0,0,0,0
61481,1,1,1993,0,0,0,0,0,0,0,0,0,0
61482,1,1,1993,0,0,0,0,0,0,0,0,0,0
61482,2,1,1993,0,0,0,0,9,5,12,0,12,0
61482,3,1,1993,14,14,14,14,14,14,14,14,14,14
61483,1,1,1993,29,29,29,29,29,29,29,29,29,29
61483,2,1,1993,0,0,0,0,0,0,0,0,0,0
61483,3,1,1993,0,0,0,0,0,0,0,0,0,0
61484,1,1,1993,13,13,13,13,13,13,13,13,13,13
61485,1,1,1993,12,12,12,12,12,12,12,12,12,12
61485,2,1,1993,0,0,0,0,0,0,0,0,0,0
61486,1,1,1993,0,0,0,0,0,0,0,0,0,0
61486,2,1,1993,0,0,0,0,0,0,0,0,0,0
61486,3,1,1993,0,0,0,0,0,0,0,0,0,0
61486,4,1,1993,0,0,0,0,0,0,0,0,0,0
61487,1,1,1993,0,0,0,0,0,0,0,0,0,0
61488,0,1,1993,0,7,13,0,27,0,0,0,0,7
61488,0,2,1993,0,0,0,0,0,0,0,0,0,0
61488,1,1,1993,0,0,0,0,0,0,0,0,0,0
61489,1,1,1993,0,0,0,0,0,0,0,0,0,0
61490,0,1,1993,0,0,0,0,18,0,0,0,0,0
61490,0,2,1993,0,0,0,0,8,0,11,0,0,0
61490,0,3,1993,0,0,0,0,0,0,0,0,0,0
61490,1,1,1993,0,4,0,0,0,0,0,0,0,0
61491,1,1,1993,0,0,0,4,25,21,0,6,0,14
61492,1,1,1993,24,24,24,24,24,24,24,24,24,24
61493,1,1,1993,24,24,24,24,24,24,24,24,24,24
61494,1,1,1993,0,0,0,0,0,0,0,0,0,0
61495,1,1,1993,0,0,0,0,0,0,0,0,0,0
61495,2,1,1993,0,0,0,0,0,0,0,0,0,0
61495,3,1,1993,0,0,0,0,0,0,0,0,0,0
61496,1,1,1993,0,0,0,0,0,0,0,0,0,0
61496,2,1,1993,0,0,0,0,0,0,0,0,0,0
61497,1,1,1993,0,0,0,0,0,0,0,0,0,0
61497,2,1,1993,0,0,0,0,0,0,0,0,8,0
61498,1,1,1993,4,0,0,0,0,16,0,9,0,0
61498,2,1,1993,0,0,0,0,0,13,0,0,0,0
61499,0,1,1993,26,7,50,20,26,0,19,0,28,15
61499,1,1,1993,2,2,2,2,2,2,2,2,2,2
61500,1,1,1993,0,0,0,0,0,0,0,0,0,0
61500,2,1,1993,3,3,3,3,3,3,3,3,3,3
61501,1,1,1993,0,0,0,0,0,0,0,0,0,0
61502,0,1,1993,0,0,0,0,0,0,0,0,0,0
61502,1,1,1993,0,0,0,0,0,0,0,0,0,0
61503,1,1,1993,0,0,0,0,0,0,0,0,0,0
61504,1,1,1993,0,0,0,0,0,0,0,0,0,0
61504,2,1,1993,0,0,0,0,0,0,0,0,0,0
61505,0,1,1993,26,26,26,26,26,26,26,26,26,26
61505,1,1,1993,20,20,20,20,20,20,20,20,20,20
61506,1,1,1993,0,0,0,0,0,0,0,0,0,0
61506,2,1,1993,0,0,0,0,0,0,0,0,0,0
61506,3,1,1993,0,0,0,0,0,0,0,0,0,0
61506,4,1,1993,0,0,0,0,0,0,0,0,0,0
61507,1,1,1993,10,10,10,10,10,10,10,10,10,10
61507,2,1,1993,0,0,0,0,0,0,0,0,0,0
61508,1,1,1993,0,0,0,0,0,0,0,0,0,0
61508,2,1,1993,0,0,0,0,0,0,0,0,8,5
61509,1,1,1993,0,0,0,13,0,0,0,0,0,0
61509,2,1,1993,0,0,0,9,0,0,0,0,0,0
61510,1,1,1993,0,0,0,0,0,0,0,0,0,0
61510,2,1,1993,0,0,0,0,0,0,0,0,0,0
61511,1,1,1993,12,12,12,12,12,12,12,12,12,12
61511,2,1,1993,0,0,0,0,0,0,0,0,0,0
61512,0,1,1993,0,0,0,0,0,0,0,0,0,0
61512,1,1,1993,0,0,0,0,0,0,0,0,0,0
61513,1,1,1993,0,0,0,0,0,0,0,0,0,0
61513,2,1,1993,18,0,0,0,0,0,0,0,0,0
61514,0,1,1993,0,0,0,0,0,0,0,0,0,0
61514,1,1,1993,33,20,15,15,21,2,10,13,15,16
61515,0,1,1993,0,0,0,0,0,0,0,0,0,0
61515,1,1,1993,0,0,0,0,0,0,0,0,0,0
61516,1,1,1993,0,0,0,0,0,0,0,0,0,0
61516,2,1,1993,0,0,0,0,0,0,0,0,0,0
61517,1,1,1993,2,2,2,2,2,2,2,2,2,2
61518,0,1,1993,0,0,0,0,0,0,0,0,0,0
61518,1,1,1993,0,0,7,0,0,0,0,0,0,0
61519,0,1,1993,0,0,0,0,0,0,0,0,0,0
61519,0,2,1993,0,0,0,0,0,0,0,0,0,0
61519,1,1,1993,13,0,0,0,0,0,0,0,29,0
61519,2,1,1993,0,0,0,0,0,0,0,18,0,0
61520,1,1,1993,20,20,20,20,20,20,20,20,20,20
61520,2,1,1993,0,0,0,0,0,0,0,0,0,0
61520,3,1,1993,0,0,0,0,0,0,0,0,0,0
61521,1,1,1993,0,0,0,0,0,0,0,0,0,0
61522,1,1,1993,13,13,13,13,13,13,13,13,13,13
61522,2,1,1993,0,0,0,0,0,0,0,0,0,0
61523,1,1,1993,0,0,0,0,0,0,0,0,0,0
61524,1,1,1993,27,27,27,27,27,27,27,27,27,27
61525,1,1,1993,0,0,0,0,0,0,0,0,0,0
61526,1,1,1993,0,0,0,0,0,0,0,0,0,0
61527,1,1,1993,0,0,0,0,0,0,0,0,0,0
61527,2,1,1993,0,0,0,0,0,0,0,0,0,0
61528,0,1,1993,0,0,0,0,0,0,0,0,0,0
61528,1,1,1993,0,0,0,0,0,0,0,0,0,0
61529,0,1,1993,0,0,0,0,0,0,0,0,0,0
61529,1,1,1993,0,0,0,0,0,0,0,0,0,0
61530,0,1,1993,0,0,0,0,0,0,0,0,0,0
61530,0,2,1993,0,0,0,0,0,0,0,0,0,0
61530,1,1,1993,0,0,0,0,0,0,0,0,0,0
61531,1,1,1993,0,0,0,0,0,0,0,0,0,0
61531,2,1,1993,0,0,0,0,0,0,0,0,0,0
61532,1,1,1993,0,0,0,0,0,0,0,0,0,0
61532,2,1,1993,0,0,0,0,0,0,0,0,0,0
61533,1,1,1993,0,0,0,0,0,0,0,0,0,0
61533,2,1,1993,0,0,0,0,0,0,0,0,0,0
61534,1,1,1993,19,19,19,19,19,19,19,19,19,19
61534,2,1,1993,20,0,11,14,30,14,8,0,14,0
61535,1,1,1993,11,11,11,11,11,11,11,11,11,11
61536,1,1,1993,0,0,0,0,0,0,0,0,0,0
61536,2,1,1993,0,0,0,0,0,0,0,0,0,0
61537,1,1,1993,11,11,11,11,11,11,11,11,11,11
61537,2,1,1993,0,0,0,0,0,0,0,0,0,0
61537,3,1,1993,0,0,0,0,0,0,0,0,0,0
61537,4,1,1993,0,0,0,0,0,0,0,0,0,0
61538,0,1,1993,0,0,0,0,0,0,0,0,0,0
61538,0,2,1993,0,0,0,0,0,0,0,0,0,0
61538,1,1,1993,0,0,0,0,0,0,0,0,0,0
61539,0,1,1993,0,0,0,0,0,0,0,0,0,0
61539,1,1,1993,22,22,22,22,22,22,22,22,22,22
61540,1,1,1993,0,0,0,0,0,0,0,0,0,0
61540,2,1,1993,0,0,0,0,0,0,0,0,0,0
61541,1,1,1993,0,0,0,0,0,0,0,11,5,0
61541,2,1,1993,0,0,0,0,0,0,0,0,0,0
61542,1,1,1993,0,0,0,0,0,0,0,0,0,0
61543,1,1,1993,10,10,10,10,10,10,10,10,10,10
61544,1,1,1993,20,20,20,20,20,20,20,20,20,20
61545,0,1,1993,10,10,10,10,10,10,10,10,10,10
61545,1,1,1993,0,0,0,0,8,0,0,0,0,0
61546,1,1,1993,0,0,0,0,0,0,0,0,0,0
61546,2,1,1993,0,0,0,0,0,0,0,0,0,0
61547,0,1,1993,0,0,0,0,0,0,0,0,0,0
61547,1,1,1993,0,0,0,0,5,0,0,0,0,0
61548,0,1,1993,0,0,0,0,0,0,0,0,0,0
61548,1,1,1993,0,0,0,0,0,0,0,0,0,0
61549,0,1,1993,0,0,0,0,0,0,0,0,0,0
61549,1,1,1993,0,0,0,0,0,0,0,0,0,0
61550,1,1,1993,0,0,0,0,0,0,0,0,0,0
61551,1,1,1993,0,0,0,0,0,0,0,0,0,0
61552,1,1,1993,26,26,26,26,26,26,26,26,26,26
61552,2,1,1993,0,0,0,0,0,0,0,0,0,0
61553,1,1,1993,21,21,21,21,21,21,21,21,21,21
61554,1,1,1993,0,0,0,0,0,0,0,0,0,0
61554,2,1,1993,15,15,15,15,15,15,15,15,15,15
61555,1,1,1993,4,17,8,17,15,12,11,18,20,15
61555,2,1,1993,0,0,0,0,0,0,0,0,0,0
61556,1,1,1993,0,0,0,0,0,0,0,0,0,0
61556,2,1,1993,0,0,0,0,0,0,0,0,0,0
61557,1,1,1993,0,0,0,0,0,0,0,0,0,0
61558,1,1,1993,0,0,0,0,0,0,0,0,0,0
61558,2,1,1993,0,0,0,0,0,0,0,0,0,23
61559,0,1,1993,0,0,0,0,0,0,0,0,0,0
61559,1,1,1993,0,0,0,0,0,0,0,0,0,0
61560,1,1,1993,0,0,0,0,0,0,0,0,0,0
61560,2,1,1993,0,0,0,0,0,0,0,0,0,0
61561,1,1,1993,10,10,10,10,10,10,10,10,10,10
61561,2,1,1993,0,0,0,0,0,0,0,0,0,0
61562,1,1,1993,25,25,25,25,25,25,25,25,25,25
61563,0,1,1993,0,0,0,0,0,0,0,0,0,0
61563,1,1,1993,0,0,0,0,0,0,0,0,0,0
61563,2,1,1993,0,0,0,0,0,0,0,10,0,0
61564,1,1,1993,0,0,0,0,8,38,0,0,0,0
61564,2,1,1993,0,0,0,0,0,0,0,0,0,0
61566,1,1,1993,0,0,0,0,0,0,0,0,0,0
61566,2,1,1993,0,0,0,0,0,0,0,0,0,0
61567,0,1,1993,0,0,0,0,0,0,0,0,0,0
61567,1,1,1993,0,0,0,0,0,0,0,0,0,0
61568,1,1,1993,0,0,0,0,0,0,0,0,0,0
61568,2,1,1993,0,0,0,0,0,0,0,0,0,0
61569,0,1,1993,11,11,11,11,11,11,11,11,11,11
61569,1,1,1993,24,0,0,10,0,0,0,0,0,13
61570,1,1,1993,0,0,0,0,0,0,0,0,0,0
61571,1,1,1993,8,0,0,32,5,0,0,0,19,0
61572,0,1,1993,0,0,0,0,0,0,0,0,0,0
61572,1,1,1993,0,0,0,0,0,0,0,0,0,0
61573,1,1,1993,0,0,0,0,0,0,0,0,0,0
61573,2,1,1993,0,0,0,0,0,0,0,0,0,0
61574,1,1,1993,23,23,23,23,23,23,23,23,23,23
61575,1,1,1993,0,0,0,0,0,0,0,0,0,0
61575,2,1,1993,0,0,0,0,0,0,0,0,0,0
61576,1,1,1993,0,0,0,0,0,0,0,0,0,0
61576,2,1,1993,0,0,0,0,0,0,0,0,0,0
61576,3,1,1993,0,20,0,0,6,0,0,0,4,0
61577,0,1,1993,0,0,0,0,0,0,0,0,0,0
61577,1,1,1993,0,0,0,0,0,0,0,0,0,0
61578,0,1,1993,9,9,9,9,9,9,9,9,9,9
61578,1,1,1993,0,0,0,0,0,0,0,0,0,0
61579,1,1,1993,11,11,11,11,11,11,11,11,11,11
61579,2,1,1993,0,0,0,0,0,0,0,0,0,0
61580,1,1,1993,23,23,23,23,23,23,23,23,23,23
61581,1,1,1993,4,4,4,4,4,4,4,4,4,4