ST_CASE,VEH_NO,PER_NO,YEAR,P1,P2,P3,P4,P5,P6,P7,P8,P9,P10
61582,1,1,1993,11,11,11,11,11,11,11,11,11,11
61583,1,1,1993,0,0,0,0,0,0,0,0,0,0
61584,1,1,1993,0,0,0,0,0,0,0,0,0,0
61584,2,1,1993,0,0,0,0,0,0,0,0,0,0
61585,1,1,1993,0,0,0,0,0,0,0,0,0,0
61585,2,1,1993,0,0,0,0,0,0,0,0,0,0
61586,1,1,1993,0,0,0,0,0,0,0,0,0,0
61586,2,1,1993,0,0,0,0,0,0,0,0,0,0
61587,0,1,1993,34,0,21,0,0,0,0,0,21,0
61587,1,1,1993,0,0,0,0,0,0,0,0,0,0
61588,1,1,1993,15,15,15,15,15,15,15,15,15,15
61589,1,1,1993,18,18,18,18,18,18,18,18,18,18
61590,1,1,1993,0,0,0,0,0,0,0,0,0,0
61590,2,1,1993,0,0,0,0,0,0,0,0,0,0
61591,1,1,1993,24,24,24,24,24,24,24,24,24,24
61591,2,1,1993,0,0,0,0,0,0,0,0,0,0
61591,3,1,1993,0,2,0,0,0,0,0,0,0,0
61592,1,1,1993,8,8,8,8,8,8,8,8,8,8
61593,0,1,1993,22,22,22,22,22,22,22,22,22,22
61593,1,1,1993,0,6,9,0,0,19,17,6,20,0
61594,1,1,1993,0,0,0,0,0,0,0,0,0,0
61595,1,1,1993,16,16,16,16,16,16,16,16,16,16
61596,1,1,1993,18,18,18,18,18,18,18,18,18,18
61597,1,1,1993,12,12,12,12,12,12,12,12,12,12
61598,1,1,1993,19,19,19,19,19,19,19,19,19,19
61599,1,1,1993,0,0,0,0,0,0,0,0,0,0
61600,1,1,1993,24,24,24,24,24,24,24,24,24,24
61601,0,1,1993,0,0,0,0,0,0,0,0,0,0
61601,1,1,1993,0,0,0,0,0,0,0,0,0,0
61602,0,1,1993,0,0,0,0,0,0,0,0,0,0
61602,1,1,1993,0,0,0,9,0,0,0,13,0,0
61603,1,1,1993,0,0,0,0,0,0,0,0,0,11
61604,1,1,1993,0,0,0,0,0,0,0,0,0,0
61604,2,1,1993,0,0,0,0,0,0,14,0,0,0
61605,1,1,1993,0,0,0,0,0,0,0,0,0,0
61606,1,1,1993,0,0,0,0,0,0,0,0,0,0
61606,2,1,1993,9,9,9,9,9,9,9,9,9,9
61607,1,1,1993,6,6,6,6,6,6,6,6,6,6
61608,0,1,1993,0,0,0,0,0,0,0,0,0,0
61608,1,1,1993,0,0,0,0,0,0,0,0,0,0
61609,1,1,1993,18,18,18,18,18,18,18,18,18,18
61609,2,1,1993,0,0,0,0,0,0,0,0,0,0
61610,1,1,1993,15,24,9,10,5,10,14,0,13,12
61611,1,1,1993,17,17,17,17,17,17,17,17,17,17
61611,2,1,1993,0,0,0,0,11,4,0,0,0,0
61611,3,1,1993,0,0,0,0,0,0,0,0,0,0
61612,1,1,1993,8,8,8,8,8,8,8,8,8,8
61613,1,1,1993,16,16,16,16,16,16,16,16,16,16
61613,2,1,1993,0,0,0,0,0,0,0,0,0,0
61614,1,1,1993,10,10,10,10,10,10,10,10,10,10
61615,1,1,1993,0,0,0,0,0,13,0,0,0,0
61616,0,1,1993,0,0,0,0,0,0,0,0,0,0
61616,0,2,1993,0,13,0,4,6,13,0,0,0,20
61616,1,1,1993,0,0,0,0,0,0,0,0,0,0
61617,0,1,1993,0,0,0,0,0,0,0,0,0,0
61617,1,1,1993,16,18,10,12,0,16,0,0,0,13
61618,0,1,1993,31,31,31,31,31,31,31,31,31,31
61618,1,1,1993,0,0,0,0,0,0,0,0,0,12
61619,1,1,1993,8,8,8,8,8,8,8,8,8,8
61619,2,1,1993,0,0,0,0,0,0,0,0,0,0
61620,0,1,1993,27,27,27,27,27,27,27,27,27,27
61620,1,1,1993,0,0,0,14,0,0,0,14,0,0
61621,1,1,1993,7,7,7,7,7,7,7,7,7,7
61621,2,1,1993,0,0,0,0,15,10,0,0,0,0
61622,1,1,1993,0,0,0,0,0,0,0,6,0,22
61622,2,1,1993,0,0,0,0,0,0,0,0,0,0
61623,1,1,1993,0,0,0,0,0,0,0,0,0,0
61624,1,1,1993,0,0,0,0,0,0,0,0,0,0
61625,1,1,1993,0,0,0,0,0,0,0,0,0,0
61626,1,1,1993,0,0,0,0,4,0,0,0,0,0
61626,2,1,1993,0,0,0,0,0,0,0,0,0,0
61627,1,1,1993,0,0,0,0,0,0,0,0,0,0
61627,2,1,1993,0,0,3,0,0,0,0,0,0,0
61628,0,1,1993,13,13,13,13,13,13,13,13,13,13
61628,1,1,1993,0,0,0,0,0,0,0,0,0,0
61629,1,1,1993,6,6,6,6,6,6,6,6,6,6
61630,1,1,1993,28,28,28,28,28,28,28,28,28,28
61631,1,1,1993,0,0,0,0,0,0,0,0,0,0
61631,2,1,1993,0,0,0,0,0,0,0,0,0,0
61632,1,1,1993,0,0,0,0,0,0,0,0,0,0
61632,2,1,1993,0,0,0,0,0,0,0,0,0,0
61633,1,1,1993,0,0,0,0,0,0,0,0,0,0
61633,2,1,1993,0,0,0,0,0,0,0,0,0,0
61634,0,1,1993,0,0,0,0,0,0,0,0,0,0
61634,1,1,1993,0,0,0,0,0,0,0,0,0,0
61635,1,1,1993,0,0,0,0,0,0,0,0,0,0
61635,2,1,1993,0,0,0,0,0,0,0,0,0,0
61636,1,1,1993,0,0,0,0,0,0,0,0,0,0
61636,2,1,1993,0,0,0,0,0,0,0,0,0,0
61637,1,1,1993,9,9,9,9,9,9,9,9,9,9
61637,2,1,1993,0,0,0,0,0,0,0,0,0,0
61638,0,1,1993,0,0,0,0,0,0,0,0,0,0
61638,1,1,1993,23,18,10,8,0,11,10,15,22,4
61639,1,1,1993,0,0,0,0,4,0,0,0,0,22
61639,2,1,1993,0,0,0,0,0,0,0,0,0,0
61639,3,1,1993,0,0,0,0,0,0,0,0,0,0
61639,4,1,1993,0,0,0,0,0,0,0,0,0,0
61640,1,1,1993,0,0,0,0,0,0,0,0,0,0
61640,2,1,1993,0,0,0,0,0,0,0,0,0,0
61640,3,1,1993,0,0,0,0,0,0,0,0,0,0
61641,1,1,1993,0,0,0,0,0,0,0,0,0,0
61641,2,1,1993,0,0,0,0,0,0,0,0,0,0
61642,1,1,1993,0,0,0,0,0,0,0,0,0,0
61643,1,1,1993,0,0,0,0,0,0,0,0,0,0
61643,2,1,1993,0,0,0,0,0,0,0,0,0,0
61644,1,1,1993,14,14,14,14,14,14,14,14,14,14
61645,0,1,1993,13,13,13,13,13,13,13,13,13,13
61645,1,1,1993,0,0,0,0,0,0,0,0,0,0
61646,1,1,1993,0,0,0,0,0,0,0,0,0,0
61647,1,1,1993,29,29,29,29,29,29,29,29,29,29
61647,2,1,1993,0,0,0,0,0,0,0,0,0,0
61648,1,1,1993,0,0,0,0,0,0,0,0,0,0
61648,2,1,1993,0,0,0,0,0,0,0,0,0,0
61649,1,1,1993,0,0,0,0,0,0,0,0,0,0
61649,2,1,1993,0,0,0,0,0,0,0,0,0,0
61649,3,1,1993,0,0,0,0,0,0,0,0,0,0
61650,1,1,1993,0,0,0,0,0,0,0,0,0,0
61651,1,1,1993,0,0,0,0,0,0,0,0,0,0
61652,1,1,1993,8,8,8,8,8,8,8,8,8,8
61653,1,1,1993,17,17,17,17,17,17,17,17,17,17
61654,1,1,1993,16,0,0,13,13,5,9,13,0,16
61655,1,2,1993,19,14,0,0,29,12,18,16,0,6
61656,1,1,1993,0,0,0,0,0,0,0,0,0,0
61657,1,1,1993,0,0,0,0,0,0,14,0,0,0
61657,2,1,1993,0,0,0,0,0,0,0,0,0,0
61658,1,1,1993,11,11,11,11,11,11,11,11,11,11
61659,1,1,1993,18,11,0,7,24,11,6,25,6,18
61659,2,1,1993,0,0,0,0,0,0,0,0,0,0
61660,0,1,1993,0,0,0,0,0,0,0,0,0,0
61660,1,1,1993,0,0,0,0,0,0,0,0,0,0
61661,1,1,1993,9,9,9,9,9,9,9,9,9,9
61662,1,1,1993,0,0,0,0,0,0,0,0,0,0
61662,2,1,1993,0,0,0,0,0,0,0,0,0,0
61663,1,1,1993,0,0,0,0,0,0,0,0,0,0
61663,2,1,1993,0,0,0,0,0,0,0,0,0,0
61664,0,1,1993,0,0,0,0,0,0,0,0,0,0
61664,1,1,1993,0,0,0,0,0,0,0,0,0,0
61665,0,1,1993,0,0,0,0,0,0,0,0,0,0
61665,1,1,1993,0,0,0,0,0,0,0,0,0,0
61666,1,1,1993,0,12,0,0,0,0,0,0,0,0
61667,1,1,1993,21,21,21,21,21,21,21,21,21,21
61667,2,1,1993,12,12,12,12,12,12,12,12,12,12
61668,1,1,1993,18,18,18,18,18,18,18,18,18,18
61668,2,1,1993,0,0,0,0,0,0,0,0,0,0
61669,1,1,1993,0,0,0,0,0,0,0,0,0,0
61670,1,1,1993,0,0,0,0,0,0,0,0,0,0
61670,2,1,1993,0,0,0,0,0,0,0,0,0,0
61670,3,1,1993,0,0,0,0,0,0,0,0,0,0
61671,1,1,1993,0,0,0,0,0,0,0,0,0,0
61671,2,1,1993,0,0,0,0,0,0,0,0,0,0
61672,1,1,1993,9,13,7,0,3,9,29,6,14,17
61672,2,1,1993,0,0,0,0,0,0,0,0,0,0
61673,0,1,1993,0,0,0,0,0,0,0,0,0,0
61673,1,1,1993,0,0,0,0,0,0,0,0,0,0
61673,2,1,1993,0,0,0,0,0,0,6,0,0,0
61674,1,1,1993,0,0,0,0,0,0,0,0,0,0
61674,2,1,1993,0,0,0,0,0,0,0,0,0,0
61675,1,1,1993,0,0,9,0,0,0,0,0,0,0
61676,1,1,1993,0,0,0,0,0,0,0,0,0,0
61676,2,1,1993,32,0,0,0,0,0,0,0,0,0
61677,1,1,1993,19,19,19,19,19,19,19,19,19,19
61678,0,1,1993,18,18,18,18,18,18,18,18,18,18
61678,1,1,1993,0,0,0,0,0,0,0,0,0,0
61679,0,1,1993,17,17,17,17,17,17,17,17,17,17
61679,1,1,1993,0,0,0,0,0,0,0,0,0,0
61680,1,1,1993,26,26,26,26,26,26,26,26,26,26
61681,0,1,1993,0,0,0,0,0,0,0,0,0,0
61681,1,1,1993,0,0,0,0,0,0,0,0,0,0
61682,0,1,1993,0,0,0,0,0,0,0,0,0,0
61682,0,2,1993,0,0,0,0,0,0,0,0,0,0
61682,1,1,1993,0,0,0,0,0,0,12,0,0,0
61683,1,1,1993,11,11,11,11,11,11,11,11,11,11
61683,2,1,1993,0,0,0,0,0,0,0,0,0,0
61683,3,1,1993,5,0,0,0,0,0,0,0,0,0
61683,4,1,1993,0,0,0,0,0,0,0,0,0,0
61683,5,1,1993,0,8,0,0,0,0,0,0,0,0
61683,6,1,1993,0,0,0,0,0,0,0,0,0,0
61683,7,1,1993,0,0,0,0,0,0,0,0,0,0
61683,8,1,1993,0,0,0,0,17,0,0,0,0,0
61684,1,1,1993,0,0,0,0,0,0,0,0,0,0
61685,1,1,1993,11,11,11,11,11,11,11,11,11,11
61685,2,1,1993,0,0,0,0,0,0,0,0,0,0
61686,1,1,1993,0,0,0,0,0,0,0,0,0,0
61687,0,1,1993,0,0,0,0,0,0,0,0,0,0
61687,1,1,1993,0,0,0,0,0,0,0,0,0,0
61688,1,1,1993,0,0,0,0,0,0,0,0,0,0
61689,1,1,1993,30,30,30,30,30,30,30,30,30,30
61690,1,1,1993,22,22,22,22,22,22,22,22,22,22
61691,0,1,1993,0,0,0,0,0,0,0,0,0,0
61691,0,2,1993,0,0,0,0,0,0,0,0,0,0
61691,1,1,1993,0,0,0,0,0,0,0,0,0,0
61692,0,1,1993,24,24,24,24,24,24,24,24,24,24
61692,1,1,1993,20,20,20,20,20,20,20,20,20,20
61693,0,1,1993,0,0,0,0,0,0,0,0,0,0
61693,1,1,1993,0,0,0,0,0,0,0,0,0,0
61694,1,1,1993,26,26,26,26,26,26,26,26,26,26
61695,1,1,1993,0,0,0,0,0,0,0,0,0,0
61695,2,1,1993,0,0,0,0,0,0,0,0,0,0
61696,1,1,1993,0,0,0,0,0,0,0,0,0,0
61697,1,1,1993,0,0,0,0,0,0,0,0,0,0
61697,2,1,1993,0,0,0,0,0,0,0,0,0,0
61698,0,1,1993,0,0,0,0,0,0,0,0,0,0
61698,1,1,1993,0,0,0,0,0,0,0,0,0,0
61699,1,1,1993,13,13,13,13,13,13,13,13,13,13
61700,1,1,1993,19,19,19,19,19,19,19,19,19,19
61700,2,1,1993,0,0,0,0,0,0,0,0,0,0
61701,0,1,1993,19,19,19,19,19,19,19,19,19,19
61701,1,1,1993,0,0,11,0,0,0,0,0,0,0
61701,2,1,1993,13,10,15,0,12,12,8,0,0,0
61702,0,1,1993,14,14,14,14,14,14,14,14,14,14
61702,1,1,1993,17,17,17,17,17,17,17,17,17,17
61703,1,1,1993,0,0,0,0,0,0,0,0,0,0
61704,1,1,1993,0,0,8,12,0,9,15,2,0,0
61704,2,1,1993,0,0,0,0,0,0,0,0,0,0
61705,1,1,1993,0,0,0,0,0,0,0,0,0,0
61705,2,1,1993,0,0,0,0,0,0,0,0,0,0
61705,3,1,1993,0,0,0,0,0,0,0,0,0,0
61705,4,1,1993,11,0,0,16,23,0,0,0,0,0
61706,1,1,1993,0,0,0,0,0,0,0,0,0,0
61706,2,1,1993,0,0,0,0,0,0,0,0,0,0
61707,1,1,1993,0,0,0,0,0,0,0,0,0,0
61707,2,1,1993,0,0,0,0,0,0,0,0,0,0
61708,0,1,1993,0,0,0,0,0,0,0,0,0,0
61708,1,1,1993,0,0,0,0,0,0,0,0,0,0
61709,1,1,1993,0,0,0,0,0,0,0,0,0,0
61709,2,1,1993,0,0,0,0,0,0,0,0,25,0
61709,3,1,1993,0,0,0,0,0,0,0,0,0,0
61710,0,1,1993,0,0,0,0,0,0,0,0,0,0
61710,1,1,1993,0,0,0,0,4,0,0,0,0,0
61711,1,1,1993,0,0,0,0,0,0,0,0,0,0
61711,2,1,1993,0,0,0,0,0,0,0,0,0,0
61712,0,1,1993,0,0,0,0,0,0,0,0,0,0
61712,1,1,1993,0,0,0,0,0,0,19,0,0,0
61712,2,1,1993,0,0,0,0,0,0,0,0,0,0
61713,1,1,1993,0,0,0,0,0,0,0,0,0,0
61714,0,1,1993,0,0,0,0,0,0,0,0,0,0
61714,1,1,1993,0,0,0,0,0,0,0,0,0,0
61715,0,1,1993,0,0,0,0,0,0,0,0,0,0
61715,1,1,1993,0,0,0,0,0,0,0,0,0,0
61716,0,1,1993,16,36,32,20,0,19,19,22,13,10
61716,1,1,1993,18,0,0,0,0,0,0,0,0,11
61717,0,1,1993,0,0,0,0,0,0,0,0,0,0
61717,1,1,1993,0,0,0,0,0,0,0,0,0,0
61718,1,1,1993,0,0,0,0,0,0,0,0,0,0
61718,2,1,1993,0,0,0,0,0,0,0,0,0,0
61719,1,1,1993,0,0,0,0,0,0,0,0,0,0
61720,1,1,1993,0,0,0,0,0,0,0,0,0,0
61720,2,1,1993,0,0,0,0,0,0,0,0,0,0
61720,3,1,1993,0,0,11,0,13,0,0,0,25,3
61721,1,1,1993,0,0,17,0,0,0,0,0,0,0
61721,2,1,1993,0,0,0,0,0,0,0,0,0,0
61721,3,1,1993,0,0,0,0,0,0,0,0,0,0
61722,1,1,1993,0,0,0,0,0,0,0,0,0,0
61723,1,1,1993,0,0,0,0,0,0,0,0,0,0
61724,1,1,1993,9,9,9,9,9,9,9,9,9,9
61725,1,1,1993,20,20,20,20,20,20,20,20,20,20
61726,0,1,1993,16,16,16,16,16,16,16,16,16,16
61726,1,1,1993,8,0,19,0,6,0,13,0,0,18
61727,1,1,1993,0,0,0,0,0,0,0,0,0,0
61727,2,1,1993,0,0,0,0,0,0,0,0,0,0
61728,1,1,1993,0,0,4,0,0,0,0,0,0,0
61729,1,1,1993,0,0,0,0,0,0,0,0,0,0
61729,2,1,1993,0,0,0,0,0,0,0,0,0,0
61730,1,1,1993,13,13,13,13,13,13,13,13,13,13
61731,0,1,1993,0,0,0,0,0,0,0,0,0,0
61731,1,1,1993,0,0,0,0,0,0,0,0,0,0
61732,1,1,1993,0,0,0,0,0,0,0,0,0,0
61732,2,1,1993,0,0,0,0,0,0,0,0,0,0
61733,0,1,1993,0,0,0,0,0,0,0,0,0,0
61733,1,1,1993,0,0,0,0,0,0,22,0,0,0
61734,0,1,1993,0,0,0,0,0,0,0,0,0,0
61734,1,1,1993,13,13,13,13,13,13,13,13,13,13
61735,1,1,1993,20,20,20,20,20,20,20,20,20,20
61736,1,1,1993,10,10,10,10,10,10,10,10,10,10
61737,1,1,1993,15,15,15,15,15,15,15,15,15,15
61738,1,1,1993,17,17,17,17,17,17,17,17,17,17
61738,2,1,1993,1,1,1,1,1,1,1,1,1,1
61739,1,1,1993,10,10,10,10,10,10,10,10,10,10
61740,0,1,1993,0,0,30,14,0,23,11,22,38,0
61740,1,1,1993,10,20,9,12,16,7,17,12,16,23
61741,1,1,1993,0,0,0,0,0,0,0,0,0,0
61742,1,1,1993,0,0,0,0,0,0,0,0,0,0
61743,1,1,1993,19,19,19,19,19,19,19,19,19,19
61743,2,1,1993,0,0,0,0,0,0,0,0,0,0
61744,1,1,1993,0,0,0,0,0,0,0,0,0,0
61744,2,1,1993,0,0,0,0,0,0,0,0,0,0
61744,3,1,1993,0,0,0,0,0,0,0,0,0,0
61745,1,1,1993,0,0,0,0,0,0,0,0,0,0
61745,2,1,1993,0,0,0,0,0,0,0,0,0,8
61746,1,1,1993,0,0,0,0,0,0,0,0,0,0
61746,2,1,1993,0,0,0,0,0,0,0,0,0,0
61747,0,1,1993,26,26,26,26,26,26,26,26,26,26
61747,1,1,1993,0,0,0,0,0,0,0,0,2,0
61748,1,1,1993,0,0,0,0,0,0,0,0,0,0
61748,2,1,1993,0,0,0,0,0,0,0,0,0,0
61749,1,1,1993,0,0,0,0,0,0,0,0,0,0
61749,2,1,1993,0,0,0,0,0,0,0,0,0,0
61750,1,1,1993,16,16,16,16,16,16,16,16,16,16
61751,1,1,1993,9,9,9,9,9,9,9,9,9,9
61751,2,1,1993,0,0,0,0,0,0,0,0,0,0
61752,0,1,1993,0,0,0,0,0,0,0,0,0,0
61752,1,1,1993,0,0,0,0,0,0,0,0,0,0
61753,1,1,1993,10,10,10,10,10,10,10,10,10,10
61754,1,1,1993,0,9,0,0,0,0,0,0,6,0
61754,2,1,1993,0,0,0,0,0,0,0,0,0,0
61754,3,1,1993,9,17,18,14,0,9,0,18,12,5
61755,1,1,1993,0,0,0,0,14,0,0,0,0,0
61755,2,1,1993,0,0,0,0,0,0,0,0,0,0
61756,1,1,1993,11,11,8,6,9,8,12,10,6,0
61756,2,1,1993,0,0,0,0,0,0,0,0,0,0
61757,1,1,1993,7,0,5,11,9,13,12,7,10,12
61757,2,1,1993,0,0,0,0,0,0,0,0,0,0
61758,1,1,1993,10,10,10,10,10,10,10,10,10,10
61759,1,1,1993,0,22,23,26,27,0,17,25,0,16
61759,2,1,1993,0,0,0,0,0,0,0,0,0,0
61760,1,1,1993,0,0,0,0,0,0,0,0,0,0
61760,2,1,1993,0,0,0,0,0,0,0,0,3,0
61761,1,1,1993,0,0,0,0,0,0,0,0,0,0
61761,2,1,1993,0,0,0,0,0,0,0,0,0,0
61762,1,1,1993,0,0,0,0,0,0,0,0,0,0
61763,1,1,1993,0,0,7,0,11,0,11,12,0,0
61764,1,1,1993,0,0,0,0,0,0,0,0,0,0
61765,1,1,1993,0,0,0,0,0,0,0,0,0,0
61765,2,1,1993,0,0,0,0,0,0,0,0,0,0
61766,1,1,1993,0,0,0,4,0,2,0,0,0,0
61767,1,1,1993,4,0,0,0,0,0,0,0,0,0
61767,2,1,1993,0,0,0,0,0,0,0,0,0,0
61768,0,1,1993,14,14,14,14,14,14,14,14,14,14
61768,1,1,1993,0,0,0,0,0,0,0,0,0,0
61769,1,1,1993,0,0,0,0,0,0,0,0,0,0
61770,0,1,1993,23,23,23,23,23,23,23,23,23,23
61770,1,1,1993,0,17,14,0,5,0,14,0,12,18
61770,2,1,1993,21,24,0,0,14,0,8,0,0,10
61771,1,1,1993,0,0,0,0,0,0,0,0,0,0
61771,2,1,1993,8,8,8,8,8,8,8,8,8,8
61772,1,1,1993,0,0,0,0,0,12,0,0,0,0
61772,2,1,1993,0,0,0,0,0,0,0,7,0,0
61773,1,1,1993,9,25,8,31,10,13,21,13,12,13
61774,1,1,1993,0,0,0,0,0,0,0,0,0,0
61774,2,1,1993,0,0,0,0,0,0,0,0,0,0
61775,1,1,1993,0,0,0,0,0,0,0,0,0,0
61776,1,1,1993,0,0,0,0,0,0,0,0,0,0
61777,1,1,1993,13,13,13,13,13,13,13,13,13,13
61778,1,1,1993,0,0,0,0,0,0,0,0,0,0
61778,2,1,1993,0,0,0,0,0,0,0,0,0,0
61779,1,1,1993,2,2,2,2,2,2,2,2,2,2
61779,2,1,1993,0,0,0,0,0,0,10,0,0,0
61780,1,1,1993,0,0,0,0,0,0,0,0,0,0
61781,1,1,1993,0,0,0,0,0,0,0,0,0,0
61781,2,1,1993,0,0,0,0,0,0,0,0,0,0
61782,1,1,1993,0,0,0,0,0,0,0,0,0,0
61782,2,1,1993,0,0,21,0,0,0,0,0,0,0
61783,1,1,1993,0,0,0,0,0,0,0,0,0,0
61783,2,1,1993,0,0,0,0,0,0,0,0,0,0
61784,1,1,1993,14,14,14,14,14,14,14,14,14,14
61785,1,1,1993,0,0,0,0,0,0,0,0,0,0
61785,2,1,1993,0,0,0,0,0,0,0,0,0,0
61786,0,1,1993,26,0,0,0,0,0,0,0,0,0
61786,1,1,1993,0,0,0,0,0,0,0,0,0,0
61787,1,1,1993,0,0,0,0,0,0,0,0,0,0
61787,2,1,1993,0,0,0,0,0,0,0,0,0,0
61788,1,1,1993,0,0,0,0,0,0,0,0,0,0
61789,1,1,1993,15,15,15,15,15,15,15,15,15,15
61789,2,1,1993,0,0,0,19,11,13,24,28,7,0
61790,1,1,1993,0,0,0,0,0,0,0,0,0,0
61791,0,1,1993,12,12,12,12,12,12,12,12,12,12
61791,1,1,1993,15,0,0,0,0,0,0,0,0,0
61791,2,1,1993,0,0,0,0,0,0,0,0,0,0
61792,1,1,1993,7,7,7,7,7,7,7,7,7,7
61793,1,1,1993,30,30,30,30,30,30,30,30,30,30
61794,1,1,1993,15,15,15,15,15,15,15,15,15,15
61795,1,1,1993,0,0,0,0,0,0,0,0,0,0
61796,1,1,1993,0,0,0,0,0,0,0,0,0,0
61797,1,1,1993,0,0,0,0,0,0,0,0,0,0
61797,2,1,1993,0,0,0,0,0,0,0,0,0,0
61798,1,1,1993,0,0,0,0,0,0,0,0,0,0
61799,1,1,1993,0,0,0,0,0,0,0,0,22,0
61800,1,1,1993,28,28,28,28,28,28,28,28,28,28
61801,0,1,1993,0,0,0,0,0,0,0,0,0,0
61801,1,1,1993,0,0,0,0,0,0,0,0,0,0
61802,1,1,1993,0,0,0,0,0,0,0,0,0,0
61803,0,1,1993,0,0,0,0,0,0,0,0,0,0
61803,1,1,1993,0,0,0,0,0,0,0,0,0,19
61804,0,1,1993,0,0,0,0,0,0,0,0,0,0
61804,1,1,1993,0,0,0,0,0,2,0,0,0,0
61805,1,1,1993,0,0,0,0,0,0,0,0,0,0
61806,1,1,1993,0,0,0,20,0,0,14,0,0,0
61807,1,1,1993,0,0,0,0,0,0,0,0,0,0
61808,1,1,1993,0,0,0,0,0,0,0,0,0,0
61809,1,1,1993,0,0,0,0,0,0,0,0,0,0
61809,2,1,1993,0,0,0,0,0,0,0,0,0,0
61810,0,1,1993,0,0,0,0,0,0,0,0,0,0
61810,1,1,1993,0,0,0,0,0,0,0,0,0,0
61811,1,1,1993,0,0,0,0,0,0,0,0,0,0
61811,2,1,1993,0,0,0,0,0,0,0,0,0,0
61812,0,1,1993,0,0,0,0,0,0,0,0,0,0
61812,1,1,1993,0,0,0,0,0,0,0,0,0,0
61813,0,1,1993,0,0,0,0,0,0,0,0,0,0
61813,1,1,1993,0,0,0,0,0,0,0,0,0,0
61814,1,1,1993,0,0,0,0,0,0,0,0,0,0
61815,0,1,1993,20,20,20,20,20,20,20,20,20,20
61815,1,1,1993,0,0,0,0,0,0,0,10,0,0
61816,0,1,1993,0,0,0,0,0,0,0,0,0,0
61816,1,1,1993,0,0,0,0,2,0,19,0,0,5
61816,2,1,1993,0,0,0,18,0,9,0,0,0,0
61817,1,1,1993,20,20,20,20,20,20,20,20,20,20
61817,2,1,1993,0,0,0,0,0,0,0,0,0,0
61818,1,1,1993,0,0,0,0,0,0,0,0,0,0
61818,2,1,1993,0,0,0,0,0,0,0,0,0,0
61818,3,1,1993,0,0,0,0,0,0,0,0,0,0
61819,1,1,1993,0,0,0,0,0,0,0,0,0,0
61820,1,1,1993,0,0,0,0,0,0,0,0,0,0
61821,0,1,1993,0,0,0,0,0,0,0,0,0,0
61821,1,1,1993,0,0,0,0,0,0,0,0,0,0
61822,1,1,1993,0,0,0,0,0,0,0,0,0,0
61823,1,1,1993,0,0,0,0,0,0,0,0,0,0
61824,1,1,1993,16,16,16,16,16,16,16,16,16,16
61824,2,1,1993,0,0,0,0,0,28,0,0,0,0
61825,1,1,1993,0,0,0,0,0,0,0,0,5,29
61826,1,1,1993,12,12,12,12,12,12,12,12,12,12
61827,1,1,1993,0,0,0,0,0,0,0,0,0,0
61828,1,1,1993,0,0,0,0,0,0,0,0,0,0
61828,2,1,1993,0,0,0,0,0,0,0,0,0,0
61828,3,1,1993,0,0,0,0,0,0,0,0,0,0
61829,1,1,1993,0,0,0,0,0,0,0,0,0,0
61829,2,1,1993,0,0,0,0,0,0,0,0,0,0
61830,1,1,1993,0,0,9,0,0,0,0,0,0,0
61830,2,1,1993,0,0,0,0,0,15,0,0,18,0
61830,3,1,1993,0,0,0,0,0,0,0,0,0,0
61830,4,1,1993,0,0,0,0,0,0,0,0,0,0
61831,0,1,1993,13,13,13,13,13,13,13,13,13,13
61831,1,1,1993,9,0,0,0,9,0,0,0,0,0
61832,1,1,1993,0,0,0,0,0,0,0,0,0,0
61832,2,1,1993,0,0,0,0,0,0,0,0,0,0
61833,0,1,1993,0,0,0,0,0,0,0,0,0,0
61833,1,1,1993,0,0,0,0,0,0,0,0,0,0
61834,1,1,1993,15,15,15,15,15,15,15,15,15,15
61835,1,1,1993,0,0,0,0,0,0,0,0,0,0
61835,2,1,1993,0,0,0,0,0,0,0,0,0,0
61835,3,1,1993,0,0,0,0,0,0,0,0,0,0
61836,1,1,1993,0,0,0,0,0,0,0,0,0,0
61837,1,1,1993,0,0,0,0,0,0,0,0,0,0
61837,2,1,1993,0,0,0,0,0,0,0,0,0,0
61838,1,1,1993,0,0,10,0,6,0,0,0,0,0
61839,0,1,1993,45,0,0,0,0,0,15,0,20,0
61839,0,2,1993,15,0,18,27,14,0,0,18,10,13
61839,1,1,1993,0,5,0,0,14,0,0,0,0,0
61840,1,1,1993,5,5,5,5,5,5,5,5,5,5
61840,2,1,1993,25,0,24,10,22,11,13,8,0,4
61840,3,1,1993,0,0,0,0,0,0,0,0,0,0
61841,1,1,1993,0,0,0,0,0,0,0,0,0,0
61841,2,1,1993,0,0,0,0,0,0,0,0,0,0
61842,0,1,1993,0,0,0,0,0,0,0,0,0,0
61842,1,1,1993,0,0,0,0,0,0,0,0,0,0
61843,1,1,1993,10,10,10,10,10,10,10,10,10,10
61843,2,1,1993,0,0,0,0,0,0,0,0,0,0
61843,3,1,1993,0,0,0,0,0,0,0,0,0,0
61843,4,1,1993,0,8,0,0,9,0,0,0,15,0
61843,5,1,1993,0,0,0,0,0,0,0,0,0,16
61843,6,1,1993,0,0,0,0,0,0,0,0,0,0
61844,1,1,1993,15,15,15,15,15,15,15,15,15,15
61845,1,1,1993,18,18,18,18,18,18,18,18,18,18
61845,2,1,1993,0,0,0,0,0,0,0,0,0,0
61846,1,1,1993,0,0,0,0,0,0,0,0,0,0
61846,2,1,1993,0,0,0,0,0,0,0,0,0,0
61846,3,1,1993,0,0,0,0,0,0,0,0,0,0