ST_CASE,VEH_NO,PER_NO,YEAR,P1,P2,P3,P4,P5,P6,P7,P8,P9,P10
61847,1,1,1993,0,0,0,0,26,0,0,0,0,0
61847,2,1,1993,0,0,0,0,0,0,0,0,0,0
61848,1,1,1993,16,16,16,16,16,16,16,16,16,16
61848,2,1,1993,0,0,0,0,0,0,0,0,0,0
61848,3,1,1993,0,0,0,0,0,0,0,0,0,0
61849,0,1,1993,0,0,0,0,0,0,0,0,0,0
61849,1,1,1993,8,8,8,8,8,8,8,8,8,8
61850,1,1,1993,8,22,18,0,0,0,0,0,0,25
61850,2,1,1993,0,0,0,0,0,0,0,8,0,0
61850,3,1,1993,0,0,0,0,0,0,0,0,0,0
61851,0,1,1993,18,18,18,18,18,18,18,18,18,18
61851,1,1,1993,0,0,0,0,0,0,0,21,0,0
61852,1,1,1993,0,0,0,0,0,0,0,0,8,0
61853,1,1,1993,25,25,25,25,25,25,25,25,25,25
61853,2,1,1993,0,0,0,0,0,0,0,0,0,0
61853,3,1,1993,24,0,0,0,0,0,0,15,0,0
61853,4,1,1993,10,0,0,0,0,0,7,0,0,0
61854,1,1,1993,0,0,0,0,0,0,0,0,0,0
61854,2,1,1993,0,0,0,0,0,0,0,0,0,0
61855,1,1,1993,11,11,11,11,11,11,11,11,11,11
61855,2,1,1993,2,0,0,0,0,0,0,0,0,0
61856,1,1,1993,6,6,6,6,6,6,6,6,6,6
61856,2,1,1993,0,2,0,0,0,0,0,0,0,0
61857,0,1,1993,22,22,22,22,22,22,22,22,22,22
61857,1,1,1993,0,0,0,0,0,0,7,0,0,0
61858,0,1,1993,0,0,0,0,0,0,0,0,0,0
61858,1,1,1993,0,17,0,14,0,0,0,0,23,0
61859,1,1,1993,0,0,0,0,0,0,11,7,0,0
61859,2,1,1993,21,0,0,0,9,7,0,0,0,0
61860,1,1,1993,4,4,4,4,4,4,4,4,4,4
61860,2,1,1993,0,0,0,0,0,0,0,0,0,0
61861,1,1,1993,12,12,12,12,12,12,12,12,12,12
61861,2,1,1993,0,0,0,0,0,0,0,0,0,0
61862,1,1,1993,0,0,0,0,0,0,0,0,0,0
61862,2,1,1993,0,0,0,0,0,0,0,0,0,0
61862,3,1,1993,0,0,0,0,0,0,0,0,0,0
61863,0,1,1993,0,0,0,0,0,0,0,0,0,0
61864,0,1,1993,0,0,16,0,0,0,0,0,0,0
61864,1,1,1993,0,0,0,0,0,0,0,0,0,0
61865,1,1,1993,0,0,0,0,0,0,0,0,0,0
61866,1,1,1993,22,22,22,22,22,22,22,22,22,22
61867,0,1,1993,0,0,0,0,0,0,0,0,0,0
61867,1,1,1993,4,4,4,4,4,4,4,4,4,4
61868,0,1,1993,0,0,0,0,0,0,0,0,0,0
61868,1,1,1993,9,9,9,9,9,9,9,9,9,9
61869,1,1,1993,0,0,0,0,0,0,0,0,0,0
61869,2,1,1993,0,0,0,0,0,0,0,0,0,0
61870,1,1,1993,0,0,0,0,0,0,0,0,0,0
61870,2,1,1993,0,0,0,0,0,0,0,0,0,0
61870,3,1,1993,0,0,0,0,9,0,0,0,0,0
61871,1,1,1993,28,28,28,28,28,28,28,28,28,28
61871,2,1,1993,0,0,0,0,13,20,0,20,0,7
61872,0,1,1993,0,0,0,0,0,0,0,0,0,0
61872,1,1,1993,22,22,22,22,22,22,22,22,22,22
61873,1,1,1993,3,3,3,3,3,3,3,3,3,3
61873,2,1,1993,0,0,0,0,0,0,0,0,0,0
61874,0,1,1993,0,0,0,0,0,0,0,0,0,0
61874,1,1,1993,0,31,0,0,0,0,0,0,0,0
61875,0,1,1993,18,18,18,18,18,18,18,18,18,18
61875,1,1,1993,0,0,0,0,0,0,0,0,0,0
61876,1,1,1993,24,24,24,24,24,24,24,24,24,24
61876,2,1,1993,0,0,0,0,0,0,0,0,0,0
61876,3,1,1993,0,0,0,0,0,0,0,0,0,0
61877,1,1,1993,0,0,0,0,0,0,0,0,0,0
61878,1,1,1993,3,3,3,3,3,3,3,3,3,3
61878,2,1,1993,19,19,19,19,19,19,19,19,19,19
61879,1,1,1993,26,0,0,0,0,0,0,0,0,0
61879,2,1,1993,0,0,0,0,0,0,0,0,0,0
61880,0,1,1993,0,0,0,0,0,0,12,0,0,0
61880,1,1,1993,0,0,0,0,0,0,0,0,0,0
61881,1,1,1993,0,0,0,0,13,4,0,0,0,0
61881,2,1,1993,2,2,2,2,2,2,2,2,2,2
61881,3,1,1993,0,0,0,0,0,0,0,0,0,0
61881,4,1,1993,0,0,13,0,0,0,0,0,0,4
61882,1,1,1993,0,0,0,0,0,0,0,0,0,0
61882,2,1,1993,0,0,6,0,0,0,0,0,0,0
61883,1,1,1993,20,20,20,20,20,20,20,20,20,20
61884,0,1,1993,10,10,10,10,10,10,10,10,10,10
61884,1,1,1993,0,0,0,0,0,0,0,0,0,0
61885,1,1,1993,0,0,0,0,0,0,0,0,0,0
61886,1,1,1993,19,19,19,19,19,19,19,19,19,19
61887,1,1,1993,19,19,19,19,19,19,19,19,19,19
61888,1,1,1993,22,22,22,22,22,22,22,22,22,22
61889,0,1,1993,0,25,14,22,50,14,17,15,11,24
61889,0,2,1993,15,24,21,16,13,16,24,0,17,7
61889,1,1,1993,0,0,0,0,0,0,0,0,0,0
61890,1,1,1993,13,13,13,13,13,13,13,13,13,13
61891,0,1,1993,12,12,12,12,12,12,12,12,12,12
61891,1,1,1993,24,11,0,8,8,22,12,0,15,0
61892,1,1,1993,14,14,14,14,14,14,14,14,14,14
61893,1,1,1993,0,0,0,0,0,0,0,0,0,0
61893,2,1,1993,0,0,0,0,0,0,0,0,0,0
61894,1,1,1993,9,9,9,9,9,9,9,9,9,9
61894,2,1,1993,0,0,0,0,0,0,0,0,0,0
61895,1,1,1993,26,26,26,26,26,26,26,26,26,26
61895,2,1,1993,0,0,0,0,0,0,0,0,0,0
61896,0,1,1993,0,0,0,0,0,0,0,0,0,0
61896,1,1,1993,0,0,0,0,0,0,0,0,0,0
61897,1,1,1993,0,0,0,0,0,0,0,0,0,0
61897,2,1,1993,0,0,0,0,0,0,0,0,0,0
61898,1,1,1993,7,25,14,13,13,0,0,24,14,16
61899,1,1,1993,8,8,8,8,8,8,8,8,8,8
61899,2,1,1993,16,0,0,0,0,0,0,0,0,14
61900,1,1,1993,0,0,0,0,0,0,0,0,0,0
61900,2,1,1993,0,0,0,0,0,0,0,0,0,0
61901,1,1,1993,0,0,0,0,0,0,0,0,0,0
61901,2,1,1993,0,0,0,0,0,0,0,0,0,0
61901,3,1,1993,0,0,0,0,0,0,0,0,0,0
61901,4,1,1993,0,0,0,17,0,0,0,0,0,0
61901,5,1,1993,0,0,0,0,0,0,0,0,0,0
61902,0,1,1993,0,0,0,0,0,0,0,0,0,0
61902,1,1,1993,0,0,0,0,0,0,0,0,0,0
61903,0,1,1993,0,0,0,0,0,0,0,0,0,0
61903,1,1,1993,0,0,0,0,0,0,0,0,0,7
61904,1,1,1993,18,18,18,18,18,18,18,18,18,18
61904,2,1,1993,0,0,0,0,0,0,0,0,0,0
61905,1,1,1993,1,1,1,1,1,1,1,1,1,1
61905,2,1,1993,0,0,0,0,0,0,0,0,0,0
61906,1,1,1993,8,8,8,8,8,8,8,8,8,8
61906,2,1,1993,0,0,0,0,0,0,0,0,0,0
61906,3,1,1993,0,0,0,0,0,0,0,0,0,0
61907,1,1,1993,0,0,0,0,0,0,0,0,0,0
61907,2,1,1993,0,0,0,0,0,0,0,0,0,0
61908,1,1,1993,0,0,0,0,0,0,0,0,0,0
61908,2,1,1993,0,0,0,0,0,0,0,0,0,0
61909,1,1,1993,0,0,0,0,0,0,0,0,0,0
61910,1,1,1993,21,21,21,21,21,21,21,21,21,21
61910,2,1,1993,11,0,0,0,15,11,0,0,11,8
61911,1,1,1993,14,14,14,14,14,14,14,14,14,14
61912,0,1,1993,0,0,11,0,0,0,0,0,8,0
61912,1,1,1993,0,0,0,0,0,0,0,0,0,0
61913,0,1,1993,30,30,30,30,30,30,30,30,30,30
61913,1,1,1993,16,16,16,16,16,16,16,16,16,16
61914,1,1,1993,0,0,0,0,0,0,0,0,0,0
61914,2,1,1993,0,0,0,0,0,0,0,0,0,0
61915,1,1,1993,0,0,0,0,0,0,0,0,0,0
61915,2,1,1993,0,0,0,0,0,0,0,0,0,0
61916,1,1,1993,1,1,1,1,1,1,1,1,1,1
61916,2,1,1993,0,0,0,0,0,0,0,0,0,0
61916,3,1,1993,0,0,0,0,0,0,0,0,0,0
61917,1,1,1993,0,0,0,0,0,0,0,0,0,0
61917,2,1,1993,0,0,0,0,0,0,0,0,0,0
61918,1,1,1993,16,16,16,16,16,16,16,16,16,16
61919,1,1,1993,15,15,15,15,15,15,15,15,15,15
61919,2,1,1993,0,0,0,0,0,0,0,0,0,0
61920,1,1,1993,0,0,0,0,0,0,0,0,0,0
61921,1,1,1993,0,0,0,0,0,0,0,0,0,0
61921,2,1,1993,0,0,0,0,0,0,0,0,0,0
61921,3,1,1993,0,0,0,0,0,0,0,0,0,0
61921,4,1,1993,0,0,0,0,0,0,0,0,0,0
61922,1,1,1993,13,9,0,16,12,17,5,0,0,0
61923,1,1,1993,3,3,3,3,3,3,3,3,3,3
61924,0,1,1993,0,0,0,0,0,0,0,0,0,0
61924,1,1,1993,0,0,0,0,0,7,0,0,0,0
61925,1,1,1993,0,0,0,0,0,0,0,0,0,0
61925,2,1,1993,0,0,0,0,0,0,0,0,0,0
61925,3,1,1993,0,0,0,0,0,0,0,0,0,0
61925,4,1,1993,0,0,0,0,0,0,0,0,0,0
61926,1,1,1993,0,0,0,0,0,0,0,0,0,0
61927,1,1,1993,16,16,16,16,16,16,16,16,16,16
61928,1,1,1993,27,7,0,0,33,12,6,20,29,6
61928,2,1,1993,0,0,0,0,0,0,0,0,0,0
61929,1,1,1993,0,0,0,0,0,0,0,0,0,0
61929,2,1,1993,0,0,0,0,0,0,0,0,0,0
61930,1,1,1993,0,0,0,0,0,0,0,0,0,0
61931,1,1,1993,0,0,0,0,0,0,0,0,0,0
61931,2,1,1993,1,1,1,1,1,1,1,1,1,1
61932,1,1,1993,14,14,14,14,14,14,14,14,14,14
61933,0,1,1993,2,2,2,2,2,2,2,2,2,2
61933,1,1,1993,0,0,11,0,0,0,0,0,20,15
61934,1,1,1993,0,0,0,0,10,0,0,0,0,0
61935,1,1,1993,19,19,19,19,19,19,19,19,19,19
61936,1,1,1993,0,0,0,0,0,0,0,0,0,0
61936,2,1,1993,10,10,10,10,10,10,10,10,10,10
61937,1,1,1993,0,0,0,0,0,0,0,0,0,0
61937,2,1,1993,0,0,0,0,0,0,0,0,0,0
61938,1,1,1993,0,0,0,0,0,0,0,0,0,0
61938,2,1,1993,0,0,16,0,0,0,0,0,0,0
61938,3,1,1993,0,0,0,0,0,0,0,0,0,0
61939,0,1,1993,0,0,0,0,0,0,0,0,0,0
61939,1,1,1993,0,0,0,0,0,0,0,0,4,0
61940,1,1,1993,0,0,0,0,0,0,0,0,0,0
61941,1,1,1993,13,13,13,13,13,13,13,13,13,13
61942,0,1,1993,0,0,0,0,0,0,0,0,0,0
61942,1,1,1993,22,0,0,22,0,0,0,0,0,0
61943,0,1,1993,16,16,16,16,16,16,16,16,16,16
61943,1,1,1993,0,0,0,0,0,0,0,0,0,0
61944,0,1,1993,0,0,0,0,0,0,0,0,0,0
61944,1,1,1993,0,0,0,0,0,0,0,0,0,0
61945,1,1,1993,0,0,0,0,0,0,0,0,0,0
61945,2,1,1993,0,0,0,0,0,0,0,0,0,0
61946,1,1,1993,10,10,10,10,10,10,10,10,10,10
61946,2,1,1993,0,0,0,0,0,0,0,0,0,0
61947,1,1,1993,0,0,0,0,0,0,0,0,0,0
61947,2,1,1993,0,0,0,0,0,0,0,0,0,0
61948,1,1,1993,0,0,0,0,0,0,0,0,0,0
61948,2,1,1993,0,0,0,0,0,0,0,0,0,0
61949,1,1,1993,12,12,12,12,12,12,12,12,12,12
61950,1,1,1993,0,0,0,0,0,0,0,0,0,0
61951,0,1,1993,28,28,28,28,28,28,28,28,28,28
61951,1,1,1993,0,0,0,0,0,0,0,0,0,0
61952,0,1,1993,0,0,0,6,0,0,0,0,0,0
61952,1,1,1993,0,0,0,0,0,0,0,0,0,0
61953,1,1,1993,0,19,0,0,2,0,0,0,17,4
61954,0,1,1993,27,17,22,26,18,21,33,16,11,17
61954,1,1,1993,0,0,0,0,0,0,0,0,0,0
61955,1,1,1993,9,9,9,9,9,9,9,9,9,9
61956,1,1,1993,0,0,0,0,0,0,0,0,0,0
61957,0,1,1993,0,0,0,0,0,0,0,0,0,0
61957,1,1,1993,0,0,0,0,0,0,0,0,0,0
61958,1,1,1993,0,0,0,0,0,0,0,0,0,0
61958,2,1,1993,0,0,0,0,0,0,0,0,0,0
61959,1,1,1993,25,25,25,25,25,25,25,25,25,25
61960,1,1,1993,0,0,0,0,0,0,0,0,0,0
61960,2,1,1993,0,0,0,0,0,0,0,0,0,0
61961,1,1,1993,0,0,0,0,0,0,0,0,0,0
61962,0,1,1993,0,0,0,0,0,0,0,0,0,0
61962,1,1,1993,0,0,0,0,0,0,0,0,0,0
61963,0,1,1993,0,0,0,0,0,0,0,0,0,0
61963,1,1,1993,0,0,0,0,0,0,0,0,0,0
61964,1,1,1993,0,0,0,0,0,0,0,0,0,0
61965,1,1,1993,13,13,13,13,13,13,13,13,13,13
61966,1,1,1993,0,0,0,0,0,0,0,0,0,0
61967,1,1,1993,0,0,0,0,0,0,0,0,0,0
61967,2,1,1993,0,0,0,0,0,0,0,0,0,0
61968,1,1,1993,0,0,0,0,0,0,0,0,0,0
61968,2,1,1993,0,0,0,0,0,0,0,0,11,0
61968,3,1,1993,0,0,0,4,0,0,0,0,0,0
61969,0,1,1993,0,0,0,0,0,0,0,0,0,0
61969,0,2,1993,0,0,0,0,0,0,0,0,0,0
61969,1,1,1993,13,13,13,13,13,13,13,13,13,13
61970,1,1,1993,18,18,18,18,18,18,18,18,18,18
61971,1,1,1993,0,0,0,0,0,0,0,0,0,0
61972,0,1,1993,0,0,0,0,27,33,0,0,0,20
61972,1,1,1993,0,0,0,0,0,0,0,0,0,0
61973,1,1,1993,22,22,22,22,22,22,22,22,22,22
61973,2,1,1993,11,11,11,11,11,11,11,11,11,11
61974,1,1,1993,21,21,21,21,21,21,21,21,21,21
61974,2,1,1993,20,20,20,20,20,20,20,20,20,20
61975,0,1,1993,0,0,0,0,0,0,0,0,0,0
61975,1,1,1993,0,0,0,0,0,0,0,0,0,0
61976,1,1,1993,6,6,6,6,6,6,6,6,6,6
61976,2,1,1993,0,0,0,0,0,17,17,0,0,0
61976,3,1,1993,0,0,0,0,0,0,0,0,0,0
61977,1,1,1993,0,7,12,0,0,0,19,0,0,0
61978,1,1,1993,2,2,2,2,2,2,2,2,2,2
61978,2,1,1993,0,0,0,0,0,0,0,10,0,0
61979,1,1,1993,11,11,11,11,11,11,11,11,11,11
61979,2,1,1993,8,0,0,0,0,0,0,0,0,0
61980,1,1,1993,1,1,1,1,1,1,1,1,1,1
61980,2,1,1993,4,0,6,0,0,0,6,0,0,0
61981,1,1,1993,11,11,11,11,11,11,11,11,11,11
61981,2,1,1993,0,0,0,0,0,0,0,0,0,0
61981,3,1,1993,0,0,0,0,0,0,0,0,0,0
61982,1,1,1993,0,0,0,0,0,0,0,0,0,0
61982,2,1,1993,0,0,0,0,0,0,0,0,0,0
61983,1,1,1993,0,0,0,0,0,0,0,0,0,0
61983,2,1,1993,0,0,0,0,0,0,0,0,0,0
61984,1,1,1993,11,11,11,11,11,11,11,11,11,11
61985,1,1,1993,18,18,18,18,18,18,18,18,18,18
61986,1,1,1993,0,0,0,0,0,0,0,0,0,0
61987,0,1,1993,0,0,0,0,5,0,0,5,0,0
61987,1,1,1993,0,0,0,0,0,0,0,0,0,0
61988,1,1,1993,0,0,0,0,0,0,0,0,0,0
61989,1,1,1993,3,3,3,3,3,3,3,3,3,3
61989,2,1,1993,0,0,0,0,0,0,0,0,0,0
61990,1,1,1993,0,0,0,0,0,0,0,0,0,0
61990,2,1,1993,0,0,0,0,0,0,0,0,0,0
61991,1,1,1993,0,0,0,0,0,0,0,0,0,0
61991,2,1,1993,0,11,0,0,0,0,0,0,0,0
61991,3,1,1993,0,0,0,0,0,0,0,0,0,0
61992,1,1,1993,0,0,0,0,0,0,0,0,0,0
61993,1,1,1993,0,0,0,0,5,0,0,0,0,0
61993,2,1,1993,0,0,0,0,0,0,6,0,0,0
61994,1,1,1993,0,0,0,0,0,0,0,0,0,0
61994,2,1,1993,0,0,0,0,0,0,0,0,0,0
61995,0,1,1993,0,0,0,0,0,0,0,0,0,0
61995,1,1,1993,0,0,0,0,0,0,0,0,0,0
61996,1,1,1993,19,19,19,19,19,19,19,19,19,19
61997,1,1,1993,0,0,0,0,0,0,0,0,0,0
61997,2,1,1993,0,0,0,0,0,0,0,0,0,0
61998,1,1,1993,0,0,0,3,0,0,0,0,0,0
61998,2,1,1993,0,0,0,0,0,0,0,0,0,0
61999,1,1,1993,0,0,0,0,0,0,0,0,0,0
62000,0,1,1993,0,0,0,0,0,0,0,0,0,0
62000,1,1,1993,0,0,0,0,0,0,0,0,0,0
62001,0,1,1993,0,0,0,0,0,0,0,0,0,0
62001,1,1,1993,31,31,31,31,31,31,31,31,31,31
62002,1,1,1993,21,21,21,21,21,21,21,21,21,21
62002,2,1,1993,21,20,0,0,0,0,0,0,0,12
62003,1,1,1993,19,19,19,19,19,19,19,19,19,19
62003,2,1,1993,0,0,0,0,0,0,0,0,0,0
62004,1,1,1993,13,13,13,13,13,13,13,13,13,13
62005,1,1,1993,0,0,0,0,0,0,0,0,0,0
62005,2,1,1993,0,0,0,0,0,0,0,0,0,0
62006,1,1,1993,0,0,0,0,0,0,0,0,0,0
62006,2,1,1993,0,0,0,0,0,0,0,0,0,0
62007,0,1,1993,0,0,0,0,0,0,0,0,0,0
62008,1,1,1993,25,25,25,25,25,25,25,25,25,25
62008,2,1,1993,0,0,0,0,0,0,0,0,0,0
62009,0,1,1993,0,0,0,0,0,0,0,0,0,0
62009,1,1,1993,18,0,0,0,0,8,0,0,0,0
62010,1,1,1993,17,17,17,17,17,17,17,17,17,17
62010,2,1,1993,0,0,0,0,0,0,0,0,0,0
62011,1,1,1993,20,20,20,20,20,20,20,20,20,20
62012,1,1,1993,11,11,11,11,11,11,11,11,11,11
62013,1,1,1993,8,8,8,8,8,8,8,8,8,8
62014,1,1,1993,0,0,0,0,0,0,0,0,0,0
62014,2,1,1993,18,0,0,0,0,0,0,0,0,17
62015,1,1,1993,0,0,0,0,0,0,0,0,0,0
62015,2,1,1993,0,0,7,10,0,11,0,0,0,0
62016,0,1,1993,0,0,0,0,0,0,0,0,0,0
62016,1,1,1993,0,0,0,0,0,0,0,0,0,0
62017,1,1,1993,14,14,14,14,14,14,14,14,14,14
62017,2,1,1993,0,0,0,0,0,0,0,0,0,0
62018,1,1,1993,0,0,0,0,0,0,0,0,0,0
62018,2,1,1993,0,0,0,4,0,0,0,0,0,6
62019,0,1,1993,3,3,3,3,3,3,3,3,3,3
62019,1,1,1993,13,13,13,13,13,13,13,13,13,13
62020,1,1,1993,0,0,0,0,0,0,0,0,0,0
62021,1,1,1993,15,15,15,15,15,15,15,15,15,15
62022,1,1,1993,35,2,9,23,11,12,6,34,0,17
62022,2,1,1993,0,0,0,0,0,0,0,0,0,0
62022,3,1,1993,0,0,0,0,0,0,0,0,0,0
62023,1,1,1993,0,0,0,0,0,0,0,0,0,0
62023,2,1,1993,9,9,9,9,9,9,9,9,9,9
62024,1,1,1993,0,0,0,0,0,0,0,0,0,0
62024,2,1,1993,0,0,0,0,0,0,0,0,0,0
62025,0,1,1993,0,9,0,0,3,17,0,0,10,0
62025,1,1,1993,0,0,0,0,0,0,0,0,0,0
62026,1,1,1993,0,0,0,0,0,0,0,0,0,0
62027,1,1,1993,0,0,0,0,0,0,0,0,0,0
62028,1,1,1993,0,16,11,23,25,13,0,23,0,17
62029,1,1,1993,16,16,16,16,16,16,16,16,16,16
62030,1,1,1993,15,15,15,15,15,15,15,15,15,15
62030,2,1,1993,0,16,0,0,0,0,0,0,0,0
62031,0,1,1993,36,44,17,17,35,27,0,0,0,25
62031,0,2,1993,0,20,28,26,0,0,0,0,26,0
62031,1,1,1993,0,0,0,0,28,0,15,0,0,0
62032,0,1,1993,0,0,0,0,0,0,0,0,0,0
62032,1,1,1993,0,0,0,0,12,8,0,0,0,0
62033,1,1,1993,14,14,14,14,14,14,14,14,14,14
62034,1,1,1993,0,0,0,0,0,0,0,0,0,0
62034,2,1,1993,0,0,0,0,0,0,0,0,0,0
62035,1,1,1993,21,21,21,21,21,21,21,21,21,21
62036,1,1,1993,9,9,9,9,9,9,9,9,9,9
62037,1,1,1993,16,16,16,16,16,16,16,16,16,16
62037,2,1,1993,0,0,0,0,0,0,0,0,0,0
62038,1,1,1993,10,0,0,10,14,7,0,11,11,0
62039,1,1,1993,32,32,32,32,32,32,32,32,32,32
62040,1,1,1993,4,4,4,4,4,4,4,4,4,4
62041,1,1,1993,17,17,17,17,17,17,17,17,17,17
62042,0,1,1993,0,0,0,0,0,0,0,0,0,0
62042,1,1,1993,0,0,0,0,0,0,0,0,0,0
62043,1,1,1993,0,0,0,0,0,0,0,0,0,0
62043,2,1,1993,0,0,0,0,0,0,0,0,0,0
62043,3,1,1993,0,0,0,0,0,0,0,0,0,0
62044,1,1,1993,12,12,12,12,12,12,12,12,12,12
62045,1,1,1993,16,16,16,16,16,16,16,16,16,16
62046,0,1,1993,0,0,0,0,0,0,0,0,0,0
62046,1,1,1993,0,0,0,0,0,0,0,20,0,0
62047,1,1,1993,20,20,20,20,20,20,20,20,20,20
62048,1,1,1993,22,22,22,22,22,22,22,22,22,22
62049,0,1,1993,0,0,0,0,0,0,0,0,0,0
62049,1,1,1993,10,20,0,0,14,13,0,0,0,0
62050,1,1,1993,22,22,22,22,22,22,22,22,22,22
62051,1,1,1993,0,0,0,0,0,0,6,0,0,0
62051,2,1,1993,14,0,0,0,0,14,0,0,0,0
62052,1,1,1993,18,18,18,18,18,18,18,18,18,18
62053,1,1,1993,0,0,0,0,0,0,0,0,0,0
62054,1,1,1993,0,0,0,0,0,0,0,0,0,0
62054,2,1,1993,0,0,0,0,0,0,0,0,0,0
62055,1,1,1993,0,0,0,5,0,0,0,0,0,0
62056,1,1,1993,2,2,2,2,2,2,2,2,2,2
62057,1,1,1993,8,8,8,8,8,8,8,8,8,8
62058,1,1,1993,0,0,0,0,0,0,0,0,0,0
62059,0,2,1993,0,0,0,0,0,0,0,0,0,0
62059,1,1,1993,0,0,0,0,0,0,0,0,0,0
62060,1,1,1993,8,8,8,8,8,8,8,8,8,8
62061,1,1,1993,0,19,14,0,0,33,0,0,0,0
62061,2,1,1993,0,0,0,0,0,0,0,0,0,0
62062,0,1,1993,29,29,29,29,29,29,29,29,29,29
62062,1,1,1993,0,0,0,0,8,0,0,0,0,0
62063,1,1,1993,24,24,24,24,24,24,24,24,24,24
62064,0,1,1993,0,0,0,0,0,0,0,0,0,0
62064,1,1,1993,0,0,0,0,0,0,0,0,0,0
62065,0,1,1993,0,0,0,0,0,0,0,0,0,0
62065,1,1,1993,8,8,8,8,8,8,8,8,8,8
62066,0,1,1993,9,9,9,9,9,9,9,9,9,9
62066,1,1,1993,0,0,0,0,0,0,0,0,0,0
62067,1,1,1993,0,0,0,0,0,0,0,0,0,0
62068,1,1,1993,0,0,0,0,0,0,0,0,0,0
62069,1,1,1993,0,0,0,0,0,0,0,0,0,0
62070,1,1,1993,0,0,0,0,0,0,0,0,0,0
62070,2,1,1993,0,0,0,0,0,0,20,22,0,0
62071,1,1,1993,0,0,0,0,0,5,0,0,0,0
62072,1,1,1993,24,24,24,24,24,24,24,24,24,24
62073,0,1,1993,0,0,0,0,0,0,0,0,0,0
62073,1,1,1993,0,0,0,0,0,0,0,0,0,0
62074,0,1,1993,0,0,0,0,0,0,0,0,0,0
62074,1,1,1993,0,0,0,0,0,0,0,0,0,0
62075,1,1,1993,23,23,23,23,23,23,23,23,23,23
62076,0,1,1993,0,0,0,0,20,0,23,0,27,0
62076,0,2,1993,0,0,0,0,0,0,0,27,0,0
62076,0,3,1993,0,0,0,0,4,25,0,0,9,0
62076,1,1,1993,0,0,0,0,0,0,0,0,0,0
62077,1,1,1993,0,0,0,0,0,0,0,0,0,0
62077,2,1,1993,0,0,0,0,0,0,0,0,0,0
62078,1,1,1993,0,0,0,0,0,0,0,0,0,0
62079,0,1,1993,18,18,18,18,18,18,18,18,18,18
62079,1,1,1993,0,0,0,0,0,0,0,0,0,0
62080,1,1,1993,38,38,38,38,38,38,38,38,38,38
62081,1,1,1993,0,0,0,0,0,0,0,0,0,0
62082,1,1,1993,15,0,0,0,0,0,0,0,0,0
62082,2,1,1993,13,13,13,13,13,13,13,13,13,13
62083,1,1,1993,15,15,15,15,15,15,15,15,15,15
62084,0,1,1993,0,0,0,0,0,0,0,0,0,0
62084,1,1,1993,29,24,23,19,8,7,14,19,0,9
62085,1,1,1993,0,0,0,0,0,0,0,0,0,0
62085,2,1,1993,16,16,16,16,16,16,16,16,16,16
62086,1,1,1993,22,22,22,22,22,22,22,22,22,22
62086,2,1,1993,0,0,0,0,0,0,0,0,0,0
62087,1,1,1993,4,4,4,4,4,4,4,4,4,4
62087,2,1,1993,0,0,0,0,0,0,0,0,0,0
62088,1,1,1993,26,26,26,26,26,26,26,26,26,26
62088,2,1,1993,0,0,0,0,0,0,0,0,0,0
62089,0,1,1993,28,28,28,28,28,28,28,28,28,28
62089,1,1,1993,0,0,0,0,0,0,0,0,0,0
62090,1,1,1993,0,0,0,0,0,0,0,0,0,0
62091,1,1,1993,0,0,0,0,0,0,0,0,0,0
62092,1,1,1993,0,0,0,0,0,0,0,0,0,0
62092,2,1,1993,0,0,0,0,0,0,0,0,0,0
62093,1,1,1993,0,0,0,4,0,0,0,0,0,0
62093,2,1,1993,21,0,0,0,0,0,0,0,0,0
62094,1,1,1993,8,8,8,8,8,8,8,8,8,8
62095,1,1,1993,6,6,6,6,6,6,6,6,6,6
62096,1,1,1993,0,0,0,0,0,0,0,0,0,0
62097,0,1,1993,14,14,14,14,14,14,14,14,14,14
62097,1,1,1993,0,0,0,0,0,0,0,0,0,0
62098,1,1,1993,0,0,0,0,7,0,0,0,0,0
62099,0,1,1993,15,15,15,15,15,15,15,15,15,15
62099,1,1,1993,22,0,20,0,12,20,17,0,9,0
62099,2,1,1993,0,0,14,0,0,3,6,14,3,0
62100,1,1,1993,0,0,0,0,0,0,0,0,0,0
62100,2,1,1993,14,14,14,14,14,14,14,14,14,14
62101,1,1,1993,0,0,0,13,0,0,0,0,0,0
62102,1,1,1993,0,0,0,0,0,0,0,0,0,0
62103,1,1,1993,0,0,0,0,0,0,0,0,0,0
62103,2,1,1993,0,0,0,0,0,24,0,0,0,0
62104,1,1,1993,17,17,17,17,17,17,17,17,17,17
62105,1,1,1993,14,14,14,14,14,14,14,14,14,14
62106,0,1,1993,32,0,0,23,0,0,26,0,13,0
62106,1,1,1993,0,0,0,0,0,0,0,0,0,0
62107,0,1,1993,0,0,0,0,0,0,0,0,0,0
62107,1,1,1993,10,0,11,12,7,0,27,20,18,18
62108,1,1,1993,17,17,17,17,17,17,17,17,17,17
62109,1,1,1993,14,0,0,0,0,0,0,0,0,0
62110,1,1,1993,9,9,9,9,9,9,9,9,9,9
62111,1,1,1993,0,0,0,0,0,0,0,0,0,0
62111,2,1,1993,0,0,0,0,0,0,0,0,0,0
62112,1,1,1993,0,0,0,0,0,0,0,0,0,0
62113,1,1,1993,0,0,0,0,0,0,0,0,0,0