ST_CASE,VEH_NO,PER_NO,YEAR,P1,P2,P3,P4,P5,P6,P7,P8,P9,P10
62113,2,1,1993,0,0,0,11,0,0,0,0,0,0
62114,1,1,1993,0,0,0,0,0,0,0,0,0,0
62115,1,1,1993,0,0,0,0,0,0,0,0,0,0
62116,1,1,1993,18,16,23,24,22,17,41,13,10,10
62117,1,1,1993,13,13,13,13,13,13,13,13,13,13
62118,0,1,1993,0,8,11,0,0,34,0,0,0,8
62118,1,1,1993,0,0,0,0,0,0,0,0,0,0
62119,1,1,1993,0,0,0,0,0,0,0,0,0,0
62120,1,1,1993,0,0,0,0,0,0,0,0,0,0
62120,2,1,1993,0,0,0,0,0,0,0,0,0,0
62120,3,1,1993,0,0,0,0,0,0,0,0,0,0
62121,1,1,1993,0,0,0,11,0,0,0,0,0,0
62122,0,1,1993,0,0,0,0,0,0,0,0,0,0
62122,0,2,1993,20,38,24,27,16,0,10,19,0,0
62122,1,1,1993,0,0,0,0,0,0,0,0,0,0
62123,1,1,1993,6,6,6,6,6,6,6,6,6,6
62124,1,1,1993,22,22,22,22,22,22,22,22,22,22
62124,2,1,1993,4,4,4,4,4,4,4,4,4,4
62125,1,1,1993,10,10,10,10,10,10,10,10,10,10
62125,2,1,1993,11,31,0,20,27,9,8,22,0,0
62125,3,1,1993,21,19,0,0,17,12,0,14,0,0
62126,1,1,1993,16,16,16,16,16,16,16,16,16,16
62127,1,1,1993,23,23,23,23,23,23,23,23,23,23
62128,1,1,1993,13,13,13,13,13,13,13,13,13,13
62129,1,1,1993,0,0,0,0,0,0,15,0,0,0
62130,1,1,1993,16,16,16,16,16,16,16,16,16,16
62130,2,1,1993,0,0,0,0,0,0,0,0,0,0
62131,0,1,1993,0,0,0,0,0,0,0,0,0,0
62131,2,1,1993,0,0,0,0,0,0,0,0,0,0
62132,1,1,1993,31,31,31,31,31,31,31,31,31,31
62133,0,1,1993,0,0,0,0,0,0,0,0,0,0
62133,1,1,1993,8,8,8,8,8,8,8,8,8,8
62134,1,1,1993,0,0,0,0,0,0,0,0,0,0
62135,0,1,1993,0,0,0,0,0,0,0,0,0,0
62135,1,1,1993,0,0,0,6,0,0,0,0,0,0
62136,0,1,1993,14,14,14,14,14,14,14,14,14,14
62136,1,1,1993,15,0,21,0,0,0,15,0,0,0
62137,1,1,1993,0,0,0,0,0,0,0,0,0,0
62137,2,1,1993,0,0,0,0,0,0,0,0,0,0
62137,3,1,1993,0,0,0,0,0,0,0,0,0,0
62138,1,1,1993,0,0,0,0,0,0,0,0,0,0
62138,2,1,1993,0,0,0,0,0,0,0,0,0,0
62138,3,1,1993,0,0,0,0,0,0,0,0,0,0
62139,1,1,1993,22,22,22,22,22,22,22,22,22,22
62140,0,1,1993,0,0,0,0,0,0,0,0,0,0
62140,1,1,1993,19,0,0,0,0,0,0,0,0,0
62141,0,1,1993,0,0,0,0,0,0,0,0,0,0
62141,1,1,1993,0,0,0,9,0,0,0,0,0,0
62142,0,1,1993,39,39,39,39,39,39,39,39,39,39
62142,1,1,1993,8,0,0,11,3,9,3,22,0,10
62143,0,1,1993,0,0,0,0,0,0,0,0,0,0
62143,0,2,1993,0,0,0,0,0,0,0,0,0,0
62143,1,1,1993,0,0,0,0,0,0,0,0,0,0
62144,1,1,1993,0,0,0,0,0,0,0,0,0,0
62144,2,1,1993,0,0,0,0,0,0,0,0,0,0
62145,0,1,1993,22,22,22,22,22,22,22,22,22,22
62145,1,1,1993,0,0,0,0,0,0,0,0,0,0
62146,1,1,1993,17,35,13,31,30,28,44,18,20,10
62147,1,1,1993,10,10,10,10,10,10,10,10,10,10
62147,2,1,1993,0,0,0,0,0,0,0,0,0,0
62147,3,1,1993,0,14,0,0,0,0,0,0,0,0
62148,1,2,1993,0,0,0,0,0,10,11,0,0,23
62149,1,1,1993,16,16,16,16,16,16,16,16,16,16
62149,2,1,1993,0,0,0,0,23,0,0,0,0,0
62149,3,1,1993,0,0,0,0,0,0,0,0,0,0
62150,1,1,1993,0,0,0,0,0,0,0,0,0,0
62150,2,1,1993,0,0,0,0,0,0,0,0,0,0
62151,1,1,1993,0,0,0,0,0,0,0,0,0,0
62151,2,1,1993,0,0,0,0,0,0,0,0,0,0
62151,3,1,1993,0,0,0,0,0,0,0,0,0,0
62152,1,1,1993,2,2,2,2,2,2,2,2,2,2
62152,2,1,1993,10,10,10,10,10,10,10,10,10,10
62153,1,1,1993,0,0,0,0,0,0,0,0,0,0
62154,1,1,1993,0,0,0,0,0,0,0,0,0,0
62154,2,1,1993,0,0,0,0,0,0,0,0,0,0
62155,1,1,1993,0,0,5,0,0,0,0,0,0,10
62155,2,1,1993,0,0,0,0,0,0,0,0,0,0
62155,3,1,1993,0,0,0,0,0,0,0,0,0,0
62156,1,1,1993,0,0,0,0,0,0,0,0,0,0
62157,0,1,1993,0,0,0,0,0,0,0,0,0,0
62157,1,1,1993,2,2,2,2,2,2,2,2,2,2
62158,0,1,1993,10,10,10,10,10,10,10,10,10,10
62158,1,1,1993,0,0,0,0,0,0,0,0,0,0
62159,1,1,1993,8,8,8,8,8,8,8,8,8,8
62160,0,1,1993,0,0,0,0,0,0,0,0,0,0
62160,1,1,1993,0,0,0,0,0,0,0,0,0,0
62161,0,1,1993,0,0,0,0,0,0,0,0,0,0
62161,1,1,1993,1,1,1,1,1,1,1,1,1,1
62161,2,1,1993,0,0,0,0,0,0,0,0,0,4
62162,1,1,1993,5,5,5,5,5,5,5,5,5,5
62163,1,1,1993,17,17,17,17,17,17,17,17,17,17
62163,2,1,1993,6,6,6,6,6,6,6,6,6,6
62164,1,1,1993,0,0,0,0,0,0,0,0,0,0
62164,2,1,1993,0,0,0,0,0,0,0,0,0,0
62165,0,1,1993,0,0,0,0,0,0,0,0,0,0
62165,1,1,1993,0,0,0,0,0,0,0,0,0,0
62166,1,1,1993,0,0,12,0,0,0,0,0,0,12
62166,2,1,1993,0,0,0,4,0,0,0,0,0,0
62166,3,1,1993,0,0,0,0,0,0,0,0,0,0
62167,1,1,1993,29,29,29,29,29,29,29,29,29,29
62167,2,1,1993,0,0,0,0,0,0,0,0,0,0
62168,0,1,1993,0,0,0,0,0,0,0,0,0,0
62168,1,1,1993,0,4,0,0,0,0,7,0,0,0
62169,1,1,1993,0,0,13,0,0,14,18,0,0,23
62169,2,1,1993,0,0,0,0,0,0,0,0,0,0
62170,0,1,1993,19,19,19,19,19,19,19,19,19,19
62170,1,1,1993,0,0,0,0,0,0,0,0,0,0
62171,1,1,1993,20,20,20,20,20,20,20,20,20,20
62171,2,1,1993,7,7,7,7,7,7,7,7,7,7
62172,0,1,1993,0,0,0,0,0,0,0,0,0,0
62172,1,1,1993,20,20,20,20,20,20,20,20,20,20
62173,1,1,1993,0,0,0,0,0,0,0,0,0,0
62173,2,1,1993,0,0,0,0,0,0,0,0,0,0
62174,1,1,1993,0,0,0,0,0,0,0,0,0,0
62175,1,1,1993,10,10,10,10,10,10,10,10,10,10
62175,2,1,1993,0,0,0,0,0,0,0,0,0,0
62176,1,1,1993,14,14,14,14,14,14,14,14,14,14
62176,2,1,1993,3,3,3,3,3,3,3,3,3,3
62176,3,1,1993,0,0,0,0,0,0,0,0,0,0
62177,1,1,1993,17,17,17,17,17,17,17,17,17,17
62178,1,1,1993,0,0,0,0,0,0,0,0,0,0
62178,2,1,1993,0,0,0,0,0,0,0,0,0,0
62178,3,1,1993,0,0,0,0,0,0,0,0,0,0
62179,1,1,1993,4,4,4,4,4,4,4,4,4,4
62179,2,1,1993,0,0,0,0,0,0,0,0,0,0
62180,0,1,1993,0,0,0,0,0,0,0,0,0,0
62180,1,1,1993,0,0,0,0,0,0,0,7,0,0
62181,1,1,1993,0,0,0,0,0,0,0,0,0,0
62181,2,1,1993,0,0,0,0,0,0,0,0,0,0
62182,0,1,1993,0,0,23,7,0,0,0,0,0,10
62182,1,1,1993,0,0,0,0,19,0,0,0,0,0
62183,0,1,1993,18,18,18,18,18,18,18,18,18,18
62183,1,1,1993,0,0,0,0,0,0,0,0,0,0
62184,0,1,1993,0,0,0,0,0,0,0,0,0,0
62184,1,1,1993,0,0,0,0,0,0,0,0,0,0
62185,1,1,1993,0,0,0,0,0,0,0,0,0,0
62186,1,1,1993,0,0,0,0,0,0,0,0,0,0
62186,2,1,1993,12,12,12,12,12,12,12,12,12,12
62187,1,1,1993,20,20,20,20,20,20,20,20,20,20
62187,2,1,1993,0,0,0,0,0,0,0,0,0,0
62188,1,1,1993,0,0,0,0,0,0,0,0,0,0
62189,0,1,1993,0,0,0,0,0,0,0,0,0,0
62189,1,1,1993,0,0,0,0,0,0,0,0,0,0
62190,1,1,1993,18,18,18,18,18,18,18,18,18,18
62191,1,1,1993,0,0,0,0,0,0,0,0,8,7
62192,1,1,1993,26,26,26,26,26,26,26,26,26,26
62193,0,1,1993,24,0,0,9,0,27,36,0,0,13
62193,1,1,1993,1,1,1,1,1,1,1,1,1,1
62194,1,1,1993,0,0,0,0,0,0,0,0,0,0
62194,2,1,1993,0,0,0,0,0,0,0,0,0,0
62195,0,1,1993,0,0,0,0,0,0,0,0,0,0
62195,1,1,1993,0,0,0,0,0,0,0,0,0,0
62196,1,1,1993,0,0,0,0,0,0,0,0,0,0
62196,2,1,1993,0,0,0,0,0,0,0,0,0,0
62196,3,1,1993,0,0,0,0,0,0,0,0,0,0
62197,1,1,1993,13,5,0,0,16,10,0,7,0,15
62197,2,1,1993,0,0,0,0,0,0,0,0,0,0
62198,0,1,1993,0,0,0,0,0,0,0,0,0,0
62198,1,1,1993,5,26,14,0,13,0,0,2,16,4
62199,1,1,1993,0,0,0,0,0,0,0,0,0,12
62199,2,1,1993,0,0,0,0,0,0,0,0,0,0
62200,0,1,1993,22,22,22,22,22,22,22,22,22,22
62200,0,2,1993,18,0,32,34,0,29,0,32,27,23
62200,1,1,1993,0,0,0,0,0,0,0,0,0,0
62201,1,1,1993,0,0,10,0,10,0,0,0,0,8
62202,1,1,1993,7,7,7,7,7,7,7,7,7,7
62202,2,1,1993,0,0,0,0,0,0,0,0,0,0
62202,3,1,1993,0,0,0,0,0,0,0,8,0,0
62202,4,1,1993,0,0,0,0,0,0,0,0,0,0
62203,1,1,1993,0,0,0,0,0,0,0,0,0,0
62204,1,1,1993,2,2,2,2,2,2,2,2,2,2
62204,2,1,1993,0,0,0,0,0,0,0,0,0,0
62205,0,1,1993,21,0,9,19,52,26,9,39,12,12
62205,1,1,1993,6,6,0,0,8,0,12,0,0,12
62206,1,1,1993,33,33,33,33,33,33,33,33,33,33
62207,1,1,1993,20,9,11,33,6,4,18,11,8,35
62208,1,1,1993,2,2,2,2,2,2,2,2,2,2
62209,0,1,1993,0,0,0,0,0,0,0,0,0,0
62209,1,1,1993,0,0,0,0,0,0,0,0,0,0
62210,1,1,1993,0,0,0,0,0,0,0,0,0,0
62210,2,1,1993,17,17,17,17,17,17,17,17,17,17
62211,0,1,1993,0,0,0,0,0,0,0,0,0,0
62211,1,1,1993,0,0,0,11,0,0,0,0,0,0
62212,0,1,1993,0,0,0,0,0,0,0,0,0,0
62212,0,2,1993,0,20,18,0,0,0,8,0,0,0
62212,0,3,1993,0,0,0,0,0,0,0,31,0,0
62212,0,4,1993,0,0,22,0,25,0,0,0,25,0
62212,2,1,1993,15,13,0,0,0,0,0,0,0,0
62213,1,1,1993,0,0,0,0,0,0,0,0,0,0
62213,2,1,1993,0,0,0,0,0,0,0,0,0,0
62214,1,1,1993,2,2,2,2,2,2,2,2,2,2
62214,2,1,1993,0,0,10,0,0,0,0,0,0,0
62215,1,1,1993,8,8,8,8,8,8,8,8,8,8
62216,1,1,1993,0,0,0,0,0,0,0,0,0,0
62217,1,1,1993,16,16,16,16,16,16,16,16,16,16
62218,1,1,1993,0,0,0,39,0,0,0,8,0,0
62219,1,1,1993,10,10,10,10,10,10,10,10,10,10
62219,2,1,1993,8,8,8,8,8,8,8,8,8,8
62220,1,1,1993,0,0,0,0,0,0,0,0,0,0
62220,2,1,1993,12,0,0,0,0,0,13,0,0,0
62221,0,1,1993,0,0,0,0,0,0,0,0,0,0
62221,1,1,1993,0,0,0,0,0,0,0,0,0,0
62222,1,1,1993,0,0,0,0,0,0,0,0,0,0
62222,2,1,1993,5,5,5,5,5,5,5,5,5,5
62223,1,1,1993,11,11,11,11,11,11,11,11,11,11
62224,1,1,1993,0,0,0,0,0,0,0,0,0,0
62224,2,1,1993,0,0,0,0,0,0,0,0,0,0
62225,1,1,1993,0,0,0,0,0,0,0,0,0,0
62226,0,1,1993,20,20,20,20,20,20,20,20,20,20
62226,1,1,1993,0,0,0,0,0,0,0,0,0,0
62227,1,1,1993,0,2,0,0,0,0,0,0,0,0
62227,2,1,1993,0,0,0,0,0,0,0,0,0,0
62228,0,1,1993,33,33,33,33,33,33,33,33,33,33
62228,1,1,1993,12,0,0,8,0,0,0,10,0,10
62229,1,1,1993,0,0,0,0,0,0,0,0,0,0
62229,2,1,1993,0,0,0,0,0,0,0,0,0,0
62230,1,1,1993,0,0,0,2,0,0,0,0,0,0
62231,1,1,1993,0,0,0,0,0,0,0,0,0,0
62231,2,1,1993,0,0,0,0,0,0,0,0,0,0
62232,1,1,1993,16,16,16,16,16,16,16,16,16,16
62233,1,1,1993,29,29,29,29,29,29,29,29,29,29
62233,2,1,1993,0,0,0,0,0,0,0,0,0,0
62234,1,1,1993,0,0,0,0,0,0,0,0,0,0
62234,2,1,1993,0,0,0,0,0,0,8,0,0,0
62235,0,1,1993,0,24,10,21,0,18,0,0,24,26
62235,1,1,1993,0,0,0,0,0,0,0,0,0,0
62236,1,1,1993,24,24,24,24,24,24,24,24,24,24
62236,2,1,1993,0,0,0,0,0,0,0,0,0,0
62236,3,1,1993,0,0,0,0,0,0,0,0,0,0
62237,0,1,1993,0,0,0,29,0,17,0,19,19,15
62237,1,1,1993,0,0,0,0,0,0,0,0,0,0
62238,1,1,1993,22,22,22,22,22,22,22,22,22,22
62239,1,1,1993,32,32,32,32,32,32,32,32,32,32
62240,1,1,1993,0,0,0,0,0,0,0,4,0,0
62241,1,1,1993,0,0,0,0,0,0,0,0,0,0
62241,2,1,1993,0,0,0,0,0,0,0,0,0,0
62242,1,1,1993,0,0,0,0,0,0,0,0,0,0
62243,0,1,1993,24,24,24,24,24,24,24,24,24,24
62243,1,1,1993,7,10,7,8,10,13,0,0,0,11
62244,1,1,1993,10,10,10,10,10,10,10,10,10,10
62245,1,1,1993,2,2,2,2,2,2,2,2,2,2
62245,2,1,1993,9,9,9,9,9,9,9,9,9,9
62246,1,1,1993,17,17,17,17,17,17,17,17,17,17
62247,1,1,1993,29,29,29,29,29,29,29,29,29,29
62248,1,1,1993,6,6,6,6,6,6,6,6,6,6
62249,1,1,1993,0,0,0,0,0,0,0,0,0,0
62249,2,1,1993,0,0,0,0,0,0,0,0,0,0
62250,0,1,1993,0,0,0,0,0,0,0,0,0,0
62250,1,1,1993,0,0,0,0,0,0,0,0,0,0
62251,1,1,1993,0,0,0,0,0,0,0,0,0,0
62252,1,1,1993,3,3,3,3,3,3,3,3,3,3
62252,2,1,1993,0,0,0,0,0,0,0,0,0,0
62252,3,1,1993,0,0,0,0,0,0,0,0,0,0
62252,4,1,1993,0,0,0,0,0,0,0,0,0,0
62252,5,1,1993,0,0,0,0,0,0,0,0,0,0
62252,6,1,1993,0,0,0,0,0,0,0,0,0,0
62253,1,1,1993,17,11,0,0,0,0,15,0,0,14
62254,1,1,1993,0,0,0,0,0,0,0,0,0,0
62255,1,1,1993,14,14,14,14,14,14,14,14,14,14
62256,1,1,1993,2,2,2,2,2,2,2,2,2,2
62257,1,1,1993,0,0,0,0,0,0,0,0,0,0
62257,2,1,1993,0,0,0,0,0,0,0,0,0,0
62258,1,1,1993,12,12,12,12,12,12,12,12,12,12
62259,1,1,1993,0,0,0,0,0,0,0,0,0,0
62259,2,1,1993,0,0,0,0,0,0,0,0,0,0
62260,1,1,1993,0,0,0,0,0,0,0,0,0,0
62260,2,1,1993,0,0,0,0,0,9,0,0,0,0
62261,0,1,1993,0,34,0,0,8,0,0,0,0,9
62261,1,1,1993,0,0,0,0,0,0,0,0,0,0
62262,1,1,1993,0,0,0,0,0,0,0,0,0,0
62262,2,1,1993,0,0,0,0,0,0,0,0,0,0
62263,1,1,1993,21,21,21,21,21,21,21,21,21,21
62264,0,1,1993,0,0,0,0,0,0,0,0,0,0
62264,1,1,1993,0,0,0,0,0,0,0,0,0,0
62265,1,1,1993,22,22,22,22,22,22,22,22,22,22
62266,1,1,1993,0,0,0,0,0,0,0,0,0,0
62267,1,1,1993,0,0,0,0,0,0,0,0,0,0
62268,0,1,1993,0,0,0,0,0,0,0,0,0,0
62268,0,2,1993,0,0,0,0,0,0,0,0,0,0
62268,1,1,1993,0,10,0,0,12,0,0,0,0,0
62269,0,1,1993,0,0,0,0,0,0,0,0,0,0
62269,1,1,1993,0,23,0,0,0,0,0,0,0,0
62270,1,1,1993,0,0,0,0,0,0,0,0,0,0
62271,0,1,1993,12,12,12,12,12,12,12,12,12,12
62271,1,1,1993,17,20,14,17,26,6,23,21,4,9
62271,2,1,1993,0,0,0,0,3,0,0,0,10,0
62273,1,1,1993,27,27,27,27,27,27,27,27,27,27
62273,2,1,1993,0,0,0,0,0,0,0,0,0,0
62274,1,1,1993,11,11,11,11,11,11,11,11,11,11
62274,2,1,1993,8,8,8,8,8,8,8,8,8,8
62275,1,1,1993,4,4,4,4,4,4,4,4,4,4
62275,2,1,1993,0,0,0,0,0,0,0,0,0,0
62276,1,1,1993,0,0,0,0,0,0,7,0,0,0
62277,1,1,1993,0,0,0,0,0,0,0,0,0,0
62277,2,1,1993,0,0,0,0,0,0,0,0,0,0
62278,1,1,1993,0,0,0,0,0,0,0,0,0,0
62279,1,1,1993,0,0,0,0,0,0,0,0,0,0
62280,1,1,1993,0,0,0,0,0,0,0,0,0,0
62281,1,1,1993,2,2,2,2,2,2,2,2,2,2
62281,2,1,1993,23,23,23,23,23,23,23,23,23,23
62281,3,1,1993,0,0,0,0,0,0,0,0,0,0
62282,0,1,1993,43,43,43,43,43,43,43,43,43,43
62282,1,1,1993,0,0,0,0,0,0,0,0,0,0
62283,0,1,1993,0,0,0,0,0,0,0,0,0,0
62283,1,1,1993,0,0,0,0,0,0,0,0,0,0
62284,0,1,1993,0,0,0,0,0,0,0,0,0,0
62284,0,2,1993,0,0,0,0,0,0,0,0,4,0
62284,0,3,1993,0,0,0,0,0,0,0,0,0,0
62284,1,1,1993,0,0,0,0,0,0,0,0,0,0
62285,1,1,1993,21,21,21,21,21,21,21,21,21,21
62285,2,1,1993,0,0,0,0,0,0,0,0,0,0
62285,3,1,1993,0,0,0,0,0,0,0,0,0,0
62286,1,1,1993,0,0,0,0,0,0,0,0,0,0
62286,2,1,1993,0,0,0,0,0,0,0,0,0,0
62287,1,1,1993,0,0,0,0,0,0,0,0,0,0
62288,1,1,1993,0,0,0,0,0,0,0,0,0,0
62289,1,1,1993,0,0,0,0,0,0,0,0,0,0
62289,2,1,1993,0,0,0,0,0,0,0,0,0,0
62290,0,1,1993,0,0,0,0,0,0,0,0,0,0
62290,1,1,1993,0,0,0,0,0,0,0,0,0,0
62291,1,1,1993,0,0,0,0,0,0,0,0,0,0
62291,2,1,1993,0,0,0,0,0,0,0,0,0,0
62292,0,1,1993,28,28,28,28,28,28,28,28,28,28
62292,1,1,1993,0,0,0,0,16,0,0,0,0,0
62293,1,1,1993,26,26,26,26,26,26,26,26,26,26
62294,1,1,1993,18,18,18,18,18,18,18,18,18,18
62295,1,1,1993,21,21,21,21,21,21,21,21,21,21
62295,2,1,1993,0,0,0,0,0,0,0,0,0,0
62295,3,1,1993,0,0,0,0,0,0,0,0,0,0
62296,1,1,1993,28,28,28,28,28,28,28,28,28,28
62297,2,1,1993,0,0,0,0,0,0,0,0,0,0
62298,1,1,1993,20,20,20,20,20,20,20,20,20,20
62298,2,1,1993,0,0,0,0,0,0,0,0,0,0
62299,1,1,1993,10,10,10,10,10,10,10,10,10,10
62300,1,1,1993,0,0,0,13,0,11,0,0,0,0
62301,1,1,1993,0,0,0,0,0,0,0,0,0,0
62301,2,1,1993,0,0,0,0,0,0,0,0,0,0
62302,1,1,1993,0,0,0,0,0,0,0,0,0,0
62302,2,1,1993,0,0,0,0,0,0,0,0,0,5
62303,1,1,1993,27,27,27,27,27,27,27,27,27,27
62304,0,1,1993,0,0,0,0,0,0,0,0,0,0
62304,1,1,1993,0,0,0,0,0,0,0,0,0,0
62305,1,1,1993,0,0,0,0,0,0,0,0,0,0
62305,2,1,1993,0,36,0,0,0,0,0,0,0,0
62306,1,1,1993,13,13,13,13,13,13,13,13,13,13
62307,1,1,1993,24,24,24,24,24,24,24,24,24,24
62308,1,1,1993,9,9,9,9,9,9,9,9,9,9
62309,1,1,1993,0,0,0,0,0,0,0,0,0,0
62309,2,1,1993,0,0,0,0,0,0,0,0,0,0
62310,1,1,1993,11,11,11,11,11,11,11,11,11,11
62311,1,1,1993,19,19,19,19,19,19,19,19,19,19
62312,0,1,1993,0,0,0,0,0,0,0,0,0,0
62312,0,2,1993,0,0,0,0,0,0,0,0,0,0
62312,1,1,1993,23,23,23,23,23,23,23,23,23,23
62313,1,1,1993,23,23,23,23,23,23,23,23,23,23
62314,1,1,1993,0,0,0,0,0,0,0,0,0,0
62314,2,1,1993,0,0,0,0,0,0,0,0,0,0
62315,1,1,1993,0,0,0,0,0,0,14,0,0,0
62315,2,1,1993,0,0,0,0,0,0,0,0,0,0
62316,1,1,1993,0,0,0,0,0,0,0,0,0,0
62317,1,1,1993,0,0,0,0,0,0,0,0,0,0
62317,2,1,1993,0,0,0,0,0,0,0,0,0,0
62317,3,1,1993,0,0,0,0,0,0,0,0,0,0
62318,1,1,1993,0,0,0,0,0,0,0,0,0,0
62319,0,1,1993,0,0,0,0,0,0,0,0,0,0
62319,1,1,1993,0,0,0,0,0,0,0,0,0,0
62320,1,1,1993,0,0,0,0,0,0,0,0,0,0
62320,2,1,1993,0,0,0,0,0,0,0,0,0,0
62321,1,1,1993,0,0,0,0,0,0,0,0,0,0
62322,1,1,1993,0,0,0,0,0,0,0,0,0,0
62323,1,1,1993,0,0,0,0,0,0,0,0,0,0
62324,1,1,1993,0,0,0,0,0,0,0,0,0,0
62324,2,1,1993,0,0,0,0,0,0,0,0,0,0
62325,1,1,1993,0,0,0,0,0,0,0,0,0,0
62326,1,1,1993,0,12,0,0,0,0,0,0,0,0
62326,2,1,1993,0,0,0,0,0,0,0,0,0,0
62327,0,1,1993,0,0,0,0,0,0,0,0,0,0
62327,1,1,1993,12,0,21,14,0,9,0,0,12,19
62328,0,1,1993,0,0,0,0,0,0,0,0,0,0
62328,1,1,1993,0,0,0,0,0,0,0,0,0,0
62329,1,1,1993,0,0,0,0,0,6,0,0,0,0
62329,2,1,1993,0,0,0,0,0,0,0,0,0,0
62330,1,1,1993,0,0,0,0,0,0,0,0,0,0
62331,1,1,1993,0,0,0,0,0,0,0,0,0,0
62332,1,1,1993,18,18,18,18,18,18,18,18,18,18
62333,1,1,1993,0,0,0,0,0,0,0,0,0,0
62334,0,1,1993,0,0,0,0,0,0,0,0,0,0
62334,0,2,1993,0,0,0,0,23,12,0,20,0,0
62334,1,1,1993,0,0,0,0,0,0,0,0,0,0
62335,1,1,1993,22,22,22,22,22,22,22,22,22,22
62335,2,1,1993,0,0,0,0,0,0,0,0,0,0
62336,0,1,1993,17,17,17,17,17,17,17,17,17,17
62336,1,1,1993,0,0,0,0,0,0,0,6,0,0
62337,1,1,1993,18,18,18,18,18,18,18,18,18,18
62338,0,1,1993,0,0,0,0,0,0,0,0,0,0
62338,1,1,1993,0,0,0,0,0,0,0,0,0,0
62339,1,1,1993,0,0,0,0,0,0,0,0,0,0
62340,1,1,1993,0,0,0,0,0,0,0,0,0,0
62340,2,1,1993,0,0,0,0,0,0,0,0,0,0
62341,1,1,1993,2,2,2,2,2,2,2,2,2,2
62341,2,1,1993,0,0,0,0,0,0,0,0,0,0
62342,1,1,1993,18,18,18,18,18,18,18,18,18,18
62342,2,1,1993,0,0,0,0,0,0,0,0,0,0
62343,0,1,1993,6,6,6,6,6,6,6,6,6,6
62343,1,1,1993,20,20,20,20,20,20,20,20,20,20
62344,0,1,1993,33,26,0,36,47,0,0,0,0,5
62344,0,2,1993,22,28,0,30,33,17,0,0,5,18
62344,0,3,1993,12,12,12,12,12,12,12,12,12,12
62344,2,1,1993,21,9,10,5,16,19,8,12,5,30
62344,3,1,1993,0,0,0,0,0,0,0,0,0,0
62345,1,1,1993,0,0,0,0,18,0,19,25,0,0
62346,1,1,1993,20,20,20,20,20,20,20,20,20,20
62347,1,1,1993,22,22,22,22,22,22,22,22,22,22
62347,2,1,1993,0,0,0,0,0,0,0,0,0,0
62348,1,1,1993,0,0,0,0,0,0,0,0,0,0
62349,1,1,1993,0,0,0,0,0,0,0,0,0,0
62350,1,1,1993,9,9,9,9,9,9,9,9,9,9
62350,2,1,1993,0,0,0,0,0,0,0,0,15,0
62351,1,1,1993,0,0,0,0,0,0,0,0,0,0
62351,2,1,1993,0,14,30,11,12,16,15,19,8,15
62352,1,1,1993,8,8,8,8,8,8,8,8,8,8
62352,2,1,1993,0,0,0,0,0,0,0,0,28,0
62352,3,1,1993,0,0,0,0,0,0,0,0,0,0
62353,1,1,1993,21,21,21,21,21,21,21,21,21,21
62354,1,1,1993,29,29,29,29,29,29,29,29,29,29
62355,1,1,1993,19,25,11,0,21,19,16,5,22,0
62356,1,1,1993,12,12,12,12,12,12,12,12,12,12
62357,1,1,1993,0,0,0,0,0,0,0,0,0,0
62357,2,1,1993,0,0,0,0,0,0,0,0,0,0
62357,3,1,1993,0,0,0,0,0,0,0,0,0,0
62358,1,1,1993,14,14,14,14,14,14,14,14,14,14
62359,1,1,1993,24,24,24,24,24,24,24,24,24,24
62360,0,1,1993,34,5,0,0,21,0,0,15,0,14
62360,0,2,1993,0,0,0,0,0,0,0,0,0,0
62360,0,3,1993,0,10,16,0,17,12,0,11,0,10
62361,1,1,1993,0,0,0,0,0,0,0,0,0,0
62361,2,1,1993,0,0,0,0,0,0,0,0,0,0
62362,0,1,1993,31,31,31,31,31,31,31,31,31,31
62362,1,1,1993,0,0,0,0,8,0,0,0,0,0
62362,2,1,1993,0,0,0,0,0,5,0,0,2,0
62363,2,1,1993,7,7,7,7,7,7,7,7,7,7
62363,3,1,1993,0,0,0,0,0,0,0,0,0,0
62364,1,1,1993,21,21,21,21,21,21,21,21,21,21
62365,1,1,1993,19,19,19,19,19,19,19,19,19,19
62365,2,1,1993,0,6,0,0,0,6,0,0,0,13
62366,1,1,1993,17,17,17,17,17,17,17,17,17,17
62367,1,1,1993,20,20,20,20,20,20,20,20,20,20
62368,1,1,1993,0,0,0,0,0,0,0,0,0,0
62368,2,1,1993,0,0,0,0,0,0,0,0,0,0
62369,1,1,1993,0,0,11,0,0,0,0,19,0,0
62369,2,1,1993,0,0,0,0,0,0,0,0,0,0
62370,1,1,1993,0,0,0,0,0,0,0,0,0,0
62370,2,1,1993,0,0,0,0,0,0,0,0,0,0
62371,1,1,1993,0,0,0,0,0,0,0,0,0,0
62372,0,1,1993,0,0,0,0,0,0,0,0,0,0
62372,0,2,1993,11,17,0,5,26,0,15,9,5,0
62372,1,1,1993,0,0,0,0,0,0,0,0,0,0
62373,1,1,1993,24,24,24,24,24,24,24,24,24,24
62374,1,1,1993,0,0,0,0,0,0,0,0,0,0
62375,1,1,1993,25,25,25,25,25,25,25,25,25,25