ST_CASE,VEH_NO,PER_NO,YEAR,P1,P2,P3,P4,P5,P6,P7,P8,P9,P10
62642,2,1,1993,5,12,0,0,14,0,0,0,0,20
62643,0,1,1993,13,13,13,13,13,13,13,13,13,13
62643,1,1,1993,0,0,0,0,0,0,0,0,0,0
62644,1,1,1993,0,0,0,0,0,0,0,0,0,0
62644,2,1,1993,0,0,0,0,0,0,0,0,0,0
62645,0,1,1993,6,6,6,6,6,6,6,6,6,6
62645,1,1,1993,0,0,0,0,0,0,0,0,0,0
62646,0,1,1993,0,0,0,0,0,0,0,0,0,0
62646,1,1,1993,0,0,0,0,0,0,0,0,0,4
62647,0,1,1993,0,0,0,0,0,0,0,0,0,0
62647,1,1,1993,0,0,0,0,0,0,0,0,0,0
62648,0,1,1993,0,0,0,0,0,0,0,0,0,0
62648,1,1,1993,0,0,0,0,24,0,0,0,0,0
62649,1,1,1993,0,0,0,0,0,0,0,0,0,0
62649,2,1,1993,0,0,0,0,0,0,0,0,0,0
62650,1,1,1993,0,0,0,0,0,0,0,0,0,0
62650,2,1,1993,0,0,0,0,0,0,0,0,0,0
62650,3,1,1993,0,0,0,0,0,0,0,0,0,0
62650,4,1,1993,0,0,0,0,0,0,0,0,0,0
62651,1,1,1993,8,8,8,8,8,8,8,8,8,8
62652,0,1,1993,0,0,0,0,0,0,0,0,0,0
62652,1,1,1993,0,0,0,0,0,0,0,0,0,0
62653,1,1,1993,0,0,0,0,0,0,0,0,0,0
62653,2,1,1993,0,0,0,0,0,0,0,0,0,0
62654,1,1,1993,0,0,0,0,0,0,0,0,0,0
62655,0,1,1993,17,17,17,17,17,17,17,17,17,17
62655,1,1,1993,0,0,0,0,0,0,0,0,0,0
62656,0,1,1993,0,0,0,0,0,0,0,0,0,0
62656,1,1,1993,0,0,0,0,0,0,0,0,0,0
62657,1,1,1993,0,0,0,0,0,21,0,0,0,0
62657,2,1,1993,0,0,0,0,0,0,0,0,0,0
62658,0,1,1993,0,0,0,0,0,0,0,0,0,0
62658,1,1,1993,0,0,0,0,0,0,0,0,2,0
62659,1,1,1993,0,0,0,0,0,0,0,0,0,0
62659,2,1,1993,4,4,4,4,4,4,4,4,4,4
62660,0,1,1993,0,0,0,0,0,0,0,0,0,0
62660,1,1,1993,5,0,0,0,0,22,5,0,18,0
62661,1,1,1993,0,0,0,0,0,0,0,0,0,0
62662,0,3,1993,0,0,0,0,0,0,0,0,0,0
62662,1,1,1993,0,0,0,0,0,0,0,0,0,0
62663,1,1,1993,0,0,0,0,0,0,0,0,0,0
62664,1,1,1993,0,0,0,0,0,0,0,0,0,0
62664,2,1,1993,0,0,0,0,0,0,0,0,0,0
62664,3,1,1993,0,0,0,0,0,0,0,0,0,0
62665,0,1,1993,0,0,0,0,0,0,0,0,0,0
62665,1,1,1993,0,0,0,0,0,0,0,0,0,0
62666,1,1,1993,0,0,0,0,0,0,0,0,0,0
62667,1,1,1993,7,7,7,7,7,7,7,7,7,7
62668,1,1,1993,0,0,0,0,0,0,0,0,0,0
62668,2,1,1993,0,0,0,0,0,0,0,0,0,0
62669,1,1,1993,0,0,0,0,0,0,0,0,0,0
62669,2,1,1993,0,0,0,0,0,0,0,0,0,0
62670,0,1,1993,0,0,0,0,0,0,0,0,0,0
62670,1,1,1993,0,0,0,0,0,0,0,0,0,0
62671,0,1,1993,36,36,36,36,36,36,36,36,36,36
62671,1,1,1993,0,0,0,0,0,0,0,0,0,0
62672,1,1,1993,0,0,0,0,0,0,0,0,0,0
62672,2,1,1993,0,0,0,0,0,0,0,0,0,0
62673,1,1,1993,0,0,0,0,0,0,0,0,0,0
62673,2,1,1993,0,0,0,0,0,0,0,0,0,0
62674,1,1,1993,2,2,2,2,2,2,2,2,2,2
62674,2,1,1993,0,0,0,9,0,0,0,0,0,0
62675,1,1,1993,0,0,0,0,0,0,0,0,0,0
62676,1,1,1993,32,32,32,32,32,32,32,32,32,32
62677,1,1,1993,0,0,0,0,0,0,0,0,0,0
62678,1,1,1993,0,0,0,0,0,0,0,0,0,0
62679,1,1,1993,0,0,0,0,0,0,0,0,0,0
62679,2,1,1993,0,0,0,0,0,0,0,0,0,0
62680,1,1,1993,0,0,0,0,0,0,0,0,0,0
62680,2,1,1993,0,0,0,0,0,0,0,0,0,0
62681,1,1,1993,12,12,12,12,12,12,12,12,12,12
62681,2,1,1993,0,0,0,0,0,0,0,0,0,0
62682,1,1,1993,0,0,0,0,0,0,0,0,0,0
62683,1,1,1993,11,11,11,11,11,11,11,11,11,11
62684,1,1,1993,0,0,0,0,0,0,0,0,0,0
62684,2,1,1993,0,0,0,0,0,0,0,0,0,0
62685,0,1,1993,3,3,3,3,3,3,3,3,3,3
62685,1,1,1993,0,0,0,0,0,0,7,6,4,9
62686,1,1,1993,16,16,16,16,16,16,16,16,16,16
62687,1,1,1993,0,9,0,0,0,4,14,0,8,14
62687,2,1,1993,0,0,0,0,0,0,0,0,0,0
62688,1,1,1993,0,0,0,0,0,0,0,0,0,0
62689,1,1,1993,0,0,0,0,0,0,31,35,0,0
62689,2,1,1993,0,0,0,0,0,0,0,0,0,0
62690,0,1,1993,12,0,0,21,13,0,32,0,0,0
62690,1,1,1993,0,25,15,0,0,0,13,0,0,0
62691,0,1,1993,0,0,0,0,0,0,0,0,0,0
62691,1,1,1993,0,0,0,0,0,0,0,0,0,0
62692,1,1,1993,0,0,0,0,0,0,0,0,0,0
62692,2,1,1993,0,0,0,0,0,0,0,0,0,0
62693,1,1,1993,0,0,0,0,0,0,0,0,0,0
62694,1,1,1993,0,0,0,0,0,0,0,0,0,0
62694,2,1,1993,8,8,8,8,8,8,8,8,8,8
62695,1,2,1993,0,0,0,0,0,0,0,0,0,0
62696,1,1,1993,0,0,0,0,0,0,0,0,0,0
62697,1,1,1993,5,0,0,0,0,0,0,0,0,0
62698,1,1,1993,0,0,0,0,0,0,0,0,0,0
62699,1,1,1993,0,0,0,0,0,0,0,0,0,0
62700,1,1,1993,0,0,0,12,0,0,0,0,30,16
62700,2,1,1993,0,18,15,21,15,0,0,18,0,4
62701,0,1,1993,0,0,0,0,0,0,0,0,0,0
62701,1,1,1993,0,0,0,0,10,0,0,0,0,0
62702,1,1,1993,0,0,0,0,0,0,0,0,0,0
62703,1,1,1993,0,0,0,13,0,0,0,0,0,0
62703,2,1,1993,0,0,0,0,0,0,0,0,0,0
62704,0,1,1993,0,0,0,0,0,0,0,0,0,0
62704,1,1,1993,6,6,6,6,6,6,6,6,6,6
62704,2,1,1993,0,0,0,0,0,0,0,0,0,0
62705,1,1,1993,0,0,0,0,0,0,0,0,0,0
62705,2,1,1993,2,2,2,2,2,2,2,2,2,2
62705,3,1,1993,0,0,0,0,0,0,0,0,0,0
62705,4,1,1993,0,0,0,0,0,0,0,0,0,0
62705,5,1,1993,0,26,8,0,0,0,0,0,0,15
62706,1,1,1993,0,0,0,0,0,0,0,0,0,0
62706,2,1,1993,0,0,0,0,0,0,0,0,0,0
62707,1,1,1993,0,0,0,0,0,0,0,0,0,0
62707,2,1,1993,0,0,0,0,28,0,0,0,0,0
62708,1,1,1993,0,0,0,0,0,0,0,0,0,0
62708,2,1,1993,0,0,0,0,16,0,0,0,0,0
62709,1,1,1993,0,0,0,0,0,0,0,0,0,0
62710,1,1,1993,0,0,0,0,0,0,0,0,0,0
62710,2,1,1993,0,0,0,0,0,0,0,0,0,0
62710,3,1,1993,0,0,0,0,0,0,0,0,0,0
62711,0,1,1993,0,0,0,0,0,0,0,0,0,0
62711,1,1,1993,16,16,16,16,16,16,16,16,16,16
62712,1,1,1993,0,0,0,0,0,0,0,0,0,0
62713,0,1,1993,0,0,0,0,0,0,0,0,0,0
62713,1,1,1993,0,0,0,0,0,0,0,0,0,0
62713,2,1,1993,0,0,0,0,0,13,0,0,0,0
62713,3,1,1993,0,0,4,0,0,0,0,0,0,0
62714,1,1,1993,5,5,5,5,5,5,5,5,5,5
62714,2,1,1993,0,0,0,0,0,0,0,0,0,0
62715,1,1,1993,0,0,0,0,0,0,0,0,0,0
62715,2,1,1993,0,0,0,0,0,11,0,0,0,0
62716,1,1,1993,0,0,0,0,0,0,13,0,0,0
62717,1,1,1993,17,17,17,17,17,17,17,17,17,17
62718,1,1,1993,1,1,1,1,1,1,1,1,1,1
62719,0,1,1993,0,0,0,0,0,0,0,0,0,0
62719,1,1,1993,0,0,0,0,0,0,0,0,0,0
62720,1,1,1993,21,21,21,21,21,21,21,21,21,21
62721,1,1,1993,0,0,0,0,0,0,0,0,0,0
62721,2,1,1993,0,0,0,0,0,0,0,0,0,0
62721,3,1,1993,0,0,0,0,0,0,0,0,0,0
62721,4,1,1993,0,0,0,0,0,0,0,0,0,0
62721,5,1,1993,0,0,0,0,0,0,0,0,0,0
62721,6,1,1993,0,0,0,10,22,17,23,12,0,18
62721,7,1,1993,0,0,0,0,0,0,0,0,0,0
62722,1,1,1993,27,27,27,27,27,27,27,27,27,27
62723,1,1,1993,0,0,0,0,0,0,0,0,0,0
62723,2,1,1993,27,27,27,27,27,27,27,27,27,27
62724,1,1,1993,0,0,0,0,0,0,0,0,0,0
62724,2,1,1993,0,0,0,0,0,0,0,0,0,0
62725,0,1,1993,24,24,24,24,24,24,24,24,24,24
62725,1,1,1993,0,0,0,0,0,0,0,0,0,0
62726,1,1,1993,10,0,0,0,0,0,0,0,0,0
62726,2,1,1993,0,0,0,0,0,0,0,12,0,0
62726,3,1,1993,0,0,0,0,0,0,0,0,0,0
62726,4,1,1993,0,0,0,0,0,0,0,0,0,0
62727,0,1,1993,21,21,21,21,21,21,21,21,21,21
62727,1,1,1993,0,0,0,0,0,0,0,0,0,0
62728,1,1,1993,20,20,20,20,20,20,20,20,20,20
62729,1,1,1993,14,0,0,0,0,7,0,0,0,0
62729,2,1,1993,0,0,0,0,0,0,0,0,0,0
62730,1,1,1993,19,26,0,0,0,22,0,0,0,0
62731,0,1,1993,0,0,0,0,0,0,0,0,0,0
62731,1,1,1993,0,0,0,0,0,0,0,0,0,0
62732,1,1,1993,20,20,20,20,20,20,20,20,20,20
62733,0,1,1993,0,0,0,0,0,0,0,0,0,0
62733,1,1,1993,0,0,0,0,12,15,26,0,14,0
62734,1,1,1993,0,0,0,0,0,0,0,0,0,0
62735,0,1,1993,0,0,0,0,0,0,0,0,0,0
62735,1,1,1993,0,0,0,0,0,0,0,0,0,0
62736,1,1,1993,0,0,0,0,0,0,0,0,0,0
62736,2,1,1993,0,0,0,0,0,0,0,0,0,0
62737,0,1,1993,0,0,0,0,0,0,0,0,0,0
62737,1,1,1993,0,0,0,0,0,0,0,0,0,0
62738,0,1,1993,1,1,1,1,1,1,1,1,1,1
62738,1,1,1993,0,0,0,0,0,0,0,0,0,0
62739,1,1,1993,8,6,13,17,10,13,0,11,9,11
62740,1,1,1993,14,14,14,14,14,14,14,14,14,14
62741,1,1,1993,0,0,0,0,0,0,0,0,0,0
62741,2,1,1993,0,0,0,0,0,0,0,0,0,0
62742,1,1,1993,0,0,0,0,0,0,0,0,0,0
62742,2,1,1993,0,0,0,0,0,0,0,22,0,0
62743,1,1,1993,0,0,0,0,0,0,0,0,0,0
62744,1,1,1993,0,0,0,0,0,0,0,0,0,0
62745,0,1,1993,12,12,12,12,12,12,12,12,12,12
62745,1,1,1993,0,0,0,0,6,27,3,0,26,0
62746,1,1,1993,25,25,25,25,25,25,25,25,25,25
62747,0,1,1993,20,20,20,20,20,20,20,20,20,20
62747,1,1,1993,1,1,1,1,1,1,1,1,1,1
62748,0,1,1993,0,0,0,0,0,0,0,0,0,0
62748,1,1,1993,15,6,12,0,0,0,0,0,0,11
62749,1,1,1993,0,0,0,0,0,11,0,0,0,0
62750,1,1,1993,0,0,0,0,0,0,0,0,0,0
62751,1,1,1993,0,0,0,0,0,0,0,0,0,0
62751,2,1,1993,0,0,0,0,0,0,0,0,0,0
62752,1,1,1993,0,0,0,7,0,5,0,0,17,0
62753,0,1,1993,0,0,0,0,0,0,0,0,0,0
62753,1,1,1993,0,0,0,0,10,0,0,0,0,0
62754,0,1,1993,0,0,0,0,0,0,0,0,0,0
62754,1,1,1993,0,0,0,0,0,0,0,0,0,0
62755,1,1,1993,0,0,0,0,0,0,0,0,0,15
62756,0,1,1993,0,0,0,0,0,0,0,0,0,0
62756,1,1,1993,24,24,24,24,24,24,24,24,24,24
62757,1,1,1993,10,18,14,14,0,4,7,22,0,11
62757,2,1,1993,0,0,0,0,0,0,0,0,0,0
62758,1,1,1993,8,8,8,8,8,8,8,8,8,8
62759,1,1,1993,14,14,14,14,14,14,14,14,14,14
62759,2,1,1993,0,0,0,0,0,0,0,2,0,0
62759,3,1,1993,0,0,0,0,0,0,0,0,0,0
62760,0,1,1993,0,0,0,15,0,0,0,0,0,5
62760,1,1,1993,3,3,3,3,3,3,3,3,3,3
62761,1,1,1993,31,31,31,31,31,31,31,31,31,31
62762,1,1,1993,0,0,0,0,0,0,0,0,0,0
62763,1,1,1993,0,0,0,0,0,0,0,0,0,0
62763,2,1,1993,0,0,0,0,0,0,0,0,0,0
62764,1,1,1993,0,0,0,0,0,0,0,0,0,0
62764,2,1,1993,0,0,0,0,0,0,0,0,0,0
62765,0,1,1993,0,0,0,0,0,0,0,0,0,0
62765,1,1,1993,0,0,0,0,0,0,0,0,0,0
62765,2,1,1993,0,0,0,0,0,0,0,0,0,10
62766,1,1,1993,0,0,0,0,0,0,0,0,0,0
62766,2,1,1993,0,0,0,0,0,0,0,0,0,0
62766,3,1,1993,0,0,0,0,0,0,0,0,0,0
62767,1,1,1993,0,0,0,0,0,0,0,0,0,0
62767,2,1,1993,0,0,0,0,10,0,0,0,0,0
62768,1,1,1993,0,0,0,4,0,0,0,6,0,0
62769,1,1,1993,10,10,10,10,10,10,10,10,10,10
62770,0,1,1993,0,0,0,0,0,0,0,0,0,0
62770,1,1,1993,0,0,0,0,0,0,0,0,0,0
62771,0,1,1993,19,19,19,19,19,19,19,19,19,19
62771,1,1,1993,0,0,0,0,0,0,0,0,0,0
62771,2,1,1993,0,14,0,0,0,0,8,0,0,0
62772,1,1,1993,0,0,0,0,0,0,0,0,0,0
62772,2,1,1993,0,0,0,0,0,0,0,0,0,0
62773,1,1,1993,8,8,8,8,8,8,8,8,8,8
62773,2,1,1993,0,0,0,0,0,0,0,0,0,0
62773,3,1,1993,0,0,0,0,0,0,0,0,0,0
62774,1,1,1993,0,0,5,14,0,0,0,0,0,0
62774,2,1,1993,0,0,0,0,0,0,0,0,0,0
62775,1,1,1993,0,0,19,0,0,0,18,0,0,0
62775,2,1,1993,0,0,0,0,0,0,0,0,0,0
62776,0,1,1993,0,0,0,0,0,0,0,23,0,0
62776,1,1,1993,0,0,0,0,0,15,0,0,0,0
62777,1,1,1993,21,21,21,21,21,21,21,21,21,21
62778,0,1,1993,0,0,0,0,0,0,0,0,17,0
62778,1,1,1993,0,0,0,0,0,0,0,0,0,0
62779,1,1,1993,9,9,9,9,9,9,9,9,9,9
62779,2,1,1993,0,0,0,0,0,0,0,0,0,0
62780,1,1,1993,0,0,0,0,0,0,0,0,0,0
62780,2,1,1993,0,0,0,0,0,0,0,0,0,0
62780,3,1,1993,0,1,0,0,0,0,0,0,0,0
62780,4,1,1993,0,0,0,0,0,0,0,0,0,0
62781,1,1,1993,0,0,0,0,0,0,0,0,0,0
62782,1,1,1993,0,5,0,0,0,0,0,6,0,0
62783,0,1,1993,21,21,21,21,21,21,21,21,21,21
62783,1,1,1993,0,0,0,0,0,0,0,0,0,0
62784,0,1,1993,0,0,0,0,0,0,0,0,0,0
62784,1,1,1993,0,0,0,0,0,0,0,0,0,0
62785,0,1,1993,0,0,0,0,0,0,0,0,0,0
62785,1,1,1993,0,0,0,0,0,0,0,0,0,0
62786,1,1,1993,0,0,0,0,0,0,0,0,0,0
62786,2,1,1993,0,0,0,0,0,0,0,0,0,0
62787,1,1,1993,0,0,0,0,0,0,0,0,0,0
62787,2,1,1993,0,0,0,23,0,0,0,0,0,0
62788,1,1,1993,15,15,15,15,15,15,15,15,15,15
62788,2,1,1993,0,0,0,0,0,0,0,0,0,0
62789,1,1,1993,0,0,0,0,0,0,0,0,0,0
62790,1,1,1993,0,0,0,0,0,0,0,0,0,0
62791,0,1,1993,0,0,0,0,0,0,0,0,0,0
62791,1,1,1993,0,0,0,0,0,0,0,0,0,0
62792,1,1,1993,0,0,0,0,0,0,0,0,0,0
62793,1,1,1993,14,14,14,14,14,14,14,14,14,14
62794,1,1,1993,24,24,24,24,24,24,24,24,24,24
62794,2,1,1993,0,0,0,0,0,0,0,0,0,0
62795,0,1,1993,0,0,0,0,0,0,0,0,0,0
62795,1,1,1993,0,0,0,0,0,0,0,0,0,0
62796,1,1,1993,0,0,0,0,0,0,0,0,0,0
62796,2,1,1993,0,0,0,8,3,0,0,0,23,0
62797,1,1,1993,0,0,0,0,0,0,0,0,0,0
62798,1,1,1993,0,0,0,0,0,0,0,0,0,0
62799,0,1,1993,0,0,0,0,0,0,0,0,0,0
62799,1,1,1993,0,0,0,0,0,9,0,0,11,0
62800,1,1,1993,0,0,0,0,0,0,0,0,0,0
62801,1,1,1993,0,0,0,0,0,0,0,0,0,0
62801,2,1,1993,0,0,0,0,0,0,0,0,0,0
62802,1,1,1993,0,0,0,0,0,0,0,0,0,0
62802,2,1,1993,0,0,0,0,0,0,0,0,0,0
62803,1,1,1993,0,0,0,0,0,0,0,0,0,0
62803,2,1,1993,0,0,0,0,0,0,0,0,0,0
62804,1,1,1993,0,0,0,0,14,0,0,0,0,0
62805,1,1,1993,7,18,0,3,35,0,0,0,3,0
62805,2,1,1993,0,0,0,0,0,0,0,0,0,0
62805,3,1,1993,0,0,0,0,0,0,0,0,0,9
62806,1,1,1993,0,0,0,0,0,0,0,0,0,0
62807,1,1,1993,0,0,0,0,0,0,0,0,0,0
62808,1,1,1993,0,0,0,0,0,0,0,0,0,0
62809,1,1,1993,10,10,10,10,10,10,10,10,10,10
62810,1,1,1993,21,21,21,21,21,21,21,21,21,21
62811,1,1,1993,17,17,17,17,17,17,17,17,17,17
62811,2,1,1993,0,0,0,0,0,0,0,0,0,0
62812,0,1,1993,21,21,21,21,21,21,21,21,21,21
62812,1,1,1993,0,0,0,0,0,0,0,0,0,0
62813,1,1,1993,0,0,0,0,0,0,0,0,0,0
62814,1,1,1993,0,0,0,0,0,0,0,0,0,0
62815,1,1,1993,0,0,0,0,0,0,0,0,0,0
62815,2,1,1993,0,0,10,15,0,0,0,0,0,0
62816,1,1,1993,0,19,13,0,18,18,8,14,25,14
62817,1,1,1993,11,11,0,7,0,0,0,0,0,0
62818,1,1,1993,0,0,0,0,0,0,0,0,0,0
62818,2,1,1993,0,0,0,0,0,0,0,0,0,0
62819,1,1,1993,0,0,0,0,0,0,0,0,0,0
62819,2,1,1993,0,0,0,0,0,0,0,0,0,0
62820,1,1,1993,0,0,0,0,0,0,0,0,0,0
62820,2,1,1993,0,0,0,0,0,0,0,0,0,0
62821,1,1,1993,0,0,0,0,0,0,0,0,0,0
62822,0,1,1993,0,0,0,0,0,0,0,0,0,0
62822,1,1,1993,0,0,0,0,0,0,0,0,0,0
62823,1,1,1993,0,0,0,0,0,0,0,0,0,0
62823,2,1,1993,0,0,0,0,0,0,0,0,0,0
62824,1,1,1993,0,0,0,0,0,0,0,0,0,0
62824,2,1,1993,0,0,0,0,0,0,0,0,15,0
62825,0,1,1993,0,0,0,0,0,0,0,0,0,0
62825,1,1,1993,0,0,0,0,12,0,0,0,0,0
62826,1,1,1993,0,0,0,0,0,0,0,0,0,0
62826,2,1,1993,0,0,0,0,0,0,0,0,0,0
62827,0,1,1993,0,0,0,0,0,0,0,0,0,0
62827,1,1,1993,0,0,0,0,0,0,0,0,0,0
62828,1,1,1993,0,0,0,0,0,0,0,0,0,0
62828,2,1,1993,0,0,0,0,0,0,0,0,0,0
62828,3,1,1993,0,0,0,0,0,0,0,0,0,0
62828,4,1,1993,0,0,0,0,0,0,0,0,0,0
62828,5,1,1993,0,0,0,0,0,0,0,0,0,0
62828,6,1,1993,0,0,0,3,0,0,0,0,0,0
62829,0,1,1993,2,2,2,2,2,2,2,2,2,2
62829,1,1,1993,0,0,0,0,0,0,0,0,0,9
62830,1,1,1993,0,0,0,0,0,0,0,0,0,0
62831,1,1,1993,14,14,14,14,14,14,14,14,14,14
62832,0,1,1993,0,0,0,0,0,0,0,0,0,0
62832,1,1,1993,0,0,0,0,0,0,0,0,0,0
62833,1,1,1993,10,10,10,10,10,10,10,10,10,10
62834,1,1,1993,22,22,22,22,22,22,22,22,22,22
62835,1,1,1993,0,0,0,0,0,0,0,0,0,0
62836,1,1,1993,4,4,4,4,4,4,4,4,4,4
62837,0,1,1993,0,0,0,0,0,0,0,0,0,0
62837,1,1,1993,0,0,0,0,0,0,8,0,0,0
62838,1,1,1993,0,0,0,0,0,0,0,0,0,0
62839,0,1,1993,0,0,0,0,0,0,0,0,0,0
62839,1,1,1993,0,0,0,0,0,0,0,0,0,0
62840,0,1,1993,0,0,0,0,0,0,0,0,0,0
62840,1,1,1993,0,0,0,0,0,0,0,0,0,0
62841,0,1,1993,0,0,0,0,0,0,0,0,0,0
62841,1,1,1993,0,0,0,0,0,0,0,0,0,0
62841,2,1,1993,0,0,0,0,0,0,0,0,0,0
62842,1,1,1993,24,24,24,24,24,24,24,24,24,24
62843,0,1,1993,0,0,0,0,0,0,0,0,0,0
62843,1,1,1993,0,0,0,0,0,0,0,0,0,0
62844,1,1,1993,12,12,12,12,12,12,12,12,12,12
62845,1,1,1993,16,16,16,16,16,16,16,16,16,16
62846,1,1,1993,27,27,27,27,27,27,27,27,27,27
62847,1,1,1993,0,0,0,0,0,0,0,0,0,0
62847,2,1,1993,0,0,0,0,0,0,0,0,0,0
62847,3,1,1993,0,0,0,16,0,0,0,0,5,3
62847,4,1,1993,0,0,0,0,0,0,0,0,0,0
62848,1,1,1993,16,16,16,16,16,16,16,16,16,16
62848,2,1,1993,14,14,14,14,14,14,14,14,14,14
62849,0,1,1993,14,25,18,10,16,11,0,0,23,15
62849,1,1,1993,11,11,11,11,11,11,11,11,11,11
62850,0,1,1993,45,45,45,45,45,45,45,45,45,45
62850,1,1,1993,10,13,27,13,17,23,19,25,0,12
62851,0,1,1993,23,23,23,23,23,23,23,23,23,23
62851,1,1,1993,0,0,12,0,6,0,0,7,12,15
62852,1,1,1993,14,14,14,14,14,14,14,14,14,14
62852,2,1,1993,0,0,0,0,0,0,0,0,0,0
62853,1,1,1993,0,0,0,0,0,0,0,0,0,0
62853,2,1,1993,0,0,0,0,0,0,0,0,0,0
62853,3,1,1993,0,0,0,0,0,0,0,0,0,0
62853,4,1,1993,0,0,0,0,0,0,0,0,0,0
62853,5,1,1993,0,0,0,0,0,0,0,0,0,0
62853,6,1,1993,0,0,0,0,0,0,0,0,0,0
62853,7,1,1993,0,0,0,0,0,0,0,0,0,0
62854,1,1,1993,0,0,0,0,0,0,0,0,0,0
62855,1,1,1993,0,0,0,0,0,0,0,0,0,0
62856,1,1,1993,0,0,0,0,0,0,0,0,0,0
62857,0,1,1993,22,22,22,22,22,22,22,22,22,22
62857,0,2,1993,0,24,0,18,14,34,34,15,34,33
62857,1,1,1993,0,0,0,0,0,0,0,0,0,0
62858,1,1,1993,3,3,3,3,3,3,3,3,3,3
62859,1,1,1993,0,0,0,0,0,0,0,0,0,0
62860,1,1,1993,8,8,8,8,8,8,8,8,8,8
62861,1,1,1993,0,0,0,0,0,0,0,0,0,0
62861,2,1,1993,0,0,0,0,0,0,0,0,0,0
62862,1,1,1993,0,0,0,0,0,0,0,0,0,0
62863,1,1,1993,8,8,8,8,8,8,8,8,8,8
62864,0,1,1993,0,0,0,0,0,0,0,0,0,0
62864,1,1,1993,0,0,0,4,0,0,0,0,0,0
62865,1,1,1993,0,0,0,0,0,0,0,0,0,0
62865,2,1,1993,0,0,0,0,0,0,0,0,0,0
62866,1,1,1993,0,0,0,0,0,0,0,0,0,0
62867,0,1,1993,8,16,16,15,10,11,23,21,35,24
62867,1,1,1993,0,0,0,0,0,0,0,0,9,0
62868,1,1,1993,0,0,0,0,0,0,0,0,0,0
62869,0,1,1993,0,0,0,0,0,0,0,0,0,0
62869,1,1,1993,22,22,22,22,22,22,22,22,22,22
62870,1,1,1993,0,0,0,0,8,0,0,0,0,0
62871,1,1,1993,0,0,0,0,0,0,0,0,0,0
62872,1,1,1993,0,0,0,0,0,0,0,0,0,0
62873,1,1,1993,1,1,1,1,1,1,1,1,1,1
62874,1,1,1993,0,0,0,0,0,0,0,0,0,0
62874,2,1,1993,0,0,0,0,0,0,0,0,0,0
62875,1,1,1993,0,0,0,0,0,0,0,0,0,0
62875,2,1,1993,0,0,0,20,0,0,0,0,0,0
62876,1,1,1993,17,17,17,17,17,17,17,17,17,17
62877,1,1,1993,0,0,0,0,0,0,0,0,0,0
62877,2,1,1993,0,0,0,0,0,0,0,0,0,0
62877,3,1,1993,0,0,0,0,0,0,0,0,0,0
62878,1,1,1993,0,0,0,0,0,0,0,0,0,0
62879,0,1,1993,0,0,0,0,19,0,0,0,0,0
62879,0,2,1993,0,0,0,0,0,0,0,0,0,0
62879,0,3,1993,0,0,0,0,0,0,0,0,0,0
62879,1,1,1993,0,0,0,0,0,0,0,0,0,0
62880,1,1,1993,0,0,0,0,0,0,0,0,0,0
62880,2,1,1993,0,0,0,2,0,0,0,0,0,0
62881,1,1,1993,22,22,22,22,22,22,22,22,22,22
62881,2,1,1993,0,0,0,0,7,0,0,0,0,0
62882,1,1,1993,16,16,16,16,16,16,16,16,16,16
62883,1,1,1993,21,21,21,21,21,21,21,21,21,21
62884,1,1,1993,0,0,0,0,0,0,0,0,0,0
62884,2,1,1993,0,0,0,0,14,0,0,0,0,0
62885,1,1,1993,23,23,23,23,23,23,23,23,23,23
62886,1,1,1993,10,10,10,10,10,10,10,10,10,10
62887,0,1,1993,0,0,0,0,0,0,0,0,0,0
62887,1,1,1993,0,0,0,0,0,0,0,0,0,0
62888,1,1,1993,22,22,22,22,22,22,22,22,22,22
62889,1,1,1993,15,15,15,15,15,15,15,15,15,15
62889,2,1,1993,0,0,0,0,0,0,0,0,0,0
62890,1,1,1993,0,0,0,0,0,0,0,0,0,0
62891,1,1,1993,11,11,11,11,11,11,11,11,11,11
62892,1,1,1993,2,2,2,2,2,2,2,2,2,2
62893,1,1,1993,0,0,0,0,0,0,0,0,0,0
62894,0,1,1993,0,0,0,0,0,0,0,0,0,0
62894,1,1,1993,0,0,0,0,0,0,0,5,0,0
62895,0,1,1993,0,0,0,0,0,0,0,0,0,0
62895,1,1,1993,0,0,0,0,0,0,0,0,0,0
62896,1,1,1993,0,0,0,0,0,0,0,0,0,0
62897,1,1,1993,16,16,16,16,16,16,16,16,16,16
62898,1,1,1993,3,3,3,3,3,3,3,3,3,3
62899,0,1,1993,0,0,0,0,0,0,0,0,0,0
62899,1,1,1993,0,0,0,0,0,0,0,0,0,0
62900,1,1,1993,0,0,0,0,0,0,0,0,0,0
62901,1,1,1993,0,0,0,0,0,0,0,0,0,0
62901,2,1,1993,0,0,0,0,0,0,0,0,0,0
62902,1,1,1993,0,0,0,0,0,0,0,0,0,0
62903,1,1,1993,0,0,0,0,0,0,0,0,0,0
62904,1,1,1993,0,0,0,0,0,0,0,0,0,0
62905,1,1,1993,0,0,0,0,0,0,0,0,0,0
62905,2,1,1993,0,0,0,0,0,0,0,0,0,0
62906,1,1,1993,0,0,0,0,0,0,0,0,0,0
62906,2,1,1993,1,0,0,5,0,0,4,0,0,16
62907,1,1,1993,0,0,0,0,0,0,0,0,0,0
62907,2,1,1993,0,0,0,0,0,0,0,0,22,0
62908,0,1,1993,0,0,0,0,0,0,0,0,0,0
62908,1,1,1993,0,0,0,0,0,0,0,0,0,0
62909,1,1,1993,0,0,0,0,0,0,0,0,0,0
62909,2,1,1993,0,0,0,0,0,0,0,0,0,0
62910,1,1,1993,16,16,16,16,16,16,16,16,16,16
62911,1,1,1993,0,0,0,0,0,0,0,0,0,0
62911,2,1,1993,0,0,0,0,0,0,0,0,5,0
62912,1,1,1993,0,0,0,0,0,0,0,0,0,0
62912,2,1,1993,2,2,2,2,2,2,2,2,2,2
62913,1,1,1993,6,6,6,6,6,6,6,6,6,6