ST_CASE,VEH_NO,PER_NO,YEAR,P1,P2,P3,P4,P5,P6,P7,P8,P9,P10
62913,2,1,1993,18,18,18,18,18,18,18,18,18,18
62914,1,1,1993,0,0,0,0,0,0,0,0,0,0
62914,2,1,1993,0,0,0,0,0,0,0,0,0,0
62915,0,1,1993,32,32,32,32,32,32,32,32,32,32
62915,1,1,1993,0,0,0,0,0,0,0,0,0,0
62916,1,1,1993,16,16,16,16,16,16,16,16,16,16
62916,2,1,1993,0,0,0,0,0,0,0,0,0,0
62917,0,1,1993,9,9,9,9,9,9,9,9,9,9
62917,1,1,1993,0,0,0,0,0,7,0,0,0,0
62919,1,1,1993,0,0,0,0,0,0,0,0,0,0
62920,1,1,1993,18,18,18,18,18,18,18,18,18,18
62921,1,1,1993,26,26,26,26,26,26,26,26,26,26
62922,1,1,1993,4,4,4,4,4,4,4,4,4,4
62923,1,1,1993,24,24,24,24,24,24,24,24,24,24
62924,1,1,1993,0,0,0,0,0,0,0,0,0,0
62925,0,1,1993,18,36,12,31,0,0,27,11,22,42
62925,1,1,1993,0,0,13,9,0,27,0,9,0,13
62926,1,1,1993,0,0,0,0,0,0,0,0,0,0
62926,2,1,1993,0,0,0,0,0,0,0,0,0,0
62927,1,1,1993,16,13,20,6,32,0,18,0,0,0
62928,1,1,1993,0,0,0,0,0,0,0,0,0,17
62929,1,1,1993,20,20,20,20,20,20,20,20,20,20
62929,2,1,1993,0,0,0,0,0,0,0,0,0,0
62929,3,1,1993,0,0,0,0,0,0,10,0,0,0
62930,1,1,1993,20,20,20,20,20,20,20,20,20,20
62931,1,1,1993,18,18,18,18,18,18,18,18,18,18
62932,1,1,1993,0,0,0,0,0,0,0,0,0,0
62932,2,1,1993,0,0,0,0,0,0,0,0,0,0
62933,1,1,1993,0,0,0,0,0,0,0,0,0,0
62934,1,1,1993,3,3,3,3,3,3,3,3,3,3
62934,2,1,1993,0,0,0,0,0,0,0,0,0,0
62935,1,1,1993,17,17,17,17,17,17,17,17,17,17
62936,0,1,1993,9,8,0,0,0,14,0,0,0,0
62936,1,1,1993,0,0,0,0,0,0,0,0,0,0
62937,1,1,1993,0,0,0,0,0,0,0,0,0,0
62937,2,1,1993,24,24,24,24,24,24,24,24,24,24
62938,1,1,1993,21,16,4,29,17,11,19,12,19,22
62938,2,1,1993,0,0,0,0,0,0,0,0,0,0
62938,3,1,1993,0,0,0,0,0,0,0,0,0,0
62938,4,1,1993,0,6,0,5,9,0,0,0,0,0
62938,5,1,1993,0,0,0,0,0,0,0,0,0,0
62939,1,1,1993,8,8,8,8,8,8,8,8,8,8
62940,1,1,1993,3,3,3,3,3,3,3,3,3,3
62941,0,1,1993,0,0,0,0,0,0,0,0,0,0
62941,1,1,1993,0,0,0,0,0,0,0,0,0,0
62942,0,1,1993,0,0,0,0,0,12,0,0,0,0
62942,1,1,1993,0,0,0,0,0,0,0,0,0,0
62943,1,1,1993,0,0,0,0,0,0,0,0,0,0
62944,1,1,1993,0,0,0,0,0,0,0,0,0,0
62945,1,1,1993,0,0,0,0,0,0,0,0,0,0
62946,1,1,1993,0,0,0,0,0,0,0,0,0,0
62946,2,1,1993,0,0,0,0,0,0,0,0,0,0
62947,1,1,1993,0,0,0,0,0,0,15,0,0,0
62948,1,1,1993,0,0,0,0,0,0,0,0,0,0
62948,2,1,1993,0,0,0,0,0,0,23,0,0,0
62949,1,1,1993,3,3,3,3,3,3,3,3,3,3
62949,2,1,1993,0,0,0,0,0,0,0,0,0,0
62950,0,1,1993,0,0,0,0,0,0,0,0,0,0
62950,1,1,1993,0,0,0,0,0,0,0,0,0,0
62951,1,1,1993,0,0,0,0,0,0,0,0,0,0
62951,2,1,1993,0,0,0,0,0,0,0,0,11,0
62952,1,1,1993,3,3,3,3,3,3,3,3,3,3
62952,2,1,1993,2,2,2,2,2,2,2,2,2,2
62953,1,1,1993,28,28,28,28,28,28,28,28,28,28
62954,1,1,1993,0,0,0,0,0,0,0,0,0,0
62954,2,1,1993,0,0,0,0,0,0,0,0,0,0
62955,1,1,1993,0,0,0,0,0,0,0,0,0,0
62955,2,1,1993,0,0,0,0,0,0,0,0,0,0
62955,3,1,1993,0,0,0,0,0,0,0,0,0,0
62956,1,1,1993,12,12,12,12,12,12,12,12,12,12
62956,2,1,1993,5,5,5,5,5,5,5,5,5,5
62957,1,1,1993,0,0,0,0,0,0,0,0,0,0
62958,1,1,1993,6,6,6,6,6,6,6,6,6,6
62959,1,1,1993,0,0,0,0,0,0,0,0,0,0
62959,2,1,1993,0,0,0,0,0,0,0,0,0,0
62959,3,1,1993,0,0,0,0,0,0,0,0,0,0
62960,1,1,1993,10,0,0,0,0,0,0,0,0,0
62960,2,1,1993,0,0,0,0,0,0,0,0,0,0
62961,1,1,1993,0,0,0,0,0,0,0,0,0,0
62961,2,1,1993,0,0,8,0,0,0,0,0,0,0
62962,0,1,1993,0,0,0,0,0,0,0,0,0,0
62962,1,1,1993,33,17,15,0,34,23,0,9,19,15
62963,0,1,1993,32,32,32,32,32,32,32,32,32,32
62963,1,1,1993,0,0,0,0,0,0,0,0,0,0
62964,1,1,1993,10,10,10,10,10,10,10,10,10,10
62965,1,1,1993,0,0,0,0,0,0,0,0,0,0
62965,2,1,1993,0,0,0,0,0,0,0,0,0,0
62965,3,1,1993,0,0,0,0,0,0,0,0,0,0
62966,0,1,1993,0,15,0,0,0,0,0,0,0,0
62966,1,1,1993,7,0,0,0,0,0,0,0,0,0
62967,1,1,1993,0,0,0,0,0,0,0,0,0,0
62967,2,1,1993,0,0,0,0,0,0,0,0,0,0
62968,1,1,1993,0,0,0,0,0,0,0,0,0,0
62968,2,1,1993,0,0,0,0,0,0,0,0,0,0
62968,3,1,1993,0,0,0,0,0,0,0,0,0,0
62969,0,1,1993,6,6,6,6,6,6,6,6,6,6
62969,1,1,1993,0,0,0,0,0,0,0,0,0,0
62970,1,1,1993,0,0,0,0,0,0,0,0,0,0
62970,2,1,1993,0,0,0,0,0,0,0,0,0,0
62971,1,1,1993,10,6,16,10,20,5,15,10,14,13
62972,1,1,1993,0,0,0,0,0,0,0,0,0,0
62973,1,1,1993,0,0,0,0,0,0,0,0,0,0
62973,2,1,1993,0,0,0,0,0,0,0,6,0,0
62974,0,1,1993,0,0,0,0,0,0,17,0,3,0
62974,1,1,1993,0,0,0,0,0,0,0,0,0,0
62975,1,1,1993,0,0,0,0,0,0,0,0,0,0
62975,2,1,1993,0,0,0,0,0,0,0,0,0,0
62975,3,1,1993,0,0,0,0,0,0,0,0,0,0
62976,1,1,1993,3,3,3,3,3,3,3,3,3,3
62977,1,1,1993,18,18,18,18,18,18,18,18,18,18
62977,2,1,1993,0,0,0,0,0,0,0,0,0,0
62978,1,1,1993,0,0,0,0,0,0,0,0,0,0
62978,2,1,1993,0,0,0,0,0,0,0,0,0,0
62979,1,1,1993,15,15,15,15,15,15,15,15,15,15
62979,2,1,1993,0,0,0,0,0,0,0,0,0,0
62979,3,1,1993,0,0,0,0,0,0,0,0,0,0
62980,1,1,1993,0,0,0,32,8,0,6,16,0,0
62981,1,1,1993,15,15,15,15,15,15,15,15,15,15
62982,1,1,1993,0,0,0,0,0,0,0,0,0,0
62982,2,1,1993,0,0,0,0,0,0,0,0,0,0
62983,0,1,1993,0,0,0,0,0,0,0,0,0,0
62983,1,1,1993,24,0,0,0,0,0,0,0,9,13
62984,1,1,1993,10,10,10,10,10,10,10,10,10,10
62985,1,1,1993,0,0,0,0,0,0,0,0,0,0
62985,2,1,1993,0,10,0,0,0,0,0,0,0,0
62986,1,1,1993,13,17,15,12,10,0,15,34,12,22
62986,2,1,1993,0,0,0,6,13,0,0,0,0,15
62986,3,1,1993,0,0,0,0,0,0,0,0,0,0
62987,1,1,1993,0,0,0,0,0,0,0,0,0,0
62987,2,1,1993,0,0,0,0,0,0,0,0,0,0
62987,3,1,1993,0,0,0,0,0,0,0,0,0,0
62987,4,1,1993,0,0,0,0,0,0,0,0,0,0
62988,1,1,1993,14,14,14,14,14,14,14,14,14,14
62988,2,1,1993,0,0,0,0,0,0,0,0,0,0
62989,1,1,1993,11,11,11,11,11,11,11,11,11,11
62990,1,1,1993,21,30,21,0,20,8,22,12,35,37
62991,1,1,1993,0,0,0,0,0,0,0,0,0,0
62992,0,1,1993,10,10,10,10,10,10,10,10,10,10
62992,1,1,1993,9,0,0,0,14,0,0,0,0,0
62993,1,1,1993,0,0,0,0,0,0,0,0,0,0
62993,2,1,1993,0,0,0,0,0,0,0,0,0,0
62994,1,1,1993,0,0,0,0,0,0,0,0,0,0
62994,2,1,1993,0,0,0,0,0,0,0,0,0,0
62995,1,1,1993,9,9,9,9,9,9,9,9,9,9
62996,0,1,1993,0,0,0,0,0,0,0,0,0,0
62996,1,1,1993,0,0,0,0,0,0,0,0,0,0
62997,1,1,1993,15,15,15,15,15,15,15,15,15,15
62997,2,1,1993,0,0,0,0,0,5,0,0,0,0
62998,0,1,1993,23,23,23,23,23,23,23,23,23,23
62998,1,1,1993,0,0,0,0,0,0,0,0,0,0
62999,1,1,1993,12,12,12,12,12,12,12,12,12,12
63000,2,1,1993,6,6,6,6,6,6,6,6,6,6
63001,1,1,1993,20,20,20,20,20,20,20,20,20,20
63002,1,1,1993,0,0,0,0,0,0,0,0,0,0
63002,2,1,1993,0,0,0,0,0,0,0,0,0,0
63003,0,1,1993,0,21,0,34,0,0,0,0,0,10
63003,0,2,1993,11,11,11,11,11,11,11,11,11,11
63003,1,1,1993,0,0,0,0,0,0,0,0,0,0
63004,1,1,1993,0,0,0,0,0,0,0,0,0,0
63004,2,1,1993,0,0,0,0,0,0,0,0,0,0
63005,1,1,1993,0,0,0,0,0,0,0,0,0,0
63005,2,1,1993,0,0,0,0,0,0,0,0,0,0
63006,1,1,1993,0,0,0,0,0,0,0,0,0,0
63006,2,1,1993,0,0,0,0,0,0,0,0,0,0
63007,1,1,1993,3,3,3,3,3,3,3,3,3,3
63007,2,1,1993,0,0,0,0,0,0,0,0,0,0
63008,0,1,1993,0,0,0,0,0,0,0,0,0,0
63008,1,1,1993,0,0,0,0,0,0,3,0,0,0
63009,0,1,1993,0,0,0,0,0,0,0,0,0,0
63009,1,1,1993,0,0,0,0,0,0,0,0,0,0
63010,1,1,1993,8,0,0,0,6,0,0,0,8,0
63011,1,1,1993,0,0,0,0,0,0,0,0,0,0
63012,1,1,1993,0,0,0,0,0,0,0,0,0,0
63012,2,1,1993,0,0,0,0,0,0,0,0,0,0
63013,0,1,1993,0,0,0,0,0,0,0,0,0,0
63013,0,2,1993,0,0,30,0,0,0,13,0,0,0
63013,1,1,1993,29,29,29,29,29,29,29,29,29,29
63013,2,1,1993,0,0,0,0,0,0,0,0,0,0
63013,3,1,1993,0,0,0,0,0,0,0,0,0,0
63014,1,1,1993,0,0,0,0,0,0,0,0,0,0
63014,2,1,1993,0,0,13,0,0,0,0,0,0,0
63015,1,1,1993,0,0,0,0,0,0,0,0,0,0
63016,1,1,1993,0,0,0,0,0,0,0,0,0,0
63016,2,1,1993,0,0,0,0,0,0,0,0,0,0
63016,3,1,1993,0,0,0,0,0,0,17,0,0,0
63017,1,1,1993,0,14,0,14,0,0,14,0,0,0
63017,2,1,1993,0,0,0,0,0,0,0,0,0,0
63018,1,1,1993,12,19,24,24,24,12,28,15,9,17
63019,1,1,1993,21,21,21,21,21,21,21,21,21,21
63020,1,1,1993,0,0,0,0,0,0,0,0,0,0
63021,1,1,1993,30,30,30,30,30,30,30,30,30,30
63022,1,1,1993,12,12,12,12,12,12,12,12,12,12
63023,1,1,1993,8,8,8,8,8,8,8,8,8,8
63024,1,1,1993,0,0,0,0,0,0,0,0,0,0
63024,2,1,1993,0,0,30,0,0,0,0,0,0,0
63025,1,1,1993,3,3,3,3,3,3,3,3,3,3
63025,2,1,1993,0,0,0,0,0,0,0,0,0,0
63026,1,1,1993,5,5,5,5,5,5,5,5,5,5
63027,0,1,1993,23,23,23,23,23,23,23,23,23,23
63027,1,1,1993,17,8,0,0,0,0,0,0,16,0
63028,1,1,1993,0,0,0,0,0,0,0,0,7,0
63028,2,1,1993,0,0,0,0,0,0,0,0,0,0
63029,0,1,1993,0,0,0,0,0,0,0,0,0,0
63029,1,1,1993,9,0,0,0,0,0,0,0,0,0
63030,1,1,1993,0,0,0,0,0,0,0,0,0,0
63030,2,1,1993,0,27,0,0,0,14,14,0,0,0
63030,3,1,1993,0,0,0,0,0,0,0,0,0,0
63031,1,1,1993,0,0,0,0,0,0,0,0,0,0
63032,1,1,1993,0,0,0,0,0,0,0,0,0,0
63032,2,1,1993,17,17,17,17,17,17,17,17,17,17
63033,0,1,1993,0,0,0,0,0,0,0,0,0,0
63033,1,1,1993,0,0,0,0,0,0,0,0,0,0
63034,0,1,1993,16,16,16,16,16,16,16,16,16,16
63034,1,1,1993,0,0,0,0,0,0,0,0,0,0
63035,1,1,1993,18,18,18,18,18,18,18,18,18,18
63035,2,1,1993,0,0,0,0,0,0,0,0,0,0
63036,1,1,1993,5,5,5,5,5,5,5,5,5,5
63037,0,1,1993,10,10,10,10,10,10,10,10,10,10
63037,1,1,1993,0,0,0,0,0,0,0,0,0,0
63038,0,1,1993,0,0,0,0,0,0,0,0,0,0
63038,1,1,1993,0,0,0,0,0,0,0,0,0,0
63039,1,1,1993,10,10,10,10,10,10,10,10,10,10
63040,1,1,1993,20,20,20,20,20,20,20,20,20,20
63041,1,1,1993,7,7,7,7,7,7,7,7,7,7
63042,0,1,1993,5,5,5,5,5,5,5,5,5,5
63042,1,1,1993,0,0,0,0,0,0,0,0,0,0
63043,1,1,1993,0,0,0,0,0,0,0,0,0,0
63044,0,1,1993,0,0,0,0,0,0,0,0,0,0
63044,1,1,1993,0,0,0,0,0,6,0,0,0,0
63045,1,1,1993,13,13,13,13,13,13,13,13,13,13
63046,0,1,1993,20,20,20,20,20,20,20,20,20,20
63046,1,1,1993,0,0,0,0,0,0,0,0,3,0
63047,0,1,1993,13,13,13,13,13,13,13,13,13,13
63047,1,1,1993,0,0,0,0,0,0,0,0,0,0
63048,0,1,1993,0,0,0,0,0,0,0,0,0,0
63048,1,1,1993,7,0,0,0,0,0,0,0,0,11
63049,1,1,1993,23,23,23,23,23,23,23,23,23,23
63050,1,1,1993,25,3,30,15,32,22,37,20,18,0
63051,0,1,1993,0,0,0,0,0,0,0,0,0,0
63051,1,1,1993,0,0,0,0,0,0,0,0,0,0
63052,1,1,1993,0,0,0,0,0,0,0,0,0,0
63053,0,1,1993,0,0,0,0,0,0,0,0,0,0
63053,1,1,1993,0,0,0,0,0,0,0,0,0,0
63054,0,1,1993,0,0,0,0,0,0,0,0,0,0
63054,1,1,1993,0,0,0,0,0,0,0,0,0,0
63055,1,1,1993,16,0,0,0,0,0,0,0,0,30
63056,0,1,1993,0,0,0,0,0,0,0,0,0,0
63056,1,1,1993,0,0,0,0,0,0,0,0,0,0
63057,0,1,1993,0,19,17,0,0,0,0,0,0,0
63057,1,1,1993,0,0,0,0,0,0,0,0,0,0
63058,1,1,1993,14,14,14,14,14,14,14,14,14,14
63059,0,1,1993,2,2,2,2,2,2,2,2,2,2
63059,1,1,1993,0,0,0,0,0,0,0,0,0,0
63060,0,1,1993,29,29,29,29,29,29,29,29,29,29
63060,1,1,1993,0,0,0,0,0,0,0,0,0,0
63061,0,1,1993,0,0,0,0,0,0,0,0,0,21
63061,1,1,1993,0,0,0,0,15,0,0,0,0,0
63062,0,1,1993,0,0,0,0,0,0,0,0,0,0
63062,1,1,1993,0,0,0,0,0,0,0,0,0,0
63063,1,1,1993,0,0,0,0,0,0,0,0,0,0
63064,0,1,1993,9,9,9,9,9,9,9,9,9,9
63064,1,1,1993,0,0,0,0,0,0,0,0,0,0
63065,1,1,1993,11,11,11,11,11,11,11,11,11,11
63066,1,1,1993,32,32,32,32,32,32,32,32,32,32
63067,1,1,1993,11,11,11,11,11,11,11,11,11,11
63068,0,1,1993,11,11,11,11,11,11,11,11,11,11
63068,1,1,1993,0,0,0,0,0,0,0,0,0,0
63069,1,1,1993,17,17,17,17,17,17,17,17,17,17
63070,0,1,1993,0,0,0,0,0,0,0,0,0,0
63070,1,1,1993,0,0,0,0,0,0,0,0,0,0
63071,1,1,1993,28,28,28,28,28,28,28,28,28,28
63072,0,1,1993,0,0,0,0,0,0,0,0,0,0
63072,1,1,1993,0,0,0,0,0,0,0,0,0,0
63073,1,1,1993,0,0,0,0,0,0,0,0,0,0
63074,1,1,1993,0,0,0,0,0,0,0,0,0,0
63075,0,1,1993,16,16,16,16,16,16,16,16,16,16
63075,1,1,1993,24,24,24,24,24,24,24,24,24,24
63076,1,1,1993,0,0,0,0,0,0,0,0,0,0
63077,0,1,1993,13,13,13,13,13,13,13,13,13,13
63077,1,1,1993,0,0,0,0,0,0,0,0,0,0
63078,1,1,1993,0,0,0,0,0,0,0,0,0,0
63079,1,1,1993,0,0,0,0,0,0,0,0,0,0
63080,1,1,1993,8,29,12,33,0,30,23,18,13,20
63081,1,1,1993,26,26,26,26,26,26,26,26,26,26
63082,1,1,1993,0,0,0,0,0,0,0,0,0,0
63083,1,1,1993,16,4,34,3,15,6,10,20,21,3
63084,1,1,1993,11,11,11,11,11,11,11,11,11,11
63085,1,1,1993,0,0,0,0,0,0,0,0,0,0
63086,0,1,1993,0,0,0,0,0,0,0,0,0,0
63086,1,1,1993,0,0,0,0,0,0,0,0,0,0
63087,1,1,1993,35,13,24,25,25,10,24,28,7,17
63088,0,1,1993,0,0,0,0,0,0,0,0,0,0
63088,1,1,1993,0,0,0,0,0,0,0,0,0,0
63089,0,1,1993,0,0,0,0,0,0,0,0,0,0
63089,1,1,1993,0,12,0,0,0,0,0,0,0,0
63090,0,1,1993,0,0,0,0,0,0,0,0,0,0
63090,1,1,1993,0,0,0,0,0,0,0,0,0,0
63091,0,1,1993,18,18,18,18,18,18,18,18,18,18
63091,1,1,1993,0,0,0,0,0,0,0,0,10,0
63092,1,1,1993,0,0,0,0,0,0,0,0,0,0
63093,1,1,1993,21,21,21,21,21,21,21,21,21,21
63094,1,1,1993,27,27,27,27,27,27,27,27,27,27
63095,0,1,1993,0,0,0,0,0,0,0,0,0,0
63095,1,1,1993,0,0,0,0,0,0,0,0,0,0
63096,1,1,1993,0,0,0,0,0,0,0,0,0,0
63097,1,1,1993,0,0,0,0,0,0,0,0,0,0
63098,1,1,1993,19,19,19,19,19,19,19,19,19,19
63099,0,1,1993,17,0,0,14,21,13,0,0,0,13
63099,0,2,1993,13,19,13,10,14,5,17,0,9,0
63099,1,1,1993,0,0,0,0,0,0,0,0,0,0
63100,0,1,1993,13,13,13,13,13,13,13,13,13,13
63100,1,1,1993,0,0,0,0,0,0,0,0,0,0
63101,1,1,1993,0,0,0,0,0,0,0,0,0,0
63101,2,1,1993,0,0,0,0,0,0,0,0,0,0
63102,0,1,1993,17,17,17,17,17,17,17,17,17,17
63102,1,1,1993,0,0,0,6,0,0,0,0,0,0
63102,2,1,1993,0,0,0,0,0,0,0,0,0,0
63103,0,1,1993,29,29,29,29,29,29,29,29,29,29
63103,1,1,1993,0,0,0,0,0,0,0,0,0,14
63104,1,1,1993,24,24,24,24,24,24,24,24,24,24
63104,2,1,1993,0,0,0,0,0,0,0,0,0,0
63105,1,1,1993,0,0,0,0,0,0,0,0,0,0
63105,2,1,1993,15,15,15,15,15,15,15,15,15,15
63106,1,1,1993,0,0,0,0,0,0,0,0,0,0
63107,0,1,1993,0,0,0,0,0,0,0,0,0,0
63107,1,1,1993,0,0,0,0,0,0,0,0,0,0
63108,1,1,1993,0,0,0,0,0,0,0,0,0,0
63109,0,1,1993,0,0,0,0,0,0,0,0,0,0
63109,1,1,1993,0,0,0,0,0,0,0,0,0,0
63110,0,1,1993,0,0,0,0,0,0,0,0,0,0
63110,0,2,1993,0,0,0,0,0,0,0,0,0,0
63110,1,1,1993,0,0,0,0,0,0,0,0,0,0
63111,1,1,1993,11,11,11,11,11,11,11,11,11,11
63112,1,1,1993,26,26,26,26,26,26,26,26,26,26
63113,1,1,1993,25,25,25,25,25,25,25,25,25,25
63114,1,1,1993,0,0,22,0,0,0,0,0,0,0
63114,2,1,1993,0,0,0,0,0,0,0,0,0,6
63114,3,1,1993,0,0,0,0,0,0,0,0,0,0
63115,0,1,1993,0,0,0,0,0,0,0,0,0,0
63115,0,2,1993,2,2,2,2,2,2,2,2,2,2
63115,1,1,1993,0,0,0,0,20,0,0,0,0,0
63116,1,1,1993,0,0,0,0,0,0,0,0,0,0
63116,2,1,1993,0,0,18,0,0,0,0,0,0,0
63117,1,1,1993,22,22,22,22,22,22,22,22,22,22
63117,2,1,1993,17,0,14,0,0,0,0,0,0,0
63118,1,1,1993,0,0,0,0,0,0,0,0,0,0
63118,2,1,1993,0,0,0,0,0,0,0,0,0,0
63119,1,1,1993,0,0,0,0,0,0,0,0,0,0
63119,2,1,1993,0,0,0,0,0,0,0,0,0,0
63120,1,1,1993,0,0,0,0,0,0,0,0,0,0
63120,2,1,1993,0,0,0,0,0,0,0,0,0,0
63121,1,1,1993,0,0,0,0,0,0,0,0,0,0
63121,2,1,1993,0,0,0,0,0,0,0,0,0,0
63122,1,1,1993,25,25,25,25,25,25,25,25,25,25
63122,2,1,1993,0,19,0,0,0,0,0,0,0,0
63122,3,1,1993,0,0,0,0,0,0,0,0,0,0
63123,1,1,1993,17,17,17,17,17,17,17,17,17,17
63123,2,1,1993,0,0,0,0,0,0,0,0,0,0
63124,1,1,1993,0,8,0,0,11,8,0,0,0,0
63124,2,1,1993,0,0,0,0,0,11,0,0,0,0
63125,1,1,1993,0,0,0,0,0,0,0,0,0,0
63126,0,1,1993,0,0,0,0,0,0,0,0,0,0
63126,0,2,1993,0,0,0,0,0,0,0,0,0,0
63126,1,1,1993,0,0,0,0,0,0,0,0,0,0
63127,1,1,1993,0,0,0,0,0,0,0,0,0,0
63127,2,1,1993,0,0,0,0,0,0,0,0,0,0
63128,1,1,1993,4,8,7,8,6,15,10,11,22,7
63128,2,1,1993,0,0,0,0,0,0,0,0,0,0
63129,1,1,1993,0,0,0,0,0,0,0,0,0,0
63129,2,1,1993,0,0,0,0,0,0,0,0,0,0
63130,1,1,1993,0,0,0,0,0,0,0,0,0,0
63131,1,1,1993,0,0,0,0,0,0,0,0,0,0
63131,2,1,1993,0,0,0,0,0,0,0,0,0,0
63132,0,1,1993,19,19,19,19,19,19,19,19,19,19
63132,1,1,1993,0,0,0,0,0,0,0,0,0,0
63133,1,1,1993,18,18,18,18,18,18,18,18,18,18
63134,1,1,1993,0,0,0,0,0,0,0,0,0,0
63134,2,1,1993,0,0,0,0,0,0,0,0,0,0
63135,1,1,1993,0,0,0,0,0,0,0,0,0,0
63135,2,1,1993,0,0,0,0,0,0,0,0,0,0
63136,1,1,1993,19,19,19,19,19,19,19,19,19,19
63137,1,1,1993,0,0,0,0,0,0,0,0,0,0
63138,0,1,1993,0,0,0,0,0,0,0,0,0,0
63138,1,1,1993,0,0,0,0,0,0,0,0,0,0
63139,1,1,1993,0,0,0,0,0,0,0,0,0,0
63140,1,1,1993,0,0,0,0,0,0,0,0,0,0
63140,2,1,1993,0,0,0,0,0,0,0,0,0,0
63141,1,1,1993,0,0,0,0,0,0,0,0,0,0
63141,2,1,1993,0,0,0,0,0,0,0,0,0,0
63142,1,1,1993,0,0,0,0,0,0,0,0,0,0
63142,2,1,1993,0,0,0,0,0,0,0,0,0,0
63143,1,1,1993,7,7,7,7,7,7,7,7,7,7
63143,2,1,1993,0,0,0,0,0,0,0,0,0,0
63144,1,1,1993,24,24,24,24,24,24,24,24,24,24
63144,2,1,1993,10,10,10,10,10,10,10,10,10,10
63145,0,1,1993,27,11,35,18,15,0,32,14,39,14
63145,0,2,1993,0,27,9,0,0,13,0,32,9,36
63145,0,3,1993,28,27,6,17,16,0,0,12,17,23
63145,0,4,1993,0,0,0,0,0,0,0,0,0,0
63145,1,1,1993,0,0,0,0,0,0,0,0,0,0
63146,0,1,1993,0,0,0,0,0,0,0,0,0,0
63146,0,2,1993,0,0,0,0,0,0,0,0,28,0
63146,0,3,1993,0,0,0,0,0,0,0,0,0,0
63146,0,4,1993,0,0,0,0,0,0,0,0,0,0
63146,1,1,1993,2,2,2,2,2,2,2,2,2,2
63147,1,1,1993,0,0,0,0,0,0,0,0,0,0
63147,2,1,1993,0,0,0,0,0,0,0,0,0,0
63148,0,1,1993,0,0,0,0,0,0,0,0,0,0
63148,1,1,1993,0,0,0,0,0,0,0,0,0,0
63149,1,1,1993,5,5,5,5,5,5,5,5,5,5
63149,2,1,1993,0,0,0,0,0,0,0,0,0,0
63150,1,1,1993,0,33,14,15,17,13,0,22,24,0
63151,1,1,1993,0,0,0,0,0,0,0,0,0,0
63152,1,1,1993,18,18,18,18,18,18,18,18,18,18
63153,1,1,1993,0,0,0,0,0,0,0,0,0,0
63154,1,1,1993,15,15,15,15,15,15,15,15,15,15
63155,1,1,1993,18,18,18,18,18,18,18,18,18,18
63156,1,1,1993,7,7,7,7,7,7,7,7,7,7
63156,2,1,1993,0,0,0,0,16,0,11,0,12,0
63157,1,1,1993,0,0,0,0,0,0,0,0,0,0
63157,2,1,1993,0,0,0,0,0,0,0,0,0,0
63158,1,1,1993,26,26,26,26,26,26,26,26,26,26
63158,2,1,1993,20,20,20,20,20,20,20,20,20,20
63159,1,1,1993,0,0,0,0,0,0,0,0,0,0
63159,2,1,1993,0,0,0,0,0,0,0,0,0,0
63160,0,1,1993,0,0,0,0,0,0,0,0,0,0
63160,0,2,1993,0,0,0,0,0,0,0,0,0,0
63160,1,1,1993,0,0,0,0,0,0,0,0,0,0
63161,0,1,1993,0,0,0,0,0,0,0,0,0,0
63161,1,1,1993,0,0,0,0,0,0,0,0,0,0
63161,2,1,1993,0,0,0,0,0,0,0,0,0,0
63162,1,1,1993,0,0,0,0,0,0,0,0,0,0
63162,2,1,1993,0,0,0,0,0,0,0,0,0,0
63163,1,1,1993,0,0,0,0,0,0,0,0,0,0
63163,2,1,1993,0,0,0,0,0,0,0,0,0,0
63163,3,1,1993,0,0,0,0,0,0,0,0,0,0
63164,1,1,1993,23,23,23,23,23,23,23,23,23,23
63164,2,1,1993,0,0,0,0,0,0,0,0,34,22
63164,3,1,1993,12,0,0,0,0,0,0,0,0,0
63165,1,1,1993,0,0,0,0,0,0,0,0,0,0
63165,2,1,1993,0,0,0,7,0,11,0,0,2,0
63166,1,1,1993,0,0,0,0,0,0,0,0,0,0
63166,2,1,1993,0,0,0,0,0,0,0,0,0,0
63167,1,1,1993,0,0,8,6,0,0,0,0,0,0
63167,2,1,1993,4,0,0,0,0,0,0,0,0,13
63167,3,1,1993,0,0,0,0,0,0,0,0,0,0
63167,4,1,1993,0,0,0,0,0,0,0,0,0,0
63168,0,1,1993,0,0,0,0,0,0,0,0,0,0
63168,0,2,1993,0,0,16,0,0,31,0,9,0,6
63168,1,1,1993,0,0,0,0,0,0,0,0,0,0
63169,1,1,1993,0,0,0,0,0,0,0,0,0,0
63169,2,1,1993,0,0,0,0,0,0,0,0,0,0
63170,1,1,1993,1,1,1,1,1,1,1,1,1,1
63170,2,1,1993,0,0,0,0,0,0,0,0,0,0
63171,0,1,1993,11,11,11,11,11,11,11,11,11,11
63171,1,1,1993,3,0,0,0,0,0,3,0,4,0
63172,1,1,1993,0,0,0,0,0,0,0,0,0,0
63172,2,1,1993,0,0,0,0,0,0,0,0,0,0
63173,1,1,1993,0,0,11,0,0,0,0,0,0,0
63173,2,1,1993,0,0,0,0,0,0,0,0,0,0
63173,3,1,1993,8,8,8,8,8,8,8,8,8,8
63174,1,1,1993,0,0,0,0,0,0,0,0,0,0
63174,2,1,1993,0,0,0,0,0,0,0,0,0,0
63175,0,1,1993,0,0,0,0,0,0,0,0,0,0