ST_CASE,VEH_NO,PER_NO,YEAR,P1,P2,P3,P4,P5,P6,P7,P8,P9,P10
63175,1,1,1993,0,0,0,0,4,0,0,0,0,0
63175,2,1,1993,0,0,0,0,0,0,0,0,0,0
63175,3,1,1993,0,0,0,0,0,0,0,0,0,0
63176,1,1,1993,0,0,0,0,0,0,0,0,0,0
63176,2,1,1993,0,0,0,0,0,0,0,0,0,0
63176,3,1,1993,0,0,0,0,0,0,0,0,0,0
63176,4,1,1993,0,0,0,0,0,0,0,0,0,0
63177,1,1,1993,10,10,10,10,10,10,10,10,10,10
63177,2,1,1993,0,0,0,0,0,0,0,0,0,0
63178,1,1,1993,0,0,0,0,0,0,0,0,0,0
63178,2,1,1993,0,0,0,21,25,0,0,0,0,0
63179,1,1,1993,17,17,17,17,17,17,17,17,17,17
63179,2,1,1993,0,0,0,0,0,0,0,0,0,0
63180,1,1,1993,12,12,12,12,12,12,12,12,12,12
63181,1,1,1993,20,20,20,20,20,20,20,20,20,20
63182,0,1,1993,3,30,22,27,9,16,0,17,15,15
63182,1,1,1993,0,0,0,0,0,0,0,0,0,0
63183,1,1,1993,20,20,20,20,20,20,20,20,20,20
63184,1,1,1993,15,15,15,15,15,15,15,15,15,15
63184,2,1,1993,0,0,0,0,0,6,0,0,0,0
63185,1,1,1993,21,21,21,21,21,21,21,21,21,21
63186,0,1,1993,32,32,32,32,32,32,32,32,32,32
63186,1,1,1993,0,0,0,0,0,0,0,0,0,0
63187,1,1,1993,0,0,0,0,0,0,0,0,0,0
63187,2,1,1993,0,0,0,0,0,0,0,0,0,0
63187,3,1,1993,0,0,0,0,0,0,0,0,0,0
63188,1,1,1993,0,0,0,0,0,0,0,0,0,0
63188,2,1,1993,0,0,0,0,0,0,0,0,0,0
63188,3,1,1993,0,0,0,0,0,0,0,0,0,0
63189,1,1,1993,2,2,2,2,2,2,2,2,2,2
63189,2,1,1993,0,0,0,0,0,0,0,0,0,0
63189,3,1,1993,0,0,0,0,0,0,0,0,0,0
63190,0,1,1993,0,0,0,0,0,0,0,0,0,0
63190,2,1,1993,0,0,0,0,0,0,0,0,0,0
63191,0,1,1993,0,0,0,0,36,20,0,0,0,0
63191,1,1,1993,0,0,0,0,0,0,0,0,0,0
63192,1,1,1993,0,0,0,0,0,0,0,0,0,0
63192,2,1,1993,14,14,14,14,14,14,14,14,14,14
63193,0,1,1993,0,0,0,0,0,0,0,0,0,0
63193,1,1,1993,0,0,0,0,0,0,0,0,0,0
63194,1,1,1993,0,0,0,0,0,0,0,0,0,0
63195,0,1,1993,15,15,15,15,15,15,15,15,15,15
63195,0,2,1993,0,0,0,0,0,0,0,0,0,0
63195,0,3,1993,27,33,18,25,39,11,19,21,33,34
63195,1,1,1993,0,0,0,0,13,0,0,0,0,9
63196,0,1,1993,36,36,36,36,36,36,36,36,36,36
63196,1,1,1993,0,0,0,26,0,14,2,0,0,12
63197,1,1,1993,9,9,9,9,9,9,9,9,9,9
63198,1,1,1993,0,0,0,0,0,0,0,0,0,0
63198,2,1,1993,0,0,0,0,0,0,0,0,0,0
63198,3,1,1993,0,0,0,0,0,0,0,0,0,0
63199,1,1,1993,9,15,0,0,15,5,7,18,13,14
63200,0,1,1993,31,31,31,31,31,31,31,31,31,31
63200,1,1,1993,0,0,0,38,0,0,0,0,0,0
63201,0,1,1993,0,0,0,0,0,0,0,0,0,0
63201,0,2,1993,0,0,0,0,0,0,0,0,0,0
63201,1,1,1993,0,0,0,0,0,0,0,0,0,0
63202,0,1,1993,15,15,15,15,15,15,15,15,15,15
63202,1,1,1993,0,0,0,0,0,4,0,9,0,0
63203,1,1,1993,0,0,0,0,0,0,0,0,0,0
63204,0,1,1993,0,0,0,0,0,0,0,0,0,0
63204,1,1,1993,0,0,0,0,0,0,0,0,0,0
63205,1,1,1993,8,8,8,8,8,8,8,8,8,8
63206,1,1,1993,0,0,0,0,0,0,0,0,0,0
63207,1,1,1993,21,21,21,21,21,21,21,21,21,21
63207,2,1,1993,0,0,0,0,0,0,0,0,0,0
63208,1,1,1993,14,14,14,14,14,14,14,14,14,14
63209,0,1,1993,20,20,20,20,20,20,20,20,20,20
63209,1,1,1993,0,0,0,0,0,0,0,0,0,0
63210,1,1,1993,0,0,0,0,0,19,0,0,0,29
63211,1,1,1993,8,8,8,8,8,8,8,8,8,8
63212,0,1,1993,0,0,0,0,0,0,0,0,0,0
63212,1,1,1993,0,0,0,0,0,0,0,0,0,0
63213,0,1,1993,0,0,0,0,0,0,0,0,0,0
63213,1,1,1993,0,0,0,0,0,16,0,0,0,7
63214,1,1,1993,5,5,5,5,5,5,5,5,5,5
63215,1,1,1993,0,0,0,0,0,0,0,0,0,0
63216,1,1,1993,0,0,0,0,0,0,0,0,0,0
63217,1,1,1993,29,29,29,29,29,29,29,29,29,29
63218,0,1,1993,0,0,0,0,0,0,0,0,0,0
63218,1,1,1993,0,0,0,0,0,0,0,0,0,0
63219,1,1,1993,30,30,30,30,30,30,30,30,30,30
63220,1,1,1993,13,13,13,13,13,13,13,13,13,13
63221,1,1,1993,0,0,0,0,0,0,0,0,0,0
63221,2,1,1993,0,0,0,0,0,0,0,0,0,0
63222,1,1,1993,25,25,25,25,25,25,25,25,25,25
63223,1,1,1993,0,0,0,0,0,0,0,0,0,0
63224,1,1,1993,0,0,0,0,0,0,0,0,0,0
63225,1,1,1993,0,0,0,0,0,0,0,0,0,0
63226,0,1,1993,0,0,0,0,0,0,0,0,0,0
63226,1,1,1993,0,0,0,0,0,0,0,0,0,0
63227,1,1,1993,0,0,0,0,0,0,0,0,0,0
63228,1,1,1993,27,27,27,27,27,27,27,27,27,27
63229,1,1,1993,14,14,14,14,14,14,14,14,14,14
63230,1,1,1993,0,0,0,0,0,0,0,0,0,0
63231,1,1,1993,0,0,0,0,0,0,0,14,0,0
63232,1,1,1993,0,0,0,0,0,0,0,0,0,0
63233,1,1,1993,0,15,0,0,0,0,0,0,0,0
63234,1,1,1993,0,0,0,0,0,0,0,0,0,0
63235,1,1,1993,6,6,6,6,6,6,6,6,6,6
63236,1,1,1993,0,0,0,0,0,0,0,0,0,0
63236,2,1,1993,0,0,0,0,0,0,0,0,0,0
63237,0,1,1993,13,13,13,13,13,13,13,13,13,13
63237,1,1,1993,0,0,0,0,0,0,0,0,0,0
63238,1,1,1993,3,3,3,3,3,3,3,3,3,3
63239,1,1,1993,12,12,12,12,12,12,12,12,12,12
63240,0,1,1993,0,0,0,0,0,0,0,0,0,0
63240,1,1,1993,0,0,0,0,0,0,0,0,0,0
63241,0,1,1993,0,0,0,0,0,0,0,0,0,0
63241,1,1,1993,0,0,0,0,0,0,0,0,0,0
63242,1,1,1993,0,0,0,0,0,0,0,0,0,0
63242,2,1,1993,0,0,13,0,0,0,0,0,0,0
63243,1,1,1993,26,26,26,26,26,26,26,26,26,26
63244,0,1,1993,0,0,0,0,0,0,0,0,0,0
63244,1,1,1993,0,9,23,0,27,0,0,0,0,9
63245,1,1,1993,0,0,0,0,0,0,0,0,0,0
63246,1,1,1993,0,0,0,0,0,0,0,0,0,0
63247,1,1,1993,0,0,0,0,0,0,0,0,0,0
63247,2,1,1993,0,0,0,0,0,0,0,0,0,0
63248,0,1,1993,0,0,0,0,0,0,0,0,0,0
63248,1,1,1993,0,19,0,10,0,14,0,0,0,13
63248,2,1,1993,0,0,0,0,0,0,0,21,0,0
63249,0,1,1993,23,23,23,23,23,23,23,23,23,23
63249,1,1,1993,0,0,0,0,0,0,9,0,0,0
63250,1,1,1993,0,0,0,0,0,0,0,0,0,0
63251,1,1,1993,0,0,0,0,0,0,0,0,0,0
63251,2,1,1993,0,0,0,0,0,0,0,0,0,0
63252,1,1,1993,28,25,28,26,38,9,40,19,0,30
63252,2,1,1993,0,0,0,0,0,0,0,0,17,0
63253,1,1,1993,0,0,0,0,0,0,0,0,0,0
63254,1,1,1993,5,5,5,5,5,5,5,5,5,5
63254,2,1,1993,0,0,0,0,0,0,0,0,0,0
63255,1,1,1993,5,5,5,5,5,5,5,5,5,5
63256,0,1,1993,32,32,32,32,32,32,32,32,32,32
63256,1,1,1993,7,7,7,7,7,7,7,7,7,7
63257,1,1,1993,0,0,0,0,0,0,0,0,0,0
63257,2,1,1993,1,1,1,1,1,1,1,1,1,1
63258,0,1,1993,0,0,0,0,0,0,0,0,0,0
63258,1,1,1993,0,0,0,0,0,0,0,0,0,0
63259,1,1,1993,0,6,0,0,0,30,0,0,0,0
63259,2,1,1993,3,3,3,3,3,3,3,3,3,3
63260,0,1,1993,0,0,0,0,0,0,0,0,0,0
63260,0,2,1993,25,12,11,8,26,33,0,25,22,23
63260,1,1,1993,0,0,0,0,0,0,0,0,0,0
63261,0,1,1993,0,0,0,0,0,0,0,0,0,0
63261,1,1,1993,0,3,10,0,0,17,0,0,0,0
63262,1,1,1993,0,0,0,0,0,0,0,0,0,0
63263,1,2,1993,5,0,7,0,12,13,29,0,10,18
63264,1,1,1993,0,11,0,0,0,0,0,0,0,0
63265,0,1,1993,12,12,12,12,12,12,12,12,12,12
63265,1,1,1993,0,0,3,0,0,0,0,3,0,0
63266,1,1,1993,0,0,0,0,0,0,0,0,0,0
63266,2,1,1993,0,0,0,0,0,0,0,0,0,0
63267,0,1,1993,0,0,0,0,0,0,0,0,0,0
63267,1,1,1993,0,0,0,0,0,11,0,0,0,0
63268,0,1,1993,0,0,0,0,0,0,0,0,0,0
63268,1,1,1993,0,0,0,0,0,0,0,0,0,0
63269,1,1,1993,5,5,5,5,5,5,5,5,5,5
63270,0,1,1993,0,0,0,0,11,0,0,0,0,0
63270,1,1,1993,0,0,0,0,0,0,0,0,0,0
63271,1,1,1993,0,0,0,0,0,0,0,0,0,0
63271,2,1,1993,0,0,0,0,0,0,0,0,0,0
63272,1,1,1993,0,0,0,0,0,0,0,0,0,0
63272,2,1,1993,0,0,0,0,0,0,0,0,0,0
63272,3,1,1993,0,0,0,0,0,0,0,0,0,0
63273,0,1,1993,0,0,0,0,0,0,0,0,0,0
63273,1,1,1993,0,34,20,0,0,0,13,0,13,0
63273,2,1,1993,0,0,0,0,0,0,0,0,0,0
63274,1,1,1993,14,14,14,14,14,14,14,14,14,14
63275,0,1,1993,15,15,15,15,15,15,15,15,15,15
63275,1,1,1993,0,0,0,0,0,0,0,0,0,0
63276,0,1,1993,0,0,0,0,0,0,0,0,0,0
63276,0,2,1993,0,24,4,13,10,17,0,18,14,24
63276,0,3,1993,27,0,0,16,13,26,16,13,0,0
63276,1,1,1993,2,0,0,0,0,0,0,0,0,0
63277,0,1,1993,17,18,31,37,24,25,0,0,26,0
63277,1,1,1993,19,19,19,19,19,19,19,19,19,19
63278,1,1,1993,19,19,19,19,19,19,19,19,19,19
63278,2,1,1993,0,0,0,0,0,0,0,0,0,0
63279,1,1,1993,0,0,0,0,0,0,0,0,0,0
63280,1,1,1993,0,0,0,0,0,0,0,0,0,0
63280,2,1,1993,0,0,0,0,0,0,0,0,21,0
63281,1,1,1993,0,0,0,0,0,0,0,0,0,0
63281,2,1,1993,0,0,0,0,0,7,0,0,0,0
63282,1,1,1993,0,0,0,0,0,0,0,0,0,0
63283,1,1,1993,0,0,0,0,0,0,0,0,0,0
63283,2,1,1993,0,0,0,0,0,0,0,0,0,0
63284,1,1,1993,0,0,0,0,0,0,0,0,0,0
63284,2,1,1993,0,0,0,0,0,0,0,0,0,0
63285,1,1,1993,0,0,0,0,0,0,0,0,0,0
63285,2,1,1993,0,0,0,0,0,0,0,0,0,0
63286,1,1,1993,0,0,0,0,0,0,0,0,0,0
63286,2,1,1993,0,0,0,0,0,0,0,0,0,0
63287,1,1,1993,0,0,0,0,0,0,0,0,0,0
63287,2,1,1993,0,0,0,0,0,0,0,0,0,0
63288,1,1,1993,0,0,0,0,0,0,18,11,0,0
63289,0,1,1993,0,0,0,0,0,0,0,0,0,0
63289,1,1,1993,0,6,0,29,0,0,0,0,0,0
63290,1,1,1993,0,0,0,0,0,0,0,0,0,0
63291,1,1,1993,0,0,0,0,0,0,0,0,0,0
63292,0,1,1993,0,0,0,0,0,0,0,0,0,0
63292,1,1,1993,0,0,0,0,0,0,0,0,0,0
63293,1,1,1993,0,0,0,0,0,0,0,0,0,0
63294,1,1,1993,14,14,14,14,14,14,14,14,14,14
63295,0,1,1993,23,23,23,23,23,23,23,23,23,23
63295,1,1,1993,0,0,0,0,0,0,0,0,0,0
63296,0,1,1993,0,0,0,0,0,0,0,0,0,0
63296,1,1,1993,0,0,0,0,0,0,0,0,0,0
63297,1,1,1993,0,0,0,0,0,0,0,0,0,0
63298,0,1,1993,0,0,0,15,0,0,0,0,0,0
63298,1,1,1993,0,0,0,0,0,0,15,0,0,0
63299,0,1,1993,0,0,0,0,0,0,0,0,0,0
63299,1,1,1993,0,0,0,0,0,0,0,0,0,0
63300,0,1,1993,0,0,0,0,0,0,0,0,0,0
63300,1,1,1993,0,0,19,0,0,0,0,0,0,0
63301,1,1,1993,0,0,0,0,0,0,0,0,0,0
63302,0,1,1993,0,0,0,0,0,0,0,0,0,0
63302,1,1,1993,0,0,0,0,0,8,0,0,0,0
63303,0,1,1993,0,0,0,0,0,0,0,0,0,0
63303,1,1,1993,0,0,0,0,0,0,0,0,0,0
63304,1,1,1993,18,18,18,18,18,18,18,18,18,18
63305,0,1,1993,0,0,0,0,0,0,0,0,0,0
63305,1,1,1993,0,0,0,0,0,0,0,0,0,0
63306,0,1,1993,0,0,0,0,0,0,0,0,0,0
63306,1,1,1993,0,0,0,0,0,0,0,0,0,0
63307,0,1,1993,5,5,5,5,5,5,5,5,5,5
63307,1,1,1993,0,0,0,0,0,0,0,15,0,0
63308,0,1,1993,0,0,0,0,0,0,0,0,0,0
63308,1,1,1993,0,0,0,0,0,0,0,0,0,0
63309,0,1,1993,8,0,0,10,15,0,0,0,0,0
63309,1,1,1993,0,0,0,0,0,0,0,0,0,0
63310,1,1,1993,0,0,0,0,0,0,0,0,0,0
63311,1,1,1993,21,21,21,21,21,21,21,21,21,21
63312,0,1,1993,42,11,9,24,11,17,23,20,19,29
63312,1,1,1993,0,0,0,0,0,0,0,10,0,0
63313,1,1,1993,0,0,0,0,0,0,0,0,0,0
63314,1,1,1993,19,19,19,19,19,19,19,19,19,19
63315,1,1,1993,0,0,0,0,0,0,0,0,0,0
63316,1,1,1993,3,3,3,3,3,3,3,3,3,3
63317,1,1,1993,0,0,0,0,0,0,0,0,0,0
63318,1,1,1993,0,0,0,0,0,0,0,0,0,0
63319,0,1,1993,0,0,0,0,0,0,0,0,0,0
63319,1,1,1993,0,0,0,0,0,0,0,0,0,0
63320,1,1,1993,25,25,25,25,25,25,25,25,25,25
63321,1,1,1993,19,19,19,19,19,19,19,19,19,19
63322,1,1,1993,5,5,5,5,5,5,5,5,5,5
63323,1,1,1993,0,0,0,0,0,0,0,0,0,0
63324,1,1,1993,0,0,0,0,0,0,0,0,0,0
63325,1,1,1993,16,16,16,16,16,16,16,16,16,16
63326,1,1,1993,0,0,0,0,0,0,0,0,0,0
63327,1,1,1993,0,0,0,0,0,0,0,0,0,0
63328,1,1,1993,9,9,9,9,9,9,9,9,9,9
63328,2,1,1993,0,0,0,0,0,0,0,0,0,0
63329,1,1,1993,0,0,0,0,0,0,0,0,0,0
63329,2,1,1993,0,0,0,0,0,0,0,0,0,0
63330,1,1,1993,12,0,0,0,0,0,0,0,0,0
63330,2,1,1993,0,0,0,0,0,0,0,0,0,0
63331,1,1,1993,0,0,0,0,0,0,0,0,0,0
63331,2,1,1993,6,6,6,6,6,6,6,6,6,6
63332,1,1,1993,0,0,0,0,0,0,0,0,0,0
63332,2,1,1993,0,0,0,0,0,0,0,0,0,0
63333,1,1,1993,23,23,23,23,23,23,23,23,23,23
63333,2,1,1993,0,0,0,0,0,0,0,0,0,0
63334,1,1,1993,0,0,0,0,0,0,0,0,0,0
63334,2,1,1993,19,19,19,19,19,19,19,19,19,19
63334,3,1,1993,0,0,0,0,0,0,0,0,0,0
63335,1,1,1993,0,0,0,0,0,0,0,0,0,0
63336,1,1,1993,16,16,16,16,16,16,16,16,16,16
63336,2,1,1993,6,6,6,6,6,6,6,6,6,6
63337,1,1,1993,0,0,0,0,0,0,0,0,0,0
63337,2,1,1993,0,0,0,0,0,0,0,0,0,0
63337,3,1,1993,0,0,0,0,0,0,0,0,0,0
63338,0,1,1993,0,0,0,0,0,0,0,0,0,0
63338,1,1,1993,0,0,0,0,0,0,0,0,0,0
63339,1,1,1993,23,23,23,23,23,23,23,23,23,23
63340,1,1,1993,14,14,14,14,14,14,14,14,14,14
63341,1,1,1993,16,16,16,16,16,16,16,16,16,16
63342,0,1,1993,0,0,0,0,0,0,0,0,0,0
63342,1,1,1993,0,0,0,0,0,0,0,0,0,0
63343,1,1,1993,37,37,37,37,37,37,37,37,37,37
63344,1,1,1993,7,7,7,7,7,7,7,7,7,7
63345,1,1,1993,11,11,11,11,11,11,11,11,11,11
63346,0,1,1993,25,25,25,25,25,25,25,25,25,25
63346,1,1,1993,19,0,0,0,10,0,0,0,0,19
63346,2,1,1993,0,0,0,0,0,0,0,0,0,0
63347,0,1,1993,0,0,0,0,0,0,0,0,0,0
63347,1,1,1993,0,0,0,0,0,0,0,0,0,0
63348,1,1,1993,0,0,0,0,0,0,0,0,0,0
63349,1,1,1993,19,19,19,19,19,19,19,19,19,19
63349,2,1,1993,0,0,0,0,0,0,0,0,0,0
63350,1,1,1993,0,0,0,0,0,0,0,20,7,0
63350,2,1,1993,0,0,0,0,0,0,0,0,0,0
63351,1,1,1993,0,0,0,0,0,0,0,0,0,0
63351,2,1,1993,4,0,17,0,0,0,0,0,0,0
63352,0,1,1993,0,0,0,0,0,0,0,0,0,0
63352,1,1,1993,17,17,17,17,17,17,17,17,17,17
63353,1,1,1993,0,0,0,0,0,0,0,0,0,0
63353,2,1,1993,0,0,0,0,0,0,0,0,0,0
63354,1,1,1993,0,0,0,0,0,0,0,0,0,0
63354,2,1,1993,0,0,0,0,0,0,0,0,0,0
63355,1,1,1993,25,25,25,25,25,25,25,25,25,25
63355,2,1,1993,0,0,0,0,0,0,0,0,0,0
63356,1,1,1993,5,0,0,16,0,0,0,0,5,0
63356,2,1,1993,0,12,0,0,0,0,0,0,0,0
63356,3,1,1993,0,0,0,0,0,0,2,0,0,0
63357,1,1,1993,0,0,0,0,0,0,0,0,0,0
63358,0,1,1993,0,0,0,0,0,0,0,0,0,0
63358,1,1,1993,0,0,0,0,0,0,0,0,0,0
63359,0,1,1993,30,30,30,30,30,30,30,30,30,30
63359,1,1,1993,0,0,0,0,0,0,0,0,0,0
63360,0,1,1993,45,45,45,45,45,45,45,45,45,45
63360,1,1,1993,0,0,0,0,0,0,0,0,0,0
63361,1,1,1993,12,22,8,0,2,47,20,0,25,24
63362,0,1,1993,0,0,0,0,0,0,0,0,0,0
63362,1,1,1993,0,0,0,0,0,0,0,0,0,0
63363,1,1,1993,0,0,0,0,0,0,0,0,0,0
63363,2,1,1993,0,13,0,0,0,0,0,0,0,0
63364,0,1,1993,38,38,38,38,38,38,38,38,38,38
63364,1,1,1993,0,0,32,20,0,8,0,0,19,0
63365,1,1,1993,18,18,18,18,18,18,18,18,18,18
63366,0,1,1993,0,0,0,0,0,0,0,0,0,0
63366,1,1,1993,0,0,0,0,0,0,0,0,0,0
63367,0,1,1993,0,0,0,0,0,0,0,0,0,0
63367,1,1,1993,0,0,0,0,0,0,0,0,0,0
63368,1,1,1993,8,8,8,8,8,8,8,8,8,8
63369,1,1,1993,19,0,0,0,13,15,0,0,0,0
63370,0,1,1993,0,0,0,0,0,0,0,0,0,0
63370,1,1,1993,0,0,0,0,0,0,0,0,0,0
63371,1,1,1993,23,23,23,23,23,23,23,23,23,23
63372,1,1,1993,24,24,24,24,24,24,24,24,24,24
63373,0,1,1993,0,0,0,0,0,0,0,0,0,0
63373,1,1,1993,0,0,0,0,0,0,0,0,0,0
63374,1,1,1993,0,0,0,0,0,0,0,0,0,0
63375,1,1,1993,0,0,0,0,0,0,0,0,0,0
63376,0,1,1993,0,0,0,0,0,0,0,0,0,0
63376,1,1,1993,0,0,0,0,0,0,0,0,12,0
63377,0,1,1993,0,0,0,0,0,0,0,0,0,0
63377,1,1,1993,0,0,0,0,0,0,0,0,0,0
63378,1,1,1993,2,2,2,2,2,2,2,2,2,2
63379,1,1,1993,2,2,2,2,2,2,2,2,2,2
63380,0,1,1993,0,0,0,0,0,0,0,0,0,0
63380,1,1,1993,0,0,0,0,0,0,0,0,0,0
63381,0,1,1993,0,0,0,0,0,0,0,0,0,0
63381,1,1,1993,0,0,0,0,0,0,0,0,0,0
63382,0,1,1993,0,0,0,0,0,0,0,0,0,0
63382,1,1,1993,0,0,0,0,0,0,0,0,0,0
63383,0,1,1993,24,24,24,24,24,24,24,24,24,24
63383,1,1,1993,0,0,0,0,0,0,0,0,0,0
63384,0,1,1993,2,2,2,2,2,2,2,2,2,2
63384,1,1,1993,0,0,0,0,0,0,0,0,0,0
63385,1,1,1993,16,18,0,0,15,0,23,8,9,0
63386,1,1,1993,23,23,23,23,23,23,23,23,23,23
63387,1,1,1993,13,13,13,13,13,13,13,13,13,13
63388,0,1,1993,21,21,21,21,21,21,21,21,21,21
63388,1,1,1993,0,0,0,0,0,0,0,0,0,0
63389,1,1,1993,17,17,17,17,17,17,17,17,17,17
63390,1,1,1993,0,0,0,0,0,0,0,0,0,0
63391,1,1,1993,0,0,0,0,0,0,0,0,0,0
63392,1,1,1993,0,0,0,0,0,0,0,0,0,0
63392,2,1,1993,0,0,0,0,0,0,0,0,0,0
63393,1,1,1993,0,8,0,0,0,0,0,0,0,0
63394,1,1,1993,12,12,12,12,12,12,12,12,12,12
63395,1,1,1993,27,27,27,27,27,27,27,27,27,27
63396,1,1,1993,0,0,0,0,0,0,0,0,0,0
63397,1,1,1993,21,21,21,21,21,21,21,21,21,21
63398,0,1,1993,0,0,0,0,0,0,0,0,0,0
63398,1,1,1993,0,0,33,0,0,24,0,0,0,0
63399,0,1,1993,0,0,0,0,0,0,0,0,0,0
63399,1,1,1993,0,0,0,0,0,0,0,0,0,0
63400,0,1,1993,0,0,0,0,0,0,0,0,0,0
63400,1,1,1993,0,0,0,0,0,0,0,0,0,0
63401,1,1,1993,0,0,0,0,0,0,0,0,0,0
63402,1,1,1993,0,0,0,0,0,0,0,0,0,0
63403,1,1,1993,0,0,0,0,0,0,0,0,0,0
63404,1,1,1993,0,0,0,0,0,0,0,0,0,0
63405,0,1,1993,30,30,30,30,30,30,30,30,30,30
63405,1,1,1993,0,0,0,0,0,0,0,15,0,0
63406,0,1,1993,0,0,0,0,0,0,0,0,0,0
63406,1,1,1993,0,0,0,0,0,0,0,0,0,0
63407,0,1,1993,19,19,19,19,19,19,19,19,19,19
63407,1,1,1993,0,0,0,0,0,23,0,11,0,0
63408,1,1,1993,22,22,22,22,22,22,22,22,22,22
63409,0,1,1993,0,10,9,50,20,15,30,27,20,0
63409,1,1,1993,17,0,0,0,0,0,0,0,0,0
63410,1,1,1993,19,19,19,19,19,19,19,19,19,19
63411,0,1,1993,0,0,0,0,0,0,0,0,0,0
63411,1,1,1993,0,0,0,0,0,0,0,0,0,0
63412,0,1,1993,0,0,0,0,0,0,0,0,0,0
63412,1,1,1993,8,0,0,0,0,0,0,0,0,0
63413,0,1,1993,0,0,0,0,0,0,0,0,0,0
63413,1,1,1993,0,0,0,0,0,0,0,0,0,0
63414,1,1,1993,0,0,0,0,0,0,0,0,0,0
63415,1,1,1993,0,0,0,0,0,0,0,0,0,0
63416,0,1,1993,0,0,0,0,0,0,0,0,0,0
63416,1,1,1993,0,0,0,0,0,0,0,0,0,0
63417,0,1,1993,0,0,0,25,0,0,0,0,0,0
63417,1,1,1993,0,0,0,0,0,0,0,0,0,0
63418,1,1,1993,0,0,0,0,0,0,0,0,0,0
63419,0,1,1993,0,0,0,0,0,0,0,0,0,0
63419,1,1,1993,0,0,0,0,8,0,0,0,0,0
63420,0,1,1993,0,0,0,0,0,0,0,0,0,0
63420,1,1,1993,5,0,0,0,0,0,0,0,0,0
63421,1,1,1993,21,21,21,21,21,21,21,21,21,21
63422,1,1,1993,22,22,22,22,22,22,22,22,22,22
63423,1,1,1993,0,0,0,0,0,0,0,0,0,0
63424,1,1,1993,21,0,10,0,26,25,0,0,24,0
63425,1,1,1993,0,0,0,10,0,0,22,0,0,0
63425,2,1,1993,32,32,32,32,32,32,32,32,32,32
63426,1,1,1993,0,0,0,0,0,0,0,0,0,0
63427,1,1,1993,0,0,0,0,0,0,0,0,0,0
63428,1,1,1993,20,27,0,13,0,17,0,6,0,21
63429,1,1,1993,13,13,13,13,13,13,13,13,13,13
63429,2,1,1993,0,0,0,0,0,0,0,0,0,0
63430,0,1,1993,19,19,19,19,19,19,19,19,19,19
63430,1,1,1993,0,0,0,0,0,0,0,0,0,0
63431,1,1,1993,0,0,0,0,0,0,0,0,0,0
63431,2,1,1993,0,0,0,0,0,0,0,0,0,0
63432,0,1,1993,22,22,22,22,22,22,22,22,22,22
63432,1,1,1993,8,16,0,0,0,0,0,0,0,0
63432,2,1,1993,0,0,0,0,0,0,0,0,0,0
63433,1,1,1993,0,10,19,0,0,0,0,0,0,12
63434,1,1,1993,2,0,0,3,0,0,0,0,0,0
63434,2,1,1993,0,0,0,0,0,0,0,0,0,0
63434,3,1,1993,0,0,11,10,0,0,0,0,12,0
63435,1,1,1993,25,25,25,25,25,25,25,25,25,25
63436,1,1,1993,0,0,0,0,0,0,0,0,0,0
63437,1,1,1993,0,0,0,0,0,0,0,0,0,0
63438,1,1,1993,0,6,0,20,0,0,9,13,0,2
63438,2,1,1993,0,0,0,0,0,0,0,0,0,0
63439,0,1,1993,0,0,0,0,0,0,0,0,0,0
63439,1,1,1993,0,11,0,0,0,0,0,0,12,0
63439,2,1,1993,0,0,0,0,0,0,0,0,0,0
63439,3,1,1993,0,0,0,0,0,0,0,0,0,0
63439,4,1,1993,0,0,0,0,0,0,0,0,0,0
63440,1,1,1993,12,12,12,12,12,12,12,12,12,12
63441,1,1,1993,7,7,7,7,7,7,7,7,7,7
63442,1,1,1993,5,5,5,5,5,5,5,5,5,5
63443,1,1,1993,0,0,0,0,0,0,0,0,0,0
63443,2,1,1993,0,0,0,0,0,0,0,0,0,0
63444,1,1,1993,41,41,41,41,41,41,41,41,41,41
63445,1,1,1993,28,28,28,28,28,28,28,28,28,28
63445,2,1,1993,0,17,0,0,0,0,0,0,0,0
63446,1,1,1993,44,44,44,44,44,44,44,44,44,44
63447,1,1,1993,0,0,0,0,0,0,0,0,0,0
63448,1,1,1993,0,0,0,0,0,0,0,0,0,0
63449,1,1,1993,0,0,0,0,0,0,0,0,0,0
63449,2,1,1993,0,0,0,0,0,0,0,0,0,0
63450,1,1,1993,0,0,0,0,0,0,0,0,0,0
63450,2,1,1993,0,0,0,0,0,0,0,0,0,0
63451,1,1,1993,3,3,3,3,3,3,3,3,3,3
63452,1,1,1993,0,0,0,0,0,0,0,0,0,0
63452,2,1,1993,0,0,0,0,0,0,0,0,0,0
63453,1,1,1993,0,0,0,0,0,0,0,0,0,0
63454,0,1,1993,12,16,0,10,10,21,0,0,29,0
63454,1,1,1993,0,0,0,0,0,0,0,0,0,0
63455,0,1,1993,0,0,0,0,0,0,0,0,0,0
63455,1,1,1993,0,0,0,0,0,0,0,0,0,0
63456,0,1,1993,0,0,0,0,0,0,0,0,0,0
63456,1,1,1993,5,0,0,0,0,0,0,0,0,0
63457,1,1,1993,0,0,0,0,0,0,0,0,0,0
63457,2,1,1993,0,0,0,0,0,0,0,0,0,0
63457,3,1,1993,0,0,0,0,0,0,0,0,0,0
63457,4,1,1993,0,0,0,0,0,0,0,0,24,0
63457,5,1,1993,0,0,0,0,0,0,0,0,0,0