ST_CASE,VEH_NO,PER_NO,YEAR,P1,P2,P3,P4,P5,P6,P7,P8,P9,P10
63458,1,1,1993,0,0,0,0,10,0,0,0,0,0
63459,0,1,1993,0,0,0,0,0,0,0,0,0,0
63459,1,1,1993,35,35,35,35,35,35,35,35,35,35
63460,1,1,1993,0,0,0,0,0,0,0,0,0,0
63461,1,1,1993,0,0,0,7,0,0,0,0,0,0
63461,2,1,1993,0,0,0,0,0,0,0,0,0,0
63462,1,1,1993,10,10,10,10,10,10,10,10,10,10
63462,2,1,1993,0,0,0,0,0,0,0,0,0,0
63463,1,1,1993,0,0,0,0,0,0,0,0,0,0
63463,2,1,1993,0,0,0,0,0,0,0,0,0,0
63463,3,1,1993,0,0,0,8,0,0,0,0,0,0
63464,1,1,1993,0,0,0,0,0,0,0,0,0,0
63464,2,1,1993,0,0,0,0,0,0,0,0,0,0
63465,1,1,1993,0,0,0,0,0,0,0,0,0,0
63465,2,1,1993,0,0,0,0,0,0,0,0,0,0
63466,1,1,1993,0,0,0,0,0,0,0,0,0,0
63466,2,1,1993,0,0,0,0,0,0,0,0,0,0
63467,1,1,1993,0,0,0,0,19,0,0,0,0,0
63467,2,1,1993,0,0,0,0,0,0,0,0,0,0
63468,1,1,1993,0,0,0,0,0,0,0,0,0,0
63468,2,1,1993,0,0,0,0,0,0,0,0,0,0
63469,0,1,1993,0,0,0,14,0,0,0,0,0,0
63469,1,1,1993,19,19,0,28,18,0,17,0,0,0
63470,1,1,1993,0,0,0,0,0,0,0,0,0,0
63470,2,1,1993,0,0,0,0,0,0,0,0,0,0
63470,3,1,1993,0,0,0,0,0,0,0,0,0,0
63470,4,1,1993,33,33,33,33,33,33,33,33,33,33
63471,1,1,1993,14,14,14,14,14,14,14,14,14,14
63471,2,1,1993,0,0,0,0,0,0,0,0,0,0
63472,0,1,1993,0,0,0,0,0,0,0,0,0,0
63472,0,2,1993,0,0,0,0,0,7,0,0,0,0
63472,0,3,1993,0,0,0,0,0,0,0,0,0,0
63472,1,1,1993,16,16,16,16,16,16,16,16,16,16
63473,0,1,1993,0,0,0,0,0,0,0,0,0,0
63473,0,2,1993,0,0,0,0,0,0,0,0,0,0
63473,0,3,1993,0,0,27,0,0,0,0,0,0,0
63473,1,1,1993,2,2,2,2,2,2,2,2,2,2
63474,1,1,1993,16,16,16,16,16,16,16,16,16,16
63474,2,1,1993,0,0,0,0,0,0,0,0,0,0
63475,1,1,1993,0,0,0,0,0,0,0,0,0,0
63475,2,1,1993,0,0,0,11,0,0,0,0,0,0
63476,0,1,1993,19,19,19,19,19,19,19,19,19,19
63476,1,1,1993,0,3,18,18,0,12,24,0,0,11
63476,2,1,1993,0,0,0,0,0,0,0,0,0,0
63477,0,1,1993,0,0,0,0,0,0,0,0,0,0
63477,0,2,1993,0,0,0,0,0,0,0,0,0,0
63477,1,1,1993,0,0,0,0,0,0,0,0,0,0
63478,1,1,1993,0,0,0,0,0,0,0,0,0,0
63478,2,1,1993,0,0,0,0,0,0,0,0,0,0
63479,0,1,1993,0,0,0,0,0,0,0,0,0,0
63479,1,1,1993,0,0,0,0,0,0,0,0,0,0
63480,0,1,1993,0,0,0,0,0,0,0,0,0,0
63480,1,1,1993,0,0,0,0,0,0,0,0,0,0
63481,0,1,1993,18,18,18,18,18,18,18,18,18,18
63481,1,1,1993,0,0,0,0,0,0,0,0,0,0
63482,1,1,1993,16,16,16,16,16,16,16,16,16,16
63483,1,1,1993,16,16,16,16,16,16,16,16,16,16
63484,0,1,1993,0,0,0,0,0,0,0,0,0,0
63484,1,1,1993,11,20,0,0,11,0,0,9,0,21
63485,1,1,1993,0,0,0,0,0,0,0,0,0,0
63486,1,1,1993,0,0,0,0,0,0,0,0,0,0
63486,2,1,1993,0,0,0,0,0,0,0,0,0,0
63487,1,1,1993,0,0,0,0,0,0,0,0,0,0
63488,1,1,1993,0,0,0,0,0,0,0,0,0,0
63488,2,1,1993,0,0,0,0,0,0,0,0,0,0
63488,3,1,1993,0,0,0,0,0,0,0,0,0,0
63489,1,1,1993,0,0,0,0,0,0,0,0,0,0
63489,2,1,1993,0,0,0,0,0,0,0,0,0,0
63490,0,1,1993,35,0,0,0,6,10,0,31,25,21
63490,0,2,1993,0,28,18,21,31,0,0,18,0,40
63490,0,3,1993,12,0,35,12,19,24,10,0,32,0
63490,0,4,1993,0,19,0,0,0,0,0,0,0,0
63490,0,5,1993,18,30,12,0,10,15,0,16,0,0
63490,1,1,1993,0,0,0,0,0,0,0,0,0,0
63491,1,1,1993,0,0,0,0,0,0,0,0,0,0
63491,2,1,1993,0,0,0,0,0,0,0,0,0,0
63492,1,1,1993,0,0,0,0,0,0,0,0,0,0
63492,2,1,1993,0,0,0,0,0,0,0,0,0,0
63493,0,1,1993,0,0,0,0,0,0,0,0,0,0
63493,0,2,1993,0,0,0,2,19,8,0,13,11,0
63493,1,1,1993,0,0,11,0,0,0,0,0,0,0
63494,1,1,1993,0,0,0,0,0,0,0,0,0,0
63494,2,1,1993,0,0,0,0,0,0,0,0,0,0
63494,3,1,1993,0,0,0,0,0,0,0,0,0,0
63495,1,1,1993,0,0,0,0,0,0,0,0,0,0
63495,2,1,1993,0,0,0,0,0,0,0,0,0,0
63496,1,1,1993,0,0,0,0,0,0,0,0,0,0
63496,2,1,1993,0,0,0,0,0,0,0,11,0,0
63497,1,1,1993,15,15,15,15,15,15,15,15,15,15
63497,2,1,1993,0,0,0,0,0,17,0,0,0,0
63498,1,1,1993,10,15,0,6,0,0,0,0,41,27
63498,2,1,1993,0,0,0,0,0,0,0,0,0,0
63499,1,1,1993,0,0,0,0,0,0,0,0,0,0
63499,2,1,1993,0,0,0,0,0,0,0,0,0,0
63500,1,1,1993,19,19,19,19,19,19,19,19,19,19
63500,2,1,1993,0,0,0,0,0,0,0,0,0,7
63501,0,1,1993,0,0,0,0,0,0,0,0,0,0
63501,1,1,1993,0,0,0,0,0,0,0,0,0,0
63502,1,1,1993,0,0,0,0,0,0,0,0,0,0
63502,2,1,1993,0,0,0,0,0,0,0,0,0,0
63503,1,1,1993,0,0,0,0,12,0,0,0,0,0
63503,2,1,1993,0,0,0,0,0,0,0,0,0,0
63503,3,1,1993,0,0,0,0,0,0,0,0,0,0
63504,0,1,1993,0,0,0,0,0,0,0,0,0,0
63504,1,1,1993,12,0,13,0,0,0,12,13,12,0
63504,2,1,1993,0,5,27,18,25,7,0,0,17,2
63505,1,1,1993,0,0,0,0,0,0,0,0,0,0
63505,2,1,1993,0,0,0,0,0,0,0,0,0,0
63506,1,1,1993,0,0,0,0,0,0,0,0,0,0
63506,2,1,1993,0,0,0,0,0,0,0,0,0,0
63507,1,1,1993,0,0,0,0,0,0,0,0,0,0
63507,2,1,1993,0,0,0,0,0,0,0,0,0,0
63508,1,1,1993,0,0,0,0,0,0,0,0,0,0
63508,2,1,1993,0,0,0,0,0,0,0,0,0,0
63509,1,1,1993,0,0,16,0,0,0,0,0,0,0
63509,2,1,1993,0,0,0,0,0,0,0,0,0,0
63510,1,1,1993,16,16,16,16,16,16,16,16,16,16
63510,2,1,1993,0,0,0,0,0,0,0,0,0,0
63511,0,1,1993,0,0,0,0,0,0,0,0,0,0
63511,1,1,1993,0,0,0,0,0,0,0,0,0,0
63512,1,1,1993,0,0,0,0,0,0,0,0,0,0
63513,0,1,1993,0,0,0,0,0,0,0,0,0,0
63513,1,1,1993,0,0,0,0,0,0,0,0,0,0
63513,2,1,1993,0,0,0,0,0,0,0,0,0,0
63514,1,1,1993,13,0,0,0,0,14,0,6,9,0
63514,2,1,1993,0,0,0,0,0,0,13,0,0,12
63515,1,1,1993,16,16,16,16,16,16,16,16,16,16
63515,2,1,1993,0,0,0,0,0,0,0,0,0,0
63516,1,1,1993,0,0,0,0,0,0,0,0,0,0
63516,2,1,1993,0,0,0,0,0,0,0,0,0,0
63517,0,1,1993,19,19,19,19,19,19,19,19,19,19
63517,1,1,1993,0,0,0,0,0,0,0,0,0,0
63517,2,1,1993,0,0,0,0,0,0,0,0,0,0
63518,1,1,1993,0,16,8,0,8,0,0,0,8,0
63518,2,1,1993,0,0,0,0,0,0,0,0,0,0
63519,1,1,1993,0,0,0,0,0,0,0,0,0,0
63519,2,1,1993,0,0,0,0,0,0,0,0,0,0
63520,1,1,1993,0,0,0,0,0,0,0,0,0,0
63520,2,1,1993,0,0,0,0,0,6,0,0,0,0
63521,1,1,1993,0,0,0,0,0,0,0,0,0,0
63521,2,1,1993,1,1,1,1,1,1,1,1,1,1
63522,0,1,1993,0,0,0,0,0,0,0,0,0,0
63522,1,1,1993,0,0,0,0,0,0,0,0,0,0
63522,2,1,1993,0,0,0,0,0,0,0,0,0,0
63523,1,1,1993,0,0,0,0,0,0,0,0,0,0
63523,2,1,1993,0,0,0,0,0,7,0,0,0,0
63524,1,1,1993,0,11,0,0,0,0,0,0,0,0
63524,2,1,1993,0,0,0,0,0,0,0,0,0,0
63524,3,1,1993,0,0,0,0,0,0,0,0,0,0
63525,1,1,1993,0,0,0,0,0,0,0,0,0,0
63525,2,1,1993,0,0,0,0,0,0,0,0,0,0
63526,1,1,1993,24,24,24,24,24,24,24,24,24,24
63526,2,1,1993,0,0,0,0,15,0,0,0,0,2
63526,3,1,1993,0,0,0,0,0,0,0,0,0,0
63527,1,1,1993,0,0,0,0,0,0,0,0,0,0
63527,2,1,1993,0,0,0,0,0,0,0,0,0,0
63528,1,1,1993,13,13,13,13,13,13,13,13,13,13
63529,1,1,1993,21,21,21,21,21,21,21,21,21,21
63530,1,1,1993,13,13,13,13,13,13,13,13,13,13
63531,1,1,1993,0,0,15,0,0,0,0,0,0,0
63532,1,1,1993,15,15,15,15,15,15,15,15,15,15
63533,1,1,1993,26,14,17,26,21,10,13,0,0,12
63534,1,1,1993,0,0,19,16,19,0,27,11,12,26
63535,0,1,1993,0,0,0,0,0,0,0,0,0,0
63535,1,1,1993,0,0,0,0,0,0,0,0,0,0
63536,0,1,1993,0,0,0,0,0,0,0,0,8,0
63536,1,1,1993,0,9,0,0,0,0,0,0,0,0
63537,1,1,1993,17,17,17,17,17,17,17,17,17,17
63538,0,1,1993,0,0,0,0,0,0,0,0,0,0
63538,0,2,1993,0,0,0,0,0,0,0,0,0,0
63538,1,1,1993,0,0,0,0,0,0,0,0,16,0
63539,0,1,1993,0,0,0,0,0,0,0,0,0,0
63539,0,2,1993,0,0,0,0,0,0,0,0,0,0
63539,1,1,1993,0,0,0,0,0,0,0,0,0,0
63540,0,1,1993,28,28,28,28,28,28,28,28,28,28
63540,0,2,1993,0,0,11,0,27,12,21,20,11,7
63540,1,1,1993,22,0,0,12,0,0,0,0,0,0
63541,0,1,1993,15,15,15,15,15,15,15,15,15,15
63541,1,1,1993,0,0,0,0,0,0,0,0,0,0
63542,1,1,1993,26,26,26,26,26,26,26,26,26,26
63543,0,1,1993,0,0,0,0,15,7,0,0,11,13
63543,1,1,1993,0,0,0,0,0,0,0,0,0,0
63544,0,1,1993,15,15,15,15,15,15,15,15,15,15
63544,1,1,1993,0,0,0,0,0,0,0,0,0,0
63545,0,1,1993,0,0,0,0,0,0,0,0,0,0
63545,1,1,1993,0,0,0,0,0,0,0,0,0,0
63546,0,1,1993,2,2,2,2,2,2,2,2,2,2
63546,1,1,1993,0,0,0,0,0,0,0,0,0,0
63547,0,1,1993,0,0,0,0,0,0,0,0,0,0
63547,1,1,1993,0,0,0,0,5,0,0,0,0,0
63548,0,1,1993,0,0,0,0,0,0,0,0,0,0
63548,1,1,1993,17,17,17,17,17,17,17,17,17,17
63549,0,1,1993,0,0,0,0,0,0,0,0,0,0
63550,1,1,1993,0,0,0,0,0,0,0,0,0,4
63551,0,1,1993,0,0,0,0,0,0,0,0,0,0
63551,1,1,1993,0,0,0,0,0,0,0,0,0,0
63552,1,1,1993,17,17,17,17,17,17,17,17,17,17
63553,0,1,1993,3,3,3,3,3,3,3,3,3,3
63553,1,1,1993,0,0,0,0,0,0,0,0,0,0
63554,0,1,1993,0,0,0,0,0,0,0,0,0,0
63554,1,1,1993,0,0,0,0,0,0,0,0,0,0
63555,1,1,1993,0,0,0,0,0,0,0,0,0,0
63556,1,1,1993,0,0,0,0,0,0,0,0,0,0
63557,0,1,1993,0,0,0,0,0,0,0,0,0,0
63557,1,1,1993,0,0,0,0,0,0,0,0,0,0
63558,0,1,1993,20,20,20,20,20,20,20,20,20,20
63558,1,1,1993,0,0,0,0,0,0,0,0,0,0
63559,0,1,1993,0,0,0,0,0,0,0,0,0,0
63559,1,1,1993,0,0,0,0,0,0,0,0,0,0
63560,0,1,1993,22,22,22,22,22,22,22,22,22,22
63560,1,1,1993,0,0,0,20,0,0,0,9,0,0
63561,1,1,1993,12,12,12,12,12,12,12,12,12,12
63562,1,1,1993,0,0,0,0,0,0,0,0,0,0
63563,1,1,1993,8,8,8,8,8,8,8,8,8,8
63564,1,1,1993,0,0,0,0,0,0,0,0,0,0
63565,1,1,1993,22,22,22,22,22,22,22,22,22,22
63566,0,1,1993,0,0,0,0,0,0,0,0,0,0
63566,1,1,1993,0,0,0,0,0,0,0,0,0,0
63567,1,1,1993,20,20,20,20,20,20,20,20,20,20
63568,1,1,1993,0,0,0,0,0,0,0,0,0,0
63569,1,1,1993,0,0,0,0,0,0,0,0,0,0
63570,1,1,1993,0,0,0,0,0,0,13,0,0,0
63570,2,1,1993,0,0,0,9,0,0,0,0,0,0
63570,3,1,1993,0,0,0,0,0,0,0,0,0,0
63571,1,1,1993,1,1,1,1,1,1,1,1,1,1
63571,2,1,1993,0,0,0,0,0,0,0,0,0,0
63571,3,1,1993,0,0,0,0,0,0,0,0,0,0
63572,0,1,1993,13,13,13,13,13,13,13,13,13,13
63572,1,1,1993,0,0,0,0,0,0,0,0,0,0
63572,2,1,1993,0,0,0,0,0,0,0,0,0,0
63572,3,1,1993,0,0,0,0,0,0,0,0,0,0
63572,4,1,1993,0,0,0,0,0,0,0,0,0,0
63573,1,1,1993,0,0,0,0,0,0,0,0,0,0
63573,2,1,1993,0,0,0,0,0,0,0,0,0,0
63574,1,1,1993,0,0,0,0,0,0,0,0,0,0
63574,2,1,1993,0,0,0,0,0,0,0,0,0,0
63575,1,1,1993,17,17,17,17,17,17,17,17,17,17
63575,2,1,1993,0,0,0,13,0,0,0,17,23,0
63576,1,1,1993,0,0,0,0,0,0,0,0,0,0
63576,2,1,1993,0,0,0,0,0,0,0,0,0,0
63578,1,1,1993,5,5,5,5,5,5,5,5,5,5
63578,2,1,1993,0,0,0,0,0,0,0,0,0,0
63578,3,1,1993,0,0,0,0,0,0,0,0,0,0
63578,4,1,1993,0,0,0,0,0,0,0,0,0,0
63578,5,1,1993,0,0,0,0,0,0,0,0,0,0
63579,1,1,1993,0,0,0,0,0,0,0,0,0,0
63579,2,1,1993,0,0,0,0,0,0,0,0,0,0
63580,0,1,1993,0,0,0,0,0,0,0,0,0,0
63580,0,2,1993,0,0,0,0,0,0,0,0,0,0
63580,1,1,1993,0,0,0,0,0,0,0,0,0,0
63581,1,1,1993,19,19,19,19,19,19,19,19,19,19
63581,2,1,1993,2,2,2,2,2,2,2,2,2,2
63581,3,1,1993,0,0,0,0,0,0,0,0,0,0
63582,1,1,1993,6,6,6,6,6,6,6,6,6,6
63582,2,1,1993,0,0,0,0,0,0,0,0,0,0
63583,1,1,1993,0,0,0,0,0,0,0,0,0,0
63584,1,1,1993,23,23,23,23,23,23,23,23,23,23
63585,1,1,1993,22,22,22,22,22,22,22,22,22,22
63585,2,1,1993,0,0,0,0,0,0,0,0,0,0
63586,1,1,1993,0,0,0,0,0,0,0,17,0,0
63586,2,1,1993,0,0,0,0,0,0,0,0,0,0
63586,3,1,1993,0,0,0,0,0,0,0,0,0,0
63587,1,1,1993,0,0,0,0,0,0,0,0,0,0
63587,2,1,1993,0,0,0,0,0,0,0,0,0,0
63588,1,1,1993,0,0,0,0,0,0,0,0,0,0
63588,2,1,1993,0,0,0,0,0,0,0,0,0,0
63588,3,1,1993,0,0,0,0,0,0,0,0,0,0
63589,1,1,1993,0,0,0,0,0,0,0,0,4,0
63589,2,1,1993,0,0,0,0,0,0,0,0,0,0
63590,1,1,1993,0,0,0,0,0,0,0,0,0,0
63590,2,1,1993,0,0,0,0,0,0,0,0,0,0
63591,1,1,1993,0,0,0,0,0,0,5,0,0,0
63591,2,1,1993,0,0,0,0,0,0,24,0,0,0
63592,0,1,1993,2,2,2,2,2,2,2,2,2,2
63592,1,1,1993,0,0,0,0,0,0,0,0,0,0
63593,1,1,1993,17,0,32,15,0,15,28,20,20,13
63593,2,1,1993,0,0,0,0,0,0,0,0,0,0
63594,1,1,1993,0,0,9,12,0,0,0,0,0,0
63594,2,1,1993,0,0,0,0,0,0,0,0,0,0
63595,1,1,1993,0,0,0,0,0,0,0,0,0,0
63595,2,1,1993,0,0,0,0,0,0,0,0,0,0
63596,1,1,1993,0,0,0,0,0,0,0,0,0,0
63596,2,1,1993,0,0,0,0,0,0,0,0,0,0
63596,3,1,1993,0,0,0,0,0,0,0,0,0,0
63597,1,1,1993,0,0,0,0,0,0,0,7,0,0
63597,2,1,1993,0,0,0,0,0,0,0,0,0,0
63598,1,1,1993,0,0,0,0,0,0,0,0,0,0
63598,2,1,1993,0,0,0,0,0,0,0,0,0,0
63599,1,1,1993,0,0,0,0,0,0,0,0,0,0
63599,2,1,1993,0,0,0,0,0,0,0,0,0,0
63599,3,1,1993,0,0,0,0,0,0,0,0,0,0
63600,1,1,1993,0,0,0,0,0,0,0,0,0,0
63600,2,1,1993,0,0,0,0,0,0,0,0,0,0
63601,1,1,1993,0,0,0,0,0,0,0,0,0,18
63601,2,1,1993,0,3,0,0,0,0,0,0,0,0
63601,3,1,1993,0,0,0,0,0,0,0,0,0,0
63602,1,1,1993,15,15,15,15,15,15,15,15,15,15
63602,2,1,1993,0,0,0,0,0,0,0,0,0,0
63603,1,1,1993,17,17,17,17,17,17,17,17,17,17
63603,2,1,1993,0,0,0,0,0,0,0,0,0,0
63604,1,1,1993,0,0,0,0,0,0,0,0,0,0
63604,2,1,1993,0,0,0,0,0,0,0,0,0,0
63605,1,1,1993,0,0,0,0,7,0,0,0,0,0
63605,2,1,1993,0,0,0,0,0,0,0,0,9,0
63606,1,1,1993,0,0,0,0,0,0,0,0,0,0
63606,2,1,1993,0,0,0,0,0,0,0,0,0,0
63607,1,1,1993,0,0,0,0,0,0,0,0,0,0
63607,2,1,1993,0,0,0,0,0,0,0,0,0,0
63608,0,1,1993,0,0,0,0,0,0,0,0,0,0
63608,1,1,1993,0,0,0,0,0,0,0,0,0,0
63609,1,1,1993,0,13,15,20,22,33,17,23,18,26
63610,1,1,1993,0,0,0,0,0,0,0,0,0,0
63611,1,1,1993,0,0,0,0,0,0,0,0,0,0
63612,0,1,1993,0,21,0,0,0,0,0,0,0,0
63612,0,2,1993,0,40,0,0,0,26,0,0,0,12
63612,0,3,1993,0,0,0,0,0,0,0,0,0,0
63612,1,1,1993,0,0,6,0,0,0,0,0,0,0
63613,1,1,1993,0,0,0,0,0,0,0,0,0,0
63614,1,1,1993,10,10,10,10,10,10,10,10,10,10
63615,1,1,1993,0,0,0,0,0,0,0,0,0,0
63616,1,1,1993,3,3,3,3,3,3,3,3,3,3
63617,1,1,1993,19,19,19,19,19,19,19,19,19,19
63618,1,1,1993,0,0,13,0,18,17,11,0,9,22
63619,1,1,1993,0,0,0,0,0,0,0,0,0,0
63620,1,1,1993,0,0,21,0,37,0,26,0,11,19
63621,0,1,1993,0,0,0,0,0,0,0,0,0,0
63621,0,2,1993,0,0,0,0,0,0,0,0,0,0
63621,0,3,1993,0,0,0,0,0,0,0,0,0,0
63621,1,1,1993,0,0,0,0,0,0,0,0,0,0
63622,0,1,1993,0,0,0,0,0,0,0,0,0,0
63623,1,1,1993,0,0,0,0,0,0,0,0,0,0
63624,1,1,1993,0,0,0,0,0,0,0,0,0,0
63625,0,1,1993,0,0,0,0,0,0,0,0,0,0
63625,1,1,1993,0,0,0,0,0,0,0,0,0,0
63626,0,1,1993,0,0,0,0,0,0,0,0,0,0
63626,1,1,1993,12,0,0,0,0,0,0,0,0,0
63627,1,1,1993,16,16,16,16,16,16,16,16,16,16
63628,1,1,1993,0,0,0,0,0,0,0,0,0,0
63629,0,1,1993,0,0,0,0,0,0,0,0,0,0
63629,0,2,1993,32,20,19,9,0,25,27,24,31,9
63629,0,3,1993,4,0,0,10,17,34,42,12,0,0
63629,1,1,1993,0,0,0,0,0,0,0,0,0,0
63630,1,1,1993,0,0,0,0,0,0,0,0,0,0
63631,1,1,1993,0,0,0,0,0,0,0,0,0,0
63631,2,1,1993,0,0,0,0,0,0,0,0,0,0
63632,1,1,1993,0,0,0,0,0,0,0,0,0,0
63633,1,1,1993,0,0,0,0,0,0,0,0,0,0
63633,2,1,1993,0,0,0,0,0,0,0,0,0,0
63633,3,1,1993,0,0,0,0,0,0,0,0,0,0
63634,1,1,1993,0,0,0,0,0,0,0,0,0,0
63635,1,1,1993,0,0,0,0,0,0,0,0,0,0
63635,2,1,1993,0,0,0,0,0,0,0,0,0,0
63636,1,1,1993,0,0,0,0,16,0,0,0,0,0
63637,1,1,1993,0,0,0,0,0,0,0,0,0,0
63637,2,1,1993,0,0,0,0,0,0,0,0,0,0
63637,3,1,1993,0,0,0,0,0,0,0,0,0,0
63637,4,1,1993,0,0,0,0,0,0,0,0,0,0
63638,1,1,1993,0,0,0,0,0,0,0,0,0,0
63638,2,1,1993,0,0,0,0,0,0,0,0,0,7
63639,0,1,1993,0,0,0,0,0,0,0,0,0,0
63639,1,1,1993,0,0,0,4,0,0,0,0,0,0
63640,1,1,1993,0,0,0,0,0,0,0,0,0,0
63640,2,1,1993,0,0,0,0,0,0,0,0,15,0
63641,1,1,1993,12,12,12,12,12,12,12,12,12,12
63641,2,1,1993,0,0,0,0,0,0,0,0,0,0
63642,1,1,1993,9,9,9,9,9,9,9,9,9,9
63642,2,1,1993,0,0,0,0,0,0,0,0,0,0
63642,3,1,1993,0,0,0,0,0,0,9,0,0,0
63643,1,1,1993,18,18,18,18,18,18,18,18,18,18
63643,2,1,1993,0,0,0,0,0,0,0,0,0,0
63643,3,1,1993,0,0,0,0,0,0,0,0,0,0
63644,1,1,1993,0,0,0,0,13,0,9,6,0,0
63644,2,1,1993,10,10,10,10,10,10,10,10,10,10
63645,1,1,1993,0,0,0,0,0,0,0,0,0,0
63645,2,1,1993,0,0,0,0,0,0,0,0,0,0
63645,3,1,1993,0,0,0,0,0,0,0,0,0,0
63645,4,1,1993,0,0,0,0,0,0,0,0,0,0
63646,1,1,1993,16,16,16,16,16,16,16,16,16,16
63647,1,1,1993,0,0,0,0,0,0,0,0,0,0
63648,0,1,1993,0,0,0,0,0,0,0,0,0,0
63648,1,1,1993,0,0,0,0,0,0,0,0,0,0
63649,0,1,1993,23,0,16,25,0,17,14,0,0,0
63649,1,1,1993,0,0,0,14,0,0,0,0,0,0
63650,1,1,1993,16,16,16,16,16,16,16,16,16,16
63651,1,1,1993,0,0,0,0,0,0,0,0,12,0
63652,1,1,1993,0,0,0,0,0,0,0,0,0,0
63653,1,1,1993,0,0,0,0,0,0,0,0,0,0
63653,2,1,1993,0,0,0,0,0,0,0,0,0,0
63654,1,1,1993,0,0,0,0,0,0,0,0,0,0
63655,1,1,1993,0,0,0,0,0,0,0,0,0,0
63656,0,1,1993,23,23,23,23,23,23,23,23,23,23
63656,1,1,1993,0,0,0,0,0,0,0,0,0,0
63657,0,1,1993,0,0,0,0,0,0,0,0,0,0
63657,1,1,1993,0,9,0,0,0,0,0,0,0,0
63658,0,1,1993,0,0,0,0,0,0,0,0,0,0
63658,1,1,1993,0,0,0,0,0,0,0,10,0,0
63659,1,1,1993,0,0,0,0,0,0,0,0,0,0
63660,1,1,1993,12,12,12,12,12,12,12,12,12,12
63661,1,1,1993,12,12,12,12,12,12,12,12,12,12
63662,0,1,1993,0,0,0,0,0,0,0,0,0,0
63662,1,1,1993,0,0,0,0,0,0,0,0,0,0
63663,1,1,1993,0,0,0,0,0,0,0,0,5,14
63664,1,1,1993,0,0,0,0,0,0,0,0,0,0
63664,2,1,1993,0,12,0,0,0,0,0,0,0,0
63665,1,1,1993,0,0,0,0,0,0,0,0,0,0
63665,2,1,1993,0,0,0,0,22,0,0,0,0,0
63666,1,1,1993,21,21,21,21,21,21,21,21,21,21
63667,1,1,1993,0,0,0,0,0,0,0,0,0,0
63667,2,1,1993,0,0,0,0,0,0,0,0,0,0
63667,3,1,1993,0,0,0,0,0,0,0,0,0,0
63667,4,1,1993,0,0,0,0,0,0,0,0,0,0
63668,1,1,1993,25,25,25,25,25,25,25,25,25,25
63668,2,1,1993,0,0,0,0,0,0,0,0,0,0
63669,1,1,1993,6,6,6,6,6,6,6,6,6,6
63669,2,1,1993,0,0,0,0,0,0,0,0,0,0
63670,1,1,1993,0,0,0,0,0,0,0,0,0,0
63670,2,1,1993,0,0,0,0,0,0,0,0,0,0
63671,1,1,1993,0,0,0,0,12,0,0,0,0,0
63671,2,1,1993,0,0,0,0,0,0,0,0,0,0
63672,1,1,1993,0,0,0,0,0,0,0,0,0,0
63672,2,1,1993,0,0,0,0,0,0,0,0,0,0
63672,3,1,1993,0,0,0,0,0,0,0,0,0,0
63673,1,1,1993,0,0,0,0,0,0,0,0,0,0
63673,2,1,1993,0,0,0,0,0,0,19,0,0,0
63674,1,1,1993,0,0,0,0,0,0,0,0,0,0
63674,2,1,1993,4,4,4,4,4,4,4,4,4,4
63675,1,1,1993,13,13,13,13,13,13,13,13,13,13
63675,2,1,1993,15,0,0,0,0,0,0,0,0,0
63676,1,1,1993,0,0,0,0,0,0,0,0,0,0
63676,2,1,1993,0,0,0,0,0,0,0,0,0,0
63677,1,1,1993,0,0,0,0,0,0,0,0,0,0
63677,2,1,1993,0,0,0,0,0,0,0,0,0,0
63678,1,1,1993,0,0,0,0,0,0,0,0,0,0
63678,2,1,1993,0,0,0,0,0,0,0,0,0,0
63679,1,1,1993,0,0,0,0,0,0,0,0,0,0
63680,1,1,1993,0,0,0,0,0,0,0,0,0,0
63681,1,1,1993,0,0,0,0,0,0,0,0,0,0
63681,2,1,1993,0,0,0,0,0,0,0,0,0,0
63682,1,1,1993,0,0,0,0,0,0,0,0,0,0
63682,2,1,1993,0,0,0,0,0,0,0,0,0,0
63682,3,1,1993,0,0,0,0,0,0,0,0,0,0
63682,4,1,1993,0,0,0,0,0,0,0,0,0,0
63683,1,1,1993,14,14,14,14,14,14,14,14,14,14
63684,1,1,1993,19,19,19,19,19,19,19,19,19,19
63685,1,1,1993,0,0,0,0,0,0,0,0,0,0
63685,2,1,1993,0,0,0,0,0,0,0,0,0,0
63686,1,1,1993,0,0,0,0,0,0,0,0,0,0
63686,2,1,1993,0,0,0,0,0,0,0,0,0,0
63687,1,1,1993,14,14,14,14,14,14,14,14,14,14
63688,1,1,1993,0,0,0,0,0,0,0,0,0,0
63689,1,1,1993,28,28,28,28,28,28,28,28,28,28
63689,2,1,1993,0,0,0,0,0,0,0,0,0,8
63690,1,1,1993,28,28,28,28,28,28,28,28,28,28
63690,2,1,1993,0,0,0,0,0,0,0,0,0,0
63691,1,1,1993,0,0,0,0,0,0,0,0,0,0
63691,2,1,1993,0,0,0,0,0,0,0,0,0,0
63692,1,1,1993,0,0,0,0,0,0,0,0,0,0
63692,2,1,1993,0,0,0,0,0,0,0,0,0,0
63693,1,1,1993,3,3,3,3,3,3,3,3,3,3
63693,2,1,1993,0,0,0,0,0,0,0,0,0,0
63694,1,1,1993,6,6,6,6,6,6,6,6,6,6
63694,2,1,1993,0,0,0,0,0,0,0,0,0,0
63695,1,1,1993,0,0,0,0,0,3,0,0,0,0
63696,1,1,1993,0,0,0,0,0,0,0,11,0,0
63696,2,1,1993,0,0,0,0,0,0,0,0,0,0
63697,1,1,1993,0,0,0,0,0,0,0,0,0,0
63697,2,1,1993,7,7,7,7,7,7,7,7,7,7
63698,1,1,1993,25,25,25,25,25,25,25,25,25,25
63699,1,1,1993,0,11,17,8,14,26,27,26,0,26
63700,1,1,1993,0,0,0,0,0,0,0,0,0,0
63700,2,1,1993,0,0,0,0,0,0,0,0,0,0